0.5086655508103965,-50,-50,2.5487694438169477,-27.6582374154859,-26.256828871577333,0.5086655508103965,-50,-50,2.5487694438169477,-27.6582374154859,-26.256828871577333,3.2266357392713623,-50,-50,-4.927366385073816,-26.374746429812163,-26.26333820594388,3.2266357392713623,-50,-50,-4.927366385073816,-26.374746429812163,-26.26333820594388
17.290882782026326,-44.1669392485181,-46.69950313239712,-14.270652568868114,-39.541000226875845,-35.90836693498713,17.290882782026326,-44.1669392485181,-46.69950313239712,-14.270652568868114,-39.541000226875845,-35.90836693498713,-13.729658560787778,-50,-50,12.168857269894817,-37.64301794266123,-36.25940772551649,-13.729658560787778,-50,-50,12.168857269894817,-37.64301794266123,-36.25940772551649
24.952203494141287,-29.74387187463134,-32.910322228515405,-21.26571734074569,-50,-49.465545797409696,24.952203494141287,-29.74387187463134,-32.910322228515405,-21.26571734074569,-50,-49.465545797409696,-22.07320118364488,-36.07226766360238,-33.61871015804908,20.199224693763714,-50,-50,-22.07320118364488,-36.07226766360238,-33.61871015804908,20.199224693763714,-50,-50
18.41922744105964,-25.303671365363826,-25.24768559192777,-13.843516345959198,-50,-50,18.41922744105964,-25.303671365363826,-25.24768559192777,-13.843516345959198,-50,-50,-16.27469907667968,-24.841051194655996,-24.719880075839068,13.84449987912412,-50,-50,-16.27469907667968,-24.841051194655996,-24.719880075839068,13.84449987912412,-50,-50
2.018154185609972,-34.88327939389289,-28.686280849184882,3.1225873600658756,-50,-50,2.018154185609972,-34.88327939389289,-28.686280849184882,3.1225873600658756,-50,-50,-0.1768385980602587,-28.284161179578213,-29.60817937364765,-2.68601026849767,-50,-50,-0.1768385980602587,-28.284161179578213,-29.60817937364765,-2.68601026849767,-50,-50
-13.390067851284527,-49.77310755709193,-40.99372532441835,18.49277378949363,-43.25583323469533,-44.59469242856518,-13.390067851284527,-49.77310755709193,-40.99372532441835,18.49277378949363,-43.25583323469533,-44.59469242856518,15.552275332051778,-44.150985176659425,-45.121438059267476,-18.44265921901762,-46.053256351907464,-46.42876631406409,15.552275332051778,-44.150985176659425,-45.121438059267476,-18.44265921901762,-46.053256351907464,-46.42876631406409
-17.601965872791045,-50,-50,22.175090601934873,-29.94212887112382,-31.448398834469184,-17.601965872791045,-50,-50,22.175090601934873,-29.94212887112382,-31.448398834469184,20.48890734022115,-50,-50,-22.98839845027416,-31.441406461144652,-32.32619274345146,20.48890734022115,-50,-50,-22.98839845027416,-31.441406461144652,-32.32619274345146
-7.828380507856174,-48.8133961196643,-50,11.75175542734485,-25.001192216394404,-25.140030075061297,-7.828380507856174,-48.8133961196643,-50,11.75175542734485,-25.001192216394404,-25.140030075061297,11.361535208614832,-50,-50,-13.31217522670754,-24.77607090974329,-25.287487830938893,11.361535208614832,-50,-50,-13.31217522670754,-24.77607090974329,-25.287487830938893
9.458526032990589,-33.836407001361565,-50,-5.933345858665631,-31.626927993696558,-29.817133529036166,9.458526032990589,-33.836407001361565,-50,-5.933345858665631,-31.626927993696558,-29.817133529036166,-5.781101624711931,-50,-50,4.1765758306044765,-30.41903486483267,-29.947083565447485,-5.781101624711931,-50,-50,4.1765758306044765,-30.41903486483267,-29.947083565447485
22.811198009147272,-25.121433500632776,-40.660188605768056,-19.26830469969416,-45.53634893310144,-42.40466572473756,22.811198009147272,-25.121433500632776,-40.660188605768056,-19.26830469969416,-45.53634893310144,-42.40466572473756,-19.578521523764678,-46.11391986670822,-43.31480107352535,17.893478884492072,-44.67755153397573,-43.23700369341119,-19.578521523764678,-46.11391986670822,-43.31480107352535,17.893478884492072,-44.67755153397573,-43.23700369341119
23.387367639976006,-30.591955566704762,-28.48266436653653,-19.49748435036907,-50,-50,23.387367639976006,-30.591955566704762,-28.48266436653653,-19.49748435036907,-50,-50,-20.887129083047398,-29.468969813678896,-28.498762038422633,18.75259293336391,-50,-50,-20.887129083047398,-29.468969813678896,-28.498762038422633,18.75259293336391,-50,-50
10.805489855549478,-45.274283732971654,-25.306179927300605,-6.4704071230827465,-50,-50,10.805489855549478,-45.274283732971654,-25.306179927300605,-6.4704071230827465,-50,-50,-8.839705782416605,-24.47327548810983,-25.02534839162665,6.184849322945582,-50,-50,-8.839705782416605,-24.47327548810983,-25.02534839162665,6.184849322945582,-50,-50
-6.60259488914193,-50,-33.19295206607452,11.25944305950853,-50,-50,-6.60259488914193,-50,-33.19295206607452,11.25944305950853,-50,-50,8.579881456220502,-34.39230672783363,-35.141461097107765,-11.485002801945901,-50,-50,8.579881456220502,-34.39230672783363,-35.141461097107765,-11.485002801945901,-50,-50
-17.309085481672255,-50,-47.02278134852165,22.050775841786262,-37.32470633685902,-38.012876789243414,-17.309085481672255,-50,-47.02278134852165,22.050775841786262,-37.32470633685902,-38.012876789243414,19.827615055216718,-50,-50,-22.552628047024463,-38.96939568261865,-39.323287673094654,19.827615055216718,-50,-50,-22.552628047024463,-38.96939568261865,-39.323287673094654
-14.224040899070115,-38.62682694488837,-50,18.81808080212601,-26.57838332888028,-27.192286056105395,-14.224040899070115,-38.62682694488837,-50,18.81808080212601,-26.57838332888028,-27.192286056105395,17.449585079926955,-50,-50,-19.68694084512868,-26.980216165841764,-27.613771122417386,17.449585079926955,-50,-50,-19.68694084512868,-26.980216165841764,-27.613771122417386
0.6095926705693868,-26.520131005500858,-50,3.6839219329071584,-26.37920983743098,-26.007875946207157,0.6095926705693868,-26.520131005500858,-50,3.6839219329071584,-26.37920983743098,-26.007875946207157,3.021719791959229,-50,-50,-4.786144073624646,-25.85694694497379,-26.070881162905465,3.021719791959229,-50,-50,-4.786144073624646,-25.85694694497379,-26.070881162905465
17.368840438617774,-27.327262780576003,-48.788373135753076,-13.414722400558396,-36.85593496405347,-35.23835760247002,17.368840438617774,-27.327262780576003,-48.788373135753076,-13.414722400558396,-36.85593496405347,-35.23835760247002,-13.894587176879263,-50,-50,12.27962176924907,-36.33465364251664,-35.71048913348032,-13.894587176879263,-50,-50,12.27962176924907,-36.33465364251664,-35.71048913348032
24.955567377736926,-40.31439417119216,-34.82682519981511,-21.25100700085534,-50,-48.81498941234511,24.955567377736926,-40.31439417119216,-34.82682519981511,-21.25100700085534,-50,-48.81498941234511,-22.08884373387083,-37.75516996975025,-36.39006817361251,20.206162071474825,-50,-50,-22.08884373387083,-37.75516996975025,-36.39006817361251,20.206162071474825,-50,-50
18.34576995559567,-50,-25.74760181024006,-14.679684536402249,-50,-50,18.34576995559567,-50,-25.74760181024006,-14.679684536402249,-50,-50,-16.130689191717277,-25.346145260695558,-25.36958629817076,13.743014884766998,-50,-50,-16.130689191717277,-25.346145260695558,-25.36958629817076,13.743014884766998,-50,-50
1.9165195843208673,-50,-27.445057925626315,1.9845625763522545,-50,-50,1.9165195843208673,-50,-27.445057925626315,1.9845625763522545,-50,-50,0.03138789915256912,-27.28128880718284,-27.715948260712832,-2.8286949777639565,-50,-50,0.03138789915256912,-27.28128880718284,-27.715948260712832,-2.8286949777639565,-50,-50
-13.452576158116447,-43.629739181765174,-38.817182014655245,17.80011118777622,-46.02534302719898,-45.304891706923726,-13.452576158116447,-43.629739181765174,-38.817182014655245,17.80011118777622,-46.02534302719898,-45.304891706923726,15.686726059087697,-42.295680766020766,-41.91132650265747,-18.53203070210647,-47.43052088878297,-47.01388442482865,15.686726059087697,-42.295680766020766,-41.91132650265747,-18.53203070210647,-47.43052088878297,-47.01388442482865
-17.583954283307737,-29.35803991433883,-50,22.382587396066516,-32.01659183672789,-32.02435738312153,-17.583954283307737,-29.35803991433883,-50,22.382587396066516,-32.01659183672789,-32.02435738312153,20.46048135944227,-50,-50,-22.965257920157626,-32.54153593686511,-32.80983532945144,20.46048135944227,-50,-50,-22.965257920157626,-32.54153593686511,-32.80983532945144
-7.741776469811198,-25.41999822832426,-50,12.72317073522737,-25.03964053322193,-25.20307387227442,-7.741776469811198,-25.41999822832426,-50,12.72317073522737,-25.03964053322193,-25.20307387227442,11.18907051068529,-50,-50,-13.191850741807995,-24.879142314864648,-25.35121439784731,11.18907051068529,-50,-50,-13.191850741807995,-24.879142314864648,-25.35121439784731
9.55637249282762,-35.39600301827713,-50,-4.835836245273787,-29.60450802178103,-29.325813327651808,9.55637249282762,-35.39600301827713,-50,-4.835836245273787,-29.60450802178103,-29.325813327651808,-5.983312119004474,-50,-50,4.314382520806828,-29.457598432940816,-29.548935195552083,-5.983312119004474,-50,-50,4.314382520806828,-29.457598432940816,-29.548935195552083
22.85549202419001,-50,-42.857461842717655,-18.76531759063633,-42.76038702611931,-41.68200858469295,22.85549202419001,-50,-42.857461842717655,-18.76531759063633,-42.76038702611931,-41.68200858469295,-19.67647225685333,-47.998730497515666,-46.542993625219026,17.957485990523104,-43.280769763406184,-42.63912968331067,-19.67647225685333,-47.998730497515666,-46.542993625219026,17.957485990523104,-43.280769763406184,-42.63912968331067
23.348777287536123,-50,-29.911555679859227,-19.919277414004874,-50,-50,23.348777287536123,-50,-29.911555679859227,-19.919277414004874,-50,-50,-20.81590778295741,-30.72359516451395,-30.56015649806986,18.700402780850887,-50,-50,-20.81590778295741,-30.72359516451395,-30.56015649806986,18.700402780850887,-50,-50
10.709570038093794,-48.33822026397154,-25.039033697502262,-7.540034109263152,-50,-50,10.709570038093794,-48.33822026397154,-25.039033697502262,-7.540034109263152,-50,-50,-8.646511038235051,-24.277621098836494,-24.586458549550922,6.051032153052599,-50,-50,-8.646511038235051,-24.277621098836494,-24.586458549550922,6.051032153052599,-50,-50
-6.69232514613838,-33.347607197806575,-31.40320324862622,10.244291430901113,-50,-50,-6.69232514613838,-33.347607197806575,-31.40320324862622,10.244291430901113,-50,-50,8.767018854086114,-32.87426343107183,-32.486198433344455,-11.611807818564175,-50,-50,8.767018854086114,-32.87426343107183,-32.486198433344455,-11.611807818564175,-50,-50
-17.333205939188776,-25.063416773784276,-44.8723591486112,21.756640728285383,-40.028946244538865,-38.7197732483285,-17.333205939188776,-25.063416773784276,-44.8723591486112,21.756640728285383,-40.028946244538865,-38.7197732483285,19.884678539622467,-50,-49.14914887306939,-22.588426520732575,-40.335611876666206,-39.90996287923367,19.884678539622467,-50,-49.14914887306939,-22.588426520732575,-40.335611876666206,-39.90996287923367
-14.166578758199257,-31.01746956655446,-50,19.438089174618668,-27.92520931588996,-27.555369426297176,-14.166578758199257,-31.01746956655446,-50,19.438089174618668,-27.92520931588996,-27.555369426297176,17.338758492659846,-50,-50,-19.6080202207835,-27.683318914978088,-27.92183736065545,17.338758492659846,-50,-50,-19.6080202207835,-27.683318914978088,-27.92183736065545
0.7105854275924495,-45.79645962444599,-50,4.810980814703207,-25.498010887718134,-25.78843071518859,0.7105854275924495,-45.79645962444599,-50,4.810980814703207,-25.498010887718134,-25.78843071518859,2.816448275774762,-50,-50,-4.644780592721189,-25.436826909091447,-25.89750111488029,2.816448275774762,-50,-50,-4.644780592721189,-25.436826909091447,-25.89750111488029
17.4464854369556,-50,-50,-12.520631653482747,-34.31633292955246,-34.58066187562621,17.4464854369556,-50,-50,-12.520631653482747,-34.31633292955246,-34.58066187562621,-14.058269515170359,-50,-50,12.389790334232364,-35.066236716462726,-35.169819885018754,-14.058269515170359,-50,-50,12.389790334232364,-35.066236716462726,-35.169819885018754
24.95844735286327,-50,-36.86425638368041,-21.1769378539151,-48.67986345842886,-48.15145674885203,24.95844735286327,-50,-36.86425638368041,-21.1769378539151,-48.67986345842886,-48.15145674885203,-22.102464072008036,-39.501787712567314,-39.379677183066846,20.2121611520267,-50,-49.633703138945876,-22.102464072008036,-39.501787712567314,-39.379677183066846,20.2121611520267,-50,-49.633703138945876
18.2719777602883,-38.08458726699737,-26.51444100295759,-15.474270251415444,-50,-50,18.2719777602883,-38.08458726699737,-26.51444100295759,-15.474270251415444,-50,-50,-15.985221286959518,-25.997871134665576,-26.486973722229227,13.640870749226305,-50,-50,-15.985221286959518,-25.997871134665576,-26.486973722229227,13.640870749226305,-50,-50
1.814921119891072,-26.293649272721083,-26.44346272327066,0.8430411862729201,-50,-50,1.814921119891072,-26.293649272721083,-26.44346272327066,0.8430411862729201,-50,-50,0.23954198936864757,-26.4121177276689,-26.238292363887275,-2.97132306363327,-50,-50,0.23954198936864757,-26.4121177276689,-26.238292363887275,-2.97132306363327,-50,-50
-13.514701411562108,-27.622451663599584,-36.697401606412775,17.061168744142353,-48.71944155663089,-46.008653144766726,-13.514701411562108,-27.622451663599584,-36.697401606412775,17.061168744142353,-48.71944155663089,-46.008653144766726,15.819621936688904,-40.473752366695486,-38.794501475762026,-18.620667303996232,-48.78659466551335,-47.59455538521697,15.819621936688904,-40.473752366695486,-38.794501475762026,-18.620667303996232,-48.78659466551335,-47.59455538521697
-17.56546638554694,-40.8628738297733,-50,22.53140811949146,-34.353089072596696,-32.61861641948016,-17.56546638554694,-40.8628738297733,-50,22.53140811949146,-34.353089072596696,-32.61861641948016,20.43004849060898,-50,-50,-22.941191029082496,-33.70251283300098,-33.304985406912394,20.43004849060898,-50,-50,-22.941191029082496,-33.70251283300098,-33.304985406912394
-7.654918284519063,-50,-50,13.662040023812006,-25.50818528528981,-25.29712450968472,-7.654918284519063,-50,-50,13.662040023812006,-25.50818528528981,-25.29712450968472,11.015476857375514,-50,-50,-13.071022028532965,-25.085280864144686,-25.434826322609762,11.015476857375514,-50,-50,-13.071022028532965,-25.085280864144686,-25.434826322609762
9.654082640130573,-50,-50,-3.7233731208039407,-27.90222506592969,-28.85782032953633,9.654082640130573,-50,-50,-3.7233731208039407,-27.90222506592969,-28.85782032953633,-6.185025473571153,-50,-50,4.451937310909704,-28.574001890904164,-29.165957110265957,-6.185025473571153,-50,-50,4.451937310909704,-28.574001890904164,-29.165957110265957
22.899349534388293,-43.08900242968243,-45.04652990341814,-18.20969580646709,-39.98766075357438,-40.9596621331906,22.899349534388293,-43.08900242968243,-45.04652990341814,-18.20969580646709,-39.98766075357438,-40.9596621331906,-19.77262921123601,-49.878809697678115,-49.75964265417898,18.020651924115597,-41.8856623261283,-42.041722448754065,-19.77262921123601,-49.878809697678115,-49.75964265417898,18.020651924115597,-41.8856623261283,-42.041722448754065
23.30973929564673,-28.986041589563143,-31.54041319965425,-20.28531418239779,-50,-50,23.30973929564673,-28.986041589563143,-31.54041319965425,-20.28531418239779,-50,-50,-20.74278480821175,-32.08892052016691,-32.971752268965226,18.647339367869233,-50,-50,-20.74278480821175,-32.08892052016691,-32.971752268965226,18.647339367869233,-50,-50
10.61348787773154,-25.55495178236636,-25.050204283677694,-8.587392356988165,-50,-50,10.61348787773154,-25.55495178236636,-25.050204283677694,-8.587392356988165,-50,-50,-8.452566969477079,-24.235738332925024,-24.63297469830899,5.916888073763785,-50,-50,-8.452566969477079,-24.235738332925024,-24.63297469830899,5.916888073763785,-50,-50
-6.781824944464736,-35.91521137357958,-29.789434805139344,9.203299492660749,-50,-50,-6.781824944464736,-35.91521137357958,-29.789434805139344,9.203299492660749,-50,-50,8.953256646594165,-31.452549500610473,-30.137544337277237,-11.7381768519529,-50,-50,8.953256646594165,-31.452549500610473,-30.137544337277237,-11.7381768519529,-50,-50
-17.356855748405867,-50,-42.68133203519628,21.40552281595769,-42.802217265409425,-39.43249830270837,-17.356855748405867,-50,-42.68133203519628,21.40552281595769,-42.802217265409425,-39.43249830270837,19.939789660157523,-49.022035937368294,-45.9246348387264,-22.623314909567682,-41.719730198933675,-40.500170386710394,19.939789660157523,-49.022035937368294,-45.9246348387264,-22.623314909567682,-41.719730198933675,-40.500170386710394
-14.108717447229225,-50,-50,20.007386749319792,-29.632623594008734,-27.945077895856176,-14.108717447229225,-50,-50,20.007386749319792,-29.632623594008734,-27.945077895856176,17.226220620947327,-50,-50,-19.52831824114614,-28.474037819035996,-28.24690151469563,17.226220620947327,-50,-50,-19.52831824114614,-28.474037819035996,-28.24690151469563
0.8116415422362397,-47.8537769528727,-50,5.926897239823541,-25.035867058667684,-25.598901950339037,0.8116415422362397,-47.8537769528727,-50,5.926897239823541,-25.035867058667684,-25.598901950339037,2.6108406283823418,-50,-50,-4.503282048128964,-25.116701179992706,-25.74339281032,2.6108406283823418,-50,-50,-4.503282048128964,-25.116701179992706,-25.74339281032
17.523816024410163,-32.86778526154807,-50,-11.590798966157102,-31.983368552937954,-33.936504877810364,17.523816024410163,-32.86778526154807,-50,-11.590798966157102,-31.983368552937954,-33.936504877810364,-14.220690076177304,-50,-50,12.49935820644869,-33.8447561309832,-34.638007284722,-14.220690076177304,-50,-50,12.49935820644869,-33.8447561309832,-34.638007284722
24.960843354512527,-25.024460739194,-38.98985369598904,-21.043710267160947,-45.984146024726876,-47.47618380304431,24.960843354512527,-25.024460739194,-38.98985369598904,-21.043710267160947,-45.984146024726876,-47.47618380304431,-22.114060908313178,-41.30045009530586,-42.519872377830616,20.217221676307307,-48.94657715375209,-49.0743428921198,-22.114060908313178,-41.30045009530586,-42.519872377830616,20.217221676307307,-48.94657715375209,-49.0743428921198
18.19785252080039,-31.45479748268925,-27.535872324092054,-16.225124027288118,-50,-50,18.19785252080039,-31.45479748268925,-27.535872324092054,-16.225124027288118,-50,-50,-15.838309137119792,-26.79187402271286,-28.046752149222165,13.538071884307213,-50,-50,-15.838309137119792,-26.79187402271286,-28.046752149222165,13.538071884307213,-50,-50
1.713361085636081,-46.31246167936066,-25.6976009867122,-0.2988888377147495,-50,-50,1.713361085636081,-46.31246167936066,-25.6976009867122,-0.2988888377147495,-50,-50,0.4476039619645684,-25.68245569092876,-25.20865595735248,-3.113888365719374,-50,-50,0.4476039619645684,-25.68245569092876,-25.20865595735248,-3.113888365719374,-50,-50
-13.57644220930872,-50,-34.6684703670483,16.27794539959602,-50,-46.704665809791706,-13.57644220930872,-50,-34.6684703670483,16.27794539959602,-50,-46.704665809791706,15.950950380617382,-38.697373996796415,-35.84150710932174,-18.708565196298697,-50,-48.17012695887354,15.950950380617382,-38.697373996796415,-35.84150710932174,-18.708565196298697,-50,-48.17012695887354
-17.54650259682385,-50,-48.62447039881659,22.621150191672065,-36.8953385772031,-33.230068986947366,-17.54650259682385,-50,-48.62447039881659,22.621150191672065,-36.8953385772031,-33.230068986947366,20.397611615484493,-50,-50,-22.916198816544863,-34.91794017672039,-33.81108680047204,20.397611615484493,-50,-50,-22.916198816544863,-34.91794017672039,-33.81108680047204
-7.567807912572583,-37.54555999973904,-50,14.565823522465243,-26.395540075145206,-25.422006794375974,-7.567807912572583,-37.54555999973904,-50,14.565823522465243,-26.395540075145206,-25.422006794375974,10.840770686695711,-50,-50,-12.949694305710878,-25.393350735928568,-25.538229688463257,10.840770686695711,-50,-50,-12.949694305710878,-25.393350735928568,-25.538229688463257
9.751654269352324,-26.084730895910234,-50,-2.5989658511058322,-26.56108405028731,-28.414026289101983,9.751654269352324,-26.084730895910234,-50,-2.5989658511058322,-26.56108405028731,-28.414026289101983,-6.38622258767702,-50,-50,4.589234259652481,-27.77311384816069,-28.79857948820529,-6.38622258767702,-50,-50,4.589234259652481,-27.77311384816069,-28.79857948820529
22.942769549775203,-27.933586595259776,-47.19219236857588,-17.60294238057818,-37.284960087185915,-40.23897192178522,22.942769549775203,-27.933586595259776,-47.19219236857588,-17.60294238057818,-37.284960087185915,-40.23897192178522,-19.86698328157449,-50,-50,18.08297395700926,-40.4999162522661,-41.44545302505068,-19.86698328157449,-50,-50,18.08297395700926,-40.4999162522661,-41.44545302505068
23.270254545486782,-41.41118440053383,-33.34304474455672,-20.594604475714455,-50,-50,23.270254545486782,-41.41118440053383,-33.34304474455672,-20.594604475714455,-50,-50,-20.667767083004254,-33.55582285713389,-35.678966907151334,18.593404986331596,-50,-50,-20.667767083004254,-33.55582285713389,-35.678966907151334,18.593404986331596,-50,-50
10.517245543262344,-50,-25.33951206175575,-9.609648618057717,-50,-50,10.517245543262344,-50,-25.33951206175575,-9.609648618057717,-50,-50,-8.257891941184102,-24.34790704854711,-25.16384402253546,5.782422879024447,-50,-50,-8.257891941184102,-24.34790704854711,-25.16384402253546,5.782422879024447,-50,-50
-6.871092263900586,-50,-28.377596283219848,8.139283271244066,-50,-50,-6.871092263900586,-50,-28.377596283219848,8.139283271244066,-50,-50,9.138577198430879,-30.136664745084563,-28.148656673139257,-11.864104443986246,-50,-50,9.138577198430879,-30.136664745084563,-28.148656673139257,-11.864104443986246,-50,-50
-17.38003437549187,-42.545387131900064,-40.48493192932123,20.998371927077706,-45.577716305747344,-40.149724323094965,-17.38003437549187,-42.545387131900064,-40.48493192932123,20.998371927077706,-45.577716305747344,-40.149724323094965,19.992943198214636,-47.138234800596116,-42.702572800391465,-22.65729170663196,-43.11412416922772,-41.093247247281326,19.992943198214636,-47.138234800596116,-42.702572800391465,-22.65729170663196,-43.11412416922772,-41.093247247281326
-14.050458272225555,-28.628329665608224,-50,20.524433497941722,-31.659497634799393,-28.360685534951898,-14.050458272225555,-28.628329665608224,-50,20.524433497941722,-31.659497634799393,-28.360685534951898,17.111982121276835,-50,-50,-19.447838348701275,-29.34801602357353,-28.58859845751471,17.111982121276835,-50,-50,-19.447838348701275,-29.34801602357353,-28.58859845751471
0.9127587334276055,-25.708367773291037,-50,7.0286525007631,-25.003910561049274,-25.43964269654947,0.9127587334276055,-25.708367773291037,-50,7.0286525007631,-25.003910561049274,-25.43964269654947,2.4049163192768117,-50,-50,-4.361654551446876,-24.898333647724527,-25.608729350766684,2.4049163192768117,-50,-50,-4.361654551446876,-24.898333647724527,-25.608729350766684
17.600830455448786,-36.440272522737516,-50,-10.627739663966498,-29.913238735533568,-33.30708651309621,17.600830455448786,-36.440272522737516,-50,-10.627739663966498,-29.913238735533568,-33.30708651309621,-14.381833479899036,-50,-50,12.60832065344733,-32.67694223372409,-34.11564868898528,-14.381833479899036,-50,-50,12.60832065344733,-32.67694223372409,-34.11564868898528
24.962755328601315,-50,-41.16943733302209,-20.851684639549884,-43.2140096893908,-46.79042844025831,24.962755328601315,-50,-41.16943733302209,-20.851684639549884,-43.2140096893908,-46.79042844025831,-22.123633144653375,-43.1391385620042,-45.739580682431516,20.221343425742706,-47.59353248061238,-48.50822109311335,-22.123633144653375,-43.1391385620042,-45.739580682431516,20.221343425742706,-47.59353248061238,-48.50822109311335
18.12339591031239,-50,-28.79547106240261,-16.930214701223424,-50,-50,18.12339591031239,-50,-28.79547106240261,-16.930214701223424,-50,-50,-15.6899666536712,-27.722848444367262,-30.013618598606648,13.434622730093764,-50,-50,-15.6899666536712,-27.722848444367262,-30.013618598606648,13.434622730093764,-50,-50
1.611841774004148,-47.360655810321575,-25.219466242480966,-1.4381384177425742,-50,-50,1.611841774004148,-47.360655810321575,-25.219466242480966,-1.4381384177425742,-50,-50,0.6555541150415154,-25.097178255658797,-24.65034314212517,-3.2563847263480192,-50,-50,0.6555541150415154,-25.097178255658797,-24.65034314212517,-3.2563847263480192,-50,-50
-13.637797157721945,-32.39752519178801,-32.76301370078083,15.452559881071991,-50,-47.391633203730294,-13.637797157721945,-32.39752519178801,-32.76301370078083,15.452559881071991,-50,-47.391633203730294,16.08069895506047,-36.978415311825856,-33.11917950060413,-18.795720582531825,-50,-48.73995263731314,16.08069895506047,-36.978415311825856,-33.11917950060413,-18.795720582531825,-50,-48.73995263731314
-17.52706334519564,-25.004612810894947,-46.5287401204053,22.651570847952666,-39.58210214820529,-33.857576101658815,-17.52706334519564,-25.004612810894947,-46.5287401204053,22.651570847952666,-39.58210214820529,-33.857576101658815,20.363173805596183,-50,-49.94176013347538,-22.89028236200731,-36.181120973687975,-34.327571033747475,20.363173805596183,-50,-49.94176013347538,-22.89028236200731,-36.181120973687975,-34.327571033747475
-7.480447320257232,-31.903407036080644,-50,15.432076372443815,-27.680330127388782,-25.57748810175092,-7.480447320257232,-31.903407036080644,-50,15.432076372443815,-27.680330127388782,-25.57748810175092,10.66496854200221,-50,-50,-12.82787281372359,-25.801654467840766,-25.66130834798702,10.66496854200221,-50,-50,-12.82787281372359,-25.801654467840766,-25.66130834798702
9.849085178072421,-46.82166186309384,-50,-1.4656561125857834,-25.613390641443825,-27.995257884128975,9.849085178072421,-46.82166186309384,-50,-1.4656561125857834,-25.613390641443825,-27.995257884128975,-6.586884409475903,-50,-50,4.726267436911248,-27.059347191019928,-28.44721498482705,-6.586884409475903,-50,-50,4.726267436911248,-27.059347191019928,-28.44721498482705
22.985751090259228,-50,-49.25994678493622,-16.946698664488338,-34.71738820820254,-39.52128041686872,22.985751090259228,-50,-49.25994678493622,-16.946698664488338,-34.71738820820254,-39.52128041686872,-19.95952553324961,-50,-50,18.144449397393526,-39.13116699091067,-40.850991169465374,-19.95952553324961,-50,-50,18.144449397393526,-39.13116699091067,-40.850991169465374
23.230323928319795,-50,-35.29046383061397,-20.846311621146853,-49.10734537090192,-50,23.230323928319795,-50,-35.29046383061397,-20.846311621146853,-49.10734537090192,-50,-20.590861710948083,-35.11450042051263,-38.620527129164614,18.538601965769466,-50,-50,-20.590861710948083,-35.11450042051263,-38.620527129164614,18.538601965769466,-50,-50
10.420845207101351,-37.01040120210127,-25.902304935588248,-10.604037548602475,-50,-50,10.420845207101351,-37.01040120210127,-25.902304935588248,-10.604037548602475,-50,-50,-8.062504387612329,-24.613377740960317,-26.167051181397497,5.64764237664965,-50,-50,-8.062504387612329,-24.613377740960317,-26.167051181397497,5.64764237664965,-50,-50
-6.960125089473289,-25.89363015307475,-27.19039017843574,7.055121076960151,-50,-50,-6.960125089473289,-25.89363015307475,-27.19039017843574,7.055121076960151,-50,-50,9.32296296113784,-28.93540182882408,-26.56455059263022,-11.989585155604935,-50,-50,9.32296296113784,-28.93540182882408,-26.56455059263022,-11.989585155604935,-50,-50
-17.402741297250834,-28.260288888093296,-38.31847715025246,20.536289460832062,-48.28858660286165,-40.87011529602165,-17.402741297250834,-28.260288888093296,-38.31847715025246,20.536289460832062,-48.28858660286165,-40.87011529602165,20.044134120554684,-45.25545201467664,-39.555888752859445,-22.69035544440109,-44.51111068862128,-41.68852728971497,20.044134120554684,-45.25545201467664,-39.555888752859445,-22.69035544440109,-44.51111068862128,-41.68852728971497
-13.99180254823439,-41.95865852562362,-50,20.987830737873335,-33.95700770069956,-28.801418170050603,-13.99180254823439,-41.95865852562362,-50,20.987830737873335,-33.95700770069956,-28.801418170050603,16.996053811172597,-50,-50,-19.366584019532745,-30.300437916110624,-28.946544379377105,16.996053811172597,-50,-50,-19.366584019532745,-30.300437916110624,-28.946544379377105
1.013934718714074,-50,-50,8.113266197917234,-25.402911169215816,-25.310949614149695,1.013934718714074,-50,-50,8.113266197917234,-25.402911169215816,-25.310949614149695,2.198694847933979,-50,-50,-4.21990421984391,-24.782927515534055,-25.493661996417437,2.198694847933979,-50,-50,-4.21990421984391,-24.782927515534055,-25.493661996417437
17.67752699167518,-50,-50,-9.634058954859801,-28.155809168493022,-32.69357923115463,17.67752699167518,-50,-50,-9.634058954859801,-28.155809168493022,-32.69357923115463,-14.541684467269764,-50,-50,12.716672968926897,-31.569229669335378,-33.603330835029574,-14.541684467269764,-50,-50,12.716672968926897,-31.569229669335378,-33.603330835029574
24.964183231971905,-41.99955493157376,-43.36795938590612,-20.60138042683148,-40.43618203722693,-46.09546805196276,24.964183231971905,-41.99955493157376,-43.36795938590612,-20.60138042683148,-40.43618203722693,-46.09546805196276,-22.131179874609998,-45.00556710476774,-48.9659293749085,20.22452622230647,-46.218398854841716,-47.935973635991544,-22.131179874609998,-45.00556710476774,-48.9659293749085,20.22452622230647,-46.218398854841716,-47.935973635991544
18.048609609484473,-28.285339519563557,-30.272982752289984,-17.587634905912434,-50,-50,18.048609609484473,-28.285339519563557,-30.272982752289984,-17.587634905912434,-50,-50,-15.540207883527568,-28.784573683449278,-32.34305633211294,13.330527754757442,-50,-50,-15.540207883527568,-28.784573683449278,-32.34305633211294,13.330527754757442,-50,-50
1.5103654765239427,-25.88005947596234,-25.016746942013345,-2.571625726910922,-50,-50,1.5103654765239427,-25.88005947596234,-25.016746942013345,-2.571625726910922,-50,-50,0.8633727572885292,-24.660196211163626,-24.575990396638232,-3.3988059908222876,-50,-50,0.8633727572885292,-24.660196211163626,-24.575990396638232,-3.3988059908222876,-50,-50
-13.698764871876413,-36.97054740515562,-31.011671529138162,14.587244969988934,-50,-48.068275677401616,-13.698764871876413,-36.97054740515562,-31.011671529138162,14.587244969988934,-50,-48.068275677401616,16.208855373806845,-35.32836229233827,-30.689133989928624,-18.882129698283922,-50,-49.30339236609852,16.208855373806845,-35.32836229233827,-30.689133989928624,-18.882129698283922,-50,-49.30339236609852
-17.507149069451774,-50,-44.365770167440246,22.62258779627142,-42.34866050021957,-34.499968874126616,-17.507149069451774,-50,-44.365770167440246,22.62258779627142,-42.34866050021957,-34.499968874126616,20.32673832194488,-50,-46.72798309104107,-22.863442784852253,-37.48509510844665,-34.853857967870745,20.32673832194488,-50,-46.72798309104107,-22.863442784852253,-37.48509510844665,-34.853857967870745
-7.392838479506221,-50,-50,16.258455240573163,-29.331607168437113,-25.763278808853094,-7.392838479506221,-50,-50,16.258455240573163,-29.331607168437113,-25.763278808853094,10.488087070431025,-50,-50,-12.705562814279753,-26.307942309788174,-25.80392405356466,10.488087070431025,-50,-50,-12.705562814279753,-26.307942309788174,-25.80392405356466
9.946373167047103,-46.85945702220327,-50,-0.32650966405468473,-25.08197306323161,-27.60229517587075,9.946373167047103,-46.85945702220327,-50,-0.32650966405468473,-25.08197306323161,-27.60229517587075,-6.78699193780391,-50,-50,4.863030923954748,-26.436634767697303,-28.112258268916495,-6.78699193780391,-50,-50,4.863030923954748,-26.436634767697303,-28.112258268916495
23.02829318564634,-31.937399349822748,-50,-16.24273988776302,-32.34679328926287,-38.80792449898943,23.02829318564634,-31.937399349822748,-50,-16.24273988776302,-32.34679328926287,-38.80792449898943,-20.050247203208446,-50,-50,18.205075590023817,-37.78695633886078,-40.2590046089213,-20.050247203208446,-50,-50,18.205075590023817,-37.78695633886078,-40.2590046089213
23.18994834547336,-25.003897146128374,-37.35135577666115,-21.039754716226124,-46.42996561845783,-50,23.18994834547336,-25.003897146128374,-37.35135577666115,-21.039754716226124,-46.42996561845783,-50,-20.51207597440167,-36.75453821875048,-41.72985563050684,18.48293267323262,-50,-50,-20.51207597440167,-36.75453821875048,-41.72985563050684,18.48293267323262,-50,-50
10.324289045230037,-32.36275221663331,-26.7295331430915,-11.567869189715637,-50,-50,10.324289045230037,-32.36275221663331,-26.7295331430915,-11.567869189715637,-50,-50,-7.866422810489303,-25.0303765506546,-27.61989025577409,5.512552388072624,-50,-50,-7.866422810489303,-25.0303765506546,-27.61989025577409,5.512552388072624,-50,-50
-7.048921411503347,-47.32344041969382,-26.246906876063992,5.953745717748949,-50,-50,-7.048921411503347,-47.32344041969382,-26.246906876063992,5.953745717748949,-50,-50,9.506396474774116,-27.856787519788615,-25.421079692113818,-12.11461356705173,-50,-50,9.506396474774116,-27.856787519788615,-25.421079692113818,-12.11461356705173,-50,-50
-17.42497600113436,-50,-36.216804493598254,20.020525413884556,-50,-41.59232931250331,-17.42497600113436,-50,-36.216804493598254,20.020525413884556,-50,-41.59232931250331,20.093357579783447,-43.38626822314487,-36.55580263595154,-22.72250469478763,-45.90299237326388,-42.28534186806405,20.093357579783447,-43.38626822314487,-36.55580263595154,-22.72250469478763,-45.90299237326388,-42.28534186806405
-13.932751599252772,-50,-50,21.396324915806986,-36.46981092074314,-29.26645482600789,-13.932751599252772,-50,-50,21.396324915806986,-36.46981092074314,-29.26645482600789,16.878446668170472,-50,-50,-19.284558763174136,-31.326055660112853,-29.32033721894481,16.878446668170472,-50,-50,-19.284558763174136,-31.326055660112853,-29.32033721894481
1.1151672143165783,-36.47976222469361,-50,9.177804301968562,-26.22325767862855,-25.213062426304067,1.1151672143165783,-36.47976222469361,-50,9.177804301968562,-26.22325767862855,-25.213062426304067,1.9921957419746925,-50,-50,-4.078037175793992,-24.77111867022895,-25.39831999622187,1.9921957419746925,-50,-50,-4.078037175793992,-24.77111867022895,-25.39831999622187
17.75390390186881,-25.720579636084153,-50,-8.612444881907313,-26.753413158296386,-32.09712584327107,17.75390390186881,-25.720579636084153,-50,-8.612444881907313,-26.753413158296386,-32.09712584327107,-14.700227901607184,-50,-50,12.824410472938837,-30.527721924633745,-33.10162918185381,-14.700227901607184,-50,-50,12.824410472938837,-30.527721924633745,-33.10162918185381
24.965127032393166,-28.60216090734497,-45.55006741426835,-20.29347473634833,-37.71757592298261,-45.392597176296306,24.965127032393166,-28.60216090734497,-45.55006741426835,-20.29347473634833,-37.71757592298261,-45.392597176296306,-22.136700383564676,-46.88726435814925,-50,20.226769928527382,-44.82875325103265,-47.3582432954425,-22.136700383564676,-46.88726435814925,-50,20.226769928527382,-44.82875325103265,-47.3582432954425
17.973495306418908,-42.50462986524459,-31.944648867498564,-18.195606229226428,-50,-50,17.973495306418908,-42.50462986524459,-31.944648867498564,-18.195606229226428,-50,-50,-15.389047007714826,-29.96995535452856,-34.98234241579167,13.22579145436395,-50,-50,-15.389047007714826,-29.96995535452856,-34.98234241579167,13.22579145436395,-50,-50
1.4089344837535833,-50,-25.0927028306336,-3.6962845260552486,-50,-50,1.4089344837535833,-50,-25.0927028306336,-3.6962845260552486,-50,-50,1.0710402098477343,-24.374429445692837,-24.987280571148958,-3.5411460076893486,-50,-50,1.0710402098477343,-24.374429445692837,-24.987280571148958,-3.5411460076893486,-50,-50
-13.759343975588234,-50,-29.442605598150024,13.684341462268108,-50,-48.73333281438007,-13.759343975588234,-50,-29.442605598150024,13.684341462268108,-50,-48.73333281438007,16.33540750141105,-33.75824049529513,-28.60637060030924,-18.967788811376174,-50,-49.85981326378895,16.33540750141105,-33.75824049529513,-28.60637060030924,-18.967788811376174,-50,-49.85981326378895
-17.4867602191042,-41.452170170087534,-42.17034129920025,22.53427943977195,-45.128372235600516,-35.15605068658917,-17.4867602191042,-41.452170170087534,-42.17034129920025,22.53427943977195,-45.128372235600516,-35.15605068658917,20.28830861469583,-50,-43.49847559816578,-22.835681244333504,-38.82267769459514,-35.389356453129466,20.28830861469583,-50,-43.49847559816578,-22.835681244333504,-38.82267769459514,-35.389356453129466
-7.304983367856764,-27.957488610399626,-50,17.042724658286815,-31.309594914578305,-25.979032833862288,-7.304983367856764,-27.957488610399626,-50,17.042724658286815,-31.309594914578305,-25.979032833862288,10.310143021325395,-50,-50,-12.582769590187608,-26.90942462006393,-25.965916612670558,10.310143021325395,-50,-50,-12.582769590187608,-26.90942462006393,-25.965916612670558
10.04351604025776,-26.06981792157392,-50,0.8153919465720988,-24.97963220601318,-27.235870155994128,10.04351604025776,-26.06981792157392,-50,0.8153919465720988,-24.97963220601318,-27.235870155994128,-6.986526223988659,-50,-50,4.999518813700619,-25.908407718353605,-27.79408557927804,-6.986526223988659,-50,-50,4.999518813700619,-25.908407718353605,-27.79408557927804
23.070394875661446,-37.50539061451854,-50,-15.49297035577385,-30.230278683540647,-38.10023297257708,23.070394875661446,-37.50539061451854,-50,-15.49297035577385,-30.230278683540647,-38.10023297257708,-20.139139700793148,-50,-50,18.26484991633622,-36.47469088538605,-39.67015828997578,-20.139139700793148,-50,-50,18.26484991633622,-36.47469088538605,-39.67015828997578
23.149128708319058,-50,-39.492581247324274,-21.17441047075808,-43.66742797497716,-50,23.149128708319058,-50,-39.492581247324274,-21.17441047075808,-43.66742797497716,-50,-20.431417333780004,-38.46497761600337,-44.93657795177743,18.426399513186627,-50,-50,-20.431417333780004,-38.46497761600337,-44.93657795177743,18.426399513186627,-50,-50
10.22757923714766,-50,-27.807894777267606,-12.498536244163203,-50,-50,10.22757923714766,-50,-27.807894777267606,-12.498536244163203,-50,-50,-7.669665777261366,-25.596117116176874,-29.489478658826755,5.37715874809479,-50,-50,-7.669665777261366,-25.596117116176874,-29.489478658826755,5.37715874809479,-50,-50
-7.1374792256493045,-46.35079060583949,-25.562317675908385,4.838136565531085,-50,-50,-7.1374792256493045,-46.35079060583949,-25.562317675908385,4.838136565531085,-50,-50,9.688860369569577,-26.908029055178105,-24.74412452632385,-12.23918427810472,-50,-50,9.688860369569577,-26.908029055178105,-24.74412452632385,-12.23918427810472,-50,-50
-17.446737985252906,-31.487967762412296,-34.21370905237586,19.45247499896296,-50,-42.31502106767866,-17.446737985252906,-31.487967762412296,-34.21370905237586,19.45247499896296,-50,-42.31502106767866,20.14060891481062,-41.54317320185747,-33.770216390083704,-22.753738069202303,-47.28209996690116,-42.88302061271635,20.14060891481062,-41.54317320185747,-33.770216390083704,-22.753738069202303,-47.28209996690116,-42.88302061271635
-13.87330675819943,-25.022314615941696,-48.14546829331703,21.748810998773493,-39.13737840043879,-29.754929255340663,-13.87330675819943,-25.022314615941696,-48.14546829331703,21.748810998773493,-39.13737840043879,-29.754929255340663,16.75917182878187,-50,-50,-19.201766122456792,-32.419218110526515,-29.709557114893283,16.75917182878187,-50,-50,-19.201766122456792,-32.419218110526515,-29.709557114893283
1.2164539351803327,-32.832273947743126,-50,10.219387090841364,-27.445189422428122,-25.146163472466895,1.2164539351803327,-32.832273947743126,-50,10.219387090841364,-27.445189422428122,-25.146163472466895,1.7854385553066998,-50,-50,-3.9360595468125483,-24.862972178446494,-25.322810442703734,1.7854385553066998,-50,-50,-3.9360595468125483,-24.862972178446494,-25.322810442703734
17.829959462023503,-47.81718662619328,-50,-7.5656610517734055,-25.739831893800343,-31.518837393574135,17.829959462023503,-47.81718662619328,-50,-7.5656610517734055,-25.739831893800343,-31.518837393574135,-14.85744877004302,-50,-50,12.931528512089502,-29.55815769844171,-32.611107263851004,-14.85744877004302,-50,-50,12.931528512089502,-29.55815769844171,-32.611107263851004
24.965586708561304,-50,-47.68067291678674,-19.928800495368012,-35.12367766143924,-44.68312508666598,24.965586708561304,-50,-47.68067291678674,-19.928800495368012,-35.12367766143924,-44.68312508666598,-22.14019414876686,-48.771656932078464,-50,20.22807444749538,-43.43225260465303,-46.77567900477995,-22.14019414876686,-48.771656932078464,-50,20.22807444749538,-43.43225260465303,-46.77567900477995
17.898054696621752,-50,-33.78358886044264,-18.75248402506544,-49.53085067525334,-50,17.898054696621752,-50,-33.78358886044264,-18.75248402506544,-49.53085067525334,-50,-15.236498340026833,-31.271072807188666,-37.87174101559924,13.120418352679076,-50,-50,-15.236498340026833,-31.271072807188666,-37.87174101559924,13.120418352679076,-50,-50
1.307551085228555,-35.95428891697822,-25.446112530543964,-4.809072458349297,-50,-50,1.307551085228555,-35.95428891697822,-25.446112530543964,-4.809072458349297,-50,-50,1.278536808178989,-24.241787435919637,-25.87490479923322,-3.683398629005155,-50,-50,1.278536808178989,-24.241787435919637,-25.87490479923322,-3.683398629005155,-50,-50
-13.8195331014449,-25.56578996758037,-28.081046634837897,12.74629183615471,-50,-49.38556577883724,-13.8195331014449,-25.56578996758037,-28.081046634837897,12.74629183615471,-50,-49.38556577883724,16.460343354339685,-32.278541381943356,-26.918029203760806,-19.052694222023845,-50,-50,16.460343354339685,-32.278541381943356,-26.918029203760806,-19.052694222023845,-50,-50
-17.465897254377058,-28.95878655493457,-39.97775621735931,22.3868846647115,-47.85427911543607,-35.824599422012625,-17.465897254377058,-28.95878655493457,-39.97775621735931,22.3868846647115,-47.85427911543607,-35.824599422012625,20.24788832285289,-50,-40.32633216507738,-22.80699893952636,-40.186498663450244,-35.93346499297387,20.24788832285289,-50,-40.32633216507738,-22.80699893952636,-40.186498663450244,-35.93346499297387
-7.216883968404591,-43.04843390866401,-50,17.782763068879373,-33.56664721085864,-26.22434828075865,-7.216883968404591,-43.04843390866401,-50,17.782763068879373,-33.56664721085864,-26.22434828075865,10.131153244643528,-50,-50,-12.459498445126814,-27.602787236249778,-26.14710406780401,10.131153244643528,-50,-50,-12.459498445126814,-27.602787236249778,-26.14710406780401
10.140511604962263,-50,-50,1.956959718290309,-25.308833276335175,-26.896665383061084,10.140511604962263,-50,-50,1.956959718290309,-25.308833276335175,-26.896665383061084,-7.185468373638308,-50,-50,5.135725210969646,-25.477576569541913,-27.493054302123902,-7.185468373638308,-50,-50,5.135725210969646,-25.477576569541913,-27.493054302123902
23.112055209970812,-50,-50,-14.699418298287497,-28.41882740802492,-37.39952409071034,23.112055209970812,-50,-50,-14.699418298287497,-28.41882740802492,-37.39952409071034,-20.2261946085547,-50,-50,18.323769794560604,-35.2016012019838,-39.08511363192122,-20.2261946085547,-50,-50,18.323769794560604,-35.2016012019838,-39.08511363192122
23.107865938251674,-40.90389907847375,-41.679709136635346,-21.249914622395494,-40.886276986493314,-50,23.107865938251674,-40.90389907847375,-41.679709136635346,-21.249914622395494,-40.886276986493314,-50,-20.348893426847948,-40.23438955709539,-48.16811528706647,18.369004927409364,-50,-50,-20.348893426847948,-40.23438955709539,-48.16811528706647,18.369004927409364,-50,-50
10.130717965821201,-27.64517597087196,-29.120049682114008,-13.3935211294853,-50,-50,10.130717965821201,-27.64517597087196,-29.120049682114008,-13.3935211294853,-50,-50,-7.47225191933545,-26.306819192433725,-31.733501378452296,5.24146730463258,-50,-50,-7.47225191933545,-26.306819192433725,-31.733501378452296,5.24146730463258,-50,-50
-7.22579653295379,-26.277412151988088,-25.1476308363791,3.7113114965924767,-50,-50,-7.22579653295379,-26.277412151988088,-25.1476308363791,3.7113114965924767,-50,-50,9.870337367569682,-26.095465983098098,-24.549006845217026,-12.363291908311101,-50,-50,9.870337367569682,-26.095465983098098,-24.549006845217026,-12.363291908311101,-50,-50
-17.468026758387538,-38.04415118432386,-32.34140078875212,18.833674870614246,-50,-43.03684436677822,-17.468026758387538,-38.04415118432386,-32.34140078875212,18.833674870614246,-50,-43.03684436677822,20.185883651291185,-39.738482403046675,-31.26217710921337,-22.784054218614738,-48.640834598411644,-43.48089218339537,20.185883651291185,-39.738482403046675,-31.26217710921337,-22.784054218614738,-48.640834598411644,-43.48089218339537
-13.813469366883634,-50,-46.0310665229301,22.044335463409606,-41.89545325359764,-30.265931551830896,-13.813469366883634,-50,-46.0310665229301,22.044335463409606,-41.89545325359764,-30.265931551830896,16.638240587432342,-50,-47.53035958963347,-19.118209673356898,-33.57390195153929,-30.113766877515367,16.638240587432342,-50,-47.53035958963347,-19.118209673356898,-33.57390195153929,-30.113766877515367
1.3177925950268623,-50,-50,11.235196939750011,-29.03927227023557,-25.110377368729473,1.3177925950268623,-50,-50,11.235196939750011,-29.03927227023557,-25.110377368729473,1.5784428662736234,-50,-50,-3.7939774651912312,-25.057981928136968,-25.267218151669603,1.5784428662736234,-50,-50,-3.7939774651912312,-25.057981928136968,-25.267218151669603
17.90569195538705,-45.83527566752478,-50,-6.496539158776079,-25.139480718366038,-30.95979108943545,17.90569195538705,-45.83527566752478,-50,-6.496539158776079,-25.139480718366038,-30.95979108943545,-15.013332184950576,-50,-50,13.038022459741146,-28.665879281406472,-32.13231605782018,-15.013332184950576,-50,-50,13.038022459741146,-28.665879281406472,-32.13231605782018
24.965562250100362,-31.049777440163346,-49.72551555757491,-19.508344197898527,-32.71696958027833,-43.96837335289642,24.965562250100362,-31.049777440163346,-49.72551555757491,-19.508344197898527,-32.71696958027833,-43.96837335289642,-22.1416608393833,-50,-50,20.228439722865744,-42.03659162239712,-46.188935127036906,-22.1416608393833,-50,-50,20.228439722865744,-42.03659162239712,-46.188935127036906
17.822289482964344,-25.05984280412828,-35.76023240392734,-19.256761862354686,-46.87352235226337,-50,17.822289482964344,-25.05984280412828,-35.76023240392734,-19.256761862354686,-46.87352235226337,-50,-15.082576325673545,-32.67923205134686,-40.94585541826924,13.0144130009733,-50,-50,-15.082576325673545,-32.67923205134686,-40.94585541826924,13.0144130009733,-50,-50
1.2062175694097252,-33.31140076675778,-26.07129318069377,-5.906979279291631,-50,-50,1.2062175694097252,-33.31140076675778,-26.07129318069377,-5.906979279291631,-50,-50,1.4858429039171237,-24.26315648793058,-27.218773188434827,-3.8255577106005965,-50,-50,1.4858429039171237,-24.26315648793058,-27.218773188434827,-3.8255577106005965,-50,-50
-13.87933089083645,-48.302299535930885,-26.94888863476158,11.77563364498396,-50,-50,-13.87933089083645,-48.302299535930885,-26.94888863476158,11.77563364498396,-50,-50,16.583651102110593,-30.899152214490215,-25.66232258899756,-19.13684226299608,-50,-50,16.583651102110593,-30.899152214490215,-25.66232258899756,-19.13684226299608,-50,-50
-17.444560646196372,-50,-37.823271895240055,22.18080219424133,-50,-36.50436974059017,-17.444560646196372,-50,-37.823271895240055,22.18080219424133,-50,-36.50436974059017,20.205481273912593,-48.24955513933891,-37.28334896228333,-22.777397109275686,-41.56904337306312,-36.48557241964081,20.205481273912593,-48.24955513933891,-37.28334896228333,-22.777397109275686,-41.56904337306312,-36.48557241964081
-7.128542269759722,-50,-50,18.47656856660424,-36.04839574096386,-26.498768187955,-7.128542269759722,-50,-50,18.47656856660424,-36.04839574096386,-26.498768187955,9.951134689367189,-50,-50,-12.335754703419374,-28.38420973622263,-26.34728290087555,9.951134689367189,-50,-50,-12.335754703419374,-28.38420973622263,-26.34728290087555
10.23735767174329,-35.43462084119462,-50,3.0951055531721363,-26.061646414552065,-26.585312711092143,10.23735767174329,-35.43462084119462,-50,3.0951055531721363,-26.061646414552065,-26.585312711092143,-7.3837995484318775,-50,-50,5.271644232740965,-25.146515197231043,-27.209502569641273,-7.3837995484318775,-50,-50,5.271644232740965,-25.146515197231043,-27.209502569641273
23.153273248203007,-25.429449544625022,-50,-13.864230382829936,-26.956074054655296,-36.70710309954007,23.153273248203007,-25.429449544625022,-50,-13.864230382829936,-26.956074054655296,-36.70710309954007,-20.311403683049978,-50,-50,18.381832679831994,-33.974702001991034,-38.50452778385343,-20.311403683049978,-50,-50,18.381832679831994,-33.974702001991034,-38.50452778385343
23.06616096666894,-29.329731775897898,-43.8775702234386,-21.266062922017035,-38.15350556092779,-50,23.06616096666894,-29.329731775897898,-43.8775702234386,-21.266062922017035,-38.15350556092779,-50,-20.264512067997025,-42.05095093579075,-50,18.31075139488532,-49.09161850364287,-50,-20.264512067997025,-42.05095093579075,-50,18.31075139488532,-49.09161850364287,-50
10.033707417636666,-43.58940878300058,-30.64489828395436,-14.250402788397093,-50,-50,10.033707417636666,-43.58940878300058,-30.64489828395436,-14.250402788397093,-50,-50,-7.274199930314844,-27.157733910066632,-34.30116870693433,5.105483918464401,-50,-50,-7.274199930314844,-27.157733910066632,-34.30116870693433,5.105483918464401,-50,-50
-7.3138713398880935,-50,-25.009514560666705,2.5763187278209676,-50,-50,-7.3138713398880935,-50,-25.009514560666705,2.5763187278209676,-50,-50,10.050810284271575,-25.42452780207414,-24.84014281174356,-12.486931097219443,-50,-50,10.050810284271575,-25.42452780207414,-24.84014281174356,-12.486931097219443,-50,-50
-17.48884184000073,-50,-30.629986594837632,18.165798968346273,-50,-43.756454632749886,-17.48884184000073,-50,-30.629986594837632,18.165798968346273,-50,-43.756454632749886,20.229177502049097,-37.984254664194935,-29.08845007512708,-22.813451833611055,-49.97170965152205,-44.07828502322747,20.229177502049097,-37.984254664194935,-29.08845007512708,-22.813451833611055,-49.97170965152205,-44.07828502322747
-13.753240775975605,-40.355408966531606,-43.857427716014534,22.282098875367605,-44.67759843475062,-30.798509845454053,-13.753240775975605,-40.355408966531606,-43.857427716014534,22.282098875367605,-44.67759843475062,-30.798509845454053,16.515664395398968,-50,-44.29792207949859,-19.033893024841014,-34.783744884999535,-30.532512479800356,16.515664395398968,-50,-44.29792207949859,-19.033893024841014,-34.783744884999535,-30.532512479800356
1.419180906404398,-27.34878172185109,-50,12.222485943254963,-30.967107643230605,-25.10577077569133,1.419180906404398,-27.34878172185109,-50,12.222485943254963,-30.967107643230605,-25.10577077569133,1.3712282758070837,-50,-50,-3.6517970677332072,-25.355073417236742,-25.231605566940225,1.3712282758070837,-50,-50,-3.6517970677332072,-25.355073417236742,-25.231605566940225
17.981099672499504,-26.502589500838894,-50,-5.407971324770986,-24.966821008302517,-30.4210282949015,17.981099672499504,-26.502589500838894,-50,-5.407971324770986,-24.966821008302517,-30.4210282949015,-15.167863385341702,-50,-50,13.143887716211758,-27.855803120023435,-31.66579336408784,-15.167863385341702,-50,-50,13.143887716211758,-27.855803120023435,-31.66579336408784
24.965053657562414,-38.58617338018618,-50,-19.03324323608866,-30.55542493357423,-43.24967337947454,24.965053657562414,-38.58617338018618,-50,-19.03324323608866,-30.55542493357423,-43.24967337947454,-22.141100316529478,-50,-50,20.22786573886151,-40.64946038441703,-45.59867071994401,-22.141100316529478,-50,-50,20.22786573886151,-40.64946038441703,-45.59867071994401
17.7462013756452,-50,-37.84279488477655,-19.707075600144286,-44.1203516570457,-50,17.7462013756452,-50,-37.84279488477655,-19.707075600144286,-44.1203516570457,-50,-14.927295539907828,-34.185023849982684,-44.13510817673186,12.90777997782522,-50,-50,-14.927295539907828,-34.185023849982684,-44.13510817673186,12.90777997782522,-50,-50
1.1049362236321443,-50,-26.958191817717235,-6.987034999836216,-50,-50,1.1049362236321443,-50,-26.958191817717235,-6.987034999836216,-50,-50,1.692938866739763,-24.43839381498036,-28.988469521440557,-3.9676171123467276,-50,-50,1.692938866739763,-24.43839381498036,-28.988469521440557,-3.9676171123467276,-50,-50
-13.93873599398674,-45.31353964900368,-26.064336804522306,10.774992652746247,-50,-50,-13.93873599398674,-45.31353964900368,-26.064336804522306,10.774992652746247,-50,-50,16.705319068410155,-29.62928999000114,-24.867671578760657,-19.220229299774317,-50,-50,16.705319068410155,-29.62928999000114,-24.867671578760657,-19.220229299774317,-50,-50
-17.422750876179418,-30.623361711752935,-35.74153264238268,21.91658950980542,-50,-37.19409539950007,-17.422750876179418,-30.623361711752935,-35.74153264238268,21.91658950980542,-50,-37.19409539950007,20.161091483502606,-46.3646475103485,-34.438398834118956,-22.74687703214247,-42.96269401383248,-37.045058580655756,20.161091483502606,-46.3646475103485,-34.438398834118956,-22.74687703214247,-42.96269401383248,-37.045058580655756
-7.039960266001426,-25.116436034510592,-49.707212549461744,19.12226431210764,-38.6950596618367,-26.801781379502447,-7.039960266001426,-25.116436034510592,-49.707212549461744,19.12226431210764,-38.6950596618367,-26.801781379502447,9.770104401895706,-50,-50,-12.211543709799935,-29.249386488648053,-26.566228261803136,9.770104401895706,-50,-50,-12.211543709799935,-29.249386488648053,-26.566228261803136
10.33405205455804,-33.79954952051383,-50,4.226750610101092,-27.21993771083317,-26.302392112579696,10.33405205455804,-33.79954952051383,-50,4.226750610101092,-27.21993771083317,-26.302392112579696,-7.581500967903095,-50,-50,5.4072700084060275,-24.917047746769104,-26.94374888019063,-7.581500967903095,-50,-50,5.4072700084060275,-24.917047746769104,-26.94374888019063
23.19404805997027,-48.77818870997373,-50,-12.989665907652144,-25.877253711753088,-36.02425980694068,23.19404805997027,-48.77818870997373,-50,-12.989665907652144,-25.877253711753088,-36.02425980694068,-20.39475885562235,-50,-50,18.439036064300996,-32.800753489573694,-37.92905288652071,-20.39475885562235,-50,-50,18.439036064300996,-32.800753489573694,-37.92905288652071
23.024014734949713,-50,-46.050822695757326,-21.22281168624987,-35.53494122984605,-49.57557250460061,23.024014734949713,-50,-46.050822695757326,-21.22281168624987,-35.53494122984605,-49.57557250460061,-20.178281247505442,-43.90252359609138,-50,18.251641431698566,-47.7414190009518,-50,-20.178281247505442,-43.90252359609138,-50,18.251641431698566,-47.7414190009518,-50
9.936549782349589,-49.80662696171551,-32.3579208745588,-15.066863238086043,-49.95010829247389,-50,9.936549782349589,-49.80662696171551,-32.3579208745588,-15.066863238086043,-49.95010829247389,-50,-7.075528564229029,-28.143175507116787,-37.13436578118155,4.9692144629791235,-50,-50,-7.075528564229029,-28.143175507116787,-37.13436578118155,4.9692144629791235,-50,-50
-7.40170165839732,-34.92139049393954,-25.150189771411128,1.4362285708552909,-50,-50,-7.40170165839732,-34.92139049393954,-25.150189771411128,1.4362285708552909,-50,-50,10.23026203025133,-24.899697681461898,-25.610943049371556,-12.610096504611208,-50,-50,10.23026203025133,-24.899697681461898,-25.610943049371556,-12.610096504611208,-50,-50
-17.50918276024728,-25.31172430939813,-29.10698617104368,17.45065398838865,-50,-44.47251141087119,-17.50918276024728,-25.31172430939813,-29.10698617104368,17.45065398838865,-50,-44.47251141087119,20.27048636748325,-36.29221163159512,-27.298233970062288,-22.841929644450726,-50,-44.674528113071545,20.27048636748325,-36.29221163159512,-27.298233970062288,-22.841929644450726,-50,-44.674528113071545
-13.69262234497586,-29.71454508668051,-41.65950418801946,22.461458051896823,-47.41679708766916,-31.35167207547596,-13.69262234497586,-29.71454508668051,-41.65950418801946,22.461458051896823,-47.41679708766916,-31.35167207547596,16.391454859722558,-50,-41.10475449277348,-18.9488198187102,-36.042080686624956,-30.96532356740768,16.391454859722558,-50,-41.10475449277348,-18.9488198187102,-36.042080686624956,-30.96532356740768
1.520616580741329,-44.126896058801435,-50,13.178583348729724,-33.18225746661433,-25.132352274288124,1.520616580741329,-44.126896058801435,-50,13.178583348729724,-33.18225746661433,-25.132352274288124,1.1638144055633863,-50,-50,-3.5095244954880953,-25.75260967416552,-25.216012690209975,1.1638144055633863,-50,-50,-3.5095244954880953,-25.75260967416552,-25.216012690209975
18.05618091123211,-50,-50,-4.302902275559256,-25.226011824410772,-29.90355259089172,18.05618091123211,-50,-50,-4.302902275559256,-25.226011824410772,-29.90355259089172,-15.321027738279154,-50,-50,13.249119708973499,-27.1323927270579,-31.21206320241711,-15.321027738279154,-50,-50,13.249119708973499,-27.1323927270579,-31.21206320241711
24.964060942427594,-50,-50,-18.50478282342411,-28.691111430733738,-42.528363925474466,24.964060942427594,-50,-50,-18.50478282342411,-28.691111430733738,-42.528363925474466,-22.13851263328269,-50,-50,20.226352520274173,-39.27850197204638,-45.00554879566055,-22.13851263328269,-50,-50,20.226352520274173,-39.27850197204638,-45.00554879566055
17.66979209215131,-39.80736741063377,-39.9977885033892,-20.10220707780074,-41.337657502755555,-50,17.66979209215131,-39.80736741063377,-39.9977885033892,-20.10220707780074,-41.337657502755555,-50,-14.770670686648831,-35.778386591103654,-47.36731587946492,12.800523888924259,-50,-50,-14.770670686648831,-35.778386591103654,-47.36731587946492,12.800523888924259,-50,-50
1.0037093340532617,-27.068666609672086,-28.092547028525125,-8.046317920620282,-50,-50,1.0037093340532617,-27.068666609672086,-28.092547028525125,-8.046317920620282,-50,-50,1.8998050862213218,-24.766328491584577,-31.143939676376405,-4.109570698419357,-50,-50,1.8998050862213218,-24.766328491584577,-31.143939676376405,-4.109570698419357,-50,-50
-13.997747069983312,-26.745075901057007,-25.44161482033653,9.747075731035107,-50,-50,-13.997747069983312,-26.745075901057007,-25.44161482033653,9.747075731035107,-50,-50,16.825335732199687,-28.477439852967496,-24.552061771944842,-19.30285173070906,-50,-50,16.825335732199687,-28.477439852967496,-24.552061771944842,-19.30285173070906,-50,-50
-17.400468436623775,-39.130797497939646,-33.76601302080584,21.594961343076452,-50,-37.89249161160092,-17.400468436623775,-39.130797497939646,-33.76601302080584,21.594961343076452,-50,-37.89249161160092,20.11472315500125,-44.48592729686149,-31.855872476905624,-22.71544002634864,-44.359771582570744,-37.611295035404446,20.11472315500125,-44.48592729686149,-31.855872476905624,-22.71544002634864,-44.359771582570744,-37.611295035404446
-6.951139956633229,-50,-47.66142942117929,19.718103609536488,-41.44288561629388,-27.132823417284094,-6.951139956633229,-50,-47.66142942117929,19.718103609536488,-41.44288561629388,-27.132823417284094,9.58807952443182,-50,-48.330642466615004,-12.08687082918413,-30.193550376972343,-26.803694221079567,9.58807952443182,-50,-48.330642466615004,-12.08687082918413,-30.193550376972343,-26.803694221079567
10.43059257078757,-50,-50,5.348833633459695,-28.755806018322787,-26.048430598143486,10.43059257078757,-50,-50,5.348833633459695,-28.755806018322787,-26.048430598143486,-7.778553911218769,-50,-50,5.542596680021573,-24.79043858185818,-26.69609174055093,-7.778553911218769,-50,-50,5.542596680021573,-24.79043858185818,-26.69609174055093
23.234378724889257,-44.786217563799084,-50,-12.078090690018197,-25.20835321433554,-35.3522661799197,23.234378724889257,-44.786217563799084,-50,-12.078090690018197,-25.20835321433554,-35.3522661799197,-20.476252233165702,-50,-50,18.49537747724136,-31.68622411105914,-37.35933533982402,-20.476252233165702,-50,-50,18.49537747724136,-31.68622411105914,-37.35933533982402
22.981428194433526,-30.209239574805665,-48.16452045043959,-21.120277915639043,-33.09366048202788,-48.927360728722086,22.981428194433526,-30.209239574805665,-48.16452045043959,-21.120277915639043,-33.09366048202788,-48.927360728722086,-20.090209130781474,-45.77673543868095,-50,18.191677590924222,-46.368315692159555,-50,-20.090209130781474,-45.77673543868095,-50,18.191677590924222,-46.368315692159555,-50
9.839247253035897,-25.192025426533363,-34.23157189034683,-15.84069384067337,-47.31453231253281,-50,9.839247253035897,-25.192025426533363,-34.23157189034683,-15.84069384067337,-47.31453231253281,-50,-6.876256633757824,-29.256559320950355,-40.168967915625835,4.83266482392151,-50,-50,-6.876256633757824,-29.256559320950355,-40.168967915625835,4.83266482392151,-50,-50
-7.489285505944975,-34.29612607510288,-25.567394398057758,0.29412512647075095,-50,-50,-7.489285505944975,-34.29612607510288,-25.567394398057758,0.29412512647075095,-50,-50,10.408675612782172,-24.524482505174486,-26.843961781623683,-12.732782810730882,-50,-50,10.408675612782172,-24.524482505174486,-26.843961781623683,-12.732782810730882,-50,-50
-17.529049059984875,-49.24427493575012,-27.796889506724636,16.69017449633135,-50,-45.18368086568259,-17.529049059984875,-49.24427493575012,-27.796889506724636,16.69017449633135,-50,-45.18368086568259,20.309806335955674,-34.67365943699944,-25.932047346674448,-22.869486421121366,-50,-45.26895172524464,20.309806335955674,-34.67365943699944,-25.932047346674448,-22.869486421121366,-50,-45.26895172524464
-13.6316154421847,-50,-39.47263875498083,22.58192780174111,-50,-31.924387838414912,-13.6316154421847,-50,-39.47263875498083,22.58192780174111,-50,-31.924387838414912,16.265623742107767,-50,-38.023128846581976,-18.862993729442906,-37.341975936842026,-31.411713987001903,16.265623742107767,-50,-38.023128846581976,-18.862993729442906,-37.341975936842026,-31.411713987001903
1.6220973283963438,-49.353455612234754,-50,14.100902781113096,-35.63136277901911,-25.190072349807526,1.6220973283963438,-49.353455612234754,-50,14.100902781113096,-35.63136277901911,-25.190072349807526,0.9562208960763967,-50,-50,-3.3671658934870328,-26.248400277525732,-25.220457036115935,0.9562208960763967,-50,-50,-3.3671658934870328,-26.248400277525732,-25.220457036115935
18.130933976824586,-34.41522253634297,-50,-3.1843213750000685,-25.910809727715602,-29.40832790577613,18.130933976824586,-34.41522253634297,-50,-3.1843213750000685,-25.910809727715602,-29.40832790577613,-15.472810740254005,-50,-50,13.353713892850891,-26.499634087627676,-30.771635223414968,-15.472810740254005,-50,-50,13.353713892850891,-26.499634087627676,-30.771635223414968
24.962584127103803,-25.212757547227667,-50,-17.924392518048574,-27.168937019347414,-41.80578861078238,24.962584127103803,-25.212757547227667,-50,-17.924392518048574,-27.168937019347414,-41.80578861078238,-22.133898034677017,-50,-50,20.223900132462607,-37.93127035448711,-44.41023557603264,-22.133898034677017,-50,-50,20.223900132462607,-37.93127035448711,-44.41023557603264
17.59306335721936,-30.11275812464774,-42.19056076068934,-20.441087410298472,-38.59246996939338,-50,17.59306335721936,-30.11275812464774,-42.19056076068934,-20.441087410298472,-38.59246996939338,-50,-14.612716597088763,-37.44867351884583,-50,12.692649366869635,-50,-50,-14.612716597088763,-37.44867351884583,-50,12.692649366869635,-50,-50
0.902539185601928,-44.66024155142832,-29.45611827516216,-9.081962535563195,-50,-50,0.902539185601928,-44.66024155142832,-29.45611827516216,-9.081962535563195,-50,-50,2.1064219736911762,-25.244769277574697,-33.636398184983435,-4.251412337566826,-50,-50,2.1064219736911762,-25.244769277574697,-33.636398184983435,-4.251412337566826,-50,-50
-14.056362786807465,-50,-25.09073610999136,8.69466353658705,-50,-50,-14.056362786807465,-50,-25.09073610999136,8.69466353658705,-50,-50,16.94368972880639,-27.451298398072492,-24.72263646959632,-19.384705987176012,-50,-50,16.94368972880639,-27.451298398072492,-24.72263646959632,-19.384705987176012,-50,-50
-17.37771383049662,-50,-31.92847957091572,21.21678774250833,-50,-38.59825743866878,-17.37771383049662,-50,-31.92847957091572,21.21678774250833,-50,-38.59825743866878,20.06638067913949,-42.625947996541214,-29.594221063041633,-22.68308744971994,-45.752578193746594,-38.18364576103188,20.06638067913949,-42.625947996541214,-29.594221063041633,-22.68308744971994,-45.752578193746594,-38.18364576103188
-6.8620833465380375,-39.26044144120752,-45.530192868377696,20.262474631591044,-44.22568343633818,-27.49127765242157,-6.8620833465380375,-39.26044144120752,-45.530192868377696,20.262474631591044,-44.22568343633818,-27.49127765242157,9.405077293358438,-50,-45.0997944731963,-11.961741446437122,-31.211499066194005,-27.059414046005863,9.405077293358438,-50,-45.0997944731963,-11.961741446437122,-31.211499066194005,-27.059414046005863
10.526977041285782,-26.805171567063194,-50,6.458319234247213,-30.632255041411447,-25.823901234841884,10.526977041285782,-26.805171567063194,-50,6.458319234247213,-30.632255041411447,-25.823901234841884,-7.974939718951509,-50,-50,5.677618402565274,-24.76738531792098,-26.466809330620805,-7.974939718951509,-50,-50,5.677618402565274,-24.76738531792098,-26.466809330620805
23.274264332602886,-27.004576218440135,-50,-11.131970666343982,-24.965485168161205,-34.69237397525781,23.274264332602886,-27.004576218440135,-50,-11.131970666343982,-24.965485168161205,-34.69237397525781,-20.555876098871877,-50,-50,18.550854485157075,-30.637254913851685,-36.796015076735294,-20.555876098871877,-50,-50,18.550854485157075,-30.637254913851685,-36.796015076735294
22.938402306397816,-39.67736066657761,-50,-20.958738978144893,-30.888469364691204,-48.26596335463557,22.938402306397816,-39.67736066657761,-50,-20.958738978144893,-30.888469364691204,-48.26596335463557,-20.00030405759026,-47.66106309056298,-50,18.1308624625178,-44.97987436482939,-50,-20.00030405759026,-47.66106309056298,-50,18.1308624625178,-44.97987436482939,-50
9.741802026040943,-50,-36.23572284762714,-16.56980127788349,-44.572490826350865,-50,9.741802026040943,-50,-36.23572284762714,-16.56980127788349,-44.572490826350865,-50,-6.676403008449966,-30.490445786587664,-43.336291957420315,4.695840899136817,-50,-50,-6.676403008449966,-30.490445786587664,-43.336291957420315,4.695840899136817,-50,-50
-7.57662090555905,-50,-26.254419751163166,-0.8469020583378066,-50,-50,-7.57662090555905,-50,-26.254419751163166,-0.8469020583378066,-50,-50,10.586034137443589,-24.30138943889087,-28.511291688101128,-12.854984716518125,-50,-50,10.586034137443589,-24.30138943889087,-28.511291688101128,-12.854984716518125,-50,-50
-17.548440290784715,-44.253951224329434,-26.720763078855953,15.886417693858585,-50,-45.88863826559127,-17.548440290784715,-44.253951224329434,-26.720763078855953,15.886417693858585,-50,-45.88863826559127,20.347133684162365,-33.139413150715164,-25.0208115582459,-22.896120973391803,-50,-45.86088817577685,20.347133684162365,-33.139413150715164,-25.0208115582459,-22.896120973391803,-50,-45.86088817577685
-13.570221444670416,-29.80791506421263,-37.331996417733485,22.643182237647917,-50,-32.51559030742635,-13.570221444670416,-29.80791506421263,-37.331996417733485,22.643182237647917,-50,-32.51559030742635,16.138182957815253,-50,-35.12279259245048,-18.77641846403571,-38.67626822386762,-31.871182332312415,16.138182957815253,-50,-35.12279259245048,-18.77641846403571,-38.67626822386762,-31.871182332312415
1.723620858711329,-25.28651897909947,-50,14.98694923940966,-38.25542905358868,-25.278823484122647,1.723620858711329,-25.28651897909947,-50,14.98694923940966,-38.25542905358868,-25.278823484122647,0.7484674048831947,-50,-50,-3.2247274104763353,-26.839713425306325,-25.244933612564214,0.7484674048831947,-50,-50,-3.2247274104763353,-26.839713425306325,-25.244933612564214
18.205357181925425,-34.8005260389996,-50,-2.055254538370017,-27.004719172641966,-28.93627671981948,18.205357181925425,-34.8005260389996,-50,-2.055254538370017,-27.004719172641966,-28.93627671981948,-15.623198018560846,-50,-50,13.457665750216883,-25.96101369645882,-30.34500413606427,-15.623198018560846,-50,-50,13.457665750216883,-25.96101369645882,-30.34500413606427
24.96062324492624,-49.69999093201743,-50,-17.29364235561216,-26.025568133782084,-41.08329341326956,24.96062324492624,-49.69999093201743,-50,-17.29364235561216,-26.025568133782084,-41.08329341326956,-22.127256957680142,-50,-50,20.22050868135023,-36.615188766503636,-43.81339974427825,-22.127256957680142,-50,-50,20.22050868135023,-36.615188766503636,-43.81339974427825
17.516016902797034,-50,-44.385851673554924,-20.722799879700922,-35.95091567015397,-50,17.516016902797034,-50,-44.385851673554924,-20.722799879700922,-35.95091567015397,-50,-14.45344822828848,-39.18472387446598,-50,12.584161070974238,-50,-50,-14.45344822828848,-39.18472387446598,-50,12.584161070974238,-50,-50
0.8014280619240957,-48.889781147640676,-31.026979204364046,-10.091167283454752,-50,-50,0.8014280619240957,-48.889781147640676,-31.026979204364046,-10.091167283454752,-50,-50,2.312769964088563,-25.870519259835653,-36.40943241024191,-4.3931359033696165,-50,-50,2.312769964088563,-25.870519259835653,-36.40943241024191,-4.3931359033696165,-50,-50
-14.11458182136591,-33.91673303378525,-25.017342835988305,7.6206029892224185,-50,-50,-14.11458182136591,-33.91673303378525,-25.017342835988305,7.6206029892224185,-50,-50,17.060369850999518,-26.557722241999198,-25.375534998219244,-19.46578853372998,-50,-50,17.060369850999518,-26.557722241999198,-25.375534998219244,-19.46578853372998,-50,-50
-17.354487571422364,-25.132669712194,-30.25848000256385,20.783091719735342,-50,-39.31007821472483,-17.354487571422364,-25.132669712194,-30.25848000256385,20.783091719735342,-50,-39.31007821472483,20.01606863358515,-40.79713788137872,-27.7046332963058,-22.64982069962732,-47.133439494767536,-38.76146786685835,20.01606863358515,-40.79713788137872,-27.7046332963058,-22.64982069962732,-47.133439494767536,-38.76146786685835
-6.772792445931554,-30.523886218135722,-43.347773374289794,20.753904779739596,-46.97642054484901,-27.87647637394086,-6.772792445931554,-30.523886218135722,-43.347773374289794,20.753904779739596,-46.97642054484901,-27.87647637394086,9.221115037606484,-50,-41.890067360334065,-11.836160966142915,-32.29762366768641,-27.333100500304155,9.221115037606484,-50,-41.890067360334065,-11.836160966142915,-32.29762366768641,-27.333100500304155
10.623203290430048,-45.18879611727417,-50,7.5522061012222705,-32.80408450972844,-25.629222264964053,10.623203290430048,-45.18879611727417,-50,7.5522061012222705,-32.80408450972844,-25.629222264964053,-8.170639794846632,-50,-50,5.812329344183233,-24.848014978245907,-26.256159190959135,-8.170639794846632,-50,-50,5.812329344183233,-24.848014978245907,-26.256159190959135
23.313703982799122,-50,-50,-10.15386522149982,-25.15449982613674,-34.045812407802465,23.313703982799122,-50,-50,-10.15386522149982,-25.15449982613674,-34.045812407802465,-20.63362291296139,-50,-50,18.605464691887953,-29.659625709314525,-36.23972484451069,-20.63362291296139,-50,-50,18.605464691887953,-29.659625709314525,-36.23972484451069
22.894938042038397,-50,-50,-20.738631858825084,-28.972486951947126,-47.59261240094413,22.894938042038397,-50,-50,-20.738631858825084,-28.972486951947126,-47.59261240094413,-19.908574541263008,-49.5429155854989,-50,18.06919867320344,-43.58374531887532,-50,-19.908574541263008,-49.5429155854989,-50,18.06919867320344,-43.58374531887532,-50
9.644216300933158,-38.71529673088115,-38.33814681143532,-17.25221321375802,-41.790034664524256,-50,9.644216300933158,-38.71529673088115,-38.33814681143532,-17.25221321375802,-41.790034664524256,-50,-6.475986612936306,-31.836590147435835,-46.564650814933756,4.558748598319312,-50,-50,-6.475986612936306,-31.836590147435835,-46.564650814933756,4.558748598319312,-50,-50
-7.6637058858737515,-26.55861729819228,-27.20021839875023,-1.983766348003328,-50,-50,-7.6637058858737515,-26.55861729819228,-27.20021839875023,-1.983766348003328,-50,-50,10.762320809723136,-24.231909177322635,-30.575195540086398,-12.97669694383215,-50,-50,10.762320809723136,-24.231909177322635,-30.575195540086398,-12.97669694383215,-50,-50
-17.56735601494103,-27.280774610867077,-25.895911101113878,15.041557853735117,-50,-46.58607045051385,-17.56735601494103,-27.280774610867077,-25.895911101113878,15.041557853735117,-50,-46.58607045051385,20.382464877483727,-31.69972451594228,-24.585150905479978,-22.921832150863665,-50,-46.44967257440073,20.382464877483727,-31.69972451594228,-24.585150905479978,-22.921832150863665,-50,-46.44967257440073
-13.508441738240222,-40.22519765504258,-35.27199890540608,22.64505565793827,-50,-33.1241782195376,-13.508441738240222,-40.22519765504258,-35.27199890540608,22.64505565793827,-50,-33.1241782195376,16.00914457452455,-49.35864748065392,-32.46938999919003,-18.689097761843385,-40.03760560853988,-32.34321250734181,16.00914457452455,-49.35864748065392,-32.46938999919003,-18.689097761843385,-40.03760560853988,-32.34321250734181
1.825184880062769,-50,-49.24139844886411,15.834325846010842,-40.99124726965449,-25.398440355971985,1.825184880062769,-50,-49.24139844886411,15.834325846010842,-40.99124726965449,-25.398440355971985,0.540573604674772,-50,-49.12771278135879,-3.082215198652225,-27.52329098708749,-25.289414926337184,0.540573604674772,-50,-49.12771278135879,-3.082215198652225,-27.52329098708749,-25.289414926337184
18.279448846628824,-50,-50,-0.9187560468483456,-28.48138985493786,-28.48827834682605,18.279448846628824,-50,-50,-0.9187560468483456,-28.48138985493786,-28.48827834682605,-15.772175332658767,-50,-50,13.560970791186413,-25.51949934732984,-29.932649152039684,-15.772175332658767,-50,-50,13.560970791186413,-25.51949934732984,-29.932649152039684
24.95817834015659,-43.71738846074536,-50,-16.614238602108934,-25.28854646695086,-40.36222416156562,24.95817834015659,-43.71738846074536,-50,-16.614238602108934,-25.28854646695086,-40.36222416156562,-22.11859003115207,-50,-50,20.216178313420468,-35.337508806461116,-43.215711693873295,-22.11859003115207,-50,-50,20.216178313420468,-35.337508806461116,-43.215711693873295
17.438654468002767,-29.419876638662423,-46.54836075864817,-20.946582415008287,-33.47662488065655,-50,17.438654468002767,-29.419876638662423,-46.54836075864817,-20.946582415008287,-33.47662488065655,-50,-14.292880661761169,-40.97493747187455,-50,12.475063687058947,-50,-50,-14.292880661761169,-40.97493747187455,-50,12.475063687058947,-50,-50
0.700378245335811,-25.399801682545558,-32.77987022537007,-11.071202126563819,-47.75271321580482,-50,0.700378245335811,-25.399801682545558,-32.77987022537007,-11.071202126563819,-47.75271321580482,-50,2.518829517812839,-26.639397213890703,-39.40027935222557,-4.534735274510788,-50,-50,2.518829517812839,-26.639397213890703,-39.40027935222557,-4.534735274510788,-50,-50
-14.172402859517657,-35.31213549867917,-25.222615169042225,6.527799570537871,-50,-50,-14.172402859517657,-35.31213549867917,-25.222615169042225,6.527799570537871,-50,-50,17.175365050051596,-25.80268220792222,-26.495980089675257,-19.54609586825641,-50,-50,17.175365050051596,-25.80268220792222,-26.495980089675257,-19.54609586825641,-50,-50
-17.33079018367247,-50,-28.78286806510583,20.295046482184897,-50,-40.02662799492464,-17.33079018367247,-50,-28.78286806510583,20.295046482184897,-50,-40.02662799492464,19.96379178250882,-39.01171695270548,-26.229876841007446,-22.615641212927105,-48.49474695160036,-39.344112316490225,19.96379178250882,-39.01171695270548,-26.229876841007446,-22.615641212927105,-48.49474695160036,-39.344112316490225
-6.683269270319835,-50,-41.14926444863672,21.191064667799235,-49.628836649381796,-28.28770205254799,-6.683269270319835,-50,-41.14926444863672,21.191064667799235,-49.628836649381796,-28.28770205254799,9.03621017701398,-50,-38.77410794237997,-11.710134812367137,-33.44593964412426,-27.6244461667488,9.03621017701398,-50,-38.77410794237997,-11.710134812367137,-33.44593964412426,-27.6244461667488
10.71926914616715,-48.41616791378152,-50,8.62753511987465,-35.21897897107544,-25.4647563269509,10.71926914616715,-48.41616791378152,-50,8.62753511987465,-35.21897897107544,-25.4647563269509,-8.36563560758536,-50,-50,5.946723686447408,-25.031883294089816,-26.06437793350145,-8.36563560758536,-50,-50,5.946723686447408,-25.031883294089816,-26.06437793350145
23.35269678523234,-33.42652870607108,-50,-9.146420265324414,-25.770844166283187,-33.41378586074027,23.35269678523234,-33.42652870607108,-50,-9.146420265324414,-25.770844166283187,-33.41378586074027,-20.709485313397366,-50,-50,18.659205738711826,-28.75872322605615,-35.691089493944474,-20.709485313397366,-50,-50,18.659205738711826,-28.75872322605615,-35.691089493944474
22.85103638244511,-25.07155828052361,-50,-20.460551977727178,-27.391865802174856,-46.90856215278954,22.85103638244511,-25.07155828052361,-50,-20.460551977727178,-27.391865802174856,-46.90856215278954,-19.815029267895156,-50,-50,18.00668888636142,-42.187621213477506,-50,-19.815029267895156,-50,-50,18.00668888636142,-42.187621213477506,-50
9.546492280449993,-30.947428976352263,-40.505036607665915,-17.886083630094653,-39.03418817424373,-50,9.546492280449993,-30.947428976352263,-40.505036607665915,-17.886083630094653,-39.03418817424373,-50,-6.27502642513779,-33.28599754626697,-49.78097597538306,4.4213938427531705,-50,-50,-6.27502642513779,-33.28599754626697,-49.78097597538306,4.4213938427531705,-50,-50
-7.75053848117793,-45.71191644384933,-28.389581810047204,-3.11339236817293,-50,-50,-7.75053848117793,-45.71191644384933,-28.389581810047204,-3.11339236817293,-50,-50,10.93751893659853,-24.316505983479857,-32.98896031971246,-13.097914235684716,-50,-50,10.93751893659853,-24.316505983479857,-32.98896031971246,-13.097914235684716,-50,-50
-17.585795805481794,-50,-25.335597270499477,14.157880438101179,-50,-47.27467827797174,-17.585795805481794,-50,-25.335597270499477,14.157880438101179,-50,-47.27467827797174,20.415796570323526,-30.364213447230103,-24.634925839888272,-22.946618843020982,-50,-47.03464357137264,20.415796570323526,-30.364213447230103,-24.634925839888272,-22.946618843020982,-50,-47.03464357137264
-13.446277717406204,-50,-33.32577117079354,22.58754299475228,-50,-33.749017927022145,-13.446277717406204,-50,-33.32577117079354,22.58754299475228,-50,-33.749017927022145,15.878520811197252,-47.475994501112666,-30.12297640446959,-18.601035394418695,-41.41848713343667,-32.827274306063934,15.878520811197252,-47.475994501112666,-30.12297640446959,-18.601035394418695,-41.41848713343667,-32.827274306063934
1.926787099911349,-38.17259678428447,-47.172774250660126,16.640740330576982,-43.77291650396599,-25.548700148910903,1.926787099911349,-38.17259678428447,-47.172774250660126,16.640740330576982,-43.77291650396599,-25.548700148910903,0.3325591814210389,-50,-45.90297161619961,-2.9396354133972675,-28.295366456313264,-25.353851013975785,0.3325591814210389,-50,-45.90297161619961,-2.9396354133972675,-28.295366456313264,-25.353851013975785
18.3532072985113,-26.32930388833112,-50,0.22209971474641815,-30.305251442945448,-28.06516729620182,18.3532072985113,-26.32930388833112,-50,0.22209971474641815,-30.305251442945448,-28.06516729620182,-15.91972857551984,-50,-50,13.663624553813492,-25.177523780552175,-29.535033447443787,-15.91972857551984,-50,-50,13.663624553813492,-25.177523780552175,-29.535033447443787
24.95524946798211,-27.573334912713783,-50,-15.888019138194206,-24.975625540639275,-39.643924028122036,24.95524946798211,-27.573334912713783,-50,-15.888019138194206,-24.975625540639275,-39.643924028122036,-22.107898075785172,-50,-50,20.210909215710362,-34.105270480082815,-42.617842775561094,-22.107898075785172,-50,-50,20.210909215710362,-34.105270480082815,-42.617842775561094
17.360977799089028,-40.773641681888584,-48.64331466748803,-21.111829653666586,-31.22919880044789,-50,17.360977799089028,-40.773641681888584,-48.64331466748803,-21.111829653666586,-31.22919880044789,-50,-14.131029102044241,-42.80735220939473,-50,12.365361927254224,-49.23630306851637,-50,-14.131029102044241,-42.80735220939473,-50,12.365361927254224,-49.23630306851637,-50
0.599392016768971,-50,-34.68660468650806,-12.019415935764057,-45.02355607580215,-50,0.599392016768971,-50,-34.68660468650806,-12.019415935764057,-45.02355607580215,-50,2.7245811225881607,-27.546265542596824,-42.541246183815915,-4.676204335035159,-50,-50,2.7245811225881607,-27.546265542596824,-42.541246183815915,-4.676204335035159,-50,-50
-14.22982459610699,-50,-25.703252310826016,5.4192094641667845,-50,-50,-14.22982459610699,-50,-25.703252310826016,5.4192094641667845,-50,-50,17.288664436784668,-25.19122342881942,-28.05861233997514,-19.625624522125037,-50,-50,17.288664436784668,-25.19122342881942,-28.05861233997514,-19.625624522125037,-50,-50
-17.306622202152266,-43.177182332446236,-27.525371736600913,19.753972259391258,-50,-40.746572025470435,-17.306622202152266,-43.177182332446236,-27.525371736600913,19.753972259391258,-50,-40.746572025470435,19.90955507613521,-37.28161528786846,-25.20333034730996,-22.58055046589793,-49.82899977172511,-39.93092465686319,19.90955507613521,-37.28161528786846,-25.20333034730996,-22.58055046589793,-49.82899977172511,-39.93092465686319
-6.593515840449788,-29.04559658613109,-38.97001832070306,21.572771718112925,-50,-28.72418867721145,-6.593515840449788,-29.04559658613109,-38.97001832070306,21.572771718112925,-50,-28.72418867721145,8.850380220676515,-50,-35.82244075846087,-11.583668428427096,-34.65011978423647,-27.933123792474944,8.850380220676515,-50,-35.82244075846087,-11.583668428427096,-34.65011978423647,-27.933123792474944
10.815172440066625,-25.531735658622694,-50,9.681397377211315,-37.81876797625475,-25.330809779887907,10.815172440066625,-25.531735658622694,-50,9.681397377211315,-37.81876797625475,-25.330809779887907,-8.559908692530499,-50,-50,6.080795624601978,-25.31797715259475,-25.89168097578231,-8.559908692530499,-50,-50,6.080795624601978,-25.31797715259475,-25.89168097578231
23.39124185974404,-35.83033176582044,-50,-8.112361075063435,-26.799671565817764,-32.79747164213783,23.39124185974404,-35.83033176582044,-50,-8.112361075063435,-26.799671565817764,-32.79747164213783,-20.783456116582716,-50,-50,18.71207530444794,-27.939511429104265,-35.15072527752112,-20.783456116582716,-50,-50,18.71207530444794,-27.939511429104265,-35.15072527752112
22.8066983185816,-50,-50,-20.12525157920169,-26.184680226184717,-46.215086825438334,22.8066983185816,-50,-50,-20.12525157920169,-26.184680226184717,-46.215086825438334,-19.71967709551743,-50,-50,17.943335801911225,-40.799194680591555,-49.61390635594846,-19.71967709551743,-50,-50,17.943335801911225,-40.799194680591555,-49.61390635594846
9.448632170452898,-50,-42.70154844559328,-18.469697820187108,-36.371334723739345,-50,9.448632170452898,-50,-42.70154844559328,-18.469697820187108,-36.371334723739345,-50,-6.073541474468387,-34.828983128323515,-50,4.283782565058501,-50,-50,-6.073541474468387,-34.828983128323515,-50,4.283782565058501,-50,-50
-7.837116731455271,-47.933192353144634,-29.80338491008616,-4.232724324991569,-50,-50,-7.837116731455271,-47.933192353144634,-29.80338491008616,-4.232724324991569,-50,-50,11.111611928130719,-24.55461458649305,-35.69795449113108,-13.21863135646271,-50,-50,11.111611928130719,-24.55461458649305,-35.69795449113108,-13.21863135646271,-50,-50
-17.603759246177482,-32.94520618898208,-25.048831485849217,13.237775915973005,-50,-47.95317904306311,-17.603759246177482,-32.94520618898208,-25.048831485849217,13.237775915973005,-50,-47.95317904306311,20.447125606421437,-29.141803750775598,-25.169009788932826,-22.970479979277794,-50,-47.61514410033532,20.447125606421437,-29.141803750775598,-25.169009788932826,-22.970479979277794,-50,-47.61514410033532
-13.383730785356814,-25.029497631949198,-31.524608738018678,22.47079982775933,-50,-34.388945509109114,-13.383730785356814,-25.029497631949198,-31.524608738018678,22.47079982775933,-50,-34.388945509109114,15.746324036918455,-45.59210298202525,-28.1366589625157,-18.512235165346873,-42.81130415309141,-33.322824007988906,15.746324036918455,-45.59210298202525,-28.1366589625157,-18.512235165346873,-42.81130415309141,-33.322824007988906
2.028425224857955,-31.382870898412715,-45.02655424881254,17.40401123095264,-46.53343136499603,-25.72932296636444,2.028425224857955,-31.382870898412715,-45.02655424881254,17.40401123095264,-46.53343136499603,-25.72932296636444,0.12444383252128399,-50,-42.68117275792177,-2.7969942130101884,-29.15168570370863,-25.438169497899903,0.12444383252128399,-50,-42.68117275792177,-2.7969942130101884,-29.15168570370863,-25.438169497899903
18.42663087267254,-46.22896583276647,-50,1.364226574563126,-32.43237040269585,-27.66773171846654,18.42663087267254,-46.22896583276647,-50,1.364226574563126,-32.43237040269585,-27.66773171846654,-16.065843774964936,-50,-50,13.76562260428032,-24.936971278592956,-29.152603642543035,-16.065843774964936,-50,-50,13.76562260428032,-24.936971278592956,-29.152603642543035
24.951836694514288,-50,-50,-15.11694848745623,-25.094343055205776,-38.92973102720875,24.951836694514288,-50,-50,-15.11694848745623,-25.094343055205776,-38.92973102720875,-22.095182104027067,-50,-50,20.2047016158026,-32.92526341007475,-42.02046454322388,-22.095182104027067,-50,-50,20.2047016158026,-32.92526341007475,-42.02046454322388
17.282988649399442,-50,-50,-21.218094579152257,-29.262773867669218,-50,17.282988649399442,-50,-50,-21.218094579152257,-29.262773867669218,-50,-13.967908875259583,-44.669723999821045,-50,12.255060529792818,-47.88903621275978,-50,-13.967908875259583,-44.669723999821045,-50,12.255060529792818,-47.88903621275978,-50
0.4984716557183293,-37.633002130483625,-36.71652211918902,-12.933243662213242,-42.24311891237319,-50,0.4984716557183293,-37.633002130483625,-36.71652211918902,-12.933243662213242,-42.24311891237319,-50,2.9300052952774855,-28.585064605265796,-45.761242364829876,-4.817536974618368,-50,-50,2.9300052952774855,-28.585064605265796,-45.761242364829876,-4.817536974618368,-50,-50
-14.286845734990333,-26.117510438617323,-26.451525571116182,4.297831558922204,-50,-50,-14.286845734990333,-26.117510438617323,-26.451525571116182,4.297831558922204,-50,-50,17.40025728260141,-24.727431636190865,-30.028064177050204,-19.70437106033698,-50,-50,17.40025728260141,-24.727431636190865,-30.028064177050204,-19.70437106033698,-50,-50
-17.281984172390047,-27.881901044005367,-26.506211675701476,19.161332731586697,-50,-41.46856922991758,-17.281984172390047,-27.881901044005367,-26.506211675701476,19.161332731586697,-50,-41.46856922991758,19.85336365027071,-35.618393324156244,-24.648227981211665,-22.54454997417813,-50,-40.52124575334027,19.85336365027071,-35.618393324156244,-24.648227981211665,-22.54454997417813,-50,-40.52124575334027
-6.503534182267845,-41.32202522683455,-36.84507747218472,21.897993360575207,-50,-29.185123182045693,-6.503534182267845,-41.32202522683455,-36.84507747218472,21.897993360575207,-50,-29.185123182045693,8.663642765289264,-50,-33.10187186728302,-11.456767276652872,-35.90352906568308,-28.25878665656091,8.663642765289264,-50,-33.10187186728302,-11.456767276652872,-35.90352906568308,-28.25878665656091
10.910911007365122,-50,-50,10.71094203080145,-40.540827300202125,-25.227632132836174,10.910911007365122,-50,-50,10.71094203080145,-40.540827300202125,-25.227632132836174,-8.753440653488553,-50,-49.92045608498297,6.214539367818712,-25.704720179031757,-25.73826229897621,-8.753440653488553,-50,-49.92045608498297,6.214539367818712,-25.704720179031757,-25.73826229897621
23.42933833628104,-50,-50,-7.054484923144153,-28.216199429502563,-32.19801779190335,23.42933833628104,-50,-50,-7.054484923144153,-28.216199429502563,-32.19801779190335,-20.85552831804032,-50,-50,18.764071105556514,-27.206504168497894,-34.61923915720455,-20.85552831804032,-50,-50,18.764071105556514,-27.206504168497894,-34.61923915720455
22.7619248512622,-42.6339903332321,-50,-19.733637696968195,-25.380009145786467,-45.51347819072884,22.7619248512622,-42.6339903332321,-50,-19.733637696968195,-25.380009145786467,-45.51347819072884,-19.62252705326133,-50,-50,17.87914215619711,-39.426115938616064,-49.05429448001779,-19.62252705326133,-50,-50,17.87914215619711,-39.426115938616064,-49.05429448001779
9.350638179872835,-28.68553044905072,-44.8923622092889,-19.00147702732833,-33.865617646743814,-50,9.350638179872835,-28.68553044905072,-44.8923622092889,-19.00147702732833,-33.865617646743814,-50,-5.871550840033155,-36.45523675494651,-50,4.145920708936886,-50,-50,-5.871550840033155,-36.45523675494651,-50,4.145920708936886,-50,-50
-7.9234386824327,-25.6821603283101,-31.418893612699584,-5.3387342714818775,-48.18778458945244,-50,-7.9234386824327,-25.6821603283101,-31.418893612699584,-5.3387342714818775,-48.18778458945244,-50,11.284583299026558,-24.944643958719755,-38.64086449411399,-13.338843092158482,-50,-50,11.284583299026558,-24.944643958719755,-38.64086449411399,-13.338843092158482,-50,-50
-17.621245931551332,-36.35448413518887,-25.04022496781915,12.28373329671698,-50,-48.62030886782999,-17.621245931551332,-36.35448413518887,-25.04022496781915,12.28373329671698,-50,-48.62030886782999,20.476449019154057,-28.040663496076636,-26.17531465411531,-22.993414529025138,-50,-48.19052211637876,20.476449019154057,-28.040663496076636,-26.17531465411531,-22.993414529025138,-50,-48.19052211637876
-13.320802353922215,-50,-29.897474467573794,22.295141963291467,-50,-35.0427689400712,-13.320802353922215,-50,-29.897474467573794,22.295141963291467,-50,-35.0427689400712,15.61256676972556,-43.71956097541631,-26.555394652339718,-18.42270091008437,-44.208382257560714,-33.82930498887531,15.61256676972556,-43.71956097541631,-26.555394652339718,-18.42270091008437,-44.208382257560714,-33.82930498887531
2.1300969606911853,-50,-42.837249861817384,18.1220737943033,-49.20629603188862,-25.939972353003313,2.1300969606911853,-50,-42.837249861817384,18.1220737943033,-49.20629603188862,-25.939972353003313,-0.08375273507073533,-50,-39.53523624467982,-2.654297758444822,-30.087530417497966,-25.542275667706743,-0.08375273507073533,-50,-39.53523624467982,-2.654297758444822,-30.087530417497966,-25.542275667706743
18.499717911769434,-47.4414423032598,-50,2.5045349222749347,-34.811508277449114,-27.296711937130034,18.499717911769434,-47.4414423032598,-50,2.5045349222749347,-34.811508277449114,-27.296711937130034,-16.210507094986795,-50,-50,13.866960537092368,-24.799167283693627,-28.785789300094535,-16.210507094986795,-50,-50,13.866960537092368,-24.799167283693627,-28.785789300094535
24.947940096787452,-32.473351308102636,-50,-14.303112502127751,-25.641839319984637,-38.22097552253438,24.947940096787452,-32.473351308102636,-50,-14.303112502127751,-25.641839319984637,-38.22097552253438,-22.080443319983992,-50,-50,20.197555781815506,-31.803989425366016,-41.424247999596986,-22.080443319983992,-50,-50,20.197555781815506,-31.803989425366016,-41.424247999596986
17.204688779332905,-25.00653895918064,-50,-21.26508973021848,-27.62471770996928,-50,17.204688779332905,-25.00653895918064,-50,-21.26508973021848,-27.62471770996928,-50,-13.803535427662279,-46.549608584685316,-50,12.144164258808905,-46.51805218131886,-50,-13.803535427662279,-46.549608584685316,-50,12.144164258808905,-46.51805218131886,-50
0.3976194401942723,-31.82968200076366,-38.836981261112555,-13.810213276141182,-39.47837743868117,-50,0.3976194401942723,-31.82968200076366,-38.836981261112555,-13.810213276141182,-39.47837743868117,-50,3.1350825837659544,-29.748853207826347,-48.98738865770489,-4.958727088825894,-50,-50,3.1350825837659544,-29.748853207826347,-48.98738865770489,-4.958727088825894,-50,-50
-14.343464989066543,-46.73931497467545,-27.45540264585581,3.166699336353538,-50,-50,-14.343464989066543,-46.73931497467545,-27.45540264585581,3.166699336353538,-50,-50,17.510133020501044,-24.414405859441942,-32.35976034669681,-19.78233208167549,-50,-50,17.510133020501044,-24.414405859441942,-32.35976034669681,-19.78233208167549,-50,-50
-17.256876650523623,-50,-25.74177607157149,18.518731070258944,-50,-42.19127470727351,-17.256876650523623,-50,-25.74177607157149,18.518731070258944,-50,-42.19127470727351,19.7952228258195,-34.03316461263883,-24.577133557989722,-22.507641292699084,-50,-41.11441253008601,19.7952228258195,-34.03316461263883,-24.577133557989722,-22.507641292699084,-50,-41.11441253008601
-6.413326326869937,-50,-34.808611150802065,22.16584982588863,-50,-29.669646960854962,-6.413326326869937,-50,-34.808611150802065,22.16584982588863,-50,-29.669646960854962,8.476015493480721,-50,-30.67397680353168,-11.329436838153008,-37.19926121397557,-28.60106895949007,8.476015493480721,-50,-30.67397680353168,-11.329436838153008,-37.19926121397557,-28.60106895949007
11.006482687019837,-37.09716951904163,-48.769595584036786,11.71338402066081,-43.31958744654623,-25.155415580057777,11.006482687019837,-37.09716951904163,-48.769595584036786,11.71338402066081,-43.31958744654623,-25.155415580057777,-8.946213164442607,-50,-46.706330521173065,6.347949139442439,-26.18998142261136,-25.604294230003678,-8.946213164442607,-50,-46.706330521173065,6.347949139442439,-26.18998142261136,-25.604294230003678
23.466985354917007,-25.92349472635624,-50,-5.975653510134592,-29.986306157635,-31.616540943280672,23.466985354917007,-25.92349472635624,-50,-5.975653510134592,-29.986306157635,-31.616540943280672,-20.925695093076335,-50,-50,18.81519089623668,-26.563740308014545,-34.097228122675936,-20.925695093076335,-50,-50,18.81519089623668,-26.563740308014545,-34.097228122675936
22.71671699112852,-28.20609744380831,-50,-19.286769700475965,-24.997235635045573,-44.80504317082926,22.71671699112852,-28.20609744380831,-50,-19.286769700475965,-24.997235635045573,-44.80504317082926,-19.52358834050307,-50,-50,17.8141107218677,-38.07595063975003,-48.4879435712014,-19.52358834050307,-50,-50,17.8141107218677,-38.07595063975003,-48.4879435712014
9.252512520665112,-41.86968084321292,-47.04224940839264,-19.479982715583493,-31.57739514535192,-50,9.252512520665112,-41.86968084321292,-47.04224940839264,-19.479982715583493,-31.57739514535192,-50,-5.669073648821592,-38.15389189531472,-50,4.007814228910504,-50,-50,-5.669073648821592,-38.15389189531472,-50,4.007814228910504,-50,-50
-8.009502385620351,-50,-33.21013038675136,-6.4284302985183945,-45.47325868570728,-50,-8.009502385620351,-50,-33.21013038675136,-6.4284302985183945,-45.47325868570728,-50,11.456416670201923,-25.48398794689745,-41.75108247412476,-13.458544250590867,-50,-50,11.456416670201923,-25.48398794689745,-41.75108247412476,-13.458544250590867,-50,-50
-17.638255466887646,-50,-25.309916110024695,11.298333396906468,-50,-49.27482505554103,-17.638255466887646,-50,-25.309916110024695,11.298333396906468,-50,-49.27482505554103,20.50376403181538,-27.068150437373397,-27.63106440490369,-23.015421501674727,-50,-48.76013132842346,20.50376403181538,-27.068150437373397,-27.63106440490369,-23.015421501674727,-50,-48.76013132842346
-13.257493843545404,-42.08847359105448,-28.470532830812346,22.061044580047884,-50,-35.7092703096785,-13.257493843545404,-42.08847359105448,-28.470532830812346,22.061044580047884,-50,-35.7092703096785,15.477261675422845,-41.870880696537455,-25.41497275157819,-18.33243649579011,-45.6020235583622,-34.34614834596921,15.477261675422845,-41.870880696537455,-25.41497275157819,-18.33243649579011,-45.6020235583622,-34.34614834596921
2.2318000124409654,-28.340116469861968,-40.640065309118114,18.792985562580636,-50,-26.18025592147834,2.2318000124409654,-28.340116469861968,-40.640065309118114,18.792985562580636,-50,-26.18025592147834,-0.29201080671046353,-50,-36.536365097103776,-2.5115522130390704,-31.097744101260268,-25.666052586552865,-0.29201080671046353,-50,-36.536365097103776,-2.5115522130390704,-31.097744101260268,-25.666052586552865
18.572466766057016,-25.85089260725825,-50,3.63994006686059,-37.385355929645456,-26.952799069649686,18.572466766057016,-25.85089260725825,-50,3.63994006686059,-37.385355929645456,-26.952799069649686,-16.353704837060178,-50,-50,13.967633975265114,-24.764871094695142,-28.43500244285692,-16.353704837060178,-50,-50,13.967633975265114,-24.764871094695142,-28.43500244285692
24.943559762756916,-36.88395465228123,-50,-13.448712720546984,-26.604926138072425,-37.518977749102376,24.943559762756916,-36.88395465228123,-50,-13.448712720546984,-26.604926138072425,-37.518977749102376,-22.063683119308312,-50,-50,20.189472022391705,-30.747626736083085,-40.82986284254945,-22.063683119308312,-50,-50,20.189472022391705,-30.747626736083085,-40.82986284254945
17.126079956300146,-50,-50,-21.25268797851367,-26.35448814384131,-50,17.126079956300146,-50,-50,-21.25268797851367,-26.35448814384131,-50,-13.637924324177972,-48.4344446860617,-50,12.032677904128978,-45.130905084557455,-50,-13.637924324177972,-48.4344446860617,-50,12.032677904128978,-45.130905084557455,-50
0.2968376466665661,-50,-41.013884930821185,-14.64795245405656,-36.79592928705295,-50,0.2968376466665661,-50,-41.013884930821185,-14.64795245405656,-36.79592928705295,-50,3.339793568781216,-31.029854983471893,-50,-5.099768579381612,-50,-50,3.339793568781216,-31.029854983471893,-50,-5.099768579381612,-50,-50
-14.39968108030698,-46.94151628123299,-28.69874109772889,2.028872664800618,-50,-50,-14.39968108030698,-46.94151628123299,-28.69874109772889,2.028872664800618,-50,-50,17.61828124607998,-24.254237718351604,-35.00092679903469,-19.859504218851814,-50,-50,17.61828124607998,-24.254237718351604,-35.00092679903469,-19.859504218851814,-50,-50
-17.23130020328877,-32.011538365798856,-25.244357120269886,17.827905601335093,-50,-42.91334223720583,-17.23130020328877,-32.011538365798856,-25.244357120269886,17.827905601335093,-50,-42.91334223720583,19.73513810827912,-32.53652155807484,-24.99165618121682,-22.4698260156193,-50,-41.70975871487798,19.73513810827912,-32.53652155807484,-24.99165618121682,-22.4698260156193,-50,-41.70975871487798
-6.322894310459949,-25.002710205597694,-32.893365925597315,22.375616525449416,-50,-30.176857466498,-6.322894310459949,-25.002710205597694,-32.893365925597315,22.375616525449416,-50,-30.176857466498,8.28751617213828,-50,-28.593706918444816,-11.201682612579438,-38.530176755986794,-28.95958623402041,8.28751617213828,-50,-28.593706918444816,-11.201682612579438,-38.530176755986794,-28.95958623402041
11.101885321752732,-32.2873184622339,-46.67992726003806,12.686011603254006,-46.08811309843876,-25.114294643006797,11.101885321752732,-32.2873184622339,-46.67992726003806,12.686011603254006,-46.08811309843876,-25.114294643006797,-9.138207971289926,-50,-43.47696457669061,6.481019177245188,-26.77108709800549,-25.489927247967096,-9.138207971289926,-50,-43.47696457669061,6.481019177245188,-26.77108709800549,-25.489927247967096
23.50418206587,-47.242342715209126,-50,-4.878785223486564,-32.0673530738044,-31.054124242833296,23.50418206587,-47.242342715209126,-50,-4.878785223486564,-32.0673530738044,-31.054124242833296,-20.993949797426417,-50,-50,18.86543246852508,-26.01476147106287,-33.585278520753334,-20.993949797426417,-50,-50,18.86543246852508,-26.01476147106287,-33.585278520753334
22.671075758628497,-50,-50,-18.785856429152485,-25.04558001701017,-44.091101403759716,22.671075758628497,-50,-50,-18.785856429152485,-25.04558001701017,-44.091101403759716,-19.422870325992466,-50,-50,17.748244307758476,-36.756138183317745,-47.91548978091622,-19.422870325992466,-50,-50,17.748244307758476,-36.756138183317745,-47.91548978091622
9.154257407754763,-50,-49.116639655531486,-19.9039204612091,-29.56178636986226,-50,9.154257407754763,-50,-49.116639655531486,-19.9039204612091,-29.56178636986226,-50,-5.4661290738964485,-39.91359823596028,-50,3.8694690900697006,-50,-50,-5.4661290738964485,-39.91359823596028,-50,3.8694690900697006,-50,-50
-8.09530589835968,-36.56575112067809,-35.148291977271555,-7.4988646283874605,-42.696620234281596,-50,-8.09530589835968,-36.56575112067809,-35.148291977271555,-7.4988646283874605,-42.696620234281596,-50,11.627095770332682,-26.169042686306174,-44.958213839898654,-13.577729661633606,-50,-50,11.627095770332682,-26.169042686306174,-44.958213839898654,-13.577729661633606,-50,-50
-17.65478746824153,-25.747492891274582,-25.853568253658498,10.284241858891098,-50,-49.915508405533025,-17.65478746824153,-25.747492891274582,-25.853568253658498,10.284241858891098,-50,-49.915508405533025,20.52906805787974,-26.230762849568407,-29.503310576158363,-23.036499946702538,-50,-49.323331925180106,20.52906805787974,-26.230762849568407,-29.503310576158363,-23.036499946702538,-50,-49.323331925180106
-13.193806683247146,-28.54552952733154,-27.266729182803253,21.769140943666397,-50,-36.38720809185513,-13.193806683247146,-28.54552952733154,-27.266729182803253,21.769140943666397,-50,-36.38720809185513,15.340421566382162,-40.05841491798289,-24.74120480594638,-18.241445821161584,-46.98454910377034,-34.872773537015064,15.340421566382162,-40.05841491798289,-24.74120480594638,-18.241445821161584,-46.98454910377034,-34.872773537015064
2.333532084432168,-42.415941970329136,-38.47033152395828,19.414931627113845,-50,-26.44972608333814,2.333532084432168,-42.415941970329136,-38.47033152395828,19.414931627113845,-50,-26.44972608333814,-0.500310661929376,-50,-33.75243375680712,-2.368763742253633,-32.176760486183426,-25.809361222506546,-0.500310661929376,-50,-33.75243375680712,-2.368763742253633,-32.176760486183426,-25.809361222506546
18.644875793422635,-50,-50,4.767370581153036,-40.09191401459533,-26.636633740054613,18.644875793422635,-50,-50,4.767370581153036,-40.09191401459533,-26.636633740054613,-16.495423441439044,-50,-50,14.067638570516184,-24.834271683307367,-28.100637090776956,-16.495423441439044,-50,-50,14.067638570516184,-24.834271683307367,-28.100637090776956
24.938695791297132,-50,-50,-12.556060411702735,-27.960404486190377,-36.82504535394947,24.938695791297132,-50,-50,-12.556060411702735,-27.960404486190377,-36.82504535394947,-22.04490308906429,-50,-50,20.180450686684512,-29.761995891667873,-40.23797671285663,-22.04490308906429,-50,-50,20.180450686684512,-29.761995891667873,-40.23797671285663
17.047163954687548,-41.541296063347936,-50,-21.180922872483272,-25.482682707036354,-50,17.047163954687548,-41.541296063347936,-50,-21.180922872483272,-25.482682707036354,-50,-13.471091246928982,-50,-50,11.920606281066398,-43.73523809118988,-50,-13.471091246928982,-50,-50,11.920606281066398,-43.73523809118988,-50
0.19612855001780094,-28.009775057623585,-43.21222831356652,-15.44419499619574,-34.26038979220701,-50,0.19612855001780094,-28.009775057623585,-43.21222831356652,-15.44419499619574,-34.26038979220701,-50,3.5441188657370937,-32.419510353887354,-50,-5.240655354426298,-50,-50,3.5441188657370937,-32.419510353887354,-50,-5.240655354426298,-50,-50
-14.455492739781981,-26.037727128624155,-30.161547928063438,0.8874295219942658,-48.6194679512092,-50,-14.455492739781981,-26.037727128624155,-30.161547928063438,0.8874295219942658,-48.6194679512092,-50,17.724691718516997,-24.247997446992514,-37.89178514101419,-19.935884138649648,-50,-50,17.724691718516997,-24.247997446992514,-37.89178514101419,-19.935884138649648,-50,-50
-17.20525540800604,-37.418098889787615,-25.021953365087402,17.09072510277756,-50,-43.63342678772313,-17.20525540800604,-37.418098889787615,-25.021953365087402,17.09072510277756,-50,-43.63342678772313,19.673115187219103,-31.138464641087182,-25.882413823389037,-22.431105776254274,-50,-42.306615587470226,19.673115187219103,-31.138464641087182,-25.882413823389037,-22.431105776254274,-50,-42.306615587470226
-6.232240174299449,-50,-31.130139119042703,22.526726011468188,-50,-30.70580989211369,-6.232240174299449,-50,-31.130139119042703,22.526726011468188,-50,-30.70580989211369,8.098162650725854,-48.58691082550999,-26.90814564772484,-11.073510117886078,-39.88894235839125,-29.333935777044587,8.098162650725854,-48.58691082550999,-26.90814564772484,-11.073510117886078,-39.88894235839125,-29.333935777044587
11.197116758103789,-50,-44.52058815813013,13.626193687119875,-48.77971546952964,-25.104345919748592,11.197116758103789,-50,-44.52058815813013,13.626193687119875,-48.77971546952964,-25.104345919748592,-9.329406893570491,-50,-40.30544955805268,6.613743733670452,-27.444835317880436,-25.395289815126226,-9.329406893570491,-50,-40.30544955805268,6.613743733670452,-27.444835317880436,-25.395289815126226
23.540927629523487,-46.43402275528253,-50,-3.7668472428632285,-34.409211513650334,-30.5118153328182,23.540927629523487,-46.43402275528253,-50,-3.7668472428632285,-34.409211513650334,-30.5118153328182,-21.060285967884905,-50,-50,18.91479365238945,-25.562592526369745,-33.083965396801155,-21.060285967884905,-50,-50,18.91479365238945,-25.562592526369745,-33.083965396801155
22.625002183991224,-31.560329442230596,-50,-18.232252922330492,-25.523877762770255,-43.37298278524273,22.625002183991224,-31.560329442230596,-50,-18.232252922330492,-25.523877762770255,-43.37298278524273,-19.320382546965792,-50,-50,17.681545758768205,-35.47395072473753,-47.3375761156128,-19.320382546965792,-50,-50,17.681545758768205,-35.47395072473753,-47.3375761156128
9.055875058990647,-25.01801603123959,-50,-20.27214345426258,-27.867343697928007,-50,9.055875058990647,-25.01801603123959,-50,-20.27214345426258,-27.867343697928007,-50,-5.262736332578189,-41.722597522897445,-50,3.7308912678105726,-50,-50,-5.262736332578189,-41.722597522897445,-50,3.7308912678105726,-50,-50
-8.18084728386319,-32.75522328592922,-37.202212564489365,-8.547141588916732,-39.92475344422233,-50,-8.18084728386319,-32.75522328592922,-37.202212564489365,-8.547141588916732,-39.92475344422233,-50,11.796604437395452,-26.995230681579066,-48.1896705274856,-13.696394177434517,-50,-50,11.796604437395452,-26.995230681579066,-48.1896705274856,-13.696394177434517,-50,-50
-17.670841562446753,-47.73743681099757,-26.66243942136967,9.244201939837565,-50,-50,-17.670841562446753,-47.73743681099757,-26.66243942136967,9.244201939837565,-50,-50,20.55235870124673,-25.534096107136723,-31.749678001630787,-23.056648953689088,-50,-49.87949129381107,20.55235870124673,-25.534096107136723,-31.749678001630787,-23.056648953689088,-50,-49.87949129381107
-13.12974231059674,-50,-26.305420798871385,21.42022069365393,-50,-37.07531945734008,-13.12974231059674,-50,-26.305420798871385,21.42022069365393,-50,-37.07531945734008,15.202059400329668,-38.29427442919147,-24.54934042799379,-18.149732816263718,-48.348341189779525,-35.40858903236188,15.202059400329668,-38.29427442919147,-24.54934042799379,-18.149732816263718,-48.348341189779525,-35.40858903236188
2.435290880332179,-50,-36.36293802867169,19.986229538208363,-50,-26.74788088277745,2.435290880332179,-50,-36.36293802867169,19.986229538208363,-50,-26.74788088277745,-0.708632576307226,-50,-31.2464518617232,-2.2259385134007723,-33.31863420115503,-25.972040604709797,-0.708632576307226,-50,-31.2464518617232,-2.2259385134007723,-33.31863420115503,-25.972040604709797
18.716943359424334,-36.03939373350265,-50,5.8837766104575,-42.86598643279839,-26.34880488561904,18.716943359424334,-36.03939373350265,-50,5.8837766104575,-42.86598643279839,-26.34880488561904,-16.635649488440507,-50,-47.50874794664437,14.166970003451825,-25.00698665287689,-27.783068818410843,-16.635649488440507,-50,-47.50874794664437,14.166970003451825,-25.00698665287689,-27.783068818410843
24.933348292199284,-25.58971914811283,-50,-11.627570322946212,-29.675623337284435,-36.14047096031749,24.933348292199284,-25.58971914811283,-50,-11.627570322946212,-29.675623337284435,-36.14047096031749,-22.024105007579145,-50,-50,20.170492164343155,-28.852527709696616,-39.649254444259235,-22.024105007579145,-50,-50,20.170492164343155,-28.852527709696616,-39.649254444259235
16.96794255581336,-28.899784166179757,-50,-21.049988546614795,-25.030301619102385,-49.685176982912,16.96794255581336,-28.899784166179757,-50,-21.049988546614795,-25.030301619102385,-49.685176982912,-13.303051993749325,-50,-50,11.807954230214863,-42.33874131449047,-50,-13.303051993749325,-50,-50,11.807954230214863,-42.33874131449047,-50
0.09549442348721726,-42.960143744744975,-45.396661842007966,-16.19678695689534,-31.932835524460977,-50,0.09549442348721726,-42.960143744744975,-45.396661842007966,-16.19678695689534,-31.932835524460977,-50,3.748039126569161,-33.90853372384504,-50,-5.381381328785637,-50,-50,3.748039126569161,-33.90853372384504,-50,-5.381381328785637,-50,-50
-14.510898707692196,-50,-31.820301066122482,-0.25454233128231585,-45.921310808578156,-50,-14.510898707692196,-50,-31.820301066122482,-0.25454233128231585,-45.921310808578156,-50,17.82935436154299,-24.395726742489785,-40.96690562054203,-20.011468542071437,-50,-50,17.82935436154299,-24.395726742489785,-40.96690562054203,-20.011468542071437,-50,-50
-17.178742852567208,-50,-25.078141079222505,16.309183749293144,-50,-44.35018702062705,-17.178742852567208,-50,-25.078141079222505,16.309183749293144,-50,-44.35018702062705,19.609159935742248,-29.848335595543208,-27.22924567245358,-22.391482247007257,-50,-42.90431273074673,19.609159935742248,-29.848335595543208,-27.22924567245358,-22.391482247007257,-50,-42.90431273074673
-6.14136596466593,-40.99312372891742,-29.547283583209325,22.61876951198965,-50,-31.255518931055622,-6.14136596466593,-40.99312372891742,-29.547283583209325,22.61876951198965,-50,-31.255518931055622,7.907972859593649,-46.70222513245911,-25.655442856579594,-10.944924890094923,-41.268071234265236,-29.72369710191974,7.907972859593649,-46.70222513245911,-25.655442856579594,-10.944924890094923,-41.268071234265236,-29.72369710191974
11.292174846475064,-27.69490827632353,-42.32630065316725,14.531386950324249,-50,-25.12558794227711,11.292174846475064,-27.69490827632353,-42.32630065316725,14.531386950324249,-50,-25.12558794227711,-9.519791826188545,-50,-37.26356741265391,6.746117076086037,-28.207513735270627,-25.32048823260105,-9.519791826188545,-50,-37.26356741265391,6.746117076086037,-28.207513735270627,-25.32048823260105
23.5772212164435,-26.242436493026318,-50,-2.6428475135235976,-36.95547033391844,-29.990624399683263,23.5772212164435,-26.242436493026318,-50,-2.6428475135235976,-36.95547033391844,-29.990624399683263,-21.124697322916816,-50,-50,18.963272315824085,-25.209724920977617,-32.59385184879851,-21.124697322916816,-50,-50,18.963272315824085,-25.209724920977617,-32.59385184879851
22.57849730720585,-37.956266731935365,-50,-17.627456753688417,-26.420607542856832,-42.65202499143116,22.57849730720585,-37.956266731935365,-50,-17.627456753688417,-26.420607542856832,-42.65202499143116,-19.216134708242674,-50,-50,17.61401795573832,-34.2364531060113,-46.75485171452863,-19.216134708242674,-50,-50,17.61401795573832,-34.2364531060113,-46.75485171452863
8.957367695093652,-50,-50,-20.583655600873627,-26.534883195404554,-50,8.957367695093652,-50,-50,-20.583655600873627,-26.534883195404554,-50,-5.058914684625257,-43.56880212957989,-50,3.592086747581667,-49.38062147457456,-50,-5.058914684625257,-43.56880212957989,-50,3.592086747581667,-49.38062147457456,-50
-8.266124611262265,-50,-39.338864913132966,-9.570425446653573,-37.22442758386795,-50,-8.266124611262265,-50,-39.338864913132966,-9.570425446653573,-37.22442758386795,-50,11.964926620198044,-27.957031393257857,-50,-13.814532672641445,-50,-50,11.964926620198044,-27.957031393257857,-50,-13.814532672641445,-50,-50
-17.686417387124962,-45.91957940415701,-27.723522889078563,8.181027090853869,-50,-50,-17.686417387124962,-45.91957940415701,-27.723522889078563,8.181027090853869,-50,-50,20.57363375646811,-24.982805296164575,-34.31932390510179,-23.075867652359516,-50,-50,20.57363375646811,-24.982805296164575,-34.31932390510179,-23.075867652359516,-50,-50
-13.065302171676517,-31.12027371122769,-25.60206560780065,21.015227707308682,-50,-37.77232262601656,-13.065302171676517,-31.12027371122769,-25.60206560780065,21.015227707308682,-50,-37.77232262601656,15.062188279118848,-36.59024711286535,-24.843722147585357,-18.05730144236027,-49.68588533358411,-35.95299297937511,15.062188279118848,-36.59024711286535,-24.843722147585357,-18.05730144236027,-49.68588533358411,-35.95299297937511
