-1.425033569335937500e+00,-4.235037612915039062e+01,-4.247762680053710938e+01,1.034168243408203125e+00,-3.918407440185546875e+01,-3.908661270141601562e+01,-1.332229614257812500e+00,-4.224066925048828125e+01,-4.250349044799804688e+01,1.373020172119140625e+00,-3.950527191162109375e+01,-3.916540527343750000e+01,1.305980682373046875e+00,-4.258237838745117188e+01,-4.243881225585937500e+01,-1.192317962646484375e+00,-3.938593292236328125e+01,-3.934024047851562500e+01,1.387184143066406250e+00,-4.251737213134765625e+01,-4.250733947753906250e+01,-1.389129638671875000e+00,-3.911185073852539062e+01,-3.940837478637695312e+01
2.015857696533203125e+00,-3.976071166992187500e+01,-3.976551818847656250e+01,-1.887508392333984375e+00,-4.197887420654296875e+01,-4.204952239990234375e+01,1.936031341552734375e+00,-3.981140899658203125e+01,-3.967617797851562500e+01,-2.034500122070312500e+00,-4.191416931152343750e+01,-4.198348617553710938e+01,-1.990997314453125000e+00,-3.968177032470703125e+01,-3.962199020385742188e+01,1.866416931152343750e+00,-4.192768478393554688e+01,-4.195654296875000000e+01,-1.982444763183593750e+00,-3.967103958129882812e+01,-3.972830963134765625e+01,1.946983337402343750e+00,-4.197496032714843750e+01,-4.207611083984375000e+01
5.145812988281250000e+00,-3.734472656250000000e+01,-3.722962951660156250e+01,-4.560340881347656250e+00,-4.457627105712890625e+01,-4.478563308715820312e+01,4.924701690673828125e+00,-3.753284072875976562e+01,-3.705773162841796875e+01,-5.125038146972656250e+00,-4.415763473510742188e+01,-4.460027313232421875e+01,-4.987277984619140625e+00,-3.698836517333984375e+01,-3.703343582153320312e+01,4.678527832031250000e+00,-4.429785537719726562e+01,-4.438773345947265625e+01,-5.055023193359375000e+00,-3.703713226318359375e+01,-3.713826751708984375e+01,4.996826171875000000e+00,-4.463888931274414062e+01,-4.451064682006835938e+01
7.456977844238281250e+00,-3.547752380371093750e+01,-3.526048278808593750e+01,-6.554481506347656250e+00,-4.656920242309570312e+01,-4.686119079589843750e+01,7.155830383300781250e+00,-3.575572204589843750e+01,-3.505945968627929688e+01,-7.393806457519531250e+00,-4.588666534423828125e+01,-4.660741424560546875e+01,-7.197914123535156250e+00,-3.492386627197265625e+01,-3.508683013916015625e+01,6.796794891357421875e+00,-4.612959671020507812e+01,-4.625249481201171875e+01,-7.334026336669921875e+00,-3.502692413330078125e+01,-3.513915634155273438e+01,7.274620056152343750e+00,-4.668964004516601562e+01,-4.632165145874023438e+01
7.545963287353515625e+00,-3.534804534912109375e+01,-3.511587142944335938e+01,-6.644409179687500000e+00,-4.669672012329101562e+01,-4.697768783569335938e+01,7.261512756347656250e+00,-3.562269973754882812e+01,-3.493804168701171875e+01,-7.471595764160156250e+00,-4.600339126586914062e+01,-4.673822784423828125e+01,-7.284626007080078125e+00,-3.479319381713867188e+01,-3.498891448974609375e+01,6.907341003417968750e+00,-4.625656127929687500e+01,-4.637063217163085938e+01,-7.429100036621093750e+00,-3.490094757080078125e+01,-3.500248718261718750e+01,7.385925292968750000e+00,-4.682770156860351562e+01,-4.640373611450195312e+01
5.990684509277343750e+00,-3.645880889892578125e+01,-3.627079010009765625e+01,-5.341987609863281250e+00,-4.549030685424804688e+01,-4.568011093139648438e+01,5.801540374755859375e+00,-3.665059280395507812e+01,-3.616584014892578125e+01,-5.920520782470703125e+00,-4.496862411499023438e+01,-4.551979827880859375e+01,-5.791126251220703125e+00,-3.604550170898437500e+01,-3.623486328125000000e+01,5.560993194580078125e+00,-4.517113113403320312e+01,-4.523880004882812500e+01,-5.913482666015625000e+00,-3.613710784912109375e+01,-3.619491195678710938e+01,5.898635864257812500e+00,-4.559535980224609375e+01,-4.520333480834960938e+01
3.139099121093750000e+00,-3.856097793579101562e+01,-3.846712875366210938e+01,-2.937450408935546875e+00,-4.321886444091796875e+01,-4.325816345214843750e+01,3.102416992187500000e+00,-3.860984039306640625e+01,-3.846895217895507812e+01,-3.087940216064453125e+00,-4.301342010498046875e+01,-4.322404479980468750e+01,-3.051792144775390625e+00,-3.840180206298828125e+01,-3.854655456542968750e+01,3.056831359863281250e+00,-4.311440277099609375e+01,-4.311035156250000000e+01,-3.126007080078125000e+00,-3.846018218994140625e+01,-3.845006942749023438e+01,3.144416809082031250e+00,-4.326764678955078125e+01,-4.299035263061523438e+01
-3.437271118164062500e-01,-4.116377258300781250e+01,-4.119282150268554688e+01,9.555816650390625000e-03,-4.041170883178710938e+01,-4.027639770507812500e+01,-2.066612243652343750e-01,-4.104397964477539062e+01,-4.131154251098632812e+01,3.650131225585937500e-01,-4.059325408935546875e+01,-4.038616180419921875e+01,2.940292358398437500e-01,-4.131391525268554688e+01,-4.138516998291015625e+01,-2.349090576171875000e-02,-4.056420135498046875e+01,-4.048191070556640625e+01,2.833404541015625000e-01,-4.132987594604492188e+01,-4.124254608154296875e+01,-2.355995178222656250e-01,-4.038695526123046875e+01,-4.028210449218750000e+01
-3.616565704345703125e+00,-4.363916778564453125e+01,-4.379039382934570312e+01,2.787590026855468750e+00,-3.774681091308593750e+01,-3.745480346679687500e+01,-3.326793670654296875e+00,-4.336618804931640625e+01,-4.400840759277343750e+01,3.603836059570312500e+00,-3.829175567626953125e+01,-3.769138336181640625e+01,3.437808990478515625e+00,-4.407964324951171875e+01,-4.406517410278320312e+01,-2.936851501464843750e+00,-3.813526916503906250e+01,-3.798764801025390625e+01,3.490833282470703125e+00,-4.405404663085937500e+01,-4.389903259277343750e+01,-3.425453186035156250e+00,-3.764841079711914062e+01,-3.773254394531250000e+01
-6.471809387207031250e+00,-4.590458297729492188e+01,-4.617854309082031250e+01,5.245166778564453125e+00,-3.532038116455078125e+01,-3.491712570190429688e+01,-6.073509216308593750e+00,-4.551784896850585938e+01,-4.645143127441406250e+01,6.410247802734375000e+00,-3.618814849853515625e+01,-3.524673843383789062e+01,6.168460845947265625e+00,-4.659912490844726562e+01,-4.645365142822265625e+01,-5.542160034179687500e+00,-3.590434646606445312e+01,-3.571822738647460938e+01,6.300884246826171875e+00,-4.651332473754882812e+01,-4.632963562011718750e+01,-6.233795166015625000e+00,-3.515292358398437500e+01,-3.550449371337890625e+01
-7.320617675781250000e+00,-4.663520431518554688e+01,-4.695378494262695312e+01,5.994373321533203125e+00,-3.454356384277343750e+01,-3.412111663818359375e+01,-6.902267456054687500e+00,-4.622535324096679688e+01,-4.722618865966796875e+01,7.234458923339843750e+00,-3.551134109497070312e+01,-3.446980667114257812e+01,6.972850799560546875e+00,-4.740575790405273438e+01,-4.719148254394531250e+01,-6.350761413574218750e+00,-3.518128204345703125e+01,-3.499269104003906250e+01,7.142486572265625000e+00,-4.728766632080078125e+01,-4.711269378662109375e+01,-7.080501556396484375e+00,-3.435423278808593750e+01,-3.484127807617187500e+01
-6.260482788085937500e+00,-4.590945053100585938e+01,-4.619958496093750000e+01,5.116771697998046875e+00,-3.533418273925781250e+01,-3.498113632202148438e+01,-5.909618377685546875e+00,-4.556161880493164062e+01,-4.641401672363281250e+01,6.173042297363281250e+00,-3.618967437744140625e+01,-3.527489852905273438e+01,5.948013305664062500e+00,-4.658287048339843750e+01,-4.635880279541015625e+01,-5.449062347412109375e+00,-3.589148330688476562e+01,-3.573456573486328125e+01,6.112667083740234375e+00,-4.646255493164062500e+01,-4.633124160766601562e+01,-6.065246582031250000e+00,-3.516566848754882812e+01,-3.566217041015625000e+01
-3.776382446289062500e+00,-4.409699630737304688e+01,-4.430542755126953125e+01,3.024272918701171875e+00,-3.729637145996093750e+01,-3.707854080200195312e+01,-3.561187744140625000e+00,-4.387412643432617188e+01,-4.441777801513671875e+01,3.704753875732421875e+00,-3.787902832031250000e+01,-3.725957489013671875e+01,3.561401367187500000e+00,-4.454304885864257812e+01,-4.435275650024414062e+01,-3.270935058593750000e+00,-3.767094802856445312e+01,-3.757276153564453125e+01,3.686996459960937500e+00,-4.444697952270507812e+01,-4.438307571411132812e+01,-3.665637969970703125e+00,-3.717742919921875000e+01,-3.758639144897460938e+01
-4.492111206054687500e-01,-4.161985778808593750e+01,-4.171278762817382812e+01,2.066650390625000000e-01,-3.997295379638671875e+01,-3.992407989501953125e+01,-4.061203002929687500e-01,-4.155623626708984375e+01,-4.170468139648437500e+01,4.061355590820312500e-01,-4.018505859375000000e+01,-3.996125411987304688e+01,3.705596923828125000e-01,-4.176339721679687500e+01,-4.164181137084960938e+01,-3.267974853515625000e-01,-4.010306549072265625e+01,-4.007876586914062500e+01,4.320602416992187500e-01,-4.171276092529296875e+01,-4.172318267822265625e+01,-4.435539245605468750e-01,-3.992008209228515625e+01,-4.016471862792968750e+01
2.915462493896484375e+00,-3.907684326171875000e+01,-3.904893112182617188e+01,-2.653228759765625000e+00,-4.271600341796875000e+01,-4.282903289794921875e+01,2.791820526123046875e+00,-3.916841125488281250e+01,-3.893171691894531250e+01,-2.924415588378906250e+00,-4.254985427856445312e+01,-4.272607421875000000e+01,-2.852252960205078125e+00,-3.891706848144531250e+01,-3.888236999511718750e+01,2.669456481933593750e+00,-4.259872055053710938e+01,-4.264661026000976562e+01,-2.864223480224609375e+00,-3.892232894897460938e+01,-3.899476242065429688e+01,2.820091247558593750e+00,-4.273004150390625000e+01,-4.277396392822265625e+01
5.949417114257812500e+00,-3.670553588867187500e+01,-3.655649566650390625e+01,-5.251037597656250000e+00,-4.525998687744140625e+01,-4.550045394897460938e+01,5.697807312011718750e+00,-3.692647933959960938e+01,-3.637086868286132812e+01,-5.915527343750000000e+00,-4.475003051757812500e+01,-4.528921890258789062e+01,-5.756439208984375000e+00,-3.627990341186523438e+01,-3.636102294921875000e+01,5.409851074218750000e+00,-4.492473602294921875e+01,-4.502753829956054688e+01,-5.846244812011718750e+00,-3.634589385986328125e+01,-3.645370483398437500e+01,5.786132812500000000e+00,-4.534187316894531250e+01,-4.513912200927734375e+01
7.654132843017578125e+00,-3.531213760375976562e+01,-3.508480834960937500e+01,-6.725307464599609375e+00,-4.674391937255859375e+01,-4.704141616821289062e+01,7.349159240722656250e+00,-3.559776306152343750e+01,-3.488474273681640625e+01,-7.586345672607421875e+00,-4.603928375244140625e+01,-4.678462982177734375e+01,-7.387714385986328125e+00,-3.474314117431640625e+01,-3.491896820068359375e+01,6.979907989501953125e+00,-4.629133605957031250e+01,-4.641587066650390625e+01,-7.529262542724609375e+00,-3.484965515136718750e+01,-3.496249008178710938e+01,7.472908020019531250e+00,-4.687102508544921875e+01,-4.647884368896484375e+01
7.266582489013671875e+00,-3.554064178466796875e+01,-3.531505584716796875e+01,-6.412105560302734375e+00,-4.648620605468750000e+01,-4.674906921386718750e+01,7.001590728759765625e+00,-3.579951477050781250e+01,-3.515318679809570312e+01,-7.191802978515625000e+00,-4.582358551025390625e+01,-4.652581787109375000e+01,-7.016468048095703125e+00,-3.501190185546875000e+01,-3.520989608764648438e+01,6.669078826904296875e+00,-4.606846618652343750e+01,-4.617293548583984375e+01,-7.157722473144531250e+00,-3.511714172363281250e+01,-3.520946502685546875e+01,7.121547698974609375e+00,-4.661347198486328125e+01,-4.618947219848632812e+01
5.296836853027343750e+00,-3.696656036376953125e+01,-3.680066299438476562e+01,-4.757934570312500000e+00,-4.494108581542968750e+01,-4.509329986572265625e+01,5.146083831787109375e+00,-3.712300872802734375e+01,-3.672319030761718750e+01,-5.230628967285156250e+00,-4.449623870849609375e+01,-4.496477508544921875e+01,-5.124626159667968750e+00,-3.661530303955078125e+01,-3.679576110839843750e+01,4.953861236572265625e+00,-4.467461013793945312e+01,-4.472395324707031250e+01,-5.235740661621093750e+00,-3.669902801513671875e+01,-3.673965454101562500e+01,5.230117797851562500e+00,-4.503292846679687500e+01,-4.466548538208007812e+01
2.189353942871093750e+00,-3.926770019531250000e+01,-3.920666503906250000e+01,-2.134742736816406250e+00,-4.245620346069335938e+01,-4.244709777832031250e+01,2.201137542724609375e+00,-3.927003479003906250e+01,-3.924148559570312500e+01,-2.145736694335937500e+00,-4.235626602172851562e+01,-4.245310211181640625e+01,-2.139392852783203125e+00,-3.919290161132812500e+01,-3.931931686401367188e+01,2.218811035156250000e+00,-4.242234802246093750e+01,-4.239609146118164062e+01,-2.196708679199218750e+00,-3.923988342285156250e+01,-3.920822906494140625e+01,2.224136352539062500e+00,-4.248537445068359375e+01,-4.225227355957031250e+01
-1.321228027343750000e+00,-4.189963912963867188e+01,-4.196442413330078125e+01,8.382720947265625000e-01,-3.961891174316406250e+01,-3.943594741821289062e+01,-1.137321472167968750e+00,-4.173348617553710938e+01,-4.211401748657226562e+01,1.333026885986328125e+00,-3.990904235839843750e+01,-3.958454132080078125e+01,1.233020782470703125e+00,-4.213655090332031250e+01,-4.218414306640625000e+01,-8.914718627929687500e-01,-3.984251022338867188e+01,-3.973980712890625000e+01,1.240898132324218750e+00,-4.214033126831054688e+01,-4.203218078613281250e+01,-1.186767578125000000e+00,-3.957270050048828125e+01,-3.952119064331054688e+01
-4.547748565673828125e+00,-4.436975860595703125e+01,-4.455957794189453125e+01,3.586616516113281250e+00,-3.696314239501953125e+01,-3.663285446166992188e+01,-4.220329284667968750e+00,-4.405825424194335938e+01,-4.479815673828125000e+01,4.520603179931640625e+00,-3.761311721801757812e+01,-3.690150451660156250e+01,4.328979492187500000e+00,-4.489321899414062500e+01,-4.484040832519531250e+01,-3.781646728515625000e+00,-3.741630935668945312e+01,-3.725457382202148438e+01,4.406375885009765625e+00,-4.484935379028320312e+01,-4.468298339843750000e+01,-4.338779449462890625e+00,-3.684289932250976562e+01,-3.700663757324218750e+01
-7.006217956542968750e+00,-4.634311294555664062e+01,-4.664252471923828125e+01,5.709426879882812500e+00,-3.485269165039062500e+01,-3.443215942382812500e+01,-6.591545104980468750e+00,-4.593751907348632812e+01,-4.692083358764648438e+01,6.932922363281250000e+00,-3.578143692016601562e+01,-3.477613067626953125e+01,6.678527832031250000e+00,-4.708481597900390625e+01,-4.690724182128906250e+01,-6.038177490234375000e+00,-3.547179412841796875e+01,-3.528104400634765625e+01,6.828464508056640625e+00,-4.698532867431640625e+01,-4.679987335205078125e+01,-6.763832092285156250e+00,-3.467118835449218750e+01,-3.508614349365234375e+01
-7.187465667724609375e+00,-4.655573654174804688e+01,-4.687234115600585938e+01,5.887950897216796875e+00,-3.463144302368164062e+01,-3.422056198120117188e+01,-6.779945373535156250e+00,-4.615585327148437500e+01,-4.713400268554687500e+01,7.099105834960937500e+00,-3.558605194091796875e+01,-3.456068420410156250e+01,6.842536926269531250e+00,-4.731415939331054688e+01,-4.709262847900390625e+01,-6.244415283203125000e+00,-3.525831604003906250e+01,-3.507542419433593750e+01,7.014427185058593750e+00,-4.719269943237304688e+01,-4.702685546875000000e+01,-6.955177307128906250e+00,-3.444458007812500000e+01,-3.494432449340820312e+01
-5.686935424804687500e+00,-4.549610519409179688e+01,-4.576803588867187500e+01,4.635242462158203125e+00,-3.578220367431640625e+01,-3.546163940429687500e+01,-5.368408203125000000e+00,-4.517801666259765625e+01,-4.595728683471679688e+01,5.602321624755859375e+00,-3.657519531250000000e+01,-3.572862625122070312e+01,5.396347045898437500e+00,-4.611693191528320312e+01,-4.589814376831054688e+01,-4.949058532714843750e+00,-3.629716491699218750e+01,-3.615442657470703125e+01,5.553215026855468750e+00,-4.600086975097656250e+01,-4.588672256469726562e+01,-5.512119293212890625e+00,-3.562513732910156250e+01,-3.610639953613281250e+01
-2.894569396972656250e+00,-4.344445800781250000e+01,-4.362273025512695312e+01,2.278652191162109375e+00,-3.800188827514648438e+01,-3.782980728149414062e+01,-2.725749969482421875e+00,-4.326441574096679688e+01,-4.370180511474609375e+01,2.829936981201171875e+00,-3.848674774169921875e+01,-3.797213745117187500e+01,2.715293884277343750e+00,-4.381009292602539062e+01,-4.363618087768554688e+01,-2.492698669433593750e+00,-3.831171417236328125e+01,-3.823340988159179688e+01,2.824821472167968750e+00,-4.372502136230468750e+01,-4.368214416503906250e+01,-2.812267303466796875e+00,-3.790049362182617188e+01,-3.826960754394531250e+01
5.296745300292968750e-01,-4.088399505615234375e+01,-4.094218063354492188e+01,-6.242675781250000000e-01,-4.076722335815429688e+01,-4.076636886596679688e+01,5.234756469726562500e-01,-4.086614227294921875e+01,-4.090101623535156250e+01,-5.633621215820312500e-01,-4.086961364746093750e+01,-4.076222229003906250e+01,-5.674552917480468750e-01,-4.093901824951171875e+01,-4.084087371826171875e+01,5.429496765136718750e-01,-4.082533264160156250e+01,-4.082229614257812500e+01,-5.264434814453125000e-01,-4.090359878540039062e+01,-4.093346786499023438e+01,5.054054260253906250e-01,-4.073376846313476562e+01,-4.092358779907226562e+01
3.751907348632812500e+00,-3.843771743774414062e+01,-3.837904357910156250e+01,-3.366107940673828125e+00,-4.340446472167968750e+01,-4.355616378784179688e+01,3.588199615478515625e+00,-3.856676483154296875e+01,-3.823694610595703125e+01,-3.751403808593750000e+00,-4.314375305175781250e+01,-4.341931915283203125e+01,-3.652694702148437500e+00,-3.820297241210937500e+01,-3.819311141967773438e+01,3.417797088623046875e+00,-4.322582626342773438e+01,-4.329112625122070312e+01,-3.684497833251953125e+00,-3.822395324707031250e+01,-3.830932998657226562e+01,3.632373809814453125e+00,-4.343527221679687500e+01,-4.342302703857421875e+01
6.640197753906250000e+00,-3.614951705932617188e+01,-3.597033691406250000e+01,-5.846496582031250000e+00,-4.585374069213867188e+01,-4.611939620971679688e+01,6.364093780517578125e+00,-3.639769363403320312e+01,-3.577526473999023438e+01,-6.593967437744140625e+00,-4.526499176025390625e+01,-4.588726425170898438e+01,-6.417270660400390625e+00,-3.566480255126953125e+01,-3.578012466430664062e+01,6.041835784912109375e+00,-4.547013473510742188e+01,-4.558314132690429688e+01,-6.527160644531250000e+00,-3.574670028686523438e+01,-3.585836791992187500e+01,6.466327667236328125e+00,-4.595272827148437500e+01,-4.568016433715820312e+01
7.717052459716796875e+00,-3.524716949462890625e+01,-3.501422119140625000e+01,-6.782676696777343750e+00,-4.681048965454101562e+01,-4.710675048828125000e+01,7.414951324462890625e+00,-3.553363418579101562e+01,-3.481953430175781250e+01,-7.645774841308593750e+00,-4.609860992431640625e+01,-4.685248184204101562e+01,-7.448524475097656250e+00,-3.467455291748046875e+01,-3.486047363281250000e+01,7.044563293457031250e+00,-4.635494613647460938e+01,-4.647788238525390625e+01,-7.593120574951171875e+00,-3.478286361694335938e+01,-3.489346313476562500e+01,7.541027069091796875e+00,-4.694140243530273438e+01,-4.653149032592773438e+01
6.860069274902343750e+00,-3.582944488525390625e+01,-3.561508941650390625e+01,-6.072063446044921875e+00,-4.617226028442382812e+01,-4.641091156005859375e+01,6.620502471923828125e+00,-3.606645584106445312e+01,-3.547290802001953125e+01,-6.786132812500000000e+00,-4.555445861816406250e+01,-4.620878219604492188e+01,-6.626132965087890625e+00,-3.533782958984375000e+01,-3.553492736816406250e+01,6.318012237548828125e+00,-4.578630065917968750e+01,-4.587833786010742188e+01,-6.761783599853515625e+00,-3.543894195556640625e+01,-3.551954650878906250e+01,6.733436584472656250e+00,-4.629294586181640625e+01,-4.587599945068359375e+01
4.511291503906250000e+00,-3.754484558105468750e+01,-3.740470123291015625e+01,-4.095779418945312500e+00,-4.431612014770507812e+01,-4.442665481567382812e+01,4.402816772460937500e+00,-3.766178131103515625e+01,-3.735696029663085938e+01,-4.450157165527343750e+00,-4.395836639404296875e+01,-4.433313751220703125e+01,-4.369998931884765625e+00,-3.726362228393554688e+01,-3.743222427368164062e+01,4.264522552490234375e+00,-4.410891723632812500e+01,-4.413828277587890625e+01,-4.467964172363281250e+00,-3.733823394775390625e+01,-3.736001968383789062e+01,4.471763610839843750e+00,-4.439257431030273438e+01,-4.405597305297851562e+01
1.206962585449218750e+00,-4.000119781494140625e+01,-3.997467041015625000e+01,-1.303691864013671875e+00,-4.166500854492187500e+01,-4.160648727416992188e+01,1.268001556396484375e+00,-3.995582580566406250e+01,-4.004270172119140625e+01,-1.171627044677734375e+00,-4.167423248291015625e+01,-4.165326309204101562e+01,-1.195636749267578125e+00,-4.001364898681640625e+01,-4.011971282958984375e+01,1.350395202636718750e+00,-4.170376586914062500e+01,-4.165524291992187500e+01,-1.235122680664062500e+00,-4.004869079589843750e+01,-3.999515914916992188e+01,1.271064758300781250e+00,-4.167354583740234375e+01,-4.148847198486328125e+01
-2.262107849121093750e+00,-4.261037826538085938e+01,-4.271010589599609375e+01,1.636657714843750000e+00,-3.885360717773437500e+01,-3.862538146972656250e+01,-2.034027099609375000e+00,-4.240003967285156250e+01,-4.288855743408203125e+01,2.264289855957031250e+00,-3.924820709228515625e+01,-3.881066131591796875e+01,2.136825561523437500e+00,-4.293078613281250000e+01,-4.295422744750976562e+01,-1.728477478027343750e+00,-3.914517211914062500e+01,-3.902349472045898438e+01,2.162887573242187500e+00,-4.292270660400390625e+01,-4.279491424560546875e+01,-2.103443145751953125e+00,-3.878633880615234375e+01,-3.878837585449218750e+01
-5.386375427246093750e+00,-4.503334808349609375e+01,-4.525890350341796875e+01,4.307922363281250000e+00,-3.625214385986328125e+01,-3.588874816894531250e+01,-5.026596069335937500e+00,-4.468812561035156250e+01,-4.551421356201171875e+01,5.345214843750000000e+00,-3.699686431884765625e+01,-3.618508911132812500e+01,5.131145477294921875e+00,-4.563148880004882812e+01,-4.554113769531250000e+01,-4.545841217041015625e+00,-3.676290512084960938e+01,-3.658954620361328125e+01,5.231533050537109375e+00,-4.557024383544921875e+01,-4.539499664306640625e+01,-5.163108825683593750e+00,-3.611175155639648438e+01,-3.635238265991210938e+01
-7.260993957519531250e+00,-4.655854034423828125e+01,-4.687065505981445312e+01,5.933296203613281250e+00,-3.462306213378906250e+01,-3.419580459594726562e+01,-6.839134216308593750e+00,-4.614545822143554688e+01,-4.715030670166015625e+01,7.180957794189453125e+00,-3.558168792724609375e+01,-3.454647827148437500e+01,6.920055389404296875e+00,-4.732336425781250000e+01,-4.712705612182617188e+01,-6.278820037841796875e+00,-3.525861358642578125e+01,-3.506648254394531250e+01,7.080596923828125000e+00,-4.721461105346679688e+01,-4.703089904785156250e+01,-7.016632080078125000e+00,-3.443537902832031250e+01,-3.488765335083007812e+01
-6.922851562500000000e+00,-4.637717437744140625e+01,-4.668701934814453125e+01,5.669742584228515625e+00,-3.482624435424804688e+01,-3.443332672119140625e+01,-6.532711029052734375e+00,-4.599324417114257812e+01,-4.693344497680664062e+01,6.833740234375000000e+00,-3.575305557250976562e+01,-3.475936508178710938e+01,6.586387634277343750e+00,-4.711135482788085938e+01,-4.688605499267578125e+01,-6.020858764648437500e+00,-3.543291091918945312e+01,-3.525828552246093750e+01,6.757667541503906250e+00,-4.698865509033203125e+01,-4.683451843261718750e+01,-6.702251434326171875e+00,-3.464455795288085938e+01,-3.514920806884765625e+01
-5.009391784667968750e+00,-4.500289916992187500e+01,-4.525269699096679688e+01,4.064865112304687500e+00,-3.631625747680664062e+01,-3.603285598754882812e+01,-4.728092193603515625e+00,-4.471908187866210938e+01,-4.541373062133789062e+01,4.928928375244140625e+00,-3.703496170043945312e+01,-3.626894378662109375e+01,4.745258331298828125e+00,-4.556166839599609375e+01,-4.535155868530273438e+01,-4.355606079101562500e+00,-3.678137969970703125e+01,-3.665477752685546875e+01,4.891742706298828125e+00,-4.545191192626953125e+01,-4.535652923583984375e+01,-4.857803344726562500e+00,-3.617273330688476562e+01,-3.663121414184570312e+01
-1.961723327636718750e+00,-4.275082397460937500e+01,-4.289680480957031250e+01,1.488918304443359375e+00,-3.875148010253906250e+01,-3.862697601318359375e+01,-1.841331481933593750e+00,-4.261556625366210938e+01,-4.294181060791015625e+01,1.904987335205078125e+00,-3.913253402709960938e+01,-3.872885131835937500e+01,1.820571899414062500e+00,-4.303157806396484375e+01,-4.287652969360351562e+01,-1.667675018310546875e+00,-3.899277496337890625e+01,-3.893524169921875000e+01,1.912326812744140625e+00,-4.295901107788085938e+01,-4.293727493286132812e+01,-1.909011840820312500e+00,-3.866860580444335938e+01,-3.899245452880859375e+01
1.492240905761718750e+00,-4.015734100341796875e+01,-4.018104171752929688e+01,-1.442203521728515625e+00,-4.155115890502929688e+01,-4.159681701660156250e+01,1.438194274902343750e+00,-4.018401718139648438e+01,-4.010839080810546875e+01,-1.516323089599609375e+00,-4.154539489746093750e+01,-4.155246734619140625e+01,-1.489547729492187500e+00,-4.012553405761718750e+01,-4.005183410644531250e+01,1.399703979492187500e+00,-4.153847503662109375e+01,-4.155615615844726562e+01,-1.469364166259765625e+00,-4.010587692260742188e+01,-4.015380477905273438e+01,1.438972473144531250e+00,-4.153682708740234375e+01,-4.167000198364257812e+01
4.653160095214843750e+00,-3.773367691040039062e+01,-3.763896942138671875e+01,-4.137653350830078125e+00,-4.415976715087890625e+01,-4.434938049316406250e+01,4.451507568359375000e+00,-3.790125274658203125e+01,-3.747653961181640625e+01,-4.639976501464843750e+00,-4.379700088500976562e+01,-4.418048095703125000e+01,-4.515590667724609375e+00,-3.742000579833984375e+01,-3.744438171386718750e+01,4.231647491455078125e+00,-4.391640090942382812e+01,-4.399798583984375000e+01,-4.570308685302734375e+00,-3.745870971679687500e+01,-3.755490493774414062e+01,4.513671875000000000e+00,-4.421081542968750000e+01,-4.412574005126953125e+01
7.205623626708984375e+00,-3.568679809570312500e+01,-3.548181152343750000e+01,-6.335964202880859375e+00,-4.634676361083984375e+01,-4.663123703002929688e+01,6.911491394042968750e+00,-3.595612716674804688e+01,-3.528170013427734375e+01,-7.148090362548828125e+00,-4.569318008422851562e+01,-4.638356781005859375e+01,-6.957786560058593750e+00,-3.515418624877929688e+01,-3.530126190185546875e+01,6.563179016113281250e+00,-4.592417526245117188e+01,-4.604441452026367188e+01,-7.085422515869140625e+00,-3.525037765502929688e+01,-3.536308288574218750e+01,7.025138854980468750e+00,-4.646036148071289062e+01,-4.612391662597656250e+01
7.644783020019531250e+00,-3.528366088867187500e+01,-3.504987335205078125e+01,-6.725708007812500000e+00,-4.676786041259765625e+01,-4.705615615844726562e+01,7.352199554443359375e+00,-3.556436920166015625e+01,-3.486484527587890625e+01,-7.571182250976562500e+00,-4.606372833251953125e+01,-4.680989074707031250e+01,-7.379421234130859375e+00,-3.471919250488281250e+01,-3.491225433349609375e+01,6.989711761474609375e+00,-4.631940841674804688e+01,-4.643753051757812500e+01,-7.524608612060546875e+00,-3.482761383056640625e+01,-3.493316650390625000e+01,7.477947235107421875e+00,-4.689963912963867188e+01,-4.647877502441406250e+01
6.333633422851562500e+00,-3.620934295654296875e+01,-3.601069641113281250e+01,-5.630283355712890625e+00,-4.576039886474609375e+01,-4.596917343139648438e+01,6.125000000000000000e+00,-3.641880416870117188e+01,-3.589155197143554688e+01,-6.261779785156250000e+00,-4.520077133178710938e+01,-4.579270935058593750e+01,-6.120529174804687500e+00,-3.576525115966796875e+01,-3.595826721191406250e+01,5.860256195068359375e+00,-4.541500473022460938e+01,-4.549205398559570312e+01,-6.248275756835937500e+00,-3.586066818237304688e+01,-3.592724609375000000e+01,6.228443145751953125e+00,-4.587178039550781250e+01,-4.546890258789062500e+01
3.648635864257812500e+00,-3.818289947509765625e+01,-3.807169723510742188e+01,-3.367801666259765625e+00,-4.362701416015625000e+01,-4.369256973266601562e+01,3.585563659667968750e+00,-3.825691986083984375e+01,-3.805540847778320312e+01,-3.593627929687500000e+00,-4.336499786376953125e+01,-4.363661575317382812e+01,-3.541282653808593750e+00,-3.797842788696289062e+01,-3.813243865966796875e+01,3.505744934082031250e+00,-4.348451232910156250e+01,-4.349267578125000000e+01,-3.624416351318359375e+00,-3.804288482666015625e+01,-3.804448699951171875e+01,3.637641906738281250e+00,-4.368617248535156250e+01,-4.338617324829101562e+01
2.111587524414062500e-01,-4.074710083007812500e+01,-4.075610733032226562e+01,-4.605674743652343750e-01,-4.086080169677734375e+01,-4.075279235839843750e+01,3.212585449218750000e-01,-4.065381622314453125e+01,-4.085692596435546875e+01,-1.847267150878906250e-01,-4.098068237304687500e+01,-4.084020614624023438e+01,-2.390251159667968750e-01,-4.084796905517578125e+01,-4.093206405639648438e+01,4.685630798339843750e-01,-4.097271728515625000e+01,-4.090231704711914062e+01,-2.601013183593750000e-01,-4.087079620361328125e+01,-4.079545593261718750e+01,3.038482666015625000e-01,-4.084806060791015625e+01,-4.071389007568359375e+01
-3.147808074951171875e+00,-4.328199005126953125e+01,-4.341518402099609375e+01,2.388938903808593750e+00,-3.813089752197265625e+01,-3.786067962646484375e+01,-2.879043579101562500e+00,-4.303048706054687500e+01,-4.361988067626953125e+01,3.140449523925781250e+00,-3.862379837036132812e+01,-3.807978057861328125e+01,2.987617492675781250e+00,-4.368093109130859375e+01,-4.368019104003906250e+01,-2.517974853515625000e+00,-3.848598480224609375e+01,-3.834709930419921875e+01,3.031120300292968750e+00,-4.366154479980468750e+01,-4.351569747924804688e+01,-2.967529296875000000e+00,-3.804339599609375000e+01,-3.809807968139648438e+01
-6.116405487060546875e+00,-4.561721801757812500e+01,-4.587496948242187500e+01,4.937675476074218750e+00,-3.562742996215820312e+01,-3.523670578002929688e+01,-5.730163574218750000e+00,-4.524372100830078125e+01,-4.614280319213867188e+01,6.061901092529296875e+00,-3.645482635498046875e+01,-3.555586624145507812e+01,5.828968048095703125e+00,-4.628025436401367188e+01,-4.615391159057617188e+01,-5.214725494384765625e+00,-3.618762969970703125e+01,-3.600531768798828125e+01,5.950515747070312500e+00,-4.620284271240234375e+01,-4.602139282226562500e+01,-5.882583618164062500e+00,-3.546899032592773438e+01,-3.578230667114257812e+01
-7.336788177490234375e+00,-4.663583755493164062e+01,-4.695343017578125000e+01,6.004341125488281250e+00,-3.454170227050781250e+01,-3.411566925048828125e+01,-6.915275573730468750e+00,-4.622309112548828125e+01,-4.722977447509765625e+01,7.252441406250000000e+00,-3.551036834716796875e+01,-3.446667098999023438e+01,6.989868164062500000e+00,-4.740779113769531250e+01,-4.719904708862304688e+01,-6.358333587646484375e+00,-3.518133544921875000e+01,-3.499071502685546875e+01,7.157039642333984375e+00,-4.729248809814453125e+01,-4.711359786987304688e+01,-7.094009399414062500e+00,-3.435219955444335938e+01,-3.482881927490234375e+01
-6.531639099121093750e+00,-4.610274887084960938e+01,-4.640119934082031250e+01,5.343727111816406250e+00,-3.512446594238281250e+01,-3.475553512573242188e+01,-6.165061950683593750e+00,-4.574047088623046875e+01,-4.662817764282226562e+01,6.443206787109375000e+00,-3.600930404663085938e+01,-3.506225585937500000e+01,6.209102630615234375e+00,-4.680104064941406250e+01,-4.657553863525390625e+01,-5.684204101562500000e+00,-3.570186996459960938e+01,-3.553796005249023438e+01,6.376914978027343750e+00,-4.667927169799804688e+01,-4.653918075561523438e+01,-6.326362609863281250e+00,-3.495054244995117188e+01,-3.545217132568359375e+01
-4.240470886230468750e+00,-4.443898010253906250e+01,-4.466310119628906250e+01,3.416244506835937500e+00,-3.692647552490234375e+01,-3.668422317504882812e+01,-4.000587463378906250e+00,-4.419333648681640625e+01,-4.479344940185546875e+01,4.165351867675781250e+00,-3.756044387817382812e+01,-3.688582229614257812e+01,4.006858825683593750e+00,-4.492741775512695312e+01,-4.472918701171875000e+01,-3.679748535156250000e+00,-3.733512878417968750e+01,-3.722634887695312500e+01,4.140556335449218750e+00,-4.482593536376953125e+01,-4.475050354003906250e+01,-4.114517211914062500e+00,-3.679829025268554688e+01,-3.722686767578125000e+01
-9.960212707519531250e-01,-4.202958679199218750e+01,-4.214179229736328125e+01,6.704673767089843750e-01,-3.953053665161132812e+01,-3.945452499389648438e+01,-9.251441955566406250e-01,-4.194019699096679688e+01,-4.215258789062500000e+01,9.478912353515625000e-01,-3.980381011962890625e+01,-3.951496887207031250e+01,8.946914672851562500e-01,-4.222267150878906250e+01,-4.208859634399414062e+01,-8.119888305664062500e-01,-3.970085144042968750e+01,-3.966459274291992188e+01,9.673233032226562500e-01,-4.216388320922851562e+01,-4.216297149658203125e+01,-9.734687805175781250e-01,-3.946681976318359375e+01,-3.974087905883789062e+01
2.419548034667968750e+00,-3.945424652099609375e+01,-3.944441223144531250e+01,-2.230995178222656250e+00,-4.230926513671875000e+01,-4.239902877807617188e+01,2.319969177246093750e+00,-3.952334594726562500e+01,-3.934243392944335938e+01,-2.433895111083984375e+00,-4.219906997680664062e+01,-4.231636428833007812e+01,-2.377510070800781250e+00,-3.933900070190429688e+01,-3.929028320312500000e+01,2.226562500000000000e+00,-4.222840881347656250e+01,-4.226583862304687500e+01,-2.378078460693359375e+00,-3.933534240722656250e+01,-3.939956283569335938e+01,2.338718414306640625e+00,-4.231340026855468750e+01,-4.238923645019531250e+01
5.513450622558593750e+00,-3.705312347412109375e+01,-3.692260742187500000e+01,-4.876129150390625000e+00,-4.488831329345703125e+01,-4.511209869384765625e+01,5.278175354003906250e+00,-3.725637435913085938e+01,-3.674414062500000000e+01,-5.486801147460937500e+00,-4.442794036865234375e+01,-4.491473388671875000e+01,-5.339199066162109375e+00,-3.666500854492187500e+01,-3.672616958618164062e+01,5.012680053710937500e+00,-4.458383941650390625e+01,-4.467974090576171875e+01,-5.416904449462890625e+00,-3.672152328491210938e+01,-3.682594299316406250e+01,5.357719421386718750e+00,-4.495967864990234375e+01,-4.479806900024414062e+01
7.560371398925781250e+00,-3.539229965209960938e+01,-3.517015838623046875e+01,-6.643714904785156250e+00,-4.665949630737304688e+01,-4.695473480224609375e+01,7.256721496582031250e+00,-3.567457962036132812e+01,-3.496900177001953125e+01,-7.495040893554687500e+00,-4.596539306640625000e+01,-4.669895553588867188e+01,-7.297435760498046875e+00,-3.483043289184570312e+01,-3.499940872192382812e+01,6.892059326171875000e+00,-4.621293640136718750e+01,-4.633695602416992188e+01,-7.436222076416015625e+00,-3.493521881103515625e+01,-3.504806900024414062e+01,7.378005981445312500e+00,-4.678321838378906250e+01,-4.640377807617187500e+01
7.438697814941406250e+00,-3.542091751098632812e+01,-3.519107055664062500e+01,-6.555484771728515625e+00,-4.661685180664062500e+01,-4.689060592651367188e+01,7.162075042724609375e+00,-3.568938446044921875e+01,-3.501980972290039062e+01,-7.364006042480468750e+00,-4.593529129028320312e+01,-4.665766906738281250e+01,-7.181705474853515625e+00,-3.487620162963867188e+01,-3.507331085205078125e+01,6.816421508789062500e+00,-4.618540191650390625e+01,-4.629559707641601562e+01,-7.325057983398437500e+00,-3.498305130004882812e+01,-3.508084869384765625e+01,7.284854888916015625e+00,-4.674655151367187500e+01,-4.632169342041015625e+01
5.696647644042968750e+00,-3.667355346679687500e+01,-3.649482345581054688e+01,-5.094589233398437500e+00,-4.525794982910156250e+01,-4.543171310424804688e+01,5.523918151855468750e+00,-3.685030364990234375e+01,-3.640168762207031250e+01,-5.628082275390625000e+00,-4.476881790161132812e+01,-4.528500366210937500e+01,-5.508689880371093750e+00,-3.628657150268554688e+01,-3.647237396240234375e+01,5.303951263427734375e+00,-4.496115112304687500e+01,-4.502096939086914062e+01,-5.626331329345703125e+00,-3.637486267089843750e+01,-3.642531585693359375e+01,5.615509033203125000e+00,-4.535746383666992188e+01,-4.497548675537109375e+01
2.725212097167968750e+00,-3.886865234375000000e+01,-3.878903198242187500e+01,-2.587738037109375000e+00,-4.288679504394531250e+01,-4.290491485595703125e+01,2.709754943847656250e+00,-3.889718627929687500e+01,-3.880535888671875000e+01,-2.677268981933593750e+00,-4.272732543945312500e+01,-4.288837051391601562e+01,-2.654174804687500000e+00,-3.874625396728515625e+01,-3.888317871093750000e+01,2.691822052001953125e+00,-4.281314849853515625e+01,-4.279933547973632812e+01,-2.721061706542968750e+00,-3.879968643188476562e+01,-3.878013610839843750e+01,2.743511199951171875e+00,-4.292706680297851562e+01,-4.266875076293945312e+01
-7.783889770507812500e-01,-4.149068069458007812e+01,-4.153555297851562500e+01,3.779640197753906250e-01,-4.005945968627929688e+01,-3.990287780761718750e+01,-6.203842163085937500e-01,-4.135021972656250000e+01,-4.166810607910156250e+01,7.955169677734375000e-01,-4.028929138183593750e+01,-4.002999877929687500e+01,7.115707397460937500e-01,-4.167940902709960938e+01,-4.174031829833984375e+01,-4.092559814453125000e-01,-4.024362945556640625e+01,-4.015216827392578125e+01,7.090835571289062500e-01,-4.168997192382812500e+01,-4.159333419799804688e+01,-6.584014892578125000e-01,-4.002521133422851562e+01,-3.994380187988281250e+01
-4.037788391113281250e+00,-4.396895599365234375e+01,-4.413751602172851562e+01,3.148818969726562500e+00,-3.739296340942382812e+01,-3.708346939086914062e+01,-3.730781555175781250e+00,-4.367842864990234375e+01,-4.436505889892578125e+01,4.018669128417968750e+00,-3.798540115356445312e+01,-3.733470916748046875e+01,3.840999603271484375e+00,-4.444697570800781250e+01,-4.441553497314453125e+01,-3.318572998046875000e+00,-3.781078338623046875e+01,-3.765663909912109375e+01,3.904911041259765625e+00,-4.441322708129882812e+01,-4.425291442871093750e+01,-3.838371276855468750e+00,-3.728474426269531250e+01,-3.740423965454101562e+01
-6.724147796630859375e+00,-4.611045074462890625e+01,-4.639622116088867188e+01,5.464038848876953125e+00,-3.510066986083984375e+01,-3.468896484375000000e+01,-6.317802429199218750e+00,-4.571461105346679688e+01,-4.667208099365234375e+01,6.657257080078125000e+00,-3.599717712402343750e+01,-3.502560806274414062e+01,6.409400939941406250e+00,-4.682730484008789062e+01,-4.666728973388671875e+01,-5.775688171386718750e+00,-3.570133590698242188e+01,-3.551282501220703125e+01,6.549858093261718750e+00,-4.673524093627929688e+01,-4.655041122436523438e+01,-6.483718872070312500e+00,-3.492667007446289062e+01,-3.530706405639648438e+01
-7.278270721435546875e+00,-4.661248779296875000e+01,-4.693078231811523438e+01,5.961357116699218750e+00,-3.456901550292968750e+01,-3.415086746215820312e+01,-6.863883972167968750e+00,-4.620627593994140625e+01,-4.719901657104492188e+01,7.190963745117187500e+00,-3.553281021118164062e+01,-3.449647140502929688e+01,6.931037902832031250e+00,-4.737919616699218750e+01,-4.716129684448242188e+01,-6.318450927734375000e+00,-3.520312118530273438e+01,-3.501671981811523438e+01,7.102046966552734375e+00,-4.725936126708984375e+01,-4.708808898925781250e+01,-7.041122436523437500e+00,-3.438043594360351562e+01,-3.487403869628906250e+01
-6.020919799804687500e+00,-4.573740386962890625e+01,-4.602001571655273438e+01,4.915828704833984375e+00,-3.552072906494140625e+01,-3.518138885498046875e+01,-5.683689117431640625e+00,-4.540210342407226562e+01,-4.622375106811523438e+01,5.934558868408203125e+00,-3.635016250610351562e+01,-3.546388626098632812e+01,5.717521667480468750e+00,-4.638885116577148438e+01,-4.616668701171875000e+01,-5.240573883056640625e+00,-3.606031417846679688e+01,-3.590939331054687500e+01,5.879066467285156250e+00,-4.627015686035156250e+01,-4.614619827270507812e+01,-5.834320068359375000e+00,-3.535698699951171875e+01,-3.584771347045898438e+01
-3.394657135009765625e+00,-4.381492233276367188e+01,-4.401034545898437500e+01,2.701614379882812500e+00,-3.760139083862304688e+01,-3.740346145629882812e+01,-3.199607849121093750e+00,-4.361066055297851562e+01,-4.410816192626953125e+01,3.325988769531250000e+00,-3.814175033569335938e+01,-3.756768035888671875e+01,3.195091247558593750e+00,-4.422614669799804688e+01,-4.404275894165039062e+01,-2.934265136718750000e+00,-3.794793319702148438e+01,-3.785839080810546875e+01,3.313812255859375000e+00,-4.413472747802734375e+01,-4.408005905151367188e+01,-3.296279907226562500e+00,-3.749004364013671875e+01,-3.788214492797851562e+01
-1.646423339843750000e-02,-4.129491806030273438e+01,-4.137253189086914062e+01,-1.605911254882812500e-01,-4.032373046875000000e+01,-4.029617309570312500e+01,4.764556884765625000e-03,-4.125158309936523438e+01,-4.134967803955078125e+01,-2.251434326171875000e-02,-4.048736572265625000e+01,-4.031503295898437500e+01,-4.415893554687500000e-02,-4.139929962158203125e+01,-4.128790283203125000e+01,5.751800537109375000e-02,-4.042201614379882812e+01,-4.040713500976562500e+01,8.354187011718750000e-03,-4.135528945922851562e+01,-4.137444305419921875e+01,-2.408599853515625000e-02,-4.027944183349609375e+01,-4.050018310546875000e+01
3.293350219726562500e+00,-3.878852462768554688e+01,-3.874676513671875000e+01,-2.975177764892578125e+00,-4.302663421630859375e+01,-4.315723037719726562e+01,3.151519775390625000e+00,-3.889709854125976562e+01,-3.861817169189453125e+01,-3.298103332519531250e+00,-4.281779098510742188e+01,-4.303890609741210938e+01,-3.213924407958984375e+00,-3.859485626220703125e+01,-3.857117462158203125e+01,3.007331848144531250e+00,-4.288161468505859375e+01,-4.293741226196289062e+01,-3.234771728515625000e+00,-3.860710906982421875e+01,-3.868554687500000000e+01,3.187007904052734375e+00,-4.304823303222656250e+01,-4.306717681884765625e+01
6.268962860107421875e+00,-3.644926834106445312e+01,-3.628641510009765625e+01,-5.526245117187500000e+00,-4.553378677368164062e+01,-4.578612899780273438e+01,6.005775451660156250e+00,-3.668295288085937500e+01,-3.609609222412109375e+01,-6.229522705078125000e+00,-4.498742675781250000e+01,-4.556503295898437500e+01,-6.062187194824218750e+00,-3.599623870849609375e+01,-3.609272003173828125e+01,5.701732635498046875e+00,-4.517609405517578125e+01,-4.528375244140625000e+01,-6.161113739013671875e+00,-3.606943130493164062e+01,-3.617929458618164062e+01,6.100540161132812500e+00,-4.562350463867187500e+01,-4.538929367065429688e+01
7.698558807373046875e+00,-3.527098464965820312e+01,-3.504058837890625000e+01,-6.764713287353515625e+00,-4.678673553466796875e+01,-4.708451843261718750e+01,7.394023895263671875e+00,-3.555778884887695312e+01,-3.484236145019531250e+01,-7.629093170166015625e+00,-4.607705688476562500e+01,-4.682816314697265625e+01,-7.430557250976562500e+00,-3.469893646240234375e+01,-3.487958526611328125e+01,7.023155212402343750e+00,-4.633160781860351562e+01,-4.645583343505859375e+01,-7.573753356933593750e+00,-3.480644989013671875e+01,-3.491865158081054688e+01,7.519130706787109375e+00,-4.691587829589843750e+01,-4.651505661010742188e+01
7.102474212646484375e+00,-3.565649032592773438e+01,-3.543529891967773438e+01,-6.275016784667968750e+00,-4.636013031005859375e+01,-4.661303710937500000e+01,6.847995758056640625e+00,-3.590644836425781250e+01,-3.528168106079101562e+01,-7.027923583984375000e+00,-4.571558380126953125e+01,-4.639852142333984375e+01,-6.858917236328125000e+00,-3.514280319213867188e+01,-3.534080505371093750e+01,6.527740478515625000e+00,-4.595529174804687500e+01,-4.605460739135742188e+01,-6.997985839843750000e+00,-3.524642944335937500e+01,-3.533387756347656250e+01,6.965171813964843750e+00,-4.648483657836914062e+01,-4.606307983398437500e+01
4.960651397705078125e+00,-3.721366882324218750e+01,-3.705870819091796875e+01,-4.474674224853515625e+00,-4.467396926879882812e+01,-4.480825042724609375e+01,4.828125000000000000e+00,-3.735314941406250000e+01,-3.699411773681640625e+01,-4.896545410156250000e+00,-4.426639175415039062e+01,-4.469481658935546875e+01,-4.801681518554687500e+00,-3.689240646362304688e+01,-3.706797027587890625e+01,4.659072875976562500e+00,-4.443291091918945312e+01,-4.447361373901367188e+01,-4.907207489013671875e+00,-3.697225189208984375e+01,-3.700474548339843750e+01,4.905735015869140625e+00,-4.475927734375000000e+01,-4.440470123291015625e+01
1.758720397949218750e+00,-3.958893203735351562e+01,-3.954295730590820312e+01,-1.770545959472656250e+00,-4.210965728759765625e+01,-4.207881927490234375e+01,1.792201995849609375e+00,-3.957030105590820312e+01,-3.959244155883789062e+01,-1.718669891357421875e+00,-4.205757141113281250e+01,-4.210277557373046875e+01,-1.725700378417968750e+00,-3.955238342285156250e+01,-3.967004013061523438e+01,1.838325500488281250e+00,-4.210768508911132812e+01,-4.207158660888671875e+01,-1.775245666503906250e+00,-3.959414672851562500e+01,-3.955285644531250000e+01,1.806495666503906250e+00,-4.212982940673828125e+01,-4.191750335693359375e+01
-1.742080688476562500e+00,-4.221723175048828125e+01,-4.229757690429687500e+01,1.195289611816406250e+00,-3.927687835693359375e+01,-3.907359313964843750e+01,-1.538299560546875000e+00,-4.203126144409179688e+01,-4.246018981933593750e+01,1.749641418457031250e+00,-3.961374282836914062e+01,-3.923869323730468750e+01,1.637290954589843750e+00,-4.249149703979492188e+01,-4.252846527099609375e+01,-1.265663146972656250e+00,-3.953094100952148438e+01,-3.941966247558593750e+01,1.653259277343750000e+00,-4.248999404907226562e+01,-4.237300491333007812e+01,-1.596649169921875000e+00,-3.922129440307617188e+01,-3.919345855712890625e+01
-4.930244445800781250e+00,-4.467164993286132812e+01,-4.487763214111328125e+01,3.915370941162109375e+00,-3.663957977294921875e+01,-3.629399871826171875e+01,-4.587852478027343750e+00,-4.434463500976562500e+01,-4.512409973144531250e+01,4.896858215332031250e+00,-3.733274078369140625e+01,-3.657544326782226562e+01,4.694923400878906250e+00,-4.522918701171875000e+01,-4.515965652465820312e+01,-4.129749298095703125e+00,-3.711910247802734375e+01,-3.695191574096679688e+01,4.782642364501953125e+00,-4.517752075195312500e+01,-4.500691223144531250e+01,-4.714515686035156250e+00,-3.651020431518554688e+01,-3.670829772949218750e+01
-7.160530090332031250e+00,-4.647194290161132812e+01,-4.677893447875976562e+01,5.844299316406250000e+00,-3.471539306640625000e+01,-3.429039764404296875e+01,-6.741432189941406250e+00,-4.606138992309570312e+01,-4.705831909179687500e+01,7.083450317382812500e+00,-3.566198348999023438e+01,-3.463838195800781250e+01,6.825336456298828125e+00,-4.722741699218750000e+01,-4.703939437866210938e+01,-6.182804107666015625e+00,-3.534451293945312500e+01,-3.515274810791015625e+01,6.981025695800781250e+00,-4.712316131591796875e+01,-4.693801498413085938e+01,-6.917060852050781250e+00,-3.452994918823242188e+01,-3.496555328369140625e+01
-7.086658477783203125e+00,-4.648900604248046875e+01,-4.680321121215820312e+01,5.805244445800781250e+00,-3.470438766479492188e+01,-3.430066299438476562e+01,-6.686035156250000000e+00,-4.609543991088867188e+01,-4.705868530273437500e+01,6.997810363769531250e+00,-3.564851379394531250e+01,-3.463524246215820312e+01,6.744789123535156250e+00,-4.723820114135742188e+01,-4.701456832885742188e+01,-6.160011291503906250e+00,-3.532348632812500000e+01,-3.514392852783203125e+01,6.916751861572265625e+00,-4.711593246459960938e+01,-4.695494461059570312e+01,-6.859073638916015625e+00,-3.451948547363281250e+01,-3.502236557006835938e+01
-5.400066375732421875e+00,-4.528779602050781250e+01,-4.555042648315429688e+01,4.393913269042968750e+00,-3.600782012939453125e+01,-3.570310974121093750e+01,-5.097396850585937500e+00,-4.498430252075195312e+01,-4.572756576538085938e+01,5.317119598388671875e+00,-3.676940155029296875e+01,-3.595694732666015625e+01,5.120605468750000000e+00,-4.588233184814453125e+01,-4.566696548461914062e+01,-4.698085784912109375e+00,-3.650166320800781250e+01,-3.636581420898437500e+01,5.273208618164062500e+00,-4.576881027221679688e+01,-4.566276931762695312e+01,-5.235168457031250000e+00,-3.585648727416992188e+01,-3.632860183715820312e+01
-2.488140106201171875e+00,-4.314263916015625000e+01,-4.330688095092773438e+01,1.934692382812500000e+00,-3.832809448242187500e+01,-3.817684173583984375e+01,-2.340484619140625000e+00,-4.298217010498046875e+01,-4.337099075317382812e+01,2.426895141601562500e+00,-3.876777267456054688e+01,-3.830149078369140625e+01,2.325435638427734375e+00,-4.347126770019531250e+01,-4.330538940429687500e+01,-2.133449554443359375e+00,-3.860807037353515625e+01,-3.853884506225585938e+01,2.427299499511718750e+00,-4.339154052734375000e+01,-4.335800552368164062e+01,-2.418785095214843750e+00,-3.823477554321289062e+01,-3.858453369140625000e+01
9.575958251953125000e-01,-4.056133270263671875e+01,-4.060422515869140625e+01,-9.877929687500000000e-01,-4.111536788940429688e+01,-4.113529205322265625e+01,9.300537109375000000e-01,-4.056333160400390625e+01,-4.054893493652343750e+01,-9.870681762695312500e-01,-4.116971206665039062e+01,-4.111321258544921875e+01,-9.774322509765625000e-01,-4.057772064208984375e+01,-4.049027252197265625e+01,9.236373901367187500e-01,-4.114200973510742188e+01,-4.114820861816406250e+01,-9.455947875976562500e-01,-4.054921340942382812e+01,-4.058724594116210938e+01,9.203796386718750000e-01,-4.109041595458984375e+01,-4.125539398193359375e+01
4.132827758789062500e+00,-3.814257049560546875e+01,-3.806914520263671875e+01,-3.691688537597656250e+00,-4.372159576416015625e+01,-4.388990783691406250e+01,3.952232360839843750e+00,-3.828817749023437500e+01,-3.791740036010742188e+01,-4.127357482910156250e+00,-4.341776275634765625e+01,-4.373878097534179688e+01,-4.017299652099609375e+00,-3.787415313720703125e+01,-3.787760162353515625e+01,3.760601043701171875e+00,-4.351537322998046875e+01,-4.358795547485351562e+01,-4.058578491210937500e+00,-3.790254974365234375e+01,-3.799296188354492188e+01,4.003849029541015625e+00,-4.376058959960937500e+01,-4.371945953369140625e+01
6.905818939208984375e+00,-3.593328094482421875e+01,-3.574214935302734375e+01,-6.076126098632812500e+00,-4.608429718017578125e+01,-4.635906219482421875e+01,6.620956420898437500e+00,-3.619157028198242188e+01,-3.554430770874023438e+01,-6.854461669921875000e+00,-4.546514511108398438e+01,-4.611940002441406250e+01,-6.671237945556640625e+00,-3.542600250244140625e+01,-3.555567169189453125e+01,6.286148071289062500e+00,-4.568228149414062500e+01,-4.579885864257812500e+01,-6.789268493652343750e+00,-3.551441955566406250e+01,-3.562689590454101562e+01,6.728538513183593750e+00,-4.619005584716796875e+01,-4.588849639892578125e+01
7.701801300048828125e+00,-3.525077056884765625e+01,-3.501686096191406250e+01,-6.771614074707031250e+00,-4.680513381958007812e+01,-4.709870147705078125e+01,7.403099060058593750e+00,-3.553549957275390625e+01,-3.482591247558593750e+01,-7.629348754882812500e+00,-4.609482955932617188e+01,-4.684729385375976562e+01,-7.434013366699218750e+00,-3.468029785156250000e+01,-3.486975097656250000e+01,7.035064697265625000e+00,-4.635148239135742188e+01,-4.647268676757812500e+01,-7.579177856445312500e+00,-3.478887176513671875e+01,-3.489758300781250000e+01,7.529342651367187500e+00,-4.693679046630859375e+01,-4.652119445800781250e+01
6.642032623291015625e+00,-3.598622512817382812e+01,-3.577826690673828125e+01,-5.889228820800781250e+00,-4.600218582153320312e+01,-4.622832107543945312e+01,6.415473937988281250e+00,-3.621175384521484375e+01,-3.564585113525390625e+01,-6.568862915039062500e+00,-4.540847396850585938e+01,-4.603698348999023438e+01,-6.416732788085937500e+00,-3.551433944702148438e+01,-3.571002578735351562e+01,6.128715515136718750e+00,-4.563308715820312500e+01,-4.571880340576171875e+01,-6.549179077148437500e+00,-3.561312866210937500e+01,-3.568781661987304688e+01,6.524509429931640625e+00,-4.611909103393554688e+01,-4.570749664306640625e+01
4.139179229736328125e+00,-3.781973266601562500e+01,-3.769200134277343750e+01,-3.781860351562500000e+00,-4.401918029785156250e+01,-4.411022949218750000e+01,4.050403594970703125e+00,-3.791810607910156250e+01,-3.765795898437500000e+01,-4.080619812011718750e+00,-4.370272064208984375e+01,-4.403301239013671875e+01,-4.012531280517578125e+00,-3.757163238525390625e+01,-3.773411941528320312e+01,3.937423706054687500e+00,-4.383993911743164062e+01,-4.386006927490234375e+01,-4.104137420654296875e+00,-3.764188385009765625e+01,-3.765490722656250000e+01,4.112110137939453125e+00,-4.408822250366210938e+01,-4.376710510253906250e+01
7.680053710937500000e-01,-4.032969665527343750e+01,-4.031877136230468750e+01,-9.321136474609375000e-01,-4.131078338623046875e+01,-4.123036956787109375e+01,8.507766723632812500e-01,-4.026315689086914062e+01,-4.040135574340820312e+01,-7.365341186523437500e-01,-4.136878967285156250e+01,-4.129514312744140625e+01,-7.739486694335937500e-01,-4.038112640380859375e+01,-4.047767257690429688e+01,9.618721008300781250e-01,-4.138184356689453125e+01,-4.132358932495117188e+01,-8.053665161132812500e-01,-4.041080093383789062e+01,-4.034761047363281250e+01,8.448562622070312500e-01,-4.130998229980468750e+01,-4.114707565307617188e+01
-2.660827636718750000e+00,-4.291238403320312500e+01,-4.302711105346679688e+01,1.975219726562500000e+00,-3.852855682373046875e+01,-3.828134536743164062e+01,-2.414314270019531250e+00,-4.268345642089843750e+01,-4.321749877929687500e+01,2.658786773681640625e+00,-3.896741867065429688e+01,-3.848194885253906250e+01,2.519840240478515625e+00,-4.326815795898437500e+01,-4.328089904785156250e+01,-2.083694458007812500e+00,-3.884878158569335938e+01,-3.871927261352539062e+01,2.553718566894531250e+00,-4.325500488281250000e+01,-4.311902618408203125e+01,-2.492286682128906250e+00,-3.845223617553710938e+01,-3.847767639160156250e+01
-5.722793579101562500e+00,-4.530152130126953125e+01,-4.554176712036132812e+01,4.597869873046875000e+00,-3.596508026123046875e+01,-3.558887481689453125e+01,-5.350574493408203125e+00,-4.494312667846679688e+01,-4.580314636230468750e+01,5.675655364990234375e+00,-3.674787139892578125e+01,-3.589591979980468750e+01,5.452781677246093750e+00,-4.592959594726562500e+01,-4.582312011718750000e+01,-4.853576660156250000e+00,-3.649871826171875000e+01,-3.632107162475585938e+01,5.562763214111328125e+00,-4.586105346679687500e+01,-4.568272018432617188e+01,-5.494388580322265625e+00,-3.581644439697265625e+01,-3.608975601196289062e+01
-7.310977935791015625e+00,-4.660501480102539062e+01,-4.692013168334960938e+01,5.978683471679687500e+00,-3.457380676269531250e+01,-3.414625930786132812e+01,-6.888427734375000000e+00,-4.619131088256835938e+01,-4.719892501831054688e+01,7.228874206542968750e+00,-3.553869247436523438e+01,-3.449778747558593750e+01,6.966709136962890625e+00,-4.737451171875000000e+01,-4.717232894897460938e+01,-6.328586578369140625e+00,-3.521234130859375000e+01,-3.502054214477539062e+01,7.130516052246093750e+00,-4.726262283325195312e+01,-4.708068847656250000e+01,-7.066806793212890625e+00,-3.438497924804687500e+01,-3.484888458251953125e+01
-6.765449523925781250e+00,-4.626763534545898438e+01,-4.657301330566406250e+01,5.538864135742187500e+00,-3.494538116455078125e+01,-3.456232452392578125e+01,-6.384967803955078125e+00,-4.589257812500000000e+01,-4.681135177612304688e+01,6.676452636718750000e+00,-3.585536956787109375e+01,-3.488047027587890625e+01,6.434482574462890625e+00,-4.698737716674804688e+01,-4.676154708862304688e+01,-5.885929107666015625e+00,-3.554021835327148438e+01,-3.537003326416015625e+01,6.604576110839843750e+00,-4.686482238769531250e+01,-4.671660614013671875e+01,-6.551170349121093750e+00,-3.476680374145507812e+01,-3.527109527587890625e+01
-4.680519104003906250e+00,-4.476216888427734375e+01,-4.500104141235351562e+01,3.787578582763671875e+00,-3.657680511474609375e+01,-3.631111145019531250e+01,-4.417018890380859375e+00,-4.449475479125976562e+01,-4.514879989624023438e+01,4.602272033691406250e+00,-3.725930786132812500e+01,-3.653238296508789062e+01,4.429382324218750000e+00,-4.529084014892578125e+01,-4.508558273315429688e+01,-4.066791534423828125e+00,-3.701776123046875000e+01,-3.689883041381835938e+01,4.570518493652343750e+00,-4.518450546264648438e+01,-4.509779739379882812e+01,-4.539970397949218750e+00,-3.643983840942382812e+01,-3.688597106933593750e+01
-1.538490295410156250e+00,-4.243511199951171875e+01,-4.256633377075195312e+01,1.130332946777343750e+00,-3.909254074096679688e+01,-3.898937988281250000e+01,-1.439876556396484375e+00,-4.232001495361328125e+01,-4.259622192382812500e+01,1.485481262207031250e+00,-3.942639923095703125e+01,-3.907304382324218750e+01,1.414756774902343750e+00,-4.267742156982421875e+01,-4.253139114379882812e+01,-1.292861938476562500e+00,-3.930273437500000000e+01,-3.925454711914062500e+01,1.498214721679687500e+00,-4.261079406738281250e+01,-4.259831237792968750e+01,-1.499053955078125000e+00,-3.901806259155273438e+01,-3.932044219970703125e+01
1.906921386718750000e+00,-3.984332275390625000e+01,-3.985206604003906250e+01,-1.794822692871093750e+00,-4.188980102539062500e+01,-4.195526504516601562e+01,1.832427978515625000e+00,-3.988903427124023438e+01,-3.976617431640625000e+01,-1.926696777343750000e+00,-4.183736801147460938e+01,-4.189373016357421875e+01,-1.886669158935546875e+00,-3.977418518066406250e+01,-3.971146392822265625e+01,1.769271850585937500e+00,-4.184661865234375000e+01,-4.187316131591796875e+01,-1.875667572021484375e+00,-3.976157379150390625e+01,-3.981692504882812500e+01,1.841262817382812500e+00,-4.188371276855468750e+01,-4.199160766601562500e+01
5.044738769531250000e+00,-3.742468261718750000e+01,-3.731378555297851562e+01,-4.473587036132812500e+00,-4.449067687988281250e+01,-4.469602203369140625e+01,4.827575683593750000e+00,-3.760860443115234375e+01,-3.714377593994140625e+01,-5.025543212890625000e+00,-4.408351516723632812e+01,-4.451400756835937500e+01,-4.890514373779296875e+00,-3.707706069946289062e+01,-3.711781311035156250e+01,4.586761474609375000e+00,-4.421944427490234375e+01,-4.430763626098632812e+01,-4.955566406250000000e+00,-3.712374496459960938e+01,-3.722390747070312500e+01,4.897659301757812500e+00,-4.455091094970703125e+01,-4.443165969848632812e+01
7.412643432617187500e+00,-3.551447296142578125e+01,-3.529959106445312500e+01,-6.515960693359375000e+00,-4.652997207641601562e+01,-4.682063674926757812e+01,7.112686157226562500e+00,-3.579109191894531250e+01,-3.509866333007812500e+01,-7.350471496582031250e+00,-4.585252380371093750e+01,-4.656787872314453125e+01,-7.155509948730468750e+00,-3.496449279785156250e+01,-3.512464141845703125e+01,6.755584716796875000e+00,-4.609335327148437500e+01,-4.621578979492187500e+01,-7.290168762207031250e+00,-3.506639862060546875e+01,-3.517868041992187500e+01,7.230525970458984375e+00,-4.664915466308593750e+01,-4.628669738769531250e+01
7.570182800292968750e+00,-3.533191680908203125e+01,-3.509927749633789062e+01,-6.664421081542968750e+00,-4.671446609497070312e+01,-4.699714279174804688e+01,7.283859252929687500e+00,-3.560800933837890625e+01,-3.491983413696289062e+01,-7.495941162109375000e+00,-4.601848220825195312e+01,-4.675611495971679688e+01,-7.307861328125000000e+00,-3.477474594116210938e+01,-3.496998596191406250e+01,6.927700042724609375e+00,-4.627231216430664062e+01,-4.638731384277343750e+01,-7.452552795410156250e+00,-3.488268280029296875e+01,-3.498513793945312500e+01,7.408615112304687500e+00,-4.684568786621093750e+01,-4.642219543457031250e+01
6.065528869628906250e+00,-3.640426254272460938e+01,-3.621390533447265625e+01,-5.404933929443359375e+00,-4.554934310913085938e+01,-4.574326324462890625e+01,5.872169494628906250e+00,-3.659989929199218750e+01,-3.610589981079101562e+01,-5.994979858398437500e+00,-4.501937484741210938e+01,-4.557946014404296875e+01,-5.863014221191406250e+00,-3.598424911499023438e+01,-3.617445373535156250e+01,5.626358032226562500e+00,-4.522445297241210938e+01,-4.529415130615234375e+01,-5.986560821533203125e+00,-3.607669448852539062e+01,-3.613639450073242188e+01,5.970657348632812500e+00,-4.565578460693359375e+01,-4.526131439208984375e+01
3.247608184814453125e+00,-3.848040008544921875e+01,-3.838284683227539062e+01,-3.029121398925781250e+00,-4.330583953857421875e+01,-4.335071182250976562e+01,3.205314636230468750e+00,-3.853461456298828125e+01,-3.838083648681640625e+01,-3.195602416992187500e+00,-4.308834838867187500e+01,-4.331196594238281250e+01,-3.156021118164062500e+00,-3.831157684326171875e+01,-3.845834732055664062e+01,3.152465820312500000e+00,-4.319328689575195312e+01,-4.319181823730468750e+01,-3.232151031494140625e+00,-3.837126159667968750e+01,-3.836363220214843750e+01,3.249477386474609375e+00,-4.335684204101562500e+01,-4.307464981079101562e+01
-2.274665832519531250e-01,-4.107640457153320312e+01,-4.110124588012695312e+01,-8.897399902343750000e-02,-4.050586700439453125e+01,-4.037625885009765625e+01,-9.602355957031250000e-02,-4.096215438842773438e+01,-4.121623229980468750e+01,2.498435974121093750e-01,-4.067449188232421875e+01,-4.048135757446289062e+01,1.823348999023437500e-01,-4.121622085571289062e+01,-4.129020690917968750e+01,7.965469360351562500e-02,-4.064986801147460938e+01,-4.057004928588867188e+01,1.694488525390625000e-01,-4.123362731933593750e+01,-4.114879608154296875e+01,-1.225357055664062500e-01,-4.048363876342773438e+01,-4.037258148193359375e+01
-3.516578674316406250e+00,-4.356247711181640625e+01,-4.370978927612304688e+01,2.702384948730468750e+00,-3.782923126220703125e+01,-3.754174423217773438e+01,-3.231178283691406250e+00,-4.329398345947265625e+01,-4.392510986328125000e+01,3.505073547363281250e+00,-3.836302947998046875e+01,-3.777466583251953125e+01,3.341850280761718750e+00,-4.399408340454101562e+01,-4.398280334472656250e+01,-2.847183227539062500e+00,-3.821060562133789062e+01,-3.806476974487304688e+01,3.392719268798828125e+00,-4.396994400024414062e+01,-4.381673049926757812e+01,-3.327678680419921875e+00,-3.773316192626953125e+01,-3.781052780151367188e+01
-6.400394439697265625e+00,-4.584663391113281250e+01,-4.611730194091796875e+01,5.183326721191406250e+00,-3.538227081298828125e+01,-3.498149108886718750e+01,-6.004470825195312500e+00,-4.546252059936523438e+01,-4.638924407958984375e+01,6.340293884277343750e+00,-3.624191665649414062e+01,-3.530903625488281250e+01,6.100273132324218750e+00,-4.653485488891601562e+01,-4.639332962036132812e+01,-5.476249694824218750e+00,-3.596147918701171875e+01,-3.577608871459960938e+01,6.230468750000000000e+00,-4.645077896118164062e+01,-4.626747894287109375e+01,-6.163173675537109375e+00,-3.521664428710937500e+01,-3.556033325195312500e+01
-7.327495574951171875e+00,-4.663795089721679688e+01,-4.695645141601562500e+01,5.999427795410156250e+00,-3.454035949707031250e+01,-3.411698150634765625e+01,-6.908306121826171875e+00,-4.622732543945312500e+01,-4.722979736328125000e+01,7.241676330566406250e+00,-3.550870513916015625e+01,-3.446630096435546875e+01,6.979766845703125000e+00,-4.740911865234375000e+01,-4.719591522216796875e+01,-6.355445861816406250e+00,-3.517872619628906250e+01,-3.498963165283203125e+01,7.148956298828125000e+00,-4.729155731201171875e+01,-4.711569213867187500e+01,-7.086711883544921875e+00,-3.435091400146484375e+01,-3.483596420288085938e+01
-6.320480346679687500e+00,-4.595237731933593750e+01,-4.624436569213867188e+01,5.167037963867187500e+00,-3.528763198852539062e+01,-3.493110656738281250e+01,-5.966178894042968750e+00,-4.560137176513671875e+01,-4.646153259277343750e+01,6.232788085937500000e+00,-3.614962768554687500e+01,-3.522771453857421875e+01,6.005779266357421875e+00,-4.663129425048828125e+01,-4.640682983398437500e+01,-5.501182556152343750e+00,-3.584937286376953125e+01,-3.569092178344726562e+01,6.171157836914062500e+00,-4.651062011718750000e+01,-4.637740707397460938e+01,-6.123054504394531250e+00,-3.511791992187500000e+01,-3.561569976806640625e+01
-3.875762939453125000e+00,-4.417031860351562500e+01,-4.438211822509765625e+01,3.108234405517578125e+00,-3.721706390380859375e+01,-3.699403381347656250e+01,-3.655296325683593750e+00,-4.394258880615234375e+01,-4.449830245971679688e+01,3.803371429443359375e+00,-3.781072235107421875e+01,-3.717945861816406250e+01,3.656784057617187500e+00,-4.462544631958007812e+01,-4.443341827392578125e+01,-3.358539581298828125e+00,-3.759893798828125000e+01,-3.749849319458007812e+01,3.784133911132812500e+00,-4.452819442749023438e+01,-4.446184921264648438e+01,-3.761779785156250000e+00,-3.709615325927734375e+01,-3.750940704345703125e+01
-5.643043518066406250e-01,-4.170618057250976562e+01,-4.180317687988281250e+01,3.043174743652343750e-01,-3.987975692749023438e+01,-3.982518386840820312e+01,-5.153884887695312500e-01,-4.163714599609375000e+01,-4.179901885986328125e+01,5.201644897460937500e-01,-4.010474395751953125e+01,-3.986724472045898438e+01,4.808845520019531250e-01,-4.186014175415039062e+01,-4.173589324951171875e+01,-4.289703369140625000e-01,-4.001832962036132812e+01,-3.999151611328125000e+01,5.447349548339843750e-01,-4.180776977539062500e+01,-4.181582641601562500e+01,-5.551109313964843750e-01,-3.982460021972656250e+01,-4.007550048828125000e+01
2.812782287597656250e+00,-3.915506744384765625e+01,-3.913090896606445312e+01,-2.565784454345703125e+00,-4.263171005249023438e+01,-4.273994064331054688e+01,2.694107055664062500e+00,-3.924199676513671875e+01,-3.901681900024414062e+01,-2.822875976562500000e+00,-4.247714614868164062e+01,-4.264117431640625000e+01,-2.753963470458984375e+00,-3.900450897216796875e+01,-3.896685791015625000e+01,2.577724456787109375e+00,-4.252196502685546875e+01,-4.256769561767578125e+01,-2.763572692871093750e+00,-3.900789642333984375e+01,-3.907866668701171875e+01,2.720413208007812500e+00,-4.264369583129882812e+01,-4.269430541992187500e+01
5.860664367675781250e+00,-3.677648544311523438e+01,-3.663123321533203125e+01,-5.174671173095703125e+00,-4.518415069580078125e+01,-4.542126083374023438e+01,5.612316131591796875e+00,-3.699385070800781250e+01,-3.644700622558593750e+01,-5.828266143798828125e+00,-4.468429565429687500e+01,-4.521281433105468750e+01,-5.671504974365234375e+00,-3.635847473144531250e+01,-3.643544006347656250e+01,5.328895568847656250e+00,-4.485515594482421875e+01,-4.495658111572265625e+01,-5.758815765380859375e+00,-3.642250823974609375e+01,-3.652968597412109375e+01,5.698860168457031250e+00,-4.526388168334960938e+01,-4.506966400146484375e+01
7.637897491455078125e+00,-3.532639312744140625e+01,-3.510002899169921875e+01,-6.711101531982421875e+00,-4.672896575927734375e+01,-4.702617263793945312e+01,7.333030700683593750e+00,-3.561148071289062500e+01,-3.489962768554687500e+01,-7.570606231689453125e+00,-4.602615737915039062e+01,-4.676944732666015625e+01,-7.372077941894531250e+00,-3.475859069824218750e+01,-3.493305206298828125e+01,6.964511871337890625e+00,-4.627739334106445312e+01,-4.640190505981445312e+01,-7.513099670410156250e+00,-3.486478424072265625e+01,-3.497769927978515625e+01,7.456321716308593750e+00,-4.685544204711914062e+01,-4.646576690673828125e+01
7.306079864501953125e+00,-3.551296234130859375e+01,-3.528635406494140625e+01,-6.445053100585937500e+00,-4.651636123657226562e+01,-4.678167724609375000e+01,7.038478851318359375e+00,-3.577401351928710938e+01,-3.512242507934570312e+01,-7.231273651123046875e+00,-4.584939193725585938e+01,-4.655626296997070312e+01,-7.054389953613281250e+00,-3.498058319091796875e+01,-3.517847061157226562e+01,6.702999114990234375e+00,-4.609550094604492188e+01,-4.620124816894531250e+01,-7.196144104003906250e+00,-3.508620452880859375e+01,-3.517974853515625000e+01,7.159099578857421875e+00,-4.664421463012695312e+01,-4.621985244750976562e+01
5.383300781250000000e+00,-3.690310287475585938e+01,-3.673441314697265625e+01,-4.830776214599609375e+00,-4.500968933105468750e+01,-4.516654586791992188e+01,5.227821350097656250e+00,-3.706392669677734375e+01,-3.665358734130859375e+01,-5.316574096679687500e+00,-4.455526733398437500e+01,-4.503411865234375000e+01,-5.207691192626953125e+00,-3.654412841796875000e+01,-3.672576904296875000e+01,5.029624938964843750e+00,-4.473667907714843750e+01,-4.478826522827148438e+01,-5.320228576660156250e+00,-3.662883758544921875e+01,-3.667157745361328125e+01,5.313510894775390625e+00,-4.510321044921875000e+01,-4.473255157470703125e+01
2.302917480468750000e+00,-3.918307113647460938e+01,-3.911808013916015625e+01,-2.230754852294921875e+00,-4.254751586914062500e+01,-4.254417037963867188e+01,2.308952331542968750e+00,-3.919094085693359375e+01,-3.914900970458984375e+01,-2.258369445800781250e+00,-4.243496322631835938e+01,-4.254540634155273438e+01,-2.248497009277343750e+00,-3.909819030761718750e+01,-3.922686386108398438e+01,2.319091796875000000e+00,-4.250523757934570312e+01,-4.248159790039062500e+01,-2.307838439941406250e+00,-3.914653396606445312e+01,-3.911743927001953125e+01,2.334236145019531250e+00,-4.257904815673828125e+01,-4.234054565429687500e+01
-1.207996368408203125e+00,-4.181427001953125000e+01,-4.187488555908203125e+01,7.422409057617187500e-01,-3.971086120605468750e+01,-3.953338623046875000e+01,-1.029479980468750000e+00,-4.165346527099609375e+01,-4.202095031738281250e+01,1.220924377441406250e+00,-3.998841857910156250e+01,-3.967752456665039062e+01,1.124244689941406250e+00,-4.204113769531250000e+01,-4.209154510498046875e+01,-7.908401489257812500e-01,-3.992625045776367188e+01,-3.982587814331054688e+01,1.129966735839843750e+00,-4.204633331298828125e+01,-4.194057464599609375e+01,-1.076526641845703125e+00,-3.966716003417968750e+01,-3.960935592651367188e+01
-4.442882537841796875e+00,-4.428719329833984375e+01,-4.447261428833007812e+01,3.496543884277343750e+00,-3.705167007446289062e+01,-3.672561645507812500e+01,-4.119613647460937500e+00,-4.397997665405273438e+01,-4.470897293090820312e+01,4.417415618896484375e+00,-3.768980026245117188e+01,-3.699071502685546875e+01,4.228637695312500000e+00,-4.480130767822265625e+01,-4.475297927856445312e+01,-3.686336517333984375e+00,-3.749758148193359375e+01,-3.733737945556640625e+01,4.303241729736328125e+00,-4.475955581665039062e+01,-4.459439086914062500e+01,-4.235839843750000000e+00,-3.693390655517578125e+01,-3.708840942382812500e+01
-6.950492858886718750e+00,-4.629687118530273438e+01,-4.659354019165039062e+01,5.660865783691406250e+00,-3.490193939208984375e+01,-3.448308563232421875e+01,-6.537395477294921875e+00,-4.589316177368164062e+01,-4.687146759033203125e+01,6.878505706787109375e+00,-3.582430267333984375e+01,-3.482566452026367188e+01,6.625370025634765625e+00,-4.703367996215820312e+01,-4.685971450805664062e+01,-5.986167907714843750e+00,-3.551741790771484375e+01,-3.532707214355468750e+01,6.773391723632812500e+00,-4.693570327758789062e+01,-4.675030136108398438e+01,-6.708408355712890625e+00,-3.472194290161132812e+01,-3.512981414794921875e+01
-7.209968566894531250e+00,-4.657024383544921875e+01,-4.688732528686523438e+01,5.906295776367187500e+00,-3.461553192138671875e+01,-3.420295715332031250e+01,-6.800846099853515625e+00,-4.616887664794921875e+01,-4.715049362182617188e+01,7.121807098388671875e+00,-3.557246017456054688e+01,-3.454438018798828125e+01,6.864418029785156250e+00,-4.733073043823242188e+01,-4.710986709594726562e+01,-6.263023376464843750e+00,-3.524417495727539062e+01,-3.506047821044921875e+01,7.036201477050781250e+00,-4.720955276489257812e+01,-4.704250335693359375e+01,-6.976562500000000000e+00,-3.442824172973632812e+01,-3.492690277099609375e+01
-5.759883880615234375e+00,-4.554892730712890625e+01,-4.582321166992187500e+01,4.696575164794921875e+00,-3.572496795654296875e+01,-3.540033340454101562e+01,-5.437294006347656250e+00,-4.522709655761718750e+01,-4.601559066772460938e+01,5.674861907958984375e+00,-3.652593612670898438e+01,-3.567069625854492188e+01,5.466468811035156250e+00,-4.617644119262695312e+01,-4.595685958862304688e+01,-5.012809753417968750e+00,-3.624530792236328125e+01,-3.610079193115234375e+01,5.624393463134765625e+00,-4.605977249145507812e+01,-4.594352722167968750e+01,-5.582508087158203125e+00,-3.556644439697265625e+01,-3.604989624023437500e+01
-3.001075744628906250e+00,-4.352344131469726562e+01,-4.370537948608398438e+01,2.368759155273437500e+00,-3.791650009155273438e+01,-3.773894119262695312e+01,-2.826686859130859375e+00,-4.333825683593750000e+01,-4.378842163085937500e+01,2.935581207275390625e+00,-3.841320037841796875e+01,-3.788592147827148438e+01,2.817474365234375000e+00,-4.389878845214843750e+01,-4.372281646728515625e+01,-2.586791992187500000e+00,-3.823415374755859375e+01,-3.815346527099609375e+01,2.928977966308593750e+00,-4.381233978271484375e+01,-4.376697540283203125e+01,-2.915367126464843750e+00,-3.781299209594726562e+01,-3.818708038330078125e+01
4.152145385742187500e-01,-4.097019195556640625e+01,-4.103245544433593750e+01,-5.270767211914062500e-01,-4.067420578002929688e+01,-4.066777420043945312e+01,4.147529602050781250e-01,-4.094701004028320312e+01,-4.099510192871093750e+01,-4.500274658203125000e-01,-4.078944015502929688e+01,-4.066843795776367188e+01,-4.577980041503906250e-01,-4.103554534912109375e+01,-4.093458557128906250e+01,4.411773681640625000e-01,-4.074073791503906250e+01,-4.073522567749023438e+01,-4.143562316894531250e-01,-4.099831008911132812e+01,-4.102596282958984375e+01,3.944320678710937500e-01,-4.063848114013671875e+01,-4.083485412597656250e+01
3.657531738281250000e+00,-3.851002120971679688e+01,-3.845484161376953125e+01,-3.285602569580078125e+00,-4.332660293579101562e+01,-4.347397613525390625e+01,3.498287200927734375e+00,-3.863487243652343750e+01,-3.831549072265625000e+01,-3.658100128173828125e+00,-4.307657241821289062e+01,-4.334093475341796875e+01,-3.562389373779296875e+00,-3.828372955322265625e+01,-3.827098083496093750e+01,3.333259582519531250e+00,-4.315488433837890625e+01,-4.321823501586914062e+01,-3.591911315917968750e+00,-3.830288696289062500e+01,-3.838687133789062500e+01,3.540687561035156250e+00,-4.335550689697265625e+01,-4.334976959228515625e+01
6.565361022949218750e+00,-3.621013641357421875e+01,-3.603427124023437500e+01,-5.781898498535156250e+00,-4.578907012939453125e+01,-4.605208969116210938e+01,6.291812896728515625e+00,-3.645542526245117188e+01,-3.584008789062500000e+01,-6.520553588867187500e+00,-4.520886993408203125e+01,-4.582213973999023438e+01,-6.345718383789062500e+00,-3.573179626464843750e+01,-3.584321212768554688e+01,5.973182678222656250e+00,-4.541066741943359375e+01,-4.552262496948242188e+01,-6.453361511230468750e+00,-3.581189727783203125e+01,-3.592326354980468750e+01,6.392555236816406250e+00,-4.588616943359375000e+01,-4.562151336669921875e+01
7.716670989990234375e+00,-3.524954223632812500e+01,-3.501700973510742188e+01,-6.781864166259765625e+00,-4.680832672119140625e+01,-4.710508346557617188e+01,7.413887023925781250e+00,-3.553625106811523438e+01,-3.482146072387695312e+01,-7.645751953125000000e+00,-4.609652709960937500e+01,-4.685023498535156250e+01,-7.448116302490234375e+00,-3.467674255371093750e+01,-3.486163711547851562e+01,7.043159484863281250e+00,-4.635261154174804688e+01,-4.647590255737304688e+01,-7.592483520507812500e+00,-3.478492736816406250e+01,-3.489593505859375000e+01,7.539829254150390625e+00,-4.693894577026367188e+01,-4.653076934814453125e+01
6.914154052734375000e+00,-3.579070663452148438e+01,-3.557479476928710938e+01,-6.117393493652343750e+00,-4.621430587768554688e+01,-4.645610809326171875e+01,6.671318054199218750e+00,-3.603058624267578125e+01,-3.543012237548828125e+01,-6.840057373046875000e+00,-4.559053802490234375e+01,-4.625125503540039062e+01,-6.678070068359375000e+00,-3.529417800903320312e+01,-3.549155044555664062e+01,6.364875793457031250e+00,-4.582415008544921875e+01,-4.591778945922851562e+01,-6.814514160156250000e+00,-3.539585876464843750e+01,-3.547796630859375000e+01,6.785205841064453125e+00,-4.633591461181640625e+01,-4.591777420043945312e+01
4.607810974121093750e+00,-3.747363662719726562e+01,-3.733029937744140625e+01,-4.177177429199218750e+00,-4.439305496215820312e+01,-4.450866699218750000e+01,4.494201660156250000e+00,-3.759540557861328125e+01,-3.727896499633789062e+01,-4.546012878417968750e+00,-4.402459716796875000e+01,-4.441089248657226562e+01,-4.462718963623046875e+00,-3.718381881713867188e+01,-3.735395431518554688e+01,4.349311828613281250e+00,-4.417858505249023438e+01,-4.421036911010742188e+01,-4.562309265136718750e+00,-3.725955963134765625e+01,-3.728363037109375000e+01,4.565006256103515625e+00,-4.447141647338867188e+01,-4.413089370727539062e+01
1.323356628417968750e+00,-3.991416549682617188e+01,-3.988351821899414062e+01,-1.402191162109375000e+00,-4.175887680053710938e+01,-4.170617294311523438e+01,1.378616333007812500e+00,-3.987442398071289062e+01,-3.994765472412109375e+01,-1.287036895751953125e+00,-4.175516128540039062e+01,-4.174815368652343750e+01,-1.307472229003906250e+00,-3.991627502441406250e+01,-4.002481079101562500e+01,1.453365325927734375e+00,-4.178904724121093750e+01,-4.174312591552734375e+01,-1.349075317382812500e+00,-3.995273971557617188e+01,-3.990177917480468750e+01,1.384052276611328125e+00,-4.176987457275390625e+01,-4.157898712158203125e+01
-2.154159545898437500e+00,-4.252870941162109375e+01,-4.262439727783203125e+01,1.545024871826171875e+00,-3.894151306152343750e+01,-3.871846008300781250e+01,-1.931098937988281250e+00,-4.232341003417968750e+01,-4.279958724975585938e+01,2.157482147216796875e+00,-3.932414627075195312e+01,-3.889957427978515625e+01,2.033142089843750000e+00,-4.283953857421875000e+01,-4.286582183837890625e+01,-1.632366180419921875e+00,-3.922532272338867188e+01,-3.910578155517578125e+01,2.057090759277343750e+00,-4.283281707763671875e+01,-4.270726394653320312e+01,-1.998214721679687500e+00,-3.887669372558593750e+01,-3.887247085571289062e+01
-5.293258666992187500e+00,-4.495933532714843750e+01,-4.518087387084960938e+01,4.227729797363281250e+00,-3.633139801025390625e+01,-3.597158813476562500e+01,-4.936988830566406250e+00,-4.461780929565429688e+01,-4.543443298339843750e+01,5.253711700439453125e+00,-3.706558227539062500e+01,-3.626493072509765625e+01,5.042106628417968750e+00,-4.554919815063476562e+01,-4.546318435668945312e+01,-4.460796356201171875e+00,-3.683579254150390625e+01,-3.666366577148437500e+01,5.139881134033203125e+00,-4.548994064331054688e+01,-4.531559371948242188e+01,-5.071472167968750000e+00,-3.619326019287109375e+01,-3.642505645751953125e+01
-7.243324279785156250e+00,-4.654290771484375000e+01,-4.685406875610351562e+01,5.917526245117187500e+00,-3.463968658447265625e+01,-3.421274185180664062e+01,-6.821868896484375000e+00,-4.613019561767578125e+01,-4.713378906250000000e+01,7.163879394531250000e+00,-3.559616851806640625e+01,-3.456299591064453125e+01,6.903434753417968750e+00,-4.730608367919921875e+01,-4.711143875122070312e+01,-6.261695861816406250e+00,-3.527413940429687500e+01,-3.508201599121093750e+01,7.063045501708984375e+00,-4.719822692871093750e+01,-4.701413726806640625e+01,-6.999046325683593750e+00,-3.445241165161132812e+01,-3.490135955810546875e+01
-6.960578918457031250e+00,-4.640318298339843750e+01,-4.671406555175781250e+01,5.701042175292968750e+00,-3.479792785644531250e+01,-3.440257644653320312e+01,-6.568077087402343750e+00,-4.601708221435546875e+01,-4.696250534057617188e+01,6.871494293212890625e+00,-3.572875213623046875e+01,-3.473056030273437500e+01,6.622856140136718750e+00,-4.714081954956054688e+01,-4.691578292846679688e+01,-6.053066253662109375e+00,-3.540744781494140625e+01,-3.523172378540039062e+01,6.794353485107421875e+00,-4.701815795898437500e+01,-4.686252212524414062e+01,-6.738426208496093750e+00,-3.461550140380859375e+01,-3.511998367309570312e+01
-5.093940734863281250e+00,-4.506465530395507812e+01,-4.531724548339843750e+01,4.136100769042968750e+00,-3.624940872192382812e+01,-3.596142578125000000e+01,-4.808029174804687500e+00,-4.477659988403320312e+01,-4.548172760009765625e+01,5.012924194335937500e+00,-3.697739791870117188e+01,-3.620133209228515625e+01,4.826469421386718750e+00,-4.563116455078125000e+01,-4.541986846923828125e+01,-4.429775238037109375e+00,-3.672074890136718750e+01,-3.659214782714843750e+01,4.974308013916015625e+00,-4.552057266235351562e+01,-4.542290878295898438e+01,-4.939491271972656250e+00,-3.610419464111328125e+01,-3.656572723388671875e+01
-2.073291778564453125e+00,-4.283394622802734375e+01,-4.298381042480468750e+01,1.583427429199218750e+00,-3.866166687011718750e+01,-3.853150939941406250e+01,-1.947139739990234375e+00,-4.269336318969726562e+01,-4.303284072875976562e+01,2.015590667724609375e+00,-3.905515670776367188e+01,-3.863819885253906250e+01,1.927570343017578125e+00,-4.312484359741210938e+01,-4.296746444702148438e+01,-1.766448974609375000e+00,-3.891115951538085938e+01,-3.885115051269531250e+01,2.021499633789062500e+00,-4.305074310302734375e+01,-4.302653121948242188e+01,-2.017063140869140625e+00,-3.857658386230468750e+01,-3.890599441528320312e+01
1.380722045898437500e+00,-4.024170303344726562e+01,-4.026941680908203125e+01,-1.347381591796875000e+00,-4.146016693115234375e+01,-4.150047683715820312e+01,1.332164764404296875e+00,-4.026324462890625000e+01,-4.020035934448242188e+01,-1.405914306640625000e+00,-4.146694946289062500e+01,-4.146075439453125000e+01,-1.382717132568359375e+00,-4.021994781494140625e+01,-4.014333724975585938e+01,1.300350189208984375e+00,-4.145568466186523438e+01,-4.147097778320312500e+01,-1.360084533691406250e+00,-4.019841766357421875e+01,-4.024431228637695312e+01,1.330772399902343750e+00,-4.144361495971679688e+01,-4.158350372314453125e+01
4.546020507812500000e+00,-3.781803131103515625e+01,-3.772772216796875000e+01,-4.045783996582031250e+00,-4.406940460205078125e+01,-4.425466537475585938e+01,4.348655700683593750e+00,-3.798109817504882812e+01,-3.756743240356445312e+01,-4.534439086914062500e+00,-4.371877670288085938e+01,-4.408939361572265625e+01,-4.412990570068359375e+00,-3.751366043090820312e+01,-3.753365325927734375e+01,4.134574890136718750e+00,-4.383367919921875000e+01,-4.391341781616210938e+01,-4.464927673339843750e+00,-3.755022048950195312e+01,-3.764526367187500000e+01,4.408649444580078125e+00,-4.411795806884765625e+01,-4.404206085205078125e+01
7.146091461181640625e+00,-3.573600769042968750e+01,-3.553380584716796875e+01,-6.284290313720703125e+00,-4.629440307617187500e+01,-4.657700729370117188e+01,6.853721618652343750e+00,-3.600317764282226562e+01,-3.533405303955078125e+01,-7.089805603027343750e+00,-4.564767074584960938e+01,-4.633087539672851562e+01,-6.900897979736328125e+00,-3.520840835571289062e+01,-3.535190200805664062e+01,6.508022308349609375e+00,-4.587588119506835938e+01,-4.599543380737304688e+01,-7.026592254638671875e+00,-3.530300521850585938e+01,-3.541574096679687500e+01,6.966167449951171875e+00,-4.640642929077148438e+01,-4.607713317871093750e+01
7.660251617431640625e+00,-3.527412796020507812e+01,-3.504019165039062500e+01,-6.738300323486328125e+00,-4.677851104736328125e+01,-4.706808471679687500e+01,7.366210937500000000e+00,-3.555584716796875000e+01,-3.485380554199218750e+01,-7.586856842041015625e+00,-4.607270050048828125e+01,-4.682060241699218750e+01,-7.394248962402343750e+00,-3.470809173583984375e+01,-3.490048217773437500e+01,7.002319335937500000e+00,-4.632870864868164062e+01,-4.644755935668945312e+01,-7.539489746093750000e+00,-3.481659698486328125e+01,-3.492287826538085938e+01,7.492134094238281250e+00,-4.691034317016601562e+01,-4.649040222167968750e+01
6.401359558105468750e+00,-3.616023254394531250e+01,-3.595952224731445312e+01,-5.687171936035156250e+00,-4.581359863281250000e+01,-4.602615737915039062e+01,6.188827514648437500e+00,-3.637321090698242188e+01,-3.583750915527343750e+01,-6.329193115234375000e+00,-4.524648666381835938e+01,-4.584645843505859375e+01,-6.185577392578125000e+00,-3.571004104614257812e+01,-3.590370178222656250e+01,5.919281005859375000e+00,-4.546301269531250000e+01,-4.554193878173828125e+01,-6.314357757568359375e+00,-3.580621337890625000e+01,-3.587454605102539062e+01,6.293506622314453125e+00,-4.592621231079101562e+01,-4.552132415771484375e+01
3.753398895263671875e+00,-3.810527420043945312e+01,-3.799052429199218750e+01,-3.456249237060546875e+00,-4.371083068847656250e+01,-4.378181076049804688e+01,3.684860229492187500e+00,-3.818448638916015625e+01,-3.797047042846679688e+01,-3.697620391845703125e+00,-4.343717956542968750e+01,-4.372133636474609375e+01,-3.641933441162109375e+00,-3.789149093627929688e+01,-3.804734802246093750e+01,3.597984313964843750e+00,-4.356048965454101562e+01,-4.357118988037109375e+01,-3.726875305175781250e+00,-3.795718002319335938e+01,-3.796121215820312500e+01,3.739006042480468750e+00,-4.377210617065429688e+01,-4.346752929687500000e+01
3.281326293945312500e-01,-4.065936279296875000e+01,-4.066416549682617188e+01,-5.596313476562500000e-01,-4.095537948608398438e+01,-4.085314941406250000e+01,4.325065612792968750e-01,-4.057168579101562500e+01,-4.076118087768554688e+01,-3.006172180175781250e-01,-4.106226348876953125e+01,-4.093582534790039062e+01,-3.513870239257812500e-01,-4.074985122680664062e+01,-4.083658981323242188e+01,5.722198486328125000e-01,-4.105872344970703125e+01,-4.099085235595703125e+01,-3.746414184570312500e-01,-4.077411651611328125e+01,-4.070132064819335938e+01,4.175148010253906250e-01,-4.094515228271484375e+01,-4.080487823486328125e+01
-3.047271728515625000e+00,-4.320560455322265625e+01,-4.333496856689453125e+01,2.303504943847656250e+00,-3.821306610107421875e+01,-3.794758605957031250e+01,-2.783065795898437500e+00,-4.295875549316406250e+01,-4.353674316406250000e+01,3.041023254394531250e+00,-3.869480514526367188e+01,-3.816287994384765625e+01,2.891036987304687500e+00,-4.359563827514648438e+01,-4.359772872924804688e+01,-2.428260803222656250e+00,-3.856097030639648438e+01,-3.842399597167968750e+01,2.932544708251953125e+00,-4.357754135131835938e+01,-4.343371963500976562e+01,-2.869377136230468750e+00,-3.812788391113281250e+01,-3.817647171020507812e+01
-6.036792755126953125e+00,-4.555316925048828125e+01,-4.580735015869140625e+01,4.868892669677734375e+00,-3.569589996337890625e+01,-3.530807495117187500e+01,-5.653335571289062500e+00,-4.518269729614257812e+01,-4.607394409179687500e+01,5.983806610107421875e+00,-3.651426696777343750e+01,-3.562482070922851562e+01,5.752899169921875000e+00,-4.620914077758789062e+01,-4.608692550659179688e+01,-5.141563415527343750e+00,-3.625075531005859375e+01,-3.606935119628906250e+01,5.872070312500000000e+00,-4.613356018066406250e+01,-4.595269012451171875e+01,-5.804016113281250000e+00,-3.553946685791015625e+01,-3.584451293945312500e+01
-7.334842681884765625e+00,-4.663196563720703125e+01,-4.694916534423828125e+01,6.001899719238281250e+00,-3.454563522338867188e+01,-3.411910247802734375e+01,-6.912937164306640625e+00,-4.621885681152343750e+01,-4.722614669799804688e+01,7.250930786132812500e+00,-3.551389312744140625e+01,-3.447037506103515625e+01,6.988338470458984375e+00,-4.740372848510742188e+01,-4.719628524780273438e+01,-6.355178833007812500e+00,-3.518528366088867188e+01,-3.499434661865234375e+01,7.154861450195312500e+00,-4.728908920288085938e+01,-4.710948562622070312e+01,-7.091667175292968750e+00,-3.435619735717773438e+01,-3.483034133911132812e+01
-6.583908081054687500e+00,-4.613978576660156250e+01,-4.643980789184570312e+01,5.387413024902343750e+00,-3.508425140380859375e+01,-3.471221160888671875e+01,-6.214263916015625000e+00,-4.577468109130859375e+01,-4.666928100585937500e+01,6.495326995849609375e+00,-3.597473144531250000e+01,-3.502145767211914062e+01,6.259468078613281250e+00,-4.684287643432617188e+01,-4.661721801757812500e+01,-5.729408264160156250e+00,-3.566555023193359375e+01,-3.550025939941406250e+01,6.427845001220703125e+00,-4.672088623046875000e+01,-4.657903289794921875e+01,-6.376663208007812500e+00,-3.490929412841796875e+01,-3.541168212890625000e+01
-4.335006713867187500e+00,-4.450851058959960938e+01,-4.473581695556640625e+01,3.496051788330078125e+00,-3.685125732421875000e+01,-3.660398101806640625e+01,-4.090080261230468750e+00,-4.425821304321289062e+01,-4.486987304687500000e+01,4.259208679199218750e+00,-3.749566268920898438e+01,-3.680980300903320312e+01,4.097637176513671875e+00,-4.500559616088867188e+01,-4.480580520629882812e+01,-3.762954711914062500e+00,-3.726684188842773438e+01,-3.715589523315429688e+01,4.232948303222656250e+00,-4.490304565429687500e+01,-4.482521820068359375e+01,-4.205940246582031250e+00,-3.672118377685546875e+01,-3.715362167358398438e+01
-1.110481262207031250e+00,-4.211523437500000000e+01,-4.223146057128906250e+01,7.675247192382812500e-01,-3.943803787231445312e+01,-3.935631942749023438e+01,-1.033775329589843750e+00,-4.202043151855468750e+01,-4.224625778198242188e+01,1.061309814453125000e+00,-3.972410202026367188e+01,-3.942164993286132812e+01,1.004417419433593750e+00,-4.231870269775390625e+01,-4.218206787109375000e+01,-9.134979248046875000e-01,-3.961677551269531250e+01,-3.957799911499023438e+01,1.079360961914062500e+00,-4.225823974609375000e+01,-4.225491333007812500e+01,-1.084381103515625000e+00,-3.937205123901367188e+01,-3.965216064453125000e+01
2.313114166259765625e+00,-3.953511047363281250e+01,-3.952914428710937500e+01,-2.140407562255859375e+00,-4.222209167480468750e+01,-4.230682754516601562e+01,2.218727111816406250e+00,-3.959936904907226562e+01,-3.943047714233398438e+01,-2.328601837158203125e+00,-4.212389755249023438e+01,-4.222854232788085938e+01,-2.275615692138671875e+00,-3.942943191528320312e+01,-3.937777709960937500e+01,2.131576538085937500e+00,-4.214905929565429688e+01,-4.218423843383789062e+01,-2.273757934570312500e+00,-3.942389678955078125e+01,-3.948630523681640625e+01,2.235420227050781250e+00,-4.222410202026367188e+01,-4.230666732788085938e+01
5.417594909667968750e+00,-3.712928771972656250e+01,-3.700280380249023438e+01,-4.793754577636718750e+00,-4.480683517456054688e+01,-4.502688598632812500e+01,5.185970306396484375e+00,-3.732860565185546875e+01,-3.682600784301757812e+01,-5.392494201660156250e+00,-4.435734939575195312e+01,-4.483262634277343750e+01,-5.247440338134765625e+00,-3.674943923950195312e+01,-3.680634689331054688e+01,4.925483703613281250e+00,-4.450914764404296875e+01,-4.460349273681640625e+01,-5.322528839111328125e+00,-3.680391311645507812e+01,-3.690750885009765625e+01,5.263576507568359375e+00,-4.487590789794921875e+01,-4.472310638427734375e+01
7.535381317138671875e+00,-3.541309356689453125e+01,-3.519222259521484375e+01,-6.622104644775390625e+00,-4.663749694824218750e+01,-4.693199920654296875e+01,7.232261657714843750e+00,-3.569441223144531250e+01,-3.499102020263671875e+01,-7.470596313476562500e+00,-4.594618988037109375e+01,-4.667663955688476562e+01,-7.273368835449218750e+00,-3.485319519042968750e+01,-3.502062225341796875e+01,6.868919372558593750e+00,-4.619259643554687500e+01,-4.631637573242187500e+01,-7.411483764648437500e+00,-3.495755386352539062e+01,-3.507028961181640625e+01,7.352928161621093750e+00,-4.676039505004882812e+01,-4.638388061523437500e+01
7.469730377197265625e+00,-3.539964675903320312e+01,-3.516909027099609375e+01,-6.581260681152343750e+00,-4.664012527465820312e+01,-4.691592025756835938e+01,7.190898895263671875e+00,-3.566987991333007812e+01,-3.499600982666015625e+01,-7.395095825195312500e+00,-4.595515441894531250e+01,-4.668115234375000000e+01,-7.211490631103515625e+00,-3.485202026367187500e+01,-3.504882049560546875e+01,6.842823028564453125e+00,-4.620617675781250000e+01,-4.631745910644531250e+01,-7.355178833007812500e+00,-3.495914077758789062e+01,-3.505798339843750000e+01,7.314167022705078125e+00,-4.677022552490234375e+01,-4.634547042846679688e+01
5.776802062988281250e+00,-3.661494445800781250e+01,-3.643366622924804688e+01,-5.162044525146484375e+00,-4.532135772705078125e+01,-4.549947357177734375e+01,5.599628448486328125e+00,-3.679578399658203125e+01,-3.633734130859375000e+01,-5.707786560058593750e+00,-4.482334136962890625e+01,-4.534907150268554688e+01,-5.585678100585937500e+00,-3.622079849243164062e+01,-3.640760421752929688e+01,5.374053955078125000e+00,-4.501846313476562500e+01,-4.508040237426757812e+01,-5.704612731933593750e+00,-3.630998992919921875e+01,-3.636243438720703125e+01,5.692718505859375000e+00,-4.542238616943359375e+01,-4.503760147094726562e+01
2.836193084716796875e+00,-3.878609466552734375e+01,-3.870265197753906250e+01,-2.681537628173828125e+00,-4.297588729858398438e+01,-4.299968338012695312e+01,2.815074920654296875e+00,-3.882007598876953125e+01,-3.871510314941406250e+01,-2.787399291992187500e+00,-4.280409240722656250e+01,-4.297843933105468750e+01,-2.760803222656250000e+00,-3.865383911132812500e+01,-3.879288482666015625e+01,2.789741516113281250e+00,-4.289398574829101562e+01,-4.288277816772460938e+01,-2.829658508300781250e+00,-3.870859527587890625e+01,-3.869157028198242188e+01,2.851047515869140625e+00,-4.301845169067382812e+01,-4.275500106811523438e+01
-6.631813049316406250e-01,-4.140398788452148438e+01,-4.144465255737304688e+01,2.803001403808593750e-01,-4.015286636352539062e+01,-4.000191497802734375e+01,-5.107116699218750000e-01,-4.126899337768554688e+01,-4.157355880737304688e+01,6.814155578613281250e-01,-4.036990356445312500e+01,-4.012444686889648438e+01,6.008949279785156250e-01,-4.158248519897460938e+01,-4.164616394042968750e+01,-3.069763183593750000e-01,-4.032865142822265625e+01,-4.023961639404296875e+01,5.962409973144531250e-01,-4.159448242187500000e+01,-4.150030517578125000e+01,-5.463180541992187500e-01,-4.012114334106445312e+01,-4.003347778320312500e+01
-3.927234649658203125e+00,-4.388229751586914062e+01,-4.404629135131835938e+01,3.053974151611328125e+00,-3.748593521118164062e+01,-3.718099975585937500e+01,-3.624725341796875000e+00,-4.359635162353515625e+01,-4.427136230468750000e+01,3.909812927246093750e+00,-3.806590270996093750e+01,-3.742840957641601562e+01,3.735183715820312500e+00,-4.435046005249023438e+01,-4.432353591918945312e+01,-3.218322753906250000e+00,-3.789605712890625000e+01,-3.774360275268554688e+01,3.796218872070312500e+00,-4.431887054443359375e+01,-4.415992355346679688e+01,-3.729969024658203125e+00,-3.738029861450195312e+01,-3.749041748046875000e+01
-6.659515380859375000e+00,-4.605754852294921875e+01,-4.634026718139648438e+01,5.407924652099609375e+00,-3.515709686279296875e+01,-3.474752426147460938e+01,-6.255187988281250000e+00,-4.566400909423828125e+01,-4.661542129516601562e+01,6.594024658203125000e+00,-3.604624938964843750e+01,-3.508239746093750000e+01,6.347698211669921875e+00,-4.676869583129882812e+01,-4.661248779296875000e+01,-5.715774536132812500e+00,-3.575350952148437500e+01,-3.556557846069335938e+01,6.486083984375000000e+00,-4.667826461791992188e+01,-4.649368286132812500e+01,-6.419658660888671875e+00,-3.498479461669921875e+01,-3.535763931274414062e+01
-7.292095184326171875e+00,-4.662043762207031250e+01,-4.693890380859375000e+01,5.972309112548828125e+00,-3.456018066406250000e+01,-3.414076232910156250e+01,-6.876510620117187500e+00,-4.621315002441406250e+01,-4.720833587646484375e+01,7.205062866210937500e+00,-3.552531814575195312e+01,-3.448728942871093750e+01,6.944602966308593750e+00,-4.738841247558593750e+01,-4.717140960693359375e+01,-6.329307556152343750e+00,-3.519542694091796875e+01,-3.500839233398437500e+01,7.115291595458984375e+00,-4.726899719238281250e+01,-4.709669113159179688e+01,-7.054069519042968750e+00,-3.437134552001953125e+01,-3.486334991455078125e+01
-6.086776733398437500e+00,-4.578480529785156250e+01,-4.606949615478515625e+01,4.971115112304687500e+00,-3.546933746337890625e+01,-3.512626647949218750e+01,-5.745819091796875000e+00,-4.544607543945312500e+01,-4.627613830566406250e+01,6.000099182128906250e+00,-3.630595397949218750e+01,-3.541183471679687500e+01,5.780868530273437500e+00,-4.644229507446289062e+01,-4.621955490112304688e+01,-5.297943115234375000e+00,-3.601379394531250000e+01,-3.586124038696289062e+01,5.943294525146484375e+00,-4.632312393188476562e+01,-4.619717407226562500e+01,-5.897830963134765625e+00,-3.530429458618164062e+01,-3.579669952392578125e+01
-3.497421264648437500e+00,-4.389093017578125000e+01,-4.408986282348632812e+01,2.788501739501953125e+00,-3.751921081542968750e+01,-3.731594085693359375e+01,-3.296966552734375000e+00,-4.368166732788085938e+01,-4.419156646728515625e+01,3.427955627441406250e+00,-3.807096481323242188e+01,-3.748467254638671875e+01,3.293701171875000000e+00,-4.431152725219726562e+01,-4.412625122070312500e+01,-3.024955749511718750e+00,-3.787329864501953125e+01,-3.778143692016601562e+01,3.414287567138671875e+00,-4.421883392333984375e+01,-4.416170501708984375e+01,-3.395732879638671875e+00,-3.740582275390625000e+01,-3.780252075195312500e+01
-1.315536499023437500e-01,-4.138140106201171875e+01,-4.146308898925781250e+01,-6.288146972656250000e-02,-4.023038101196289062e+01,-4.019716644287109375e+01,-1.045265197753906250e-01,-4.133267974853515625e+01,-4.144414138793945312e+01,9.148025512695312500e-02,-4.040691375732421875e+01,-4.022088623046875000e+01,6.614303588867187500e-02,-4.149618911743164062e+01,-4.138205718994140625e+01,-4.472732543945312500e-02,-4.033713150024414062e+01,-4.031974792480468750e+01,1.210556030273437500e-01,-4.145040512084960938e+01,-4.146724700927734375e+01,-1.356544494628906250e-01,-4.018381500244140625e+01,-4.041096496582031250e+01
3.194103240966796875e+00,-3.886431121826171875e+01,-3.882619857788085938e+01,-2.890590667724609375e+00,-4.294498825073242188e+01,-4.307098770141601562e+01,3.057041168212890625e+00,-3.896842956542968750e+01,-3.870056915283203125e+01,-3.199958801269531250e+00,-4.274736404418945312e+01,-4.295669174194335938e+01,-3.118938446044921875e+00,-3.867954254150390625e+01,-3.865293121337890625e+01,2.918556213378906250e+00,-4.280725097656250000e+01,-4.286097717285156250e+01,-3.137439727783203125e+00,-3.868994140625000000e+01,-3.876682662963867188e+01,3.090629577636718750e+00,-4.296460342407226562e+01,-4.299015808105468750e+01
6.186161041259765625e+00,-3.651580810546875000e+01,-3.635655593872070312e+01,-5.454902648925781250e+00,-4.546271896362304688e+01,-4.571201324462890625e+01,5.925945281982421875e+00,-3.674620819091796875e+01,-3.616739654541015625e+01,-6.148181915283203125e+00,-4.492579269409179688e+01,-4.549344635009765625e+01,-5.982975006103515625e+00,-3.606986999511718750e+01,-3.616229248046875000e+01,5.626022338867187500e+00,-4.511082839965820312e+01,-4.521724700927734375e+01,-6.079517364501953125e+00,-3.614116668701171875e+01,-3.625054168701171875e+01,6.019039154052734375e+00,-4.555039215087890625e+01,-4.532445526123046875e+01
7.689308166503906250e+00,-3.528001022338867188e+01,-3.505035018920898438e+01,-6.756397247314453125e+00,-4.677740859985351562e+01,-4.707525253295898438e+01,7.384525299072265625e+00,-3.556662750244140625e+01,-3.485153961181640625e+01,-7.620269775390625000e+00,-4.606879043579101562e+01,-4.681867218017578125e+01,-7.421627044677734375e+00,-3.470854949951171875e+01,-3.488797378540039062e+01,7.013916015625000000e+00,-4.632276916503906250e+01,-4.644714355468750000e+01,-7.564422607421875000e+00,-3.481583404541015625e+01,-3.492825317382812500e+01,7.509311676025390625e+00,-4.690606689453125000e+01,-4.650742340087890625e+01
7.148532867431640625e+00,-3.562385940551757812e+01,-3.540141296386718750e+01,-6.313518524169921875e+00,-4.639561462402343750e+01,-4.665128707885742188e+01,6.891139984130859375e+00,-3.587630462646484375e+01,-3.524552917480468750e+01,-7.073890686035156250e+00,-4.574599838256835938e+01,-4.643435287475585938e+01,-6.903129577636718750e+00,-3.510596847534179688e+01,-3.530402755737304688e+01,6.567474365234375000e+00,-4.598717117309570312e+01,-4.608790969848632812e+01,-7.042827606201171875e+00,-3.521004486083984375e+01,-3.529883956909179688e+01,7.009101867675781250e+00,-4.652105712890625000e+01,-4.609856796264648438e+01
5.051765441894531250e+00,-3.714663696289062500e+01,-3.698869705200195312e+01,-4.551460266113281250e+00,-4.474642181396484375e+01,-4.488554763793945312e+01,4.914318084716796875e+00,-3.729070663452148438e+01,-3.692063903808593750e+01,-4.987075805664062500e+00,-4.432874298095703125e+01,-4.476804351806640625e+01,-4.889202117919921875e+00,-3.681724548339843750e+01,-3.699417114257812500e+01,4.739013671875000000e+00,-4.449848175048828125e+01,-4.454151153564453125e+01,-4.996257781982421875e+00,-3.689814758300781250e+01,-3.693283843994140625e+01,4.993675231933593750e+00,-4.483351135253906250e+01,-4.447539520263671875e+01
1.873821258544921875e+00,-3.950302886962890625e+01,-3.945301818847656250e+01,-1.867897033691406250e+00,-4.220233154296875000e+01,-4.217728042602539062e+01,1.901519775390625000e+00,-3.948999023437500000e+01,-3.949860000610351562e+01,-1.832809448242187500e+00,-4.213745117187500000e+01,-4.219645690917968750e+01,-1.836273193359375000e+00,-3.945625686645507812e+01,-3.957627868652343750e+01,1.940055847167968750e+00,-4.219183731079101562e+01,-4.215835571289062500e+01,-1.887889862060546875e+00,-3.949941635131835938e+01,-3.946069335937500000e+01,1.918144226074218750e+00,-4.222490692138671875e+01,-4.200698852539062500e+01
-1.630905151367187500e+00,-4.213328933715820312e+01,-4.220951843261718750e+01,1.100978851318359375e+00,-3.936726760864257812e+01,-3.916934585571289062e+01,-1.432357788085937500e+00,-4.195254516601562500e+01,-4.236870574951171875e+01,1.639598846435546875e+00,-3.969179534912109375e+01,-3.933009338378906250e+01,1.530502319335937500e+00,-4.239769363403320312e+01,-4.243748855590820312e+01,-1.166782379150390625e+00,-3.961329650878906250e+01,-3.950426864624023438e+01,1.544319152832031250e+00,-4.239758300781250000e+01,-4.228292083740234375e+01,-1.488349914550781250e+00,-3.931417465209960938e+01,-3.928004074096679688e+01
-4.830329895019531250e+00,-4.459267425537109375e+01,-4.479441833496093750e+01,3.829460144042968750e+00,-3.672420501708984375e+01,-3.638258743286132812e+01,-4.491821289062500000e+00,-4.426969909667968750e+01,-4.503886032104492188e+01,4.798599243164062500e+00,-3.740608215332031250e+01,-3.666071319580078125e+01,4.599334716796875000e+00,-4.514131164550781250e+01,-4.507621765136718750e+01,-4.038757324218750000e+00,-3.719685363769531250e+01,-3.703107070922851562e+01,4.684337615966796875e+00,-4.509171295166015625e+01,-4.492217636108398438e+01,-4.616333007812500000e+00,-3.659722137451171875e+01,-3.678623962402343750e+01
-7.134185791015625000e+00,-4.644984436035156250e+01,-4.675557708740234375e+01,5.821170806884765625e+00,-3.473901367187500000e+01,-3.431475830078125000e+01,-6.715934753417968750e+00,-4.604006195068359375e+01,-4.703470993041992188e+01,7.057765960693359375e+00,-3.568249511718750000e+01,-3.466194915771484375e+01,6.800415039062500000e+00,-4.720287322998046875e+01,-4.701671218872070312e+01,-6.157985687255859375e+00,-3.536640548706054688e+01,-3.517481994628906250e+01,6.954986572265625000e+00,-4.709963226318359375e+01,-4.691429901123046875e+01,-6.891059875488281250e+00,-3.455413818359375000e+01,-3.498598480224609375e+01
-7.115951538085937500e+00,-4.650863265991210938e+01,-4.682356262207031250e+01,5.829360961914062500e+00,-3.468296051025390625e+01,-3.427721023559570312e+01,-6.713375091552734375e+00,-4.611327362060546875e+01,-4.708076858520507812e+01,7.027206420898437500e+00,-3.563015365600585938e+01,-3.461337280273437500e+01,6.773166656494140625e+00,-4.726050949096679688e+01,-4.703736877441406250e+01,-6.184684753417968750e+00,-3.530430603027343750e+01,-3.512380981445312500e+01,6.945175170898437500e+00,-4.713841629028320312e+01,-4.697609329223632812e+01,-6.887046813964843750e+00,-3.449748229980468750e+01,-3.499968338012695312e+01
-5.478302001953125000e+00,-4.534469223022460938e+01,-4.560986709594726562e+01,4.459770202636718750e+00,-3.594619750976562500e+01,-3.563719940185546875e+01,-5.171321868896484375e+00,-4.503723526000976562e+01,-4.579028701782226562e+01,5.394893646240234375e+00,-3.671636199951171875e+01,-3.589460372924804688e+01,5.195793151855468750e+00,-4.594640350341796875e+01,-4.573005676269531250e+01,-4.766593933105468750e+00,-3.644580078125000000e+01,-3.630808258056640625e+01,5.349582672119140625e+00,-4.583216094970703125e+01,-4.572393798828125000e+01,-5.310722351074218750e+00,-3.579331207275390625e+01,-3.626799774169921875e+01
-2.597152709960937500e+00,-4.322365188598632812e+01,-4.339167404174804688e+01,2.026973724365234375e+00,-3.824054718017578125e+01,-3.808370971679687500e+01,-2.443840026855468750e+00,-4.305794525146484375e+01,-4.345977020263671875e+01,2.534988403320312500e+00,-3.869234466552734375e+01,-3.821309280395507812e+01,2.429981231689453125e+00,-4.356221008300781250e+01,-4.339414978027343750e+01,-2.229839324951171875e+00,-3.852851867675781250e+01,-3.845686721801757812e+01,2.533935546875000000e+00,-4.348102951049804688e+01,-4.344501113891601562e+01,-2.524333953857421875e+00,-3.814505004882812500e+01,-3.850006103515625000e+01
8.441581726074218750e-01,-4.064692687988281250e+01,-4.069387817382812500e+01,-8.914184570312500000e-01,-4.102302932739257812e+01,-4.103744506835937500e+01,8.222579956054687500e-01,-4.064367294311523438e+01,-4.064231491088867188e+01,-8.747634887695312500e-01,-4.109011077880859375e+01,-4.102011871337890625e+01,-8.687438964843750000e-01,-4.067356109619140625e+01,-4.058324050903320312e+01,8.226966857910156250e-01,-4.105801010131835938e+01,-4.106176376342773438e+01,-8.344726562500000000e-01,-4.064319610595703125e+01,-4.067908477783203125e+01,8.103599548339843750e-01,-4.099581527709960938e+01,-4.116743469238281250e+01
4.020267486572265625e+00,-3.823080062866210938e+01,-3.816194152832031250e+01,-3.595268249511718750e+00,-4.362701034545898438e+01,-4.379066467285156250e+01,3.844264984130859375e+00,-3.837162017822265625e+01,-3.801259613037109375e+01,-4.016418457031250000e+00,-4.333591461181640625e+01,-4.364342880249023438e+01,-3.909492492675781250e+00,-3.797219467163085938e+01,-3.797122955322265625e+01,3.658805847167968750e+00,-4.342883682250976562e+01,-4.349945449829101562e+01,-3.947887420654296875e+00,-3.799839782714843750e+01,-3.808749389648437500e+01,3.893604278564453125e+00,-4.366341018676757812e+01,-4.363159561157226562e+01
6.837581634521484375e+00,-3.598899078369140625e+01,-3.580094909667968750e+01,-6.017093658447265625e+00,-4.602492523193359375e+01,-4.629738616943359375e+01,6.554927825927734375e+00,-3.624471282958984375e+01,-3.560375976562500000e+01,-6.787574768066406250e+00,-4.541358947753906250e+01,-4.605962753295898438e+01,-6.606021881103515625e+00,-3.548748779296875000e+01,-3.561339569091796875e+01,6.223316192626953125e+00,-4.562762451171875000e+01,-4.574330902099609375e+01,-6.721931457519531250e+00,-3.557421112060546875e+01,-3.568652343750000000e+01,6.661148071289062500e+00,-4.612892913818359375e+01,-4.583496475219726562e+01
7.708415985107421875e+00,-3.524787902832031250e+01,-3.501413726806640625e+01,-6.776725769042968750e+00,-4.680863571166992188e+01,-4.710304641723632812e+01,7.408683776855468750e+00,-3.553319549560546875e+01,-3.482211303710937500e+01,-7.636268615722656250e+00,-4.609763336181640625e+01,-4.685077667236328125e+01,-7.440338134765625000e+00,-3.467661285400390625e+01,-3.486518859863281250e+01,7.039875030517578125e+00,-4.635429382324218750e+01,-4.647601699829101562e+01,-7.585403442382812500e+00,-3.478515243530273438e+01,-3.489441299438476562e+01,7.534950256347656250e+00,-4.694015121459960938e+01,-4.652593612670898438e+01
6.702270507812500000e+00,-3.594281387329101562e+01,-3.573307037353515625e+01,-5.939769744873046875e+00,-4.604925918579101562e+01,-4.627882766723632812e+01,6.472152709960937500e+00,-3.617150115966796875e+01,-3.559799957275390625e+01,-6.628879547119140625e+00,-4.544888305664062500e+01,-4.608454132080078125e+01,-6.474586486816406250e+00,-3.546548843383789062e+01,-3.566160583496093750e+01,6.181060791015625000e+00,-4.567550659179687500e+01,-4.576296234130859375e+01,-6.607929229736328125e+00,-3.556492233276367188e+01,-3.564122772216796875e+01,6.582267761230468750e+00,-4.616722106933593750e+01,-4.575407409667968750e+01
4.239578247070312500e+00,-3.774552154541015625e+01,-3.761442565917968750e+01,-3.866561889648437500e+00,-4.409933853149414062e+01,-4.419563293457031250e+01,4.145503997802734375e+00,-3.784889221191406250e+01,-3.757671356201171875e+01,-4.180305480957031250e+00,-4.377173995971679688e+01,-4.411403656005859375e+01,-4.108970642089843750e+00,-3.748847961425781250e+01,-3.765264511108398438e+01,4.025703430175781250e+00,-4.391256332397460938e+01,-4.393516921997070312e+01,-4.202293395996093750e+00,-3.755992126464843750e+01,-3.757529449462890625e+01,4.209159851074218750e+00,-4.417038726806640625e+01,-4.384504699707031250e+01
8.849487304687500000e-01,-4.024214172363281250e+01,-4.022704315185546875e+01,-1.031120300292968750e+00,-4.140518951416015625e+01,-4.133059692382812500e+01,9.619445800781250000e-01,-4.018123626708984375e+01,-4.030577087402343750e+01,-8.524360656738281250e-01,-4.145020294189453125e+01,-4.139059066772460938e+01,-8.862915039062500000e-01,-4.028318786621093750e+01,-4.038228988647460938e+01,1.065399169921875000e+00,-4.146765518188476562e+01,-4.141197586059570312e+01,-9.198760986328125000e-01,-4.031429290771484375e+01,-4.025366973876953125e+01,9.584197998046875000e-01,-4.140688705444335938e+01,-4.123802947998046875e+01
-2.555889129638671875e+00,-4.283285140991210938e+01,-4.294361877441406250e+01,1.886108398437500000e+00,-3.861415100097656250e+01,-3.837192535400390625e+01,-2.314205169677734375e+00,-4.260881042480468750e+01,-4.313088226318359375e+01,2.554973602294921875e+00,-3.904135894775390625e+01,-3.856850433349609375e+01,2.419033050537109375e+00,-4.317932128906250000e+01,-4.319490051269531250e+01,-1.990173339843750000e+00,-3.892684173583984375e+01,-3.879937744140625000e+01,2.450843811035156250e+00,-4.316750335693359375e+01,-4.303367614746093750e+01,-2.389926910400390625e+00,-3.854021453857421875e+01,-3.855945587158203125e+01
-5.635437011718750000e+00,-4.523175048828125000e+01,-4.546815872192382812e+01,4.522533416748046875e+00,-3.603975296020507812e+01,-3.566683959960937500e+01,-5.266410827636718750e+00,-4.487675476074218750e+01,-4.572800445556640625e+01,5.589866638183593750e+00,-3.681264495849609375e+01,-3.597113418579101562e+01,5.369266510009765625e+00,-4.585205078125000000e+01,-4.574983596801757812e+01,-4.773582458496093750e+00,-3.656745910644531250e+01,-3.639090728759765625e+01,5.476718902587890625e+00,-4.578542709350585938e+01,-4.560786437988281250e+01,-5.408321380615234375e+00,-3.589326477050781250e+01,-3.615797042846679688e+01
-7.300220489501953125e+00,-4.659455490112304688e+01,-4.690896224975585938e+01,5.968776702880859375e+00,-3.458485794067382812e+01,-3.415726470947265625e+01,-6.877727508544921875e+00,-4.618089675903320312e+01,-4.718807220458984375e+01,7.218643188476562500e+00,-3.554835891723632812e+01,-3.450867080688476562e+01,6.956733703613281250e+00,-4.736304092407226562e+01,-4.716235733032226562e+01,-6.317604064941406250e+00,-3.522277832031250000e+01,-3.503084182739257812e+01,7.119716644287109375e+00,-4.725194931030273438e+01,-4.706948471069335938e+01,-7.055927276611328125e+00,-3.439628601074218750e+01,-3.485722351074218750e+01
-6.809700012207031250e+00,-4.629858398437500000e+01,-4.660523986816406250e+01,5.575714111328125000e+00,-3.491173171997070312e+01,-3.452593612670898438e+01,-6.426540374755859375e+00,-4.592105865478515625e+01,-4.684581375122070312e+01,6.720661163330078125e+00,-3.582646942138671875e+01,-3.484628677368164062e+01,6.477172851562500000e+00,-4.702238845825195312e+01,-4.679663467407226562e+01,-5.923954010009765625e+00,-3.550989151000976562e+01,-3.533847808837890625e+01,6.647640228271484375e+00,-4.689975357055664062e+01,-4.674991607666015625e+01,-6.593685150146484375e+00,-3.473228454589843750e+01,-3.523682403564453125e+01
-4.769687652587890625e+00,-4.482751083374023438e+01,-4.506935501098632812e+01,3.862792968750000000e+00,-3.650609588623046875e+01,-3.623561859130859375e+01,-4.501377105712890625e+00,-4.455566024780273438e+01,-4.522068786621093750e+01,4.690822601318359375e+00,-3.719841766357421875e+01,-3.646089172363281250e+01,4.515014648437500000e+00,-4.536434173583984375e+01,-4.515773773193359375e+01,-4.145145416259765625e+00,-3.695360565185546875e+01,-3.683259582519531250e+01,4.657623291015625000e+00,-4.525706100463867188e+01,-4.516802215576171875e+01,-4.626155853271484375e+00,-3.636735153198242188e+01,-3.681690216064453125e+01
-1.651615142822265625e+00,-4.251956176757812500e+01,-4.265473175048828125e+01,1.226200103759765625e+00,-3.900131988525390625e+01,-3.889247131347656250e+01,-1.547195434570312500e+00,-4.239908218383789062e+01,-4.268864059448242188e+01,1.597591400146484375e+00,-3.934780120849609375e+01,-3.898099136352539062e+01,1.523216247558593750e+00,-4.277214050292968750e+01,-4.262366485595703125e+01,-1.393070220947265625e+00,-3.921983337402343750e+01,-3.916915130615234375e+01,1.608917236328125000e+00,-4.270391082763671875e+01,-4.268897628784179688e+01,-1.608642578125000000e+00,-3.892460632324218750e+01,-3.923276901245117188e+01
1.797363281250000000e+00,-3.992634582519531250e+01,-3.993904495239257812e+01,-1.701644897460937500e+00,-4.180027008056640625e+01,-4.186051940917968750e+01,1.728248596191406250e+00,-3.996704101562500000e+01,-3.985663604736328125e+01,-1.818279266357421875e+00,-4.176017379760742188e+01,-4.180351257324218750e+01,-1.781753540039062500e+00,-3.986706161499023438e+01,-3.980142593383789062e+01,1.671592712402343750e+00,-4.176514816284179688e+01,-4.178935623168945312e+01,-1.768325805664062500e+00,-3.985258483886718750e+01,-3.990599060058593750e+01,1.734966278076171875e+00,-4.179201126098632812e+01,-4.190663146972656250e+01
4.942337036132812500e+00,-3.750560760498046875e+01,-3.739895629882812500e+01,-4.385704040527343750e+00,-4.440403366088867188e+01,-4.460529327392578125e+01,4.729190826416015625e+00,-3.768526840209960938e+01,-3.723088836669921875e+01,-4.924732208251953125e+00,-4.400848007202148438e+01,-4.442667770385742188e+01,-4.792461395263671875e+00,-3.716685867309570312e+01,-3.720326995849609375e+01,4.493843078613281250e+00,-4.414007568359375000e+01,-4.422656250000000000e+01,-4.854797363281250000e+00,-3.721143341064453125e+01,-3.731058883666992188e+01,4.797210693359375000e+00,-4.446185302734375000e+01,-4.435164642333984375e+01
7.360187530517578125e+00,-3.555835723876953125e+01,-3.534600830078125000e+01,-6.470294952392578125e+00,-4.648335266113281250e+01,-4.677249908447265625e+01,7.061637878417968750e+00,-3.583315277099609375e+01,-3.514521408081054688e+01,-7.299224853515625000e+00,-4.581195831298828125e+01,-4.652098846435546875e+01,-7.105422973632812500e+00,-3.501275634765625000e+01,-3.516948699951171875e+01,6.706714630126953125e+00,-4.605027008056640625e+01,-4.617218780517578125e+01,-7.238265991210937500e+00,-3.511318206787109375e+01,-3.522563171386718750e+01,7.178424835205078125e+00,-4.660110092163085938e+01,-4.624542999267578125e+01
7.592552185058593750e+00,-3.531716918945312500e+01,-3.508414077758789062e+01,-6.682868957519531250e+00,-4.673072433471679688e+01,-4.701501846313476562e+01,7.304443359375000000e+00,-3.559461593627929688e+01,-3.490312576293945312e+01,-7.518463134765625000e+00,-4.603229522705078125e+01,-4.677249526977539062e+01,-7.329330444335937500e+00,-3.475783538818359375e+01,-3.495254516601562500e+01,6.946449279785156250e+00,-4.628670501708984375e+01,-4.640259552001953125e+01,-7.474205017089843750e+00,-3.486593246459960938e+01,-3.496926116943359375e+01,7.429523468017578125e+00,-4.686215209960937500e+01,-4.643922042846679688e+01
6.138908386230468750e+00,-3.635084152221679688e+01,-3.615819931030273438e+01,-5.466632843017578125e+00,-4.560717391967773438e+01,-4.580513763427734375e+01,5.941390991210937500e+00,-3.655024337768554688e+01,-3.604717254638671875e+01,-6.067981719970703125e+00,-4.506908798217773438e+01,-4.563789367675781250e+01,-5.933494567871093750e+00,-3.592423629760742188e+01,-3.611526107788085938e+01,5.690402984619140625e+00,-4.527667999267578125e+01,-4.534837722778320312e+01,-6.058200836181640625e+00,-3.601750564575195312e+01,-3.607907104492187500e+01,6.041236877441406250e+00,-4.571498107910156250e+01,-4.531814193725585938e+01
3.355369567871093750e+00,-3.840040588378906250e+01,-3.829917144775390625e+01,-3.120140075683593750e+00,-4.339219284057617188e+01,-4.344261169433593750e+01,3.307518005371093750e+00,-3.845993423461914062e+01,-3.829334259033203125e+01,-3.302555084228515625e+00,-4.316273498535156250e+01,-4.339925003051757812e+01,-3.259552001953125000e+00,-3.822200775146484375e+01,-3.837075042724609375e+01,3.247428894042968750e+00,-4.327159881591796875e+01,-4.327270507812500000e+01,-3.337570190429687500e+00,-3.828297424316406250e+01,-3.827781677246093750e+01,3.353809356689453125e+00,-4.344538879394531250e+01,-4.315836715698242188e+01
-1.109848022460937500e-01,-4.098891448974609375e+01,-4.100953292846679688e+01,-1.876602172851562500e-01,-4.060015869140625000e+01,-4.047627639770507812e+01,1.480102539062500000e-02,-4.088022232055664062e+01,-4.112078094482421875e+01,1.344604492187500000e-01,-4.075584411621093750e+01,-4.057668685913085938e+01,7.044219970703125000e-02,-4.111838531494140625e+01,-4.119507980346679688e+01,1.829528808593750000e-01,-4.073564910888671875e+01,-4.065831756591796875e+01,5.538177490234375000e-02,-4.113723754882812500e+01,-4.105492019653320312e+01,-9.292602539062500000e-03,-4.058045959472656250e+01,-4.046322631835937500e+01
-3.419933319091796875e+00,-4.348891067504882812e+01,-4.363251876831054688e+01,2.620216369628906250e+00,-3.790834045410156250e+01,-3.762536621093750000e+01,-3.138881683349609375e+00,-4.322486877441406250e+01,-4.384506988525390625e+01,3.409523010253906250e+00,-3.843141555786132812e+01,-3.785468292236328125e+01,3.249019622802734375e+00,-4.391196441650390625e+01,-4.390348052978515625e+01,-2.760871887207031250e+00,-3.828283309936523438e+01,-3.813880538940429688e+01,3.297950744628906250e+00,-4.388907241821289062e+01,-4.373778152465820312e+01,-3.233268737792968750e+00,-3.781452178955078125e+01,-3.788589477539062500e+01
-6.327228546142578125e+00,-4.578736877441406250e+01,-4.605468368530273438e+01,5.119987487792968750e+00,-3.544557189941406250e+01,-3.504734802246093750e+01,-5.933753967285156250e+00,-4.540597152709960938e+01,-4.632562637329101562e+01,6.268592834472656250e+00,-3.629691314697265625e+01,-3.537277221679687500e+01,6.030384063720703125e+00,-4.646910858154296875e+01,-4.633158111572265625e+01,-5.408782958984375000e+00,-3.601990509033203125e+01,-3.583528137207031250e+01,6.158325195312500000e+00,-4.638677978515625000e+01,-4.620391464233398438e+01,-6.090835571289062500e+00,-3.528181457519531250e+01,-3.561753845214843750e+01
-7.332530975341796875e+00,-4.663930130004882812e+01,-4.695764541625976562e+01,6.002902984619140625e+00,-3.453864669799804688e+01,-3.411444091796875000e+01,-6.912582397460937500e+00,-4.622799682617187500e+01,-4.723188400268554688e+01,7.247062683105468750e+00,-3.550736618041992188e+01,-3.446431732177734375e+01,6.984893798828125000e+00,-4.741091537475585938e+01,-4.719884109497070312e+01,-6.358486175537109375e+00,-3.517753601074218750e+01,-3.498798370361328125e+01,7.153594970703125000e+00,-4.729391479492187500e+01,-4.711719131469726562e+01,-7.091125488281250000e+00,-3.434913635253906250e+01,-3.483208847045898438e+01
-6.378894805908203125e+00,-4.599408340454101562e+01,-4.628787612915039062e+01,5.215950012207031250e+00,-3.524238204956054688e+01,-3.488245773315429688e+01,-6.021217346191406250e+00,-4.563998413085937500e+01,-4.650772476196289062e+01,6.290977478027343750e+00,-3.611071014404296875e+01,-3.518184280395507812e+01,6.062004089355468750e+00,-4.667836761474609375e+01,-4.645355987548828125e+01,-5.551876068115234375e+00,-3.580845642089843750e+01,-3.564851379394531250e+01,6.228084564208984375e+00,-4.655735397338867188e+01,-4.642227554321289062e+01,-6.179317474365234375e+00,-3.507151031494140625e+01,-3.557045745849609375e+01
-3.974174499511718750e+00,-4.424288177490234375e+01,-4.445801925659179688e+01,3.191371917724609375e+00,-3.713859558105468750e+01,-3.691038894653320312e+01,-3.748489379882812500e+00,-4.401033020019531250e+01,-4.457799530029296875e+01,3.901042938232421875e+00,-3.774312973022460938e+01,-3.710016250610351562e+01,3.751255035400390625e+00,-4.470699310302734375e+01,-4.451325988769531250e+01,-3.445247650146484375e+00,-3.752768707275390625e+01,-3.742500305175781250e+01,3.880329132080078125e+00,-4.460858535766601562e+01,-4.453981018066406250e+01,-3.856971740722656250e+00,-3.701571655273437500e+01,-3.743316268920898438e+01
-6.793251037597656250e-01,-4.179240798950195312e+01,-4.189345550537109375e+01,4.018821716308593750e-01,-3.978665542602539062e+01,-3.972638702392578125e+01,-6.245765686035156250e-01,-4.171795654296875000e+01,-4.189327239990234375e+01,6.341133117675781250e-01,-4.002450942993164062e+01,-3.977333831787109375e+01,5.911254882812500000e-01,-4.195678710937500000e+01,-4.182989120483398438e+01,-5.310478210449218750e-01,-3.993368530273437500e+01,-3.990435791015625000e+01,6.573295593261718750e-01,-4.190269470214843750e+01,-4.190838241577148438e+01,-6.665840148925781250e-01,-3.972921752929687500e+01,-3.998634338378906250e+01
2.709274291992187500e+00,-3.923387908935546875e+01,-3.921349716186523438e+01,-2.477645874023437500e+00,-4.254677200317382812e+01,-4.265015411376953125e+01,2.595619201660156250e+00,-3.931613159179687500e+01,-3.910258102416992188e+01,-2.720489501953125000e+00,-4.240389633178710938e+01,-4.255561828613281250e+01,-2.654876708984375000e+00,-3.909261703491210938e+01,-3.905202484130859375e+01,2.485267639160156250e+00,-4.244463348388671875e+01,-4.248818588256835938e+01,-2.662090301513671875e+00,-3.909413528442382812e+01,-3.916320037841796875e+01,2.619934082031250000e+00,-4.255669021606445312e+01,-4.261399841308593750e+01
5.770355224609375000e+00,-3.684856414794921875e+01,-3.670716857910156250e+01,-5.096988677978515625e+00,-4.510708999633789062e+01,-4.534076690673828125e+01,5.525379180908203125e+00,-3.706227874755859375e+01,-3.652438354492187500e+01,-5.739479064941406250e+00,-4.461750411987304688e+01,-4.513517379760742188e+01,-5.585079193115234375e+00,-3.643831634521484375e+01,-3.651111602783203125e+01,5.246585845947265625e+00,-4.478446197509765625e+01,-4.488446807861328125e+01,-5.669864654541015625e+00,-3.650037384033203125e+01,-3.660686492919921875e+01,5.610103607177734375e+00,-4.518463134765625000e+01,-4.499900817871093750e+01
7.619819641113281250e+00,-3.534202575683593750e+01,-3.511669158935546875e+01,-6.695323944091796875e+00,-4.671253585815429688e+01,-4.700933837890625000e+01,7.315135955810546875e+00,-3.562649154663085938e+01,-3.491600799560546875e+01,-7.553016662597656250e+00,-4.601176071166992188e+01,-4.675276184082031250e+01,-7.354660034179687500e+00,-3.477558135986328125e+01,-3.494863510131835938e+01,6.947479248046875000e+00,-4.626210403442382812e+01,-4.638653945922851562e+01,-7.495147705078125000e+00,-3.488143157958984375e+01,-3.499438476562500000e+01,7.437953948974609375e+00,-4.683832550048828125e+01,-4.645125579833984375e+01
7.343811035156250000e+00,-3.548661804199218750e+01,-3.525905609130859375e+01,-6.476512908935546875e+00,-4.654509735107421875e+01,-4.681277465820312500e+01,7.073711395263671875e+00,-3.574975585937500000e+01,-3.509310150146484375e+01,-7.269027709960937500e+00,-4.587397003173828125e+01,-4.658526229858398438e+01,-7.090621948242187500e+00,-3.495073699951171875e+01,-3.514848327636718750e+01,6.735351562500000000e+00,-4.612123489379882812e+01,-4.622822189331054688e+01,-7.232852935791015625e+00,-3.505672073364257812e+01,-3.515143966674804688e+01,7.194953918457031250e+00,-4.667349243164062500e+01,-4.624886322021484375e+01
5.468486785888671875e+00,-3.684062957763671875e+01,-3.666920089721679688e+01,-4.902515411376953125e+00,-4.507724380493164062e+01,-4.523867797851562500e+01,5.308345794677734375e+00,-3.700577926635742188e+01,-3.658505630493164062e+01,-5.401248931884765625e+00,-4.461338043212890625e+01,-4.510238265991210938e+01,-5.289516448974609375e+00,-3.647405242919921875e+01,-3.665686035156250000e+01,5.104232788085937500e+00,-4.479776763916015625e+01,-4.485157394409179688e+01,-5.403450012207031250e+00,-3.655974578857421875e+01,-3.660456085205078125e+01,5.395641326904296875e+00,-4.517239761352539062e+01,-4.479860305786132812e+01
2.415985107421875000e+00,-3.909883499145507812e+01,-3.902992248535156250e+01,-2.326358795166015625e+00,-4.263840484619140625e+01,-4.264079284667968750e+01,2.416286468505859375e+00,-3.911223220825195312e+01,-3.905694961547851562e+01,-2.370521545410156250e+00,-4.251329040527343750e+01,-4.263728332519531250e+01,-2.357116699218750000e+00,-3.900391006469726562e+01,-3.913481903076171875e+01,2.418933868408203125e+00,-4.258773422241210938e+01,-4.256671524047851562e+01,-2.418487548828125000e+00,-3.905361938476562500e+01,-3.902706527709960938e+01,2.443843841552734375e+00,-4.267228317260742188e+01,-4.242842864990234375e+01
-1.094284057617187500e+00,-4.172858047485351562e+01,-4.178501510620117188e+01,6.458091735839843750e-01,-3.980316925048828125e+01,-3.963121032714843750e+01,-9.211807250976562500e-01,-4.157315063476562500e+01,-4.192752075195312500e+01,1.108337402343750000e+00,-4.006809616088867188e+01,-3.977085494995117188e+01,1.015022277832031250e+00,-4.194535064697265625e+01,-4.199856185913085938e+01,-6.898155212402343750e-01,-4.001029968261718750e+01,-3.991227722167968750e+01,1.018554687500000000e+00,-4.195196533203125000e+01,-4.184861373901367188e+01,-9.658393859863281250e-01,-3.976197052001953125e+01,-3.969788360595703125e+01
-4.336776733398437500e+00,-4.420373153686523438e+01,-4.438471221923828125e+01,3.405433654785156250e+00,-3.714116287231445312e+01,-3.681942749023437500e+01,-4.017745971679687500e+00,-4.390086364746093750e+01,-4.461880111694335938e+01,4.312988281250000000e+00,-3.776732635498046875e+01,-3.708091735839843750e+01,4.127113342285156250e+00,-4.470838928222656250e+01,-4.466454315185546875e+01,-3.589939117431640625e+00,-3.757973480224609375e+01,-3.742109298706054688e+01,4.198890686035156250e+00,-4.466875076293945312e+01,-4.450483322143554688e+01,-4.131694793701171875e+00,-3.702591323852539062e+01,-3.717114257812500000e+01
-6.892868041992187500e+00,-4.624921417236328125e+01,-4.654308319091796875e+01,5.610691070556640625e+00,-3.495271682739257812e+01,-3.453562927246093750e+01,-6.481433868408203125e+00,-4.584747695922851562e+01,-4.682054519653320312e+01,6.822208404541015625e+00,-3.586848449707031250e+01,-3.487674713134765625e+01,6.570400238037109375e+00,-4.698094558715820312e+01,-4.681063461303710938e+01,-5.932468414306640625e+00,-3.556444549560546875e+01,-3.537453079223632812e+01,6.716457366943359375e+00,-4.688451004028320312e+01,-4.669920730590820312e+01,-6.651145935058593750e+00,-3.477426147460937500e+01,-3.517495727539062500e+01
-7.230663299560546875e+00,-4.658338165283203125e+01,-4.690088272094726562e+01,5.923099517822265625e+00,-3.460110473632812500e+01,-3.418692398071289062e+01,-6.820014953613281250e+00,-4.618061447143554688e+01,-4.716548156738281250e+01,7.142700195312500000e+00,-3.556014251708984375e+01,-3.452956771850585938e+01,6.884567260742187500e+00,-4.734575271606445312e+01,-4.712561035156250000e+01,-6.280021667480468750e+00,-3.523138046264648438e+01,-3.504691314697265625e+01,7.056190490722656250e+00,-4.722489929199218750e+01,-4.705667114257812500e+01,-6.996189117431640625e+00,-3.441341781616210938e+01,-3.491088485717773438e+01
-5.831375122070312500e+00,-4.560063934326171875e+01,-4.587721252441406250e+01,4.756656646728515625e+00,-3.566893768310546875e+01,-3.534030151367187500e+01,-5.504798889160156250e+00,-4.527513885498046875e+01,-4.607267379760742188e+01,5.745983123779296875e+00,-3.647771453857421875e+01,-3.561397552490234375e+01,5.535221099853515625e+00,-4.623471069335937500e+01,-4.601437377929687500e+01,-5.075244903564453125e+00,-3.619454574584960938e+01,-3.604829406738281250e+01,5.694160461425781250e+00,-4.611746215820312500e+01,-4.599913024902343750e+01,-5.651493072509765625e+00,-3.550899124145507812e+01,-3.599451828002929688e+01
-3.106845855712890625e+00,-4.360184478759765625e+01,-4.378741073608398438e+01,2.458232879638671875e+00,-3.783175659179687500e+01,-3.764873504638671875e+01,-2.926925659179687500e+00,-4.341153717041015625e+01,-4.387440490722656250e+01,3.040489196777343750e+00,-3.834019088745117188e+01,-3.780033874511718750e+01,2.918949127197265625e+00,-4.398682022094726562e+01,-4.380883407592773438e+01,-2.680206298828125000e+00,-3.815717315673828125e+01,-3.807410812377929688e+01,3.032417297363281250e+00,-4.389902496337890625e+01,-4.385118484497070312e+01,-3.017753601074218750e+00,-3.772613525390625000e+01,-3.810512542724609375e+01
3.005676269531250000e-01,-4.105649185180664062e+01,-4.112284088134765625e+01,-4.297218322753906250e-01,-4.058106994628906250e+01,-4.056903839111328125e+01,3.058624267578125000e-01,-4.102796554565429688e+01,-4.108931732177734375e+01,-3.364944458007812500e-01,-4.070916366577148438e+01,-4.057453155517578125e+01,-3.479614257812500000e-01,-4.113220977783203125e+01,-4.102845382690429688e+01,3.392639160156250000e-01,-4.065603256225585938e+01,-4.064804077148437500e+01,-3.020896911621093750e-01,-4.109315872192382812e+01,-4.111857223510742188e+01,2.832794189453125000e-01,-4.054306793212890625e+01,-4.074597167968750000e+01
3.562053680419921875e+00,-3.858309555053710938e+01,-3.853143692016601562e+01,-3.204216003417968750e+00,-4.324790573120117188e+01,-4.339089965820312500e+01,3.407379150390625000e+00,-3.870368576049804688e+01,-3.839488983154296875e+01,-3.563747406005859375e+00,-4.300867462158203125e+01,-4.326170349121093750e+01,-3.471054077148437500e+00,-3.836534500122070312e+01,-3.834970855712890625e+01,3.247776031494140625e+00,-4.308318328857421875e+01,-4.314456558227539062e+01,-3.498298645019531250e+00,-3.838267517089843750e+01,-3.846523284912109375e+01,3.447967529296875000e+00,-4.327489471435546875e+01,-4.327568817138671875e+01
6.488834381103515625e+00,-3.627203369140625000e+01,-3.609955596923828125e+01,-5.715843200683593750e+00,-4.572301101684570312e+01,-4.598331069946289062e+01,6.217922210693359375e+00,-3.651435089111328125e+01,-3.590631484985351562e+01,-6.445423126220703125e+00,-4.515156173706054688e+01,-4.575561904907226562e+01,-6.272506713867187500e+00,-3.580021667480468750e+01,-3.590769958496093750e+01,5.903015136718750000e+00,-4.534994506835937500e+01,-4.546081542968750000e+01,-6.377872467041015625e+00,-3.587851333618164062e+01,-3.598953247070312500e+01,6.317104339599609375e+00,-4.581819915771484375e+01,-4.556153869628906250e+01
7.714420318603515625e+00,-3.525331497192382812e+01,-3.502126312255859375e+01,-6.779476165771484375e+00,-4.680466079711914062e+01,-4.710181808471679688e+01,7.411048889160156250e+00,-3.554018020629882812e+01,-3.482492446899414062e+01,-7.643859863281250000e+00,-4.609313964843750000e+01,-4.684646606445312500e+01,-7.445915222167968750e+00,-3.468049240112304688e+01,-3.486431121826171875e+01,7.040103912353515625e+00,-4.634890747070312500e+01,-4.647250747680664062e+01,-7.590011596679687500e+00,-3.478853607177734375e+01,-3.489991378784179688e+01,7.536811828613281250e+00,-4.693494033813476562e+01,-4.652859115600585938e+01
6.966590881347656250e+00,-3.575323104858398438e+01,-3.553583526611328125e+01,-6.161293029785156250e+00,-4.625499725341796875e+01,-4.649986648559570312e+01,6.720542907714843750e+00,-3.599590301513671875e+01,-3.538871002197265625e+01,-6.892349243164062500e+00,-4.562544631958007812e+01,-4.629235458374023438e+01,-6.728435516357421875e+00,-3.525194168090820312e+01,-3.544953918457031250e+01,6.410274505615234375e+00,-4.586076354980468750e+01,-4.595596694946289062e+01,-6.865612030029296875e+00,-3.535416412353515625e+01,-3.543773651123046875e+01,6.835357666015625000e+00,-4.637748718261718750e+01,-4.595824813842773438e+01
4.703231811523437500e+00,-3.740327072143554688e+01,-3.725677871704101562e+01,-4.257652282714843750e+00,-4.446908569335937500e+01,-4.458972930908203125e+01,4.584533691406250000e+00,-3.752981948852539062e+01,-3.720188140869140625e+01,-4.640811920166015625e+00,-4.409004211425781250e+01,-4.448773956298828125e+01,-4.554397583007812500e+00,-3.710494995117187500e+01,-3.727658081054687500e+01,4.433128356933593750e+00,-4.424743270874023438e+01,-4.428161239624023438e+01,-4.655601501464843750e+00,-3.718180084228515625e+01,-3.720814514160156250e+01,4.657188415527343750e+00,-4.454933166503906250e+01,-4.420495605468750000e+01
1.439556121826171875e+00,-3.982732009887695312e+01,-3.979256820678710938e+01,-1.500511169433593750e+00,-4.185253524780273438e+01,-4.180566024780273438e+01,1.489009857177734375e+00,-3.979320144653320312e+01,-3.985281372070312500e+01,-1.402221679687500000e+00,-4.183591842651367188e+01,-4.184284210205078125e+01,-1.419086456298828125e+00,-3.981911087036132812e+01,-3.993011856079101562e+01,1.556144714355468750e+00,-4.187414169311523438e+01,-4.183082199096679688e+01,-1.462818145751953125e+00,-3.985699081420898438e+01,-3.980860519409179688e+01,1.496818542480468750e+00,-4.186598968505859375e+01,-4.166934204101562500e+01
-2.045475006103515625e+00,-4.244651031494140625e+01,-4.253814315795898438e+01,1.452770233154296875e+00,-3.903001403808593750e+01,-3.881214904785156250e+01,-1.827484130859375000e+00,-4.224630355834960938e+01,-4.271002960205078125e+01,2.049938201904296875e+00,-3.940057373046875000e+01,-3.898905563354492188e+01,1.928733825683593750e+00,-4.274769973754882812e+01,-4.277682876586914062e+01,-1.535629272460937500e+00,-3.930597305297851562e+01,-3.918860244750976562e+01,1.950576782226562500e+00,-4.274235916137695312e+01,-4.261905670166015625e+01,-1.892288208007812500e+00,-3.896762847900390625e+01,-3.895713043212890625e+01
-5.198665618896484375e+00,-4.488425064086914062e+01,-4.510171127319335938e+01,4.146308898925781250e+00,-3.641181945800781250e+01,-3.605568313598632812e+01,-4.845970153808593750e+00,-4.454648208618164062e+01,-4.535346221923828125e+01,5.160751342773437500e+00,-3.713530731201171875e+01,-3.634595489501953125e+01,4.951644897460937500e+00,-4.546569061279296875e+01,-4.538403320312500000e+01,-4.374462127685546875e+00,-3.690974426269531250e+01,-3.673888015747070312e+01,5.046772003173828125e+00,-4.540843200683593750e+01,-4.523502349853515625e+01,-4.978412628173828125e+00,-3.627597808837890625e+01,-3.649887466430664062e+01
-7.223819732666015625e+00,-4.652590560913085938e+01,-4.683604431152343750e+01,5.900177001953125000e+00,-3.465779876708984375e+01,-3.423124313354492188e+01,-6.802860260009765625e+00,-4.611365509033203125e+01,-4.711577224731445312e+01,7.144973754882812500e+00,-3.561193084716796875e+01,-3.458100509643554688e+01,6.885086059570312500e+00,-4.728726577758789062e+01,-4.709433364868164062e+01,-6.242946624755859375e+00,-3.529101562500000000e+01,-3.509893417358398438e+01,7.043685913085937500e+00,-4.718033218383789062e+01,-4.699590682983398438e+01,-6.979671478271484375e+00,-3.447095870971679688e+01,-3.491648864746093750e+01
-6.996566772460937500e+00,-4.642786407470703125e+01,-4.673971939086914062e+01,5.730850219726562500e+00,-3.477104949951171875e+01,-3.437335205078125000e+01,-6.601776123046875000e+00,-4.603966522216796875e+01,-4.699011230468750000e+01,6.907516479492187500e+00,-3.570568466186523438e+01,-3.470319366455078125e+01,6.657630920410156250e+00,-4.716880035400390625e+01,-4.694406890869140625e+01,-6.083694458007812500e+00,-3.538328933715820312e+01,-3.520649337768554688e+01,6.829299926757812500e+00,-4.704620742797851562e+01,-4.688909530639648438e+01,-6.772895812988281250e+00,-3.458791351318359375e+01,-3.509211730957031250e+01
-5.177196502685546875e+00,-4.512542724609375000e+01,-4.538075256347656250e+01,4.206245422363281250e+00,-3.618362426757812500e+01,-3.589111328125000000e+01,-4.886745452880859375e+00,-4.483318328857421875e+01,-4.554865646362304688e+01,5.095638275146484375e+00,-3.692075729370117188e+01,-3.613479232788085938e+01,4.906467437744140625e+00,-4.569956207275390625e+01,-4.548711013793945312e+01,-4.502799987792968750e+00,-3.666107940673828125e+01,-3.653052520751953125e+01,5.055610656738281250e+00,-4.558814620971679688e+01,-4.548823165893554688e+01,-5.019927978515625000e+00,-3.603674697875976562e+01,-3.650123214721679688e+01
-2.184391021728515625e+00,-4.291668319702148438e+01,-4.307039642333984375e+01,1.677513122558593750e+00,-3.857227706909179688e+01,-3.843648529052734375e+01,-2.052497863769531250e+00,-4.277077484130859375e+01,-4.312344741821289062e+01,2.125736236572265625e+00,-3.897814178466796875e+01,-3.854796600341796875e+01,2.034114837646484375e+00,-4.321767807006835938e+01,-4.305799102783203125e+01,-1.864768981933593750e+00,-3.882993316650390625e+01,-3.876745605468750000e+01,2.130180358886718750e+00,-4.314205551147460938e+01,-4.311536407470703125e+01,-2.124656677246093750e+00,-3.848498535156250000e+01,-3.881989669799804688e+01
1.268714904785156250e+00,-4.032637023925781250e+01,-4.035810470581054688e+01,-1.252189636230468750e+00,-4.136884307861328125e+01,-4.140376281738281250e+01,1.225708007812500000e+00,-4.034275054931640625e+01,-4.029267501831054688e+01,-1.295051574707031250e+00,-4.138822174072265625e+01,-4.136871337890625000e+01,-1.275451660156250000e+00,-4.031470489501953125e+01,-4.023520278930664062e+01,1.200599670410156250e+00,-4.137260055541992188e+01,-4.138549041748046875e+01,-1.250362396240234375e+00,-4.029131698608398438e+01,-4.033514785766601562e+01,1.222133636474609375e+00,-4.135006713867187500e+01,-4.149664688110351562e+01
4.437675476074218750e+00,-3.790323638916015625e+01,-3.781736755371093750e+01,-3.952903747558593750e+00,-4.397810745239257812e+01,-4.415894699096679688e+01,4.244682312011718750e+00,-3.806174087524414062e+01,-3.765927886962890625e+01,-4.427719116210937500e+00,-4.363975524902343750e+01,-4.399736785888671875e+01,-4.309242248535156250e+00,-3.760828399658203125e+01,-3.762388610839843750e+01,4.036468505859375000e+00,-4.375010681152343750e+01,-4.382799148559570312e+01,-4.358371734619140625e+00,-3.764268493652343750e+01,-3.773654937744140625e+01,4.302482604980468750e+00,-4.402414321899414062e+01,-4.395746231079101562e+01
7.084678649902343750e+00,-3.578659820556640625e+01,-3.558725738525390625e+01,-6.231048583984375000e+00,-4.624053955078125000e+01,-4.652118682861328125e+01,6.794189453125000000e+00,-3.605152893066406250e+01,-3.538792800903320312e+01,-7.029701232910156250e+00,-4.560086822509765625e+01,-4.627667236328125000e+01,-6.842216491699218750e+00,-3.526418304443359375e+01,-3.540404891967773438e+01,6.451229095458984375e+00,-4.582622909545898438e+01,-4.594504547119140625e+01,-6.965908050537109375e+00,-3.535717773437500000e+01,-3.546989059448242188e+01,6.905395507812500000e+00,-4.635095214843750000e+01,-4.602890777587890625e+01
7.673854827880859375e+00,-3.526599121093750000e+01,-3.503196716308593750e+01,-6.749324798583984375e+00,-4.678766632080078125e+01,-4.707842636108398438e+01,7.378444671630859375e+00,-3.554863739013671875e+01,-3.484429168701171875e+01,-7.600700378417968750e+00,-4.608037567138671875e+01,-4.682979965209960938e+01,-7.407279968261718750e+00,-3.469855499267578125e+01,-3.489021301269531250e+01,7.013282775878906250e+00,-4.633664703369140625e+01,-4.645618820190429688e+01,-7.552551269531250000e+00,-3.480710220336914062e+01,-3.491408920288085938e+01,7.504520416259765625e+00,-4.691950225830078125e+01,-4.650058746337890625e+01
6.467555999755859375e+00,-3.611228942871093750e+01,-3.590956878662109375e+01,-5.742774963378906250e+00,-4.586554718017578125e+01,-4.608181381225585938e+01,6.251190185546875000e+00,-3.632870483398437500e+01,-3.578472518920898438e+01,-6.395092010498046875e+00,-4.529110717773437500e+01,-4.589894104003906250e+01,-6.249156951904296875e+00,-3.565614700317382812e+01,-3.585039520263671875e+01,5.976924896240234375e+00,-4.550987243652343750e+01,-4.559065628051757812e+01,-6.378967285156250000e+00,-3.575303649902343750e+01,-3.582310104370117188e+01,6.357074737548828125e+00,-4.597934722900390625e+01,-4.557254409790039062e+01
3.857276916503906250e+00,-3.802833175659179688e+01,-3.791007614135742188e+01,-3.543952941894531250e+00,-4.379391479492187500e+01,-4.387028121948242188e+01,3.783317565917968750e+00,-3.811269378662109375e+01,-3.788627624511718750e+01,-3.800743103027343750e+00,-4.350873565673828125e+01,-4.380531692504882812e+01,-3.741725921630859375e+00,-3.780530548095703125e+01,-3.796297454833984375e+01,3.689422607421875000e+00,-4.363579559326171875e+01,-4.364902496337890625e+01,-3.828483581542968750e+00,-3.787223052978515625e+01,-3.787867736816406250e+01,3.839500427246093750e+00,-4.385728836059570312e+01,-4.354821014404296875e+01
4.451560974121093750e-01,-4.057161712646484375e+01,-4.057222747802734375e+01,-6.587409973144531250e-01,-4.104996490478515625e+01,-4.095352554321289062e+01,5.438041687011718750e-01,-4.048955535888671875e+01,-4.066541671752929688e+01,-4.165687561035156250e-01,-4.114384841918945312e+01,-4.103145599365234375e+01,-4.637947082519531250e-01,-4.065171432495117188e+01,-4.074108886718750000e+01,6.759033203125000000e-01,-4.114472961425781250e+01,-4.107940673828125000e+01,-4.892387390136718750e-01,-4.067742538452148438e+01,-4.060717391967773438e+01,5.312271118164062500e-01,-4.104225921630859375e+01,-4.089591979980468750e+01
-2.945751190185546875e+00,-4.312851715087890625e+01,-4.325402832031250000e+01,2.217247009277343750e+00,-3.829599380493164062e+01,-3.803530502319335938e+01,-2.686164855957031250e+00,-4.288637161254882812e+01,-4.345282745361328125e+01,2.940612792968750000e+00,-3.876647949218750000e+01,-3.824675369262695312e+01,2.793525695800781250e+00,-4.350955581665039062e+01,-4.351446533203125000e+01,-2.337703704833984375e+00,-3.863663482666015625e+01,-3.850160980224609375e+01,2.833019256591796875e+00,-4.349275970458984375e+01,-4.335099029541015625e+01,-2.770290374755859375e+00,-3.821315002441406250e+01,-3.825561141967773438e+01
-5.955513000488281250e+00,-4.548788452148437500e+01,-4.573843383789062500e+01,4.798694610595703125e+00,-3.576570892333984375e+01,-3.538085556030273438e+01,-5.574928283691406250e+00,-4.512051773071289062e+01,-4.600372314453125000e+01,5.904067993164062500e+00,-3.657486724853515625e+01,-3.569512557983398438e+01,5.675231933593750000e+00,-4.613663864135742188e+01,-4.601857376098632812e+01,-5.066947937011718750e+00,-3.631508636474609375e+01,-3.613463592529296875e+01,5.791973114013671875e+00,-4.606290435791015625e+01,-4.588265991210937500e+01,-5.723819732666015625e+00,-3.561130523681640625e+01,-3.590800476074218750e+01
-7.331050872802734375e+00,-4.662670898437500000e+01,-4.694344329833984375e+01,5.997894287109375000e+00,-3.455106353759765625e+01,-3.412413787841796875e+01,-6.908843994140625000e+00,-4.621332168579101562e+01,-4.722100067138671875e+01,7.247596740722656250e+00,-3.551871490478515625e+01,-3.447558212280273438e+01,6.985034942626953125e+00,-4.739810562133789062e+01,-4.719199371337890625e+01,-6.350372314453125000e+00,-3.519059753417968750e+01,-3.499938201904296875e+01,7.150878906250000000e+00,-4.728415679931640625e+01,-4.710387802124023438e+01,-7.087524414062500000e+00,-3.436174011230468750e+01,-3.483329010009765625e+01
-6.634529113769531250e+00,-4.617556381225585938e+01,-4.647709655761718750e+01,5.429687500000000000e+00,-3.504539871215820312e+01,-3.467031860351562500e+01,-6.261894226074218750e+00,-4.580770874023437500e+01,-4.670900344848632812e+01,6.545806884765625000e+00,-3.594133377075195312e+01,-3.498202896118164062e+01,6.308254241943359375e+00,-4.688329696655273438e+01,-4.665752792358398438e+01,-5.773128509521484375e+00,-3.563046646118164062e+01,-3.546382904052734375e+01,6.477134704589843750e+00,-4.676111602783203125e+01,-4.661753082275390625e+01,-6.425342559814453125e+00,-3.486943054199218750e+01,-3.537247848510742188e+01
-4.428489685058593750e+00,-4.457720565795898438e+01,-4.480764770507812500e+01,3.574947357177734375e+00,-3.677692413330078125e+01,-3.652470397949218750e+01,-4.178543090820312500e+00,-4.432228851318359375e+01,-4.494538879394531250e+01,4.352012634277343750e+00,-3.743165969848632812e+01,-3.673468780517578125e+01,4.187385559082031250e+00,-4.508283233642578125e+01,-4.488153457641601562e+01,-3.845199584960937500e+00,-3.719938659667968750e+01,-3.708628845214843750e+01,4.324283599853515625e+00,-4.497923660278320312e+01,-4.489902877807617188e+01,-4.296325683593750000e+00,-3.664500427246093750e+01,-3.708121490478515625e+01
-1.224727630615234375e+00,-4.220067214965820312e+01,-4.232090377807617188e+01,8.643913269042968750e-01,-3.934576416015625000e+01,-3.925833511352539062e+01,-1.142177581787109375e+00,-4.210046005249023438e+01,-4.233971405029296875e+01,1.174522399902343750e+00,-3.964459228515625000e+01,-3.932855224609375000e+01,1.113929748535156250e+00,-4.241450119018554688e+01,-4.227532958984375000e+01,-1.014785766601562500e+00,-3.953289794921875000e+01,-3.949161529541015625e+01,1.191158294677734375e+00,-4.235237884521484375e+01,-4.234662628173828125e+01,-1.195068359375000000e+00,-3.927751541137695312e+01,-3.956362152099609375e+01
2.205970764160156250e+00,-3.961647033691406250e+01,-3.961439132690429688e+01,-2.049236297607421875e+00,-4.213438034057617188e+01,-4.221405029296875000e+01,2.116809844970703125e+00,-3.967584991455078125e+01,-3.951907730102539062e+01,-2.222602844238281250e+00,-4.204826354980468750e+01,-4.214017486572265625e+01,-2.173023223876953125e+00,-3.952043533325195312e+01,-3.946582031250000000e+01,2.035976409912109375e+00,-4.206922149658203125e+01,-4.210212326049804688e+01,-2.168746948242187500e+00,-3.951301574707031250e+01,-3.957358169555664062e+01,2.131443023681640625e+00,-4.213425445556640625e+01,-4.222355651855468750e+01
5.320312500000000000e+00,-3.720648193359375000e+01,-3.708408355712890625e+01,-4.710166931152343750e+00,-4.472423171997070312e+01,-4.494046783447265625e+01,5.092414855957031250e+00,-3.740180969238281250e+01,-3.690901565551757812e+01,-5.296764373779296875e+00,-4.428579330444335938e+01,-4.474938201904296875e+01,-5.154308319091796875e+00,-3.683503341674804688e+01,-3.688766479492187500e+01,4.837043762207031250e+00,-4.443343353271484375e+01,-4.452619552612304688e+01,-5.226760864257812500e+00,-3.688745498657226562e+01,-3.699019622802734375e+01,5.168071746826171875e+00,-4.479098892211914062e+01,-4.464704895019531250e+01
7.508552551269531250e+00,-3.543525695800781250e+01,-3.521572113037109375e+01,-6.598937988281250000e+00,-4.661402893066406250e+01,-4.690769958496093750e+01,7.206077575683593750e+00,-3.571552276611328125e+01,-3.501451873779296875e+01,-7.444347381591796875e+00,-4.592572402954101562e+01,-4.665285110473632812e+01,-7.247543334960937500e+00,-3.487747955322265625e+01,-3.504331588745117188e+01,6.844184875488281250e+00,-4.617092895507812500e+01,-4.629442596435546875e+01,-7.384963989257812500e+00,-3.498138046264648438e+01,-3.509397125244140625e+01,7.326091766357421875e+00,-4.673606872558593750e+01,-4.636256790161132812e+01
7.498954772949218750e+00,-3.537974166870117188e+01,-3.514853668212890625e+01,-6.605495452880859375e+00,-4.666193389892578125e+01,-4.693968200683593750e+01,7.218017578125000000e+00,-3.565164947509765625e+01,-3.497368240356445312e+01,-7.424411773681640625e+00,-4.597375488281250000e+01,-4.670314788818359375e+01,-7.239532470703125000e+00,-3.482935333251953125e+01,-3.502579116821289062e+01,6.867614746093750000e+00,-4.622561264038085938e+01,-4.633794784545898438e+01,-7.383533477783203125e+00,-3.493672180175781250e+01,-3.503657913208007812e+01,7.341732025146484375e+00,-4.679238891601562500e+01,-4.636783218383789062e+01
5.855575561523437500e+00,-3.655739593505859375e+01,-3.637362670898437500e+01,-5.228324890136718750e+00,-4.538362121582031250e+01,-4.556603240966796875e+01,5.674003601074218750e+00,-3.674226379394531250e+01,-3.627414321899414062e+01,-5.786128997802734375e+00,-4.487688827514648438e+01,-4.541199493408203125e+01,-5.661346435546875000e+00,-3.615619659423828125e+01,-3.634396362304687500e+01,5.442932128906250000e+00,-4.507473373413085938e+01,-4.513877105712890625e+01,-5.781547546386718750e+00,-3.624628448486328125e+01,-3.630068969726562500e+01,5.768581390380859375e+00,-4.548613739013671875e+01,-4.509865570068359375e+01
2.946582794189453125e+00,-3.870403289794921875e+01,-3.861679077148437500e+01,-2.774806976318359375e+00,-4.306445312500000000e+01,-4.309389495849609375e+01,2.919792175292968750e+00,-3.874343109130859375e+01,-3.862537765502929688e+01,-2.896911621093750000e+00,-4.288040161132812500e+01,-4.306796264648437500e+01,-2.866851806640625000e+00,-3.856196594238281250e+01,-3.870311737060546875e+01,2.887092590332031250e+00,-4.297434234619140625e+01,-4.296573257446289062e+01,-2.937652587890625000e+00,-3.861804962158203125e+01,-3.860353088378906250e+01,2.957962036132812500e+00,-4.310929107666015625e+01,-4.284077072143554688e+01
-5.476455688476562500e-01,-4.131707763671875000e+01,-4.135353469848632812e+01,1.823768615722656250e-01,-4.024651336669921875e+01,-4.010120773315429688e+01,-4.007339477539062500e-01,-4.118757629394531250e+01,-4.147876739501953125e+01,5.669784545898437500e-01,-4.045071029663085938e+01,-4.021912765502929688e+01,4.899063110351562500e-01,-4.148531341552734375e+01,-4.155175781250000000e+01,-2.044219970703125000e-01,-4.041387939453125000e+01,-4.032727050781250000e+01,4.830589294433593750e-01,-4.149874877929687500e+01,-4.140704345703125000e+01,-4.339218139648437500e-01,-4.021731567382812500e+01,-4.012340927124023438e+01
-3.815574645996093750e+00,-4.379483795166015625e+01,-4.395423507690429688e+01,2.958213806152343750e+00,-3.757976531982421875e+01,-3.727946090698242188e+01,-3.517623901367187500e+00,-4.351354598999023438e+01,-4.417678833007812500e+01,3.799842834472656250e+00,-3.814714050292968750e+01,-3.752299499511718750e+01,3.628295898437500000e+00,-4.425305175781250000e+01,-4.423064041137695312e+01,-3.117103576660156250e+00,-3.798210906982421875e+01,-3.783137893676757812e+01,3.686443328857421875e+00,-4.422362899780273438e+01,-4.406608200073242188e+01,-3.620494842529296875e+00,-3.747673034667968750e+01,-3.757745361328125000e+01
-6.593063354492187500e+00,-4.600328445434570312e+01,-4.628288650512695312e+01,5.350284576416015625e+00,-3.521501541137695312e+01,-3.480764007568359375e+01,-6.190841674804687500e+00,-4.561214447021484375e+01,-4.655728149414062500e+01,6.528987884521484375e+00,-3.609657669067382812e+01,-3.514067840576171875e+01,6.284255981445312500e+00,-4.670855712890625000e+01,-4.655620956420898438e+01,-5.654254913330078125e+00,-3.580701828002929688e+01,-3.561971664428710938e+01,6.420501708984375000e+00,-4.661978912353515625e+01,-4.643549346923828125e+01,-6.353832244873046875e+00,-3.504442214965820312e+01,-3.540964126586914062e+01
-7.304054260253906250e+00,-4.662701797485351562e+01,-4.694558334350585938e+01,5.981689453125000000e+00,-3.455283737182617188e+01,-3.413224411010742188e+01,-6.887393951416015625e+00,-4.621871948242187500e+01,-4.721614456176757812e+01,7.217315673828125000e+00,-3.551911163330078125e+01,-3.447962951660156250e+01,6.956390380859375000e+00,-4.739607238769531250e+01,-4.718001556396484375e+01,-6.338531494140625000e+00,-3.518909835815429688e+01,-3.500146865844726562e+01,7.126739501953125000e+00,-4.727711105346679688e+01,-4.710380554199218750e+01,-7.065223693847656250e+00,-3.436379241943359375e+01,-3.485408782958984375e+01
-6.151119232177734375e+00,-4.583103179931640625e+01,-4.611775207519531250e+01,5.025081634521484375e+00,-3.541922760009765625e+01,-3.507246398925781250e+01,-5.806507110595703125e+00,-4.548894500732421875e+01,-4.632725524902343750e+01,6.064144134521484375e+00,-3.626283264160156250e+01,-3.536106491088867188e+01,5.842761993408203125e+00,-4.649442291259765625e+01,-4.627115631103515625e+01,-5.353950500488281250e+00,-3.596842956542968750e+01,-3.581426239013671875e+01,6.006031036376953125e+00,-4.637480926513671875e+01,-4.624689483642578125e+01,-5.959846496582031250e+00,-3.525289154052734375e+01,-3.574687194824218750e+01
-3.599319458007812500e+00,-4.396624374389648438e+01,-4.416865158081054688e+01,2.874641418457031250e+00,-3.743775939941406250e+01,-3.722918701171875000e+01,-3.393486022949218750e+00,-4.375202178955078125e+01,-4.427423477172851562e+01,3.529067993164062500e+00,-3.800081253051757812e+01,-3.740241241455078125e+01,3.391490936279296875e+00,-4.439613723754882812e+01,-4.420900726318359375e+01,-3.114830017089843750e+00,-3.779933929443359375e+01,-3.770516967773437500e+01,3.513908386230468750e+00,-4.430220794677734375e+01,-4.424261474609375000e+01,-3.494335174560546875e+00,-3.732235336303710938e+01,-3.772357177734375000e+01
-2.466888427734375000e-01,-4.146786117553710938e+01,-4.155362701416015625e+01,3.481292724609375000e-02,-4.013704681396484375e+01,-4.009815979003906250e+01,-2.138442993164062500e-01,-4.141374969482421875e+01,-4.153859710693359375e+01,2.055206298828125000e-01,-4.032646942138671875e+01,-4.012675476074218750e+01,1.764640808105468750e-01,-4.159307098388671875e+01,-4.147621154785156250e+01,-1.469764709472656250e-01,-4.025225830078125000e+01,-4.023237228393554688e+01,2.337799072265625000e-01,-4.154551696777343750e+01,-4.156004714965820312e+01,-2.472534179687500000e-01,-4.008818817138671875e+01,-4.032171249389648438e+01
3.093902587890625000e+00,-3.894078063964843750e+01,-3.890634155273437500e+01,-2.805233001708984375e+00,-4.286260986328125000e+01,-4.298395538330078125e+01,2.961654663085937500e+00,-3.904039001464843750e+01,-3.878372192382812500e+01,-3.100883483886718750e+00,-4.267630767822265625e+01,-4.287372589111328125e+01,-3.023052215576171875e+00,-3.876499557495117188e+01,-3.873545455932617188e+01,2.828956604003906250e+00,-4.273222351074218750e+01,-4.278385543823242188e+01,-3.039192199707031250e+00,-3.877353668212890625e+01,-3.884883499145507812e+01,2.993339538574218750e+00,-4.288021087646484375e+01,-4.291241836547851562e+01
6.101753234863281250e+00,-3.658354187011718750e+01,-3.642794036865234375e+01,-5.382198333740234375e+00,-4.539035415649414062e+01,-4.563652038574218750e+01,5.844577789306640625e+00,-3.681058502197265625e+01,-3.624001693725585938e+01,-6.065246582031250000e+00,-4.486304855346679688e+01,-4.542054748535156250e+01,-5.902198791503906250e+00,-3.614484405517578125e+01,-3.623318481445312500e+01,5.548900604248046875e+00,-4.504439163208007812e+01,-4.514953613281250000e+01,-5.996337890625000000e+00,-3.621423339843750000e+01,-3.632307434082031250e+01,5.935974121093750000e+00,-4.547595977783203125e+01,-4.525836563110351562e+01
7.678180694580078125e+00,-3.529043579101562500e+01,-3.506156539916992188e+01,-6.746505737304687500e+00,-4.676658630371093750e+01,-4.706438446044921875e+01,7.373268127441406250e+00,-3.557677459716796875e+01,-3.486224746704101562e+01,-7.609588623046875000e+00,-4.605923080444335938e+01,-4.680766296386718750e+01,-7.410903930664062500e+00,-3.471972274780273438e+01,-3.489787292480468750e+01,7.003040313720703125e+00,-4.631257247924804688e+01,-4.643704223632812500e+01,-7.553276062011718750e+00,-3.482674407958984375e+01,-3.493935775756835938e+01,7.497695922851562500e+00,-4.689471435546875000e+01,-4.649832916259765625e+01
7.192848205566406250e+00,-3.559253692626953125e+01,-3.536889266967773438e+01,-6.350547790527343750e+00,-4.642969512939453125e+01,-4.668804550170898438e+01,6.932636260986328125e+00,-3.584738540649414062e+01,-3.521080017089843750e+01,-7.118141174316406250e+00,-4.577519226074218750e+01,-4.646876525878906250e+01,-6.945671081542968750e+00,-3.507057952880859375e+01,-3.526865005493164062e+01,6.605659484863281250e+00,-4.601776885986328125e+01,-4.611989593505859375e+01,-7.085971832275390625e+00,-3.517510223388671875e+01,-3.526520538330078125e+01,7.051345825195312500e+00,-4.655583190917968750e+01,-4.613270568847656250e+01
5.141677856445312500e+00,-3.708052825927734375e+01,-3.691967010498046875e+01,-4.627223968505859375e+00,-4.481787490844726562e+01,-4.496179199218750000e+01,4.999366760253906250e+00,-3.722913360595703125e+01,-3.684816360473632812e+01,-5.076423645019531250e+00,-4.439022827148437500e+01,-4.484026336669921875e+01,-4.975578308105468750e+00,-3.674311828613281250e+01,-3.692135620117187500e+01,4.817852020263671875e+00,-4.456314468383789062e+01,-4.460847854614257812e+01,-5.084129333496093750e+00,-3.682505798339843750e+01,-3.686191940307617188e+01,5.080444335937500000e+00,-4.490671920776367188e+01,-4.454514312744140625e+01
1.988540649414062500e+00,-3.941743850708007812e+01,-3.936341094970703125e+01,-1.964920043945312500e+00,-4.229466247558593750e+01,-4.227540206909179688e+01,2.010467529296875000e+00,-3.940998458862304688e+01,-3.940509414672851562e+01,-1.946582794189453125e+00,-4.221703720092773438e+01,-4.228979110717773438e+01,-1.946472167968750000e+00,-3.936047744750976562e+01,-3.948284149169921875e+01,2.041431427001953125e+00,-4.227568054199218750e+01,-4.224481201171875000e+01,-2.000175476074218750e+00,-3.940502166748046875e+01,-3.936886978149414062e+01,2.029415130615234375e+00,-4.231964111328125000e+01,-4.209617614746093750e+01
-1.519134521484375000e+00,-4.204893493652343750e+01,-4.212101745605468750e+01,1.006149291992187500e+00,-3.945811843872070312e+01,-3.926557922363281250e+01,-1.325878143310546875e+00,-4.187345123291015625e+01,-4.227676010131835938e+01,1.528968811035156250e+00,-3.977022933959960938e+01,-3.942195892333984375e+01,1.423141479492187500e+00,-4.230341720581054688e+01,-4.234605026245117188e+01,-1.067398071289062500e+00,-3.969605255126953125e+01,-3.958930206298828125e+01,1.434814453125000000e+00,-4.230471420288085938e+01,-4.219239807128906250e+01,-1.379493713378906250e+00,-3.940750885009765625e+01,-3.936708068847656250e+01
-4.729064941406250000e+00,-4.451272583007812500e+01,-4.471017456054687500e+01,3.742408752441406250e+00,-3.680989837646484375e+01,-3.647232055664062500e+01,-4.394508361816406250e+00,-4.419383621215820312e+01,-4.495254516601562500e+01,4.698982238769531250e+00,-3.748033905029296875e+01,-3.674706649780273438e+01,4.502464294433593750e+00,-4.505233383178710938e+01,-4.499168777465820312e+01,-3.946571350097656250e+00,-3.727557373046875000e+01,-3.711122512817382812e+01,4.584716796875000000e+00,-4.500479888916015625e+01,-4.483638000488281250e+01,-4.516849517822265625e+00,-3.668534088134765625e+01,-3.686522674560546875e+01
-7.099586486816406250e+00,-4.642095947265625000e+01,-4.672502136230468750e+01,5.790901184082031250e+00,-3.476983642578125000e+01,-3.434657287597656250e+01,-6.682392120361328125e+00,-4.601227188110351562e+01,-4.700386428833007812e+01,7.024036407470703125e+00,-3.570928573608398438e+01,-3.469280624389648438e+01,6.767570495605468750e+00,-4.717085647583007812e+01,-4.698704528808593750e+01,-6.125534057617187500e+00,-3.539496612548828125e+01,-3.520362091064453125e+01,6.920783996582031250e+00,-4.706877517700195312e+01,-4.688331604003906250e+01,-6.856803894042968750e+00,-3.458579254150390625e+01,-3.501292800903320312e+01
-7.143463134765625000e+00,-4.652690124511718750e+01,-4.684249877929687500e+01,5.851940155029296875e+00,-3.466299438476562500e+01,-3.425531005859375000e+01,-6.739013671875000000e+00,-4.612983322143554688e+01,-4.710137557983398438e+01,7.054840087890625000e+00,-3.561305618286132812e+01,-3.459297180175781250e+01,6.799831390380859375e+00,-4.728129959106445312e+01,-4.705870437622070312e+01,-6.207752227783203125e+00,-3.528645324707031250e+01,-3.510506439208984375e+01,6.971820831298828125e+00,-4.715941238403320312e+01,-4.699578094482421875e+01,-6.913284301757812500e+00,-3.447698211669921875e+01,-3.497838973999023438e+01
-5.555160522460937500e+00,-4.540052032470703125e+01,-4.566819763183593750e+01,4.524425506591796875e+00,-3.588572692871093750e+01,-3.557247924804687500e+01,-5.243934631347656250e+00,-4.508915710449218750e+01,-4.585185241699218750e+01,5.471298217773437500e+00,-3.666430664062500000e+01,-3.583340454101562500e+01,5.269668579101562500e+00,-4.600927352905273438e+01,-4.579201126098632812e+01,-4.833835601806640625e+00,-3.639099121093750000e+01,-3.625143051147460938e+01,5.424606323242187500e+00,-4.589435195922851562e+01,-4.578395843505859375e+01,-5.384922027587890625e+00,-3.573130416870117188e+01,-3.620846176147460938e+01
-2.705539703369140625e+00,-4.330415725708007812e+01,-4.347591400146484375e+01,2.118690490722656250e+00,-3.815353393554687500e+01,-3.799115753173828125e+01,-2.546585083007812500e+00,-4.313323211669921875e+01,-4.354800796508789062e+01,2.642475128173828125e+00,-3.861738586425781250e+01,-3.812524795532226562e+01,2.533958435058593750e+00,-4.365258026123046875e+01,-4.348237609863281250e+01,-2.325649261474609375e+00,-3.844947433471679688e+01,-3.837540054321289062e+01,2.639957427978515625e+00,-4.356997299194335938e+01,-4.353146362304687500e+01,-2.629272460937500000e+00,-3.805589294433593750e+01,-3.841607284545898438e+01
7.303962707519531250e-01,-4.073271179199218750e+01,-4.078373336791992188e+01,-7.947616577148437500e-01,-4.093046569824218750e+01,-4.093936920166015625e+01,7.141799926757812500e-01,-4.072418212890625000e+01,-4.073591995239257812e+01,-7.621307373046875000e-01,-4.101032257080078125e+01,-4.092680358886718750e+01,-7.597732543945312500e-01,-4.076960754394531250e+01,-4.067644119262695312e+01,7.214927673339843750e-01,-4.097381591796875000e+01,-4.097511291503906250e+01,-7.230529785156250000e-01,-4.073740768432617188e+01,-4.077113723754882812e+01,7.000541687011718750e-01,-4.090099716186523438e+01,-4.107923126220703125e+01
3.915256500244140625e+00,-3.831247329711914062e+01,-3.824774932861328125e+01,-3.505455017089843750e+00,-4.353932571411132812e+01,-4.369846725463867188e+01,3.743804931640625000e+00,-3.844876480102539062e+01,-3.810092163085937500e+01,-3.912834167480468750e+00,-4.326010894775390625e+01,-4.355506896972656250e+01,-3.808967590332031250e+00,-3.806309890747070312e+01,-3.805831527709960938e+01,3.564140319824218750e+00,-4.334872055053710938e+01,-4.341738128662109375e+01,-3.844741821289062500e+00,-3.808726501464843750e+01,-3.817502212524414062e+01,3.791065216064453125e+00,-4.357341003417968750e+01,-4.354980087280273438e+01
6.767581939697265625e+00,-3.604602050781250000e+01,-3.586114120483398438e+01,-5.956569671630859375e+00,-4.596411895751953125e+01,-4.623419189453125000e+01,6.487228393554687500e+00,-3.629907989501953125e+01,-3.566466903686523438e+01,-6.718936920166015625e+00,-4.536080169677734375e+01,-4.599840927124023438e+01,-6.539100646972656250e+00,-3.555046844482421875e+01,-3.567256927490234375e+01,6.158905029296875000e+00,-4.557167434692382812e+01,-4.568642425537109375e+01,-6.652839660644531250e+00,-3.563545608520507812e+01,-3.574757385253906250e+01,6.592025756835937500e+00,-4.606633758544921875e+01,-4.578005981445312500e+01
7.713188171386718750e+00,-3.524639129638671875e+01,-3.501287841796875000e+01,-6.780265808105468750e+00,-4.681063079833984375e+01,-4.710579681396484375e+01,7.412525177001953125e+00,-3.553220367431640625e+01,-3.481983566284179688e+01,-7.641338348388671875e+00,-4.609912872314453125e+01,-4.685273361206054688e+01,-7.444885253906250000e+00,-3.467449188232421875e+01,-3.486214447021484375e+01,7.043006896972656250e+00,-4.635573196411132812e+01,-4.647793960571289062e+01,-7.589797973632812500e+00,-3.478296661376953125e+01,-3.489274978637695312e+01,7.538742065429687500e+00,-4.694196701049804688e+01,-4.652923202514648438e+01
6.760906219482421875e+00,-3.590062713623046875e+01,-3.568916320800781250e+01,-5.988941192626953125e+00,-4.609501647949218750e+01,-4.632794570922851562e+01,6.527297973632812500e+00,-3.613240051269531250e+01,-3.555147171020507812e+01,-6.687309265136718750e+00,-4.548816299438476562e+01,-4.613076400756835938e+01,-6.530899047851562500e+00,-3.541799926757812500e+01,-3.561450958251953125e+01,6.231986999511718750e+00,-4.571673583984375000e+01,-4.580588150024414062e+01,-6.665115356445312500e+00,-3.551805877685546875e+01,-3.559594726562500000e+01,6.638465881347656250e+00,-4.621400070190429688e+01,-4.579938888549804688e+01
4.338951110839843750e+00,-3.767208099365234375e+01,-3.753767395019531250e+01,-3.950408935546875000e+00,-4.417866516113281250e+01,-4.428015899658203125e+01,4.239635467529296875e+00,-3.778041076660156250e+01,-3.749629974365234375e+01,-4.279006958007812500e+00,-4.384003448486328125e+01,-4.419421386718750000e+01,-4.204448699951171875e+00,-3.740620040893554688e+01,-3.757200241088867188e+01,4.113082885742187500e+00,-4.398442077636718750e+01,-4.400949096679687500e+01,-4.299488067626953125e+00,-3.747879791259765625e+01,-3.749651336669921875e+01,4.305236816406250000e+00,-4.425169372558593750e+01,-4.392220306396484375e+01
1.001792907714843750e+00,-4.015468978881835938e+01,-4.013543701171875000e+01,-1.130027770996093750e+00,-4.149949264526367188e+01,-4.143072128295898438e+01,1.073001861572265625e+00,-4.009941101074218750e+01,-4.021028900146484375e+01,-9.682464599609375000e-01,-4.153151702880859375e+01,-4.148592758178710938e+01,-9.985427856445312500e-01,-4.018536376953125000e+01,-4.028700256347656250e+01,1.168819427490234375e+00,-4.155335617065429688e+01,-4.150026702880859375e+01,-1.034263610839843750e+00,-4.021789550781250000e+01,-4.015983581542968750e+01,1.071868896484375000e+00,-4.150366973876953125e+01,-4.132890319824218750e+01
-2.450111389160156250e+00,-4.275271987915039062e+01,-4.285950851440429688e+01,1.796287536621093750e+00,-3.870039749145507812e+01,-3.846320343017578125e+01,-2.213321685791015625e+00,-4.253360366821289062e+01,-4.304360961914062500e+01,2.450332641601562500e+00,-3.911586380004882812e+01,-3.865572357177734375e+01,2.317436218261718750e+00,-4.308980941772460938e+01,-4.310823822021484375e+01,-1.895923614501953125e+00,-3.900548934936523438e+01,-3.888009643554687500e+01,2.347167968750000000e+00,-4.307933807373046875e+01,-4.294767761230468750e+01,-2.286766052246093750e+00,-3.862886428833007812e+01,-3.864187622070312500e+01
-5.546512603759765625e+00,-4.516082382202148438e+01,-4.539334869384765625e+01,4.445877075195312500e+00,-3.611566162109375000e+01,-3.574612808227539062e+01,-5.180763244628906250e+00,-4.480930709838867188e+01,-4.565159988403320312e+01,5.502529144287109375e+00,-3.687849807739257812e+01,-3.604759979248046875e+01,5.284255981445312500e+00,-4.577322387695312500e+01,-4.567527770996093750e+01,-4.692226409912109375e+00,-3.663732910156250000e+01,-3.646190261840820312e+01,5.389171600341796875e+00,-4.570853424072265625e+01,-4.553176879882812500e+01,-5.320743560791015625e+00,-3.597135925292968750e+01,-3.622738647460937500e+01
-7.287628173828125000e+00,-4.658271026611328125e+01,-4.689633560180664062e+01,5.957279205322265625e+00,-3.459739685058593750e+01,-3.416985321044921875e+01,-6.865272521972656250e+00,-4.616918563842773438e+01,-4.717571258544921875e+01,7.206588745117187500e+00,-3.555931091308593750e+01,-3.452105712890625000e+01,6.944984436035156250e+00,-4.735001373291015625e+01,-4.715088272094726562e+01,-6.304985046386718750e+00,-3.523458099365234375e+01,-3.504254531860351562e+01,7.107128143310546875e+00,-4.723974609375000000e+01,-4.705680084228515625e+01,-7.043251037597656250e+00,-3.440912246704101562e+01,-3.486700439453125000e+01
-6.852233886718750000e+00,-4.632822036743164062e+01,-4.663609313964843750e+01,5.611083984375000000e+00,-3.487950134277343750e+01,-3.449105072021484375e+01,-6.466468811035156250e+00,-4.594831085205078125e+01,-4.687883758544921875e+01,6.763156890869140625e+00,-3.579878616333007812e+01,-3.481352615356445312e+01,6.518218994140625000e+00,-4.705592727661132812e+01,-4.683029556274414062e+01,-5.960441589355468750e+00,-3.548085021972656250e+01,-3.530824279785156250e+01,6.689010620117187500e+00,-4.693325042724609375e+01,-4.678181838989257812e+01,-6.634513854980468750e+00,-3.469921112060546875e+01,-3.520388412475585938e+01
-4.857654571533203125e+00,-4.489192199707031250e+01,-4.513668823242187500e+01,3.936958312988281250e+00,-3.643638610839843750e+01,-3.616117858886718750e+01,-4.584583282470703125e+00,-4.461568450927734375e+01,-4.529156112670898438e+01,4.778182983398437500e+00,-3.713838958740234375e+01,-3.639041137695312500e+01,4.599502563476562500e+00,-4.543679809570312500e+01,-4.522888565063476562e+01,-4.222404479980468750e+00,-3.689035797119140625e+01,-3.676730346679687500e+01,4.743537902832031250e+00,-4.532859802246093750e+01,-4.523724746704101562e+01,-4.711181640625000000e+00,-3.629589080810546875e+01,-3.674875640869140625e+01
-1.764377593994140625e+00,-4.260369110107421875e+01,-4.274279785156250000e+01,1.321739196777343750e+00,-3.891043853759765625e+01,-3.879589843750000000e+01,-1.654159545898437500e+00,-4.247784423828125000e+01,-4.278073120117187500e+01,1.709381103515625000e+00,-3.926948928833007812e+01,-3.888927459716796875e+01,1.631351470947265625e+00,-4.286651229858398438e+01,-4.271563720703125000e+01,-1.492954254150390625e+00,-3.913722991943359375e+01,-3.908406066894531250e+01,1.719253540039062500e+00,-4.279669570922851562e+01,-4.277930450439453125e+01,-1.717868804931640625e+00,-3.883148193359375000e+01,-3.914538192749023438e+01
1.687236785888671875e+00,-4.000975799560546875e+01,-4.002643203735351562e+01,-1.607994079589843750e+00,-4.171032333374023438e+01,-4.176531219482421875e+01,1.623554229736328125e+00,-4.004540252685546875e+01,-3.994753265380859375e+01,-1.709293365478515625e+00,-4.168262100219726562e+01,-4.171287155151367188e+01,-1.676296234130859375e+00,-3.996038818359375000e+01,-3.989182281494140625e+01,1.573448181152343750e+00,-4.168329620361328125e+01,-4.170515441894531250e+01,-1.660427093505859375e+00,-3.994403076171875000e+01,-3.999547576904296875e+01,1.628131866455078125e+00,-4.169986724853515625e+01,-4.182122039794921875e+01
4.838638305664062500e+00,-3.758747100830078125e+01,-3.748511505126953125e+01,-4.296726226806640625e+00,-4.431636428833007812e+01,-4.451346206665039062e+01,4.629592895507812500e+00,-3.776281356811523438e+01,-3.731904220581054688e+01,-4.822624206542968750e+00,-4.393257904052734375e+01,-4.433832168579101562e+01,-4.693168640136718750e+00,-3.725770950317382812e+01,-3.728977203369140625e+01,4.399772644042968750e+00,-4.405978775024414062e+01,-4.414452362060546875e+01,-4.752765655517578125e+00,-3.730016708374023438e+01,-3.739828491210937500e+01,4.695510864257812500e+00,-4.437174987792968750e+01,-4.427061843872070312e+01
7.305831909179687500e+00,-3.560366821289062500e+01,-3.539392089843750000e+01,-6.423004150390625000e+00,-4.643518829345703125e+01,-4.672272109985351562e+01,7.008796691894531250e+00,-3.587656021118164062e+01,-3.519332504272460938e+01,-7.246078491210937500e+00,-4.577006912231445312e+01,-4.647253417968750000e+01,-7.053508758544921875e+00,-3.506262207031250000e+01,-3.521588897705078125e+01,6.656147003173828125e+00,-4.600578689575195312e+01,-4.612713241577148438e+01,-7.184478759765625000e+00,-3.516153717041015625e+01,-3.527411270141601562e+01,7.124473571777343750e+00,-4.655146789550781250e+01,-4.620267486572265625e+01
7.613105773925781250e+00,-3.530381011962890625e+01,-3.507044219970703125e+01,-6.699760437011718750e+00,-4.674549484252929688e+01,-4.703131866455078125e+01,7.323299407958984375e+00,-3.558251190185546875e+01,-3.488792419433593750e+01,-7.539176940917968750e+00,-4.604481506347656250e+01,-4.678737640380859375e+01,-7.349044799804687500e+00,-3.474246978759765625e+01,-3.493663024902343750e+01,6.963554382324218750e+00,-4.629974746704101562e+01,-4.641648864746093750e+01,-7.494052886962890625e+00,-3.485070800781250000e+01,-3.495487976074218750e+01,7.448646545410156250e+00,-4.687709045410156250e+01,-4.645481491088867188e+01
6.210807800292968750e+00,-3.629854965209960938e+01,-3.610367965698242188e+01,-5.527069091796875000e+00,-4.566379547119140625e+01,-4.586573791503906250e+01,6.009197235107421875e+00,-3.650165939331054688e+01,-3.598967742919921875e+01,-6.139522552490234375e+00,-4.511775207519531250e+01,-4.569509887695312500e+01,-6.002544403076171875e+00,-3.586549377441406250e+01,-3.605727005004882812e+01,5.753150939941406250e+00,-4.532780456542968750e+01,-4.540146255493164062e+01,-6.128383636474609375e+00,-3.595955657958984375e+01,-3.602296447753906250e+01,6.110378265380859375e+00,-4.577292633056640625e+01,-4.537381744384765625e+01
3.462371826171875000e+00,-3.832101440429687500e+01,-3.821613693237304688e+01,-3.210506439208984375e+00,-4.347789764404296875e+01,-4.353383636474609375e+01,3.408973693847656250e+00,-3.838582611083984375e+01,-3.820650482177734375e+01,-3.408756256103515625e+00,-4.323656463623046875e+01,-4.348588562011718750e+01,-3.362350463867187500e+00,-3.813311004638671875e+01,-3.828378677368164062e+01,3.341712951660156250e+00,-4.334931945800781250e+01,-4.335299301147460938e+01,-3.442234039306640625e+00,-3.819534301757812500e+01,-3.819264984130859375e+01,3.457382202148437500e+00,-4.353327178955078125e+01,-4.324149322509765625e+01
5.664825439453125000e-03,-4.090132141113281250e+01,-4.091773223876953125e+01,-2.864837646484375000e-01,-4.069456481933593750e+01,-4.057641983032226562e+01,1.257781982421875000e-01,-4.079820632934570312e+01,-4.102521514892578125e+01,1.888275146484375000e-02,-4.083728790283203125e+01,-4.067213439941406250e+01,-4.161453247070312500e-02,-4.102043914794921875e+01,-4.109983062744140625e+01,2.863998413085937500e-01,-4.082152557373046875e+01,-4.074669647216796875e+01,-5.886459350585937500e-02,-4.104073333740234375e+01,-4.096093368530273438e+01,1.041069030761718750e-01,-4.067738723754882812e+01,-4.055399703979492188e+01
-3.322219848632812500e+00,-4.341457366943359375e+01,-4.355443191528320312e+01,2.537170410156250000e+00,-3.798828887939453125e+01,-3.770989227294921875e+01,-3.045562744140625000e+00,-4.315502548217773438e+01,-4.376417541503906250e+01,3.312904357910156250e+00,-3.850053405761718750e+01,-3.793554687500000000e+01,3.155143737792968750e+00,-4.382896804809570312e+01,-4.382328414916992188e+01,-2.673622131347656250e+00,-3.835582351684570312e+01,-3.821363449096679688e+01,3.202133178710937500e+00,-4.380733871459960938e+01,-4.365799331665039062e+01,-3.137832641601562500e+00,-3.789674758911132812e+01,-3.796209335327148438e+01
-6.252323150634765625e+00,-4.572682189941406250e+01,-4.599071502685546875e+01,5.055183410644531250e+00,-3.551027679443359375e+01,-3.511468887329101562e+01,-5.861389160156250000e+00,-4.534821319580078125e+01,-4.626058578491210938e+01,6.195182800292968750e+00,-3.635310363769531250e+01,-3.543791198730468750e+01,5.958839416503906250e+00,-4.640191650390625000e+01,-4.626840972900390625e+01,-5.339782714843750000e+00,-3.607960128784179688e+01,-3.589577865600585938e+01,6.084480285644531250e+00,-4.632134628295898438e+01,-4.613896179199218750e+01,-6.016815185546875000e+00,-3.534841156005859375e+01,-3.567608642578125000e+01
-7.335704803466796875e+00,-4.663926696777343750e+01,-4.695740509033203125e+01,6.004810333251953125e+00,-3.453843688964843750e+01,-3.411348724365234375e+01,-6.915111541748046875e+00,-4.622736358642578125e+01,-4.723246002197265625e+01,7.250633239746093750e+00,-3.550731277465820312e+01,-3.446383666992187500e+01,6.988258361816406250e+00,-4.741115951538085938e+01,-4.720024871826171875e+01,-6.359870910644531250e+00,-3.517770767211914062e+01,-3.498773956298828125e+01,7.156440734863281250e+00,-4.729474639892578125e+01,-4.711720657348632812e+01,-7.093753814697265625e+00,-3.434889221191406250e+01,-3.482963943481445312e+01
-6.435691833496093750e+00,-4.603456497192382812e+01,-4.633010101318359375e+01,5.263488769531250000e+00,-3.519846725463867188e+01,-3.483521270751953125e+01,-6.074718475341796875e+00,-4.567743682861328125e+01,-4.655257415771484375e+01,6.347560882568359375e+00,-3.607293701171875000e+01,-3.513731002807617188e+01,6.116699218750000000e+00,-4.672405242919921875e+01,-4.649895095825195312e+01,-5.601123809814453125e+00,-3.576874542236328125e+01,-3.560733795166015625e+01,6.283432006835937500e+00,-4.660274124145507812e+01,-4.646582031250000000e+01,-6.234001159667968750e+00,-3.502645492553710938e+01,-3.552647399902343750e+01
-4.071594238281250000e+00,-4.431466674804687500e+01,-4.453309631347656250e+01,3.273651123046875000e+00,-3.706095123291015625e+01,-3.682761383056640625e+01,-3.840721130371093750e+00,-4.407733535766601562e+01,-4.465684890747070312e+01,3.997726440429687500e+00,-3.767625808715820312e+01,-3.702171325683593750e+01,3.844760894775390625e+00,-4.478767776489257812e+01,-4.459227371215820312e+01,-3.531070709228515625e+00,-3.745719528198242188e+01,-3.735228729248046875e+01,3.975532531738281250e+00,-4.468813323974609375e+01,-4.461693191528320312e+01,-3.951194763183593750e+00,-3.693613052368164062e+01,-3.735768890380859375e+01
-7.942428588867187500e-01,-4.187850952148437500e+01,-4.198361587524414062e+01,4.993743896484375000e-01,-3.969368743896484375e+01,-3.962770462036132812e+01,-7.336463928222656250e-01,-4.179864501953125000e+01,-4.198740005493164062e+01,7.479705810546875000e-01,-3.994438934326171875e+01,-3.967955017089843750e+01,7.012748718261718750e-01,-4.205330657958984375e+01,-4.192378997802734375e+01,-6.330184936523437500e-01,-3.984916687011718750e+01,-3.981732559204101562e+01,7.698211669921875000e-01,-4.199749755859375000e+01,-4.200080490112304688e+01,-7.779541015625000000e-01,-3.963396835327148438e+01,-3.989727020263671875e+01
2.604942321777343750e+00,-3.931327056884765625e+01,-3.929669189453125000e+01,-2.388816833496093750e+00,-4.246120834350585938e+01,-4.255970001220703125e+01,2.496345520019531250e+00,-3.939079284667968750e+01,-3.918898010253906250e+01,-2.617301940917968750e+00,-4.233010864257812500e+01,-4.246943283081054688e+01,-2.555011749267578125e+00,-3.918137359619140625e+01,-3.913783645629882812e+01,2.392089843750000000e+00,-4.236672973632812500e+01,-4.240808486938476562e+01,-2.559814453125000000e+00,-3.918102264404296875e+01,-3.924835205078125000e+01,2.518661499023437500e+00,-4.246904373168945312e+01,-4.253306198120117188e+01
5.678550720214843750e+00,-3.692175292968750000e+01,-3.678425979614257812e+01,-5.018028259277343750e+00,-4.502882766723632812e+01,-4.525898742675781250e+01,5.437015533447265625e+00,-3.713174057006835938e+01,-3.660299301147460938e+01,-5.649188995361328125e+00,-4.454968261718750000e+01,-4.505631637573242188e+01,-5.497207641601562500e+00,-3.651941299438476562e+01,-3.658800506591796875e+01,5.162948608398437500e+00,-4.471268081665039062e+01,-4.481122970581054688e+01,-5.579456329345703125e+00,-3.657947540283203125e+01,-3.668525314331054688e+01,5.519874572753906250e+00,-4.510415649414062500e+01,-4.492718505859375000e+01
7.599884033203125000e+00,-3.535903930664062500e+01,-3.513481140136718750e+01,-6.677978515625000000e+00,-4.669460678100585938e+01,-4.699093246459960938e+01,7.295494079589843750e+00,-3.564279174804687500e+01,-3.493389892578125000e+01,-7.533603668212890625e+00,-4.599607086181640625e+01,-4.673457336425781250e+01,-7.335472106933593750e+00,-3.479411315917968750e+01,-3.496572113037109375e+01,6.928817749023437500e+00,-4.624546051025390625e+01,-4.636978912353515625e+01,-7.475357055664062500e+00,-3.489960098266601562e+01,-3.501255035400390625e+01,7.417789459228515625e+00,-4.681968688964843750e+01,-4.643530654907226562e+01
7.379779815673828125e+00,-3.546161651611328125e+01,-3.523317337036132812e+01,-6.506465911865234375e+00,-4.657238006591796875e+01,-4.684233474731445312e+01,7.107238769531250000e+00,-3.572676849365234375e+01,-3.506524658203125000e+01,-7.305007934570312500e+00,-4.589729690551757812e+01,-4.661280059814453125e+01,-7.125144958496093750e+00,-3.492239761352539062e+01,-3.511995697021484375e+01,6.766132354736328125e+00,-4.614564895629882812e+01,-4.625383758544921875e+01,-7.267803192138671875e+00,-3.502871704101562500e+01,-3.512458419799804688e+01,7.229061126708984375e+00,-4.670128631591796875e+01,-4.627648925781250000e+01
5.552364349365234375e+00,-3.677917098999023438e+01,-3.660504531860351562e+01,-4.973129272460937500e+00,-4.514370727539062500e+01,-4.530966949462890625e+01,5.387611389160156250e+00,-3.694857406616210938e+01,-3.651761627197265625e+01,-5.484626770019531250e+00,-4.467056274414062500e+01,-4.516955566406250000e+01,-5.370086669921875000e+00,-3.640509033203125000e+01,-3.658902740478515625e+01,5.177669525146484375e+00,-4.485787200927734375e+01,-4.491388320922851562e+01,-5.485389709472656250e+00,-3.649173736572265625e+01,-3.653861999511718750e+01,5.476486206054687500e+00,-4.524047470092773438e+01,-4.486363220214843750e+01
2.528553009033203125e+00,-3.901501464843750000e+01,-3.894219970703125000e+01,-2.421516418457031250e+00,-4.272885513305664062e+01,-4.273696517944335938e+01,2.523124694824218750e+00,-3.903391265869140625e+01,-3.896533966064453125e+01,-2.482181549072265625e+00,-4.259122848510742188e+01,-4.272871398925781250e+01,-2.465248107910156250e+00,-3.891008758544921875e+01,-3.904320526123046875e+01,2.518280029296875000e+00,-4.266982650756835938e+01,-4.265142059326171875e+01,-2.528640747070312500e+00,-3.896115112304687500e+01,-3.893714904785156250e+01,2.552947998046875000e+00,-4.276506423950195312e+01,-4.251592254638671875e+01
-9.801406860351562500e-01,-4.164258575439453125e+01,-4.169483566284179688e+01,5.490112304687500000e-01,-3.989580535888671875e+01,-3.972940063476562500e+01,-8.124847412109375000e-01,-4.149256134033203125e+01,-4.183375549316406250e+01,9.953002929687500000e-01,-4.014805603027343750e+01,-3.986452484130859375e+01,9.053764343261718750e-01,-4.184922409057617188e+01,-4.190523147583007812e+01,-5.884170532226562500e-01,-4.009464645385742188e+01,-3.999898529052734375e+01,9.067230224609375000e-01,-4.185726928710937500e+01,-4.175633621215820312e+01,-8.547363281250000000e-01,-3.985712814331054688e+01,-3.978675079345703125e+01
-4.229454040527343750e+00,-4.411938095092773438e+01,-4.429589080810546875e+01,3.313293457031250000e+00,-3.723162841796875000e+01,-3.691426086425781250e+01,-3.914714813232421875e+00,-4.382093048095703125e+01,-4.452764892578125000e+01,4.207347869873046875e+00,-3.784568023681640625e+01,-3.717208480834960938e+01,4.024406433105468750e+00,-4.461447906494140625e+01,-4.457512664794921875e+01,-3.492473602294921875e+00,-3.766275024414062500e+01,-3.750570678710937500e+01,4.093345642089843750e+00,-4.457696533203125000e+01,-4.441432571411132812e+01,-4.026374816894531250e+00,-3.711889648437500000e+01,-3.725482177734375000e+01
-6.833347320556640625e+00,-4.620014572143554688e+01,-4.649113082885742188e+01,5.558933258056640625e+00,-3.500501632690429688e+01,-3.458980560302734375e+01,-6.423679351806640625e+00,-4.580047225952148438e+01,-4.676807022094726562e+01,6.764045715332031250e+00,-3.591399002075195312e+01,-3.492936706542968750e+01,6.513599395751953125e+00,-4.692663192749023438e+01,-4.676000976562500000e+01,-5.877098083496093750e+00,-3.561285781860351562e+01,-3.542341995239257812e+01,6.657680511474609375e+00,-4.683176040649414062e+01,-4.664659118652343750e+01,-6.592048645019531250e+00,-3.482814788818359375e+01,-3.522157669067382812e+01
-7.249530792236328125e+00,-4.659514617919921875e+01,-4.691299438476562500e+01,5.938335418701171875e+00,-3.458816528320312500e+01,-3.417247009277343750e+01,-6.837448120117187500e+00,-4.619105911254882812e+01,-4.717896652221679688e+01,7.161796569824218750e+00,-3.554910278320312500e+01,-3.451624679565429688e+01,6.902954101562500000e+00,-4.735923767089843750e+01,-4.713986206054687500e+01,-6.295387268066406250e+00,-3.521994400024414062e+01,-3.503474044799804688e+01,7.074386596679687500e+00,-4.723872375488281250e+01,-4.706936645507812500e+01,-7.014038085937500000e+00,-3.440011978149414062e+01,-3.489627838134765625e+01
-5.901393890380859375e+00,-4.565121841430664062e+01,-4.593003082275390625e+01,4.815467834472656250e+00,-3.561413192749023438e+01,-3.528156280517578125e+01,-5.570888519287109375e+00,-4.532210540771484375e+01,-4.612852859497070312e+01,5.815620422363281250e+00,-3.643054199218750000e+01,-3.555847549438476562e+01,5.602546691894531250e+00,-4.629170989990234375e+01,-4.607066726684570312e+01,-5.136341094970703125e+00,-3.614490127563476562e+01,-3.599693298339843750e+01,5.762466430664062500e+00,-4.617390823364257812e+01,-4.605351638793945312e+01,-5.719047546386718750e+00,-3.545278549194335938e+01,-3.594029235839843750e+01
-3.211864471435546875e+00,-4.367963409423828125e+01,-4.386880493164062500e+01,2.547065734863281250e+00,-3.774765014648437500e+01,-3.755920410156250000e+01,-3.026435852050781250e+00,-4.348424911499023438e+01,-4.395973587036132812e+01,3.144668579101562500e+00,-3.826774597167968750e+01,-3.771540069580078125e+01,3.019695281982421875e+00,-4.407419204711914062e+01,-4.389421081542968750e+01,-2.772937774658203125e+00,-3.808078002929687500e+01,-3.799535369873046875e+01,3.135101318359375000e+00,-4.398506927490234375e+01,-4.393474197387695312e+01,-3.119392395019531250e+00,-3.763994598388671875e+01,-3.802375793457031250e+01
1.857719421386718750e-01,-4.114286804199218750e+01,-4.121329879760742188e+01,-3.322563171386718750e-01,-4.048784637451171875e+01,-4.047020339965820312e+01,1.968193054199218750e-01,-4.110898590087890625e+01,-4.118362808227539062e+01,-2.228088378906250000e-01,-4.062881469726562500e+01,-4.048052597045898438e+01,-2.379455566406250000e-01,-4.122896575927734375e+01,-4.112242507934570312e+01,2.372131347656250000e-01,-4.057125854492187500e+01,-4.056076812744140625e+01,-1.896514892578125000e-01,-4.118810653686523438e+01,-4.121126556396484375e+01,1.719665527343750000e-01,-4.044757080078125000e+01,-4.065696334838867188e+01
3.465557098388671875e+00,-3.865691757202148438e+01,-3.860882186889648438e+01,-3.121944427490234375e+00,-4.316839599609375000e+01,-4.330694580078125000e+01,3.315475463867187500e+00,-3.877320098876953125e+01,-3.847511672973632812e+01,-3.468338012695312500e+00,-4.294008636474609375e+01,-4.318164825439453125e+01,-3.378719329833984375e+00,-3.844781875610351562e+01,-3.842927551269531250e+01,3.161399841308593750e+00,-4.301074981689453125e+01,-4.307012939453125000e+01,-3.403644561767578125e+00,-3.846331024169921875e+01,-3.854440307617187500e+01,3.354232788085937500e+00,-4.319345092773437500e+01,-4.320080566406250000e+01
6.410606384277343750e+00,-3.633518981933593750e+01,-3.616615295410156250e+01,-5.648361206054687500e+00,-4.565560150146484375e+01,-4.591309356689453125e+01,6.142425537109375000e+00,-3.657444381713867188e+01,-3.597390747070312500e+01,-6.368629455566406250e+00,-4.509307479858398438e+01,-4.568772506713867188e+01,-6.197685241699218750e+00,-3.587005233764648438e+01,-3.597357177734375000e+01,5.831340789794921875e+00,-4.528799819946289062e+01,-4.539773941040039062e+01,-6.300743103027343750e+00,-3.594651031494140625e+01,-3.605714797973632812e+01,6.240039825439453125e+00,-4.574883270263671875e+01,-4.550024032592773438e+01
7.710311889648437500e+00,-3.525849151611328125e+01,-3.502698516845703125e+01,-6.775505065917968750e+00,-4.679948425292968750e+01,-4.709695053100585938e+01,7.406455993652343750e+00,-3.554541397094726562e+01,-3.482990264892578125e+01,-7.640132904052734375e+00,-4.608844757080078125e+01,-4.684116363525390625e+01,-7.441917419433593750e+00,-3.468580245971679688e+01,-3.486850738525390625e+01,7.035415649414062500e+00,-4.634383773803710938e+01,-4.646770477294921875e+01,-7.585720062255859375e+00,-3.479368209838867188e+01,-3.490538787841796875e+01,7.531997680664062500e+00,-4.692938613891601562e+01,-4.652496337890625000e+01
7.017349243164062500e+00,-3.571703338623046875e+01,-3.549820327758789062e+01,-6.203784942626953125e+00,-4.629432678222656250e+01,-4.654217529296875000e+01,6.768165588378906250e+00,-3.596241760253906250e+01,-3.534868240356445312e+01,-6.942962646484375000e+00,-4.565916824340820312e+01,-4.633206558227539062e+01,-6.777156829833984375e+00,-3.521112060546875000e+01,-3.540890121459960938e+01,6.454185485839843750e+00,-4.589613723754882812e+01,-4.599285888671875000e+01,-6.915050506591796875e+00,-3.531387329101562500e+01,-3.539887619018554688e+01,6.883857727050781250e+00,-4.641764831542968750e+01,-4.599741363525390625e+01
4.797554016113281250e+00,-3.733377075195312500e+01,-3.718416213989257812e+01,-4.337173461914062500e+00,-4.454418182373046875e+01,-4.466981506347656250e+01,4.673782348632812500e+00,-3.746504974365234375e+01,-3.712573242187500000e+01,-4.734497070312500000e+00,-4.415468597412109375e+01,-4.456364059448242188e+01,-4.644996643066406250e+00,-3.702704620361328125e+01,-3.720014190673828125e+01,4.515922546386718750e+00,-4.431542205810546875e+01,-4.435198974609375000e+01,-4.747791290283203125e+00,-3.710499572753906250e+01,-3.713359069824218750e+01,4.748260498046875000e+00,-4.462629318237304688e+01,-4.427814865112304688e+01
1.555500030517578125e+00,-3.974069213867187500e+01,-3.970185852050781250e+01,-1.598621368408203125e+00,-4.194597244262695312e+01,-4.190490722656250000e+01,1.599166870117187500e+00,-3.971219635009765625e+01,-3.975820541381835938e+01,-1.517177581787109375e+00,-4.191646575927734375e+01,-4.193729400634765625e+01,-1.530464172363281250e+00,-3.972219085693359375e+01,-3.983562469482421875e+01,1.658664703369140625e+00,-4.195901489257812500e+01,-4.191830825805664062e+01,-1.576316833496093750e+00,-3.976148223876953125e+01,-3.971566772460937500e+01,1.609325408935546875e+00,-4.196186447143554688e+01,-4.175949478149414062e+01
