0.5086655508103965,-50.0,-50.0,2.5487694438169477,-27.6582374154859,-26.256828871577333,0.5086655508103965,-50.0,-50.0,2.5487694438169477,-27.6582374154859,-26.256828871577333,3.2266357392713623,-50.0,-50.0,-4.927366385073816,-26.374746429812163,-26.26333820594388,3.2266357392713623,-50.0,-50.0,-4.927366385073816,-26.374746429812163,-26.26333820594388
6.7346087825071095,-50.25770228081423,-50.092843511400076,-6.712790445509484,-35.065312592245014,-34.98578394265067,6.803484363951739,-50.20701124984499,-50.351732721204435,-7.008157189848774,-34.92089171598035,-35.05817204402265,-6.700167224768805,-50.18426287532801,-50.12020944593475,6.8331348100300175,-34.84770217403069,-34.989898945857675,-6.838257305003538,-50.22038485889486,-50.20081465016767,7.049943971907183,-35.00864104163142,-34.88085197351707
13.729372363359403,-47.2132268802279,-47.197782575653704,-13.659287285881021,-44.42381490383185,-44.4384160656417,13.726339794466213,-47.34288737529721,-47.14411252473138,-13.72743893517864,-44.57136911695415,-44.40323130791821,-13.57719091591396,-47.09296058474931,-47.18721262686512,13.70598709024047,-44.327950196151846,-44.676307434968464,-13.788177529186754,-46.92231020992727,-47.151243396973236,13.99136918796799,-44.54455385575585,-44.37014181624028
16.04959298742662,-40.92636021755819,-40.8489513331121,-15.986417705520267,-49.44849584576869,-49.439732504086614,15.910558997664694,-40.965135530639834,-40.656559265440464,-15.651851739137442,-49.40634594853971,-49.373504108813165,-15.83377011561845,-40.75514557039792,-41.11772198541666,15.919039605978043,-49.35250519612758,-49.56655336959794,-15.79415883107336,-40.55945125115493,-40.76883022927443,16.064298509522516,-49.353953401710214,-49.33943447056027
14.110384794688343,-34.386544062176114,-34.473830332586076,-13.808379003330273,-51.15197155415108,-50.91273011092718,13.957365858123524,-34.446071701938294,-34.4832979024049,-13.67850381595268,-50.848168444894554,-51.17149856735223,-13.625645874453738,-34.38600879615335,-34.62712626043623,13.957312110105988,-50.940353611147,-50.83717321378326,-13.583801850670596,-34.45335424248899,-34.318061099791855,13.9463823356717,-50.952092002473364,-50.9267821193564
8.702925274341851,-30.775666317659834,-31.045552067767368,-8.429892775335375,-51.53974494290651,-51.315088832957414,8.559289368251825,-31.18640316951641,-31.269845994202882,-8.418035222065996,-51.37586098878019,-51.79900392252502,-8.169764046980163,-30.93536536665428,-31.132802288017913,8.506628966241948,-51.55039315048316,-51.06676513050358,-8.352965222598058,-31.190376799454214,-30.878152941627704,8.33600382649955,-51.61106882769755,-51.47453786277381
0.8089407954610692,-32.73747890215166,-33.009190495964255,-1.058814887051554,-51.89175527350855,-51.670153800437724,0.57650524360254,-33.19389608012467,-33.24312055393968,-0.7601515331499655,-51.85902673558094,-52.14890589299047,-0.8594843533477814,-32.88124084886855,-33.072094259958064,0.552440943004882,-51.993070700197435,-51.478176857583165,-0.9797591067532778,-33.017942576236095,-32.75817207628669,0.38068839601119464,-52.090263038237,-51.843150938792604
-7.45126687311803,-40.231025738009684,-40.270900846394866,7.0894807847658114,-51.56772059844792,-51.088036255951735,-7.643064232033765,-40.27324752371062,-40.39390737805422,7.465846684943386,-51.54030509143902,-51.56756173233683,7.08110252196218,-40.409401209361654,-40.238944349859786,-7.635826375085429,-51.46210833693388,-51.29153528272521,7.27372285401357,-40.027177542739565,-39.98771162391446,-7.758443027946285,-51.57910413525658,-51.237283306822036
-12.734882245495015,-47.27981653492773,-47.18350117335082,13.073311816893039,-48.302935816658376,-48.15470298743321,-12.805792019511728,-47.27199431768778,-47.235140694561935,12.928100520407128,-48.51789415766165,-48.408114762398355,12.976758494849364,-47.34502297334022,-47.307765344060705,-12.666762035758907,-48.60166328143934,-48.15110419568282,13.220258923275424,-47.308116965880124,-47.233381200716956,-13.000054167186363,-48.33481683086303,-48.193383168124626
-13.511657028873557,-50.28688052851258,-50.30900181845432,14.449517220549481,-43.07977526005593,-43.34748573537258,-13.602295825414927,-50.37097851391658,-50.19922296667181,14.001411263329942,-43.45423639646251,-43.34601920383333,14.312562098820834,-50.242614960749286,-50.506974396001524,-13.398263909725657,-43.652898388844655,-43.12346358433633,14.502947673130265,-50.5624582715906,-50.40464863105538,-13.675887116476162,-43.21998913710517,-43.23470628297794
-10.846729063595475,-51.19734495662627,-51.31765368170478,11.889334566383212,-39.04812718341036,-39.30801225349726,-10.966086409286063,-51.35371784203403,-51.13123424862867,11.395163928702857,-39.36713480274528,-39.316328220016565,11.727222743409968,-51.118505439184304,-51.5505672179761,-10.74296812965541,-39.22603610087853,-39.185672472860915,11.875892430234089,-51.426512428895904,-51.369855669235605,-10.874929807865328,-39.09443591656309,-39.11383671877132
-5.750519661287498,-51.67621566920289,-51.79683417135013,6.593003233032135,-38.21030097372841,-38.393800054095685,-5.915495716409438,-51.862285387520956,-51.666229741635654,6.138427927426406,-38.4841794451007,-38.45135690844946,6.44143770310049,-51.56014350303602,-52.07284547203311,-5.670602737848213,-38.087651018307824,-38.38762499173185,6.5926469133884495,-51.79193244605997,-51.84145781168412,-5.626478148567315,-38.21754762871551,-38.12311475949759
0.7647813489238473,-51.98958226928835,-52.06297625135885,-0.14675245308490048,-41.3634426775013,-41.48525388407992,0.5148173234746309,-52.089060100326236,-51.92916835851377,-0.4701050672571796,-41.63352516437327,-41.48611561409808,-0.22429087997585384,-51.74263982894266,-52.270487851856416,0.7726462259699218,-41.20595784564042,-41.58700313892793,-0.03776591605439705,-51.86589135812753,-52.0056866789848,1.0837167944177253,-41.43979230401573,-41.13703275006431
6.825785836388121,-51.446793616788014,-51.42004586306637,-6.35364323549075,-46.48093507855257,-46.456452606119626,6.432272231345067,-51.33904893387773,-51.08350747005325,-6.111742438570431,-46.79954032181301,-46.32181661644406,-6.272144251369056,-51.01836713882902,-51.542169760031314,6.6423035938046695,-46.404305749999935,-46.86727453893416,-5.974232244020612,-50.72193919255443,-51.08520794276497,7.212483853686507,-46.63765385503272,-46.07999718374964
10.502178663284383,-49.36553204877406,-49.18953640521609,-10.130049726371368,-50.36051200061061,-50.082378181637736,9.954252315684101,-48.94084539619069,-48.610450220100375,-9.074469094913596,-50.5518427386813,-49.905880504114876,-9.895725150620947,-48.789951973918775,-49.328870768714495,10.161826185760034,-50.263292609908035,-50.71563520480245,-9.332024492446763,-48.01654778809376,-48.56596051181374,10.784489791457617,-50.362949853158504,-49.7252637308291
11.357399799354084,-46.27783055224783,-46.06517928900647,-11.005768121937493,-52.23328450587502,-51.74675568362299,10.733953469643922,-45.68617251401504,-45.46059608067584,-9.669155954945737,-52.161448999756004,-51.71020548844342,-10.683266217496097,-45.660391353639554,-46.205964237963954,10.986141480526612,-52.031863385456816,-52.26745623904117,-9.991770980829656,-44.85954490127527,-45.32247976746541,11.500772379425328,-52.00269273300046,-51.45269439354803
9.893156751889862,-43.59443782795154,-43.48484689696608,-9.508330591262137,-52.864440450094015,-52.29853843472458,9.25835281070735,-43.114417455259776,-43.02423813038776,-8.318327754443374,-52.66488427299513,-52.49105687873016,-9.134907877593378,-43.09818911792968,-43.585910047858995,9.500221430517499,-52.65195694616581,-52.62561958528653,-8.544926461998543,-42.48975869224183,-42.73546712223745,9.880973421316611,-52.606505665228255,-52.117886731637235
6.61396641862612,-42.70221233079471,-42.688791803696446,-6.312191080913195,-53.002844266581334,-52.41755013691226,5.979690224981752,-42.426956312983016,-42.38797784462935,-5.289648866353232,-52.84762001256105,-52.81449988631876,-5.9128813816327295,-42.3622069909158,-42.76534298633404,6.17590465180956,-52.88514051731332,-52.66093762619819,-5.468422714850263,-41.85579734825575,-41.955514448520844,6.465228477453337,-52.86965462539328,-52.342025602549654
2.2562178415217744,-44.26012711503846,-44.239797424164315,-2.1165731000519514,-52.9322376309963,-52.32077994586629,1.617618848801655,-44.064311426147,-44.00956700664796,-1.1874365613985844,-52.9086694785726,-52.821957114489,-1.7665265934733299,-44.003465133956844,-44.320130376744075,1.79263045516187,-52.92934394811966,-52.6382873682503,-1.3363882418736637,-43.428540497797606,-43.52508706100474,2.060270736456687,-52.908998081315275,-52.28033281538494
-1.824702075670956,-47.39086413588351,-47.30407849671734,2.1005703501759285,-52.444473269061675,-51.887604514355274,-2.4547440699085428,-47.141271167437814,-47.03833937459128,2.8197680668050253,-52.57346139143011,-52.33409823243953,2.3138417085937704,-47.116177571767025,-47.43068291885862,-2.217636006843577,-52.59085797998969,-52.27390284587282,2.8587770595224953,-46.54232629718804,-46.68337267384525,-1.9685522389959402,-52.45132137364816,-51.779565578691475
-4.249232210360091,-50.20117501083335,-50.1024734770552,5.081503881018435,-51.33193415098974,-51.00542210466651,-4.873971231799018,-49.89726100608674,-49.74169467779286,5.456308600984414,-51.59626128300462,-51.241101993951006,5.140586190322566,-49.838740965169194,-50.29643457878339,-4.503054260576363,-51.69539369413988,-51.294086822663346,5.803175495468224,-49.51069941334394,-49.628616059048944,-4.299808519149153,-51.35239898428358,-50.75055255833827
-4.707797301238614,-51.82026465054604,-51.76914348316699,6.055681318679362,-50.041679728054774,-49.943494596310934,-5.3500487605290346,-51.494551600415086,-51.31351908998994,6.187916882397687,-50.381691893233,-49.96939646788387,6.008427797831317,-51.38117005397855,-51.992101357150986,-4.876557547923042,-50.53147065866065,-50.12144652897872,6.740521932716675,-51.28636345237452,-51.36876064341329,-4.654376462753248,-50.079486572573956,-49.551723195617086
-3.676662204236621,-52.555329162915356,-52.544945374618266,5.218071198733185,-49.25413422689721,-49.251656649313944,-4.351269472538206,-52.21983329171974,-52.025735649177946,5.295740596200346,-49.61886780236841,-49.163121810005066,5.1302471858561915,-52.06448796816434,-52.767785694404665,-3.8394554934530447,-49.720624306417974,-49.42403626040668,5.904053752305941,-52.035669971102905,-52.13888466851637,-3.5257494228204393,-49.29995808544207,-48.776983405656985
-1.7369580032147383,-52.840629763402276,-52.832292279114725,3.224013191661456,-49.28700667284413,-49.268907323637585,-2.4596346529348523,-52.47206982861269,-52.26491911770246,3.415026672355424,-49.651884414882055,-49.12923459066336,3.1533231835678777,-52.29449168383418,-53.042980716519295,-1.9471012048126113,-49.66959256957823,-49.5260569577071,3.9728655146154495,-52.18855326647514,-52.36584307904857,-1.498860851726377,-49.33779042787016,-48.74966029523681
0.5568983082476819,-52.85361022423538,-52.8099007366799,0.7625413168272956,-50.01204331611777,-49.904726359858614,-0.23011958774728214,-52.40203031584325,-52.183285734172145,1.213218235916898,-50.35642983595257,-49.73900341676794,0.7505212207333898,-52.23955150329729,-52.997477861490964,0.2684870254839069,-50.30736794224842,-50.301578480209514,1.6408128436516165,-51.953852047981144,-52.23534985694832,0.8652812869649864,-50.056895199739884,-49.36506739447641
2.6942500567516845,-52.6007909126855,-52.49884808850708,-1.5672879316384751,-51.02578307367929,-50.78521511331402,1.8398611291922577,-52.02471675716253,-51.80130991021973,-0.7665358508599667,-51.32230274993027,-50.612598251833575,-1.4999272067916536,-51.91812592877709,-52.657087880576555,2.3228997616691345,-51.23591387538643,-51.33277074840579,-0.51899107899348,-51.401184097493676,-51.78982526141042,3.042994639449816,-51.0368352324258,-50.24637108872034
4.3067577782467765,-52.08326133292181,-51.92231790648654,-3.350592936076069,-51.94287208646573,-51.56202644280896,3.4010155951753234,-51.38268665732849,-51.16678105280942,-2.217940854165505,-52.16769799400781,-51.40929777849421,-3.2045968640839106,-51.34890813720218,-52.05306516091299,3.87271843318797,-52.069573757423555,-52.22077099014362,-2.144699230830099,-50.623525376208065,-51.09101369872711,4.660790435176281,-51.89382017446077,-51.042844467600055
5.23548299633282,-51.395601457930404,-51.19514943277975,-4.407598635626854,-52.58232360551736,-52.08893237846821,4.303587009522261,-50.613716807531794,-50.41595625160808,-3.054681174128902,-52.73197130550561,-51.98278159789887,-4.198586948617233,-50.6392102421665,-51.30508561783823,4.765741170727523,-52.63990414085313,-52.795362064745504,-3.101961988734601,-49.78276335393434,-50.28253864176765,5.565831647977191,-52.47170371109683,-51.60307190409732
5.494772655535783,-50.71590305389449,-50.50186991419523,-4.749432318212129,-52.94317923671554,-52.379337018963355,4.557503225829095,-49.91033079185435,-49.73399163885006,-3.307243149379417,-53.036354546753934,-52.33532605369699,-4.498697840831909,-49.96822909336727,-50.59893777578972,5.007992802873346,-52.9595501396212,-53.08325161475149,-3.410626059345063,-49.061718188889856,-49.55264301377283,5.785185381908988,-52.79357841877777,-51.932675303399506
5.201241521448807,-50.229968633236325,-50.020975778481336,-4.498845520793708,-53.09634727067689,-52.50001264980269,4.269325894196314,-49.44364744957603,-49.284655471008364,-3.063712544100497,-53.162564159483004,-52.51788356835182,-4.227708793765032,-49.51084193281875,-50.11287452116537,4.707222518558609,-53.103519422104995,-53.179025539046094,-3.1731901132475713,-48.60764506288115,-49.067985027113906,5.449777898796228,-52.936848554437645,-52.089021435425515
4.530595362991107,-50.05416149958033,-49.857359079121295,-3.8363325783139004,-53.11081123454909,-52.510331661045335,3.606431412461319,-49.304651660738756,-49.15504576952977,-2.461431340683305,-53.178512703159655,-52.57495915094006,-3.564640576102448,-49.36770188756928,-49.951039285902766,4.035958093529388,-53.13611180135932,-53.16278678094895,-2.5440605791214352,-48.49351486303888,-48.92012807018405,4.747082764389546,-52.962660336863124,-52.12286272936122
3.6934088639398084,-50.19304910743243,-50.008037230239125,-2.9716652685099376,-53.03210937678746,-52.44861743264295,2.7750074009073415,-49.47769625769371,-49.329516981028135,-1.6805806810303494,-53.12154970171696,-52.534878768524266,-2.7167614492469596,-49.530918444692375,-50.109084282048094,3.2052937842543514,-53.09398368391798,-53.08009598382155,-1.7148319826710576,-48.69722370574252,-49.09693090355343,3.894207102651052,-52.904468873484944,-52.06744236765634
2.90042668855601,-50.54948280764918,-50.374014217123076,-2.1166096428666634,-52.891156354708194,-52.34041630896573,1.9843910834660505,-49.85646612500954,-49.704312150862215,-0.9149437615928235,-53.01194859170023,-52.42105680316607,-1.8906046177977487,-49.898019398700676,-50.48561962255522,2.4257655595660594,-52.997821869093634,-52.95507713289559,-0.8887190078741867,-49.1114078455796,-49.492947009160666,3.102352909370083,-52.784034220988815,-51.948614854638606
2.31445960233782,-50.98223010085421,-50.814834874870634,-1.44716104081796,-52.72064905220863,-52.21082004754771,1.397394406316593,-50.29914254272333,-50.14079609714882,-0.3254377473386114,-52.87277386320223,-52.26501800067759,-1.2540638249761002,-50.32896947048474,-50.936970231262805,1.8566325507022583,-52.86972928800945,-52.81127262550977,-0.2388163081675856,-49.59027173522226,-49.96133465941254,2.5301568841446738,-52.62969991365361,-51.79694180176082
2.0149186203630336,-51.371877390562446,-51.21107772582948,-1.0666671633344293,-52.560862945768065,-52.089567502554324,1.0939616578450568,-50.68896202214664,-50.52451027872213,-0.001140870160483587,-52.737746519375804,-52.10809390760335,-0.9020636090702112,-50.70877108811102,-51.34088673149844,1.571741062761518,-52.740900672190165,-52.68073012091476,0.13258366751455242,-50.00874557227012,-50.376711762795324,2.2510294464472906,-52.48057026183684,-51.65005332105565
1.9963970761174323,-51.65290088068518,-51.495869474127204,-0.9913210334943017,-52.449606383273434,-52.00510525225117,1.0694847887615282,-50.96289590840763,-50.7934609972955,0.05076908732385732,-52.64168167615158,-51.98970267154168,-0.8451038826029702,-50.976258426970304,-51.629213825548995,1.561469830541654,-52.64449456553777,-52.595396641206264,0.20961695951898207,-50.29645879986214,-50.66889392852004,2.2540549041100633,-52.37449849954679,-51.54314278544661
2.194396627097504,-51.807764872749246,-51.65046482673,-1.1655655432413141,-52.4075146525944,-51.97377746161136,1.2604489688038854,-51.1052527370653,-50.932254565626515,-0.11389825546430643,-52.604973378579224,-51.932822481329694,-1.0259248758005413,-51.11689859837067,-51.78347026103762,1.7602993197383086,-52.601830357809135,-52.572419299584205,0.04680054198254879,-50.435976863281184,-50.8194034518567,2.4707260533323563,-52.33250746292188,-51.4962517412051
2.5178015303277306,-51.84705331276025,-51.685567447432675,-1.4946991632354099,-52.432042381501304,-51.99417092390816,1.5768581897918352,-51.12865331275825,-50.953633521626756,-0.4082002930196609,-52.62647558891317,-51.93829698745134,-1.3514221383483118,-51.14326051059346,-51.81545816098749,2.078751169583967,-52.61453609761826,-52.60763693046982,-0.26411147964755344,-50.44380134321602,-50.841959066154146,2.807500059065191,-52.35274085580292,-51.508852913103084
2.8753011201186354,-51.79452401126139,-51.626383440864394,-1.8773277733175178,-52.50298690564367,-52.050623752890004,1.928515857147005,-51.0596239557604,-50.884186874210094,-0.7430418834965309,-52.68831483579355,-51.98999222188657,-1.7235893433934564,-51.08061066708893,-51.75170263547385,2.428274207285739,-52.66765235144451,-52.68075808443674,-0.6261195306229723,-50.35309600773499,-50.766089451865376,3.1720310985065368,-52.41621573025631,-51.564444532508546
3.192629256653234,-51.68019237668318,-51.50494887840722,-2.2282554916157125,-52.593647038744685,-52.12204983153676,2.2419836394137747,-50.93125990068131,-50.756880554624395,-1.0459380543535843,-52.76663980256347,-52.06498107912221,-2.0610184234958098,-50.96004933407915,-51.625442348246054,2.737170838551876,-52.739288794670145,-52.76637782919663,-0.9585793391406128,-50.20335205955131,-50.628092692698885,3.4902457411528616,-52.49802104674751,-51.64025865505738
3.4213062286181355,-51.536936391519376,-51.35588709780143,-2.4902445297353495,-52.68057789637298,-52.189981292920024,2.469071885180327,-50.77883116517812,-50.60657966727679,-1.269398388716553,-52.84093271748773,-52.14226161318048,-2.3097423853617443,-50.81485588653577,-51.47221655986324,2.9586864842451774,-52.809720943694614,-52.84346704347933,-1.2075712551096132,-50.03419967533945,-50.465775647445064,3.7148796215934397,-52.57670835064542,-51.71580420741723
3.5404959688499673,-51.39672348190283,-51.21211896395371,-2.6367134427686523,-52.74845926760415,-52.242548251538395,2.588662586432676,-50.63521619352268,-50.46555517192494,-1.3919475335486737,-52.89834041969723,-52.20710561297507,-2.445497598635157,-50.676538085871826,-51.32550913080486,3.072815633470597,-52.8659960618337,-52.89966304410058,-1.3478314156175628,-49.880409238062725,-50.31370291656232,3.8269824537741215,-52.6385697097588,-51.77714971045527
3.5539241236807584,-51.285736885025884,-51.099927789654004,-2.66837103079628,-52.7904738019199,-52.274687931765975,2.603817883582124,-50.52592528642352,-50.358685967744066,-1.414929348809693,-52.93360614591347,-52.251638019731146,-2.470268883860328,-50.57007713223705,-51.2118237863742,3.083478578463925,-52.90226204245166,-52.93091005079544,-1.3794912393548628,-49.76742007432545,-50.198361754225246,3.832368154225989,-52.67757302553508,-51.817389078356086
3.4836986796001526,-51.219926811988415,-51.03477946004535,-2.6064387650285425,-52.80637969475043,-52.28648730768917,2.53587638057148,-50.465177131794604,-50.29971526569728,-1.3570537907278464,-52.94696370735299,-52.27360048156337,-2.4056077698084692,-50.509861238127854,-51.14655712505061,3.0126142177647637,-52.91798724957835,-52.93893155529297,-1.3219989414257327,-49.70824543019695,-50.134408622730135,3.7549753069202865,-52.693366465974705,-51.83522666061993
3.3624968828035833,-51.202931296506904,-51.019603262858325,-2.484343338384903,-52.8002071537496,-52.281282687544056,2.4168603361681704,-50.45458023731965,-50.2900320935405,-1.2476383479810806,-52.94195446639428,-52.274822213653735,-2.2844955540220866,-50.498068036345686,-51.132349601287245,2.892514278221981,-52.915969737140614,-52.9286550708925,-1.2066269833746759,-49.70283129712101,-50.12342415146559,3.628723386056663,-52.68923374440745,-51.83325838787262
3.225391831801346,-51.22731432783121,-51.046290665117084,-2.339195425132459,-52.77842970570761,-52.26419526859807,2.281409644497046,-50.48498454627237,-50.320519059765616,-1.1192996834554947,-52.92392548483332,-52.259948614365726,-2.1430366003674806,-50.52624861909487,-51.16066708330619,2.757702038080467,-52.90091595759541,-52.906448788863784,-1.0685466575305753,-49.74028298711606,-50.15578631766467,3.48920526822171,-52.670646833644724,-51.81656208126821
3.1026643658246087,-51.27853577843434,-51.099772753776094,-2.204212009154432,-52.74858892124833,-52.24107096681968,2.159605110220994,-50.540745357848,-50.37573677202067,-1.0011708987031795,-52.89905000245834,-52.23531840155003,-2.013144946699981,-50.57942714651728,-51.215974953689575,2.637797463738252,-52.87849281236669,-52.879034870163366,-0.9395438636930464,-49.8033136924908,-50.21501494493252,3.366559976236374,-52.644207979393386,-51.79153217855114
3.014877931120253,-51.33995470891762,-51.16303366313573,-2.103203936495717,-52.718071965356714,-52.217573438879455,2.0720027661110123,-50.60474005516376,-50.438837763085736,-0.9139016625028944,-52.873450423638864,-52.207759380103795,-1.9173264522999744,-50.641035593302696,-51.28085001234795,2.5527016041802426,-52.85448469223868,-52.852632057754946,-0.8425791307899004,-49.87342049838584,-50.28298175061007,3.2807436211722916,-52.61660196567012,-51.76473783721654
2.9709517499030085,-51.397071461126906,-51.22134223324146,-2.0479372644231546,-52.69293649074157,-52.198322364967396,2.0276500790831307,-50.66247888201576,-50.49559470860409,-0.8673387566449122,-52.852249226913244,-52.18331253104891,-1.8663036219441835,-50.69698053814501,-51.34028691848563,2.510810520144304,-52.83388360876652,-52.8321067493025,-0.7891118781454338,-49.93517796722627,-50.34427480773071,3.239848066674284,-52.59347093258565,-51.74178038610925
2.9690994530246826,-51.43999699701642,-51.26472300947576,-2.0384903892789765,-52.67698191599262,-52.18620419032731,2.0249681587771846,-50.7044145968756,-50.536664301213946,-0.8609900630903127,-52.83873294118089,-52.166162433077815,-1.859536993308737,-50.737925912571846,-51.384199389224776,2.5100586063521604,-52.820062860599194,-52.82027341989404,-0.779374341644214,-49.97868082208379,-50.38871543046963,3.2412606652354015,-52.57846494192266,-51.726370003190695
2.999765109984665,-51.46411494215368,-51.288618633300466,-2.0659563456912053,-52.67136172996133,-52.182075785720755,2.054636367046257,-50.72646519069106,-50.55809429803743,-0.8865836163496397,-52.83394918907972,-52.15809776071665,-1.8879613125906616,-50.7598106269339,-51.40806693641204,2.5408764083816067,-52.8143282601754,-52.81763037954245,-0.8049581524405909,-50.00006291765263,-50.41196661733959,3.2747568531450497,-52.57280542300057,-51.71989682243339
3.0494010215588077,-51.46947929147779,-51.29326323585792,-2.116361024469356,-52.67485811535291,-52.18496856055137,2.1033247936835124,-50.72929184555211,-50.56060215343345,-0.9316223361536657,-52.83689764143879,-52.15862994213418,-1.9378255391407038,-50.763153133177696,-51.41226276799995,2.589910506393764,-52.816019327734466,-52.8226689405962,-0.8525841608097409,-50.00062309883078,-50.41477270142794,3.326361439488224,-52.575500266233696,-51.72160669798478
3.104068587172506,-51.459565944327,-51.28238033139378,-2.1746396469244758,-52.68466893121144,-52.19269303857777,2.1572590565166365,-50.71694044311994,-50.548224956082024,-0.9828821200868418,-52.845200137072155,-52.16563162442102,-1.9945277294545463,-50.75175010752696,-51.40069691096507,2.6435254397883057,-52.82308289224343,-52.83262778180298,-0.907912943367279,-49.985231856927356,-50.40148803743351,3.381968837794318,-52.584063477946415,-51.72925128717577
3.152194464753009,-51.43981570123129,-51.26165918207768,-2.2278218909124377,-52.69738853395094,-52.20260118866792,2.204954936737508,-50.69528955717789,-50.52678160729802,-1.029136947105684,-52.85595739807856,-52.17619908339141,-2.0456468577133364,-50.73119736301793,-51.379243933816156,2.6904629426051656,-52.83286020972197,-52.84439351548073,-0.9585795254667318,-49.960551190075705,-50.378396122921,3.430069104327231,-52.59542390071857,-51.739933253517194
3.1861870144778095,-51.416225051407785,-51.23728921522199,-2.2670014883414353,-52.7098722102258,-52.212260322600045,2.238831693120787,-50.670579601904635,-50.50242168728987,-1.0627938547311118,-52.866501861842735,-52.187451265197495,-2.0827843187422275,-50.70748649871893,-51.354242704862244,2.723389985696727,-52.842810473091774,-52.85525691178893,-0.9960629206599236,-49.933406227282084,-50.35213263559207,3.4633007662696116,-52.606722803672504,-51.75087277746783
3.2029150381914917,-51.39415113615517,-51.21473475090107,-2.288040392642827,-52.71980233989687,-52.21989163932206,2.2557050059511,-50.64820482392383,-50.48044031834226,-1.080437194881398,-52.87488049458624,-52.1970930038439,-2.1021830306404325,-50.6858418094656,-51.33125243226692,2.7393438889812103,-52.85099922278067,-52.863365293843145,-1.0163587857747132,-49.9095105915264,-50.32840809337049,3.4788494391555105,-52.61583232045706,-51.75993138307217
3.2032477783993443,-51.377462738173186,-51.197884516091264,-2.2912098883289644,-52.725921393322416,-52.22454543631174,2.2563522797707094,-50.63189958400155,-50.46448573062649,-1.0824746024962195,-52.88004281293057,-52.203698023157685,-2.104329178846214,-50.669922390277506,-51.31419796984598,2.7392667705686478,-52.85631294476623,-52.867858783615105,-1.0196521172689046,-49.89266253316971,-50.31115951820367,3.477908380520418,-52.621569642862966,-51.76585483380158
3.190962048926906,-51.36812658412634,-51.18865726495457,-2.2801014529635637,-52.727993855544774,-52.22606404982987,2.244447642674089,-50.623391559554015,-50.4562273110778,-1.0721691702548668,-52.881798003057,-52.206750648907544,-2.0928632168962196,-50.66146616556615,-51.30498253916946,2.726924922842258,-52.85845014676383,-52.86876932973296,-1.0092998471670853,-49.884454993408994,-50.3021962432172,3.4645216907425436,-52.62366938889504,-51.76827981178323
3.171357400202396,-51.366240801645986,-51.18706351930264,-2.2601776984859754,-52.72659305123507,-52.22491042366468,2.225200283412235,-50.62250983814043,-50.455469458311306,-1.054368811729887,-52.88063016874433,-52.206516114748894,-2.0731602917000487,-50.66037366319908,-51.30356407175887,2.707545815549622,-52.85776883439694,-52.86678499853326,-0.9904657939745647,-49.88445962943631,-50.301320953290166,3.444160602641958,-52.62260150448138,-51.76757945391486
3.149897746305925,-51.37043328541961,-51.191631405150986,-2.2373071022254294,-52.72280211337376,-52.2219334402141,2.2040106251162825,-50.62764526336838,-50.46060903119198,-1.03422588975657,-52.87744795204635,-52.20380892284372,-2.0509122533371595,-50.66513901845584,-51.308399167129714,2.6864859365171156,-52.85506209817034,-52.86296454659319,-0.9687294997196148,-49.89076307402884,-50.3068177805062,3.422353882024879,-52.61931131616696,-51.764620390364904
3.1311286399367333,-51.37847057008169,-51.200036897249234,-2.216554810371349,-52.71789881535575,-52.218124078701244,2.185392966224015,-50.636397805958,-50.469273945425925,-1.0161448848669465,-52.87332353061423,-52.19971933173949,-2.030971785815211,-50.67347025351772,-51.31709113470943,2.6681747968639087,-52.851315082666794,-52.85846041181037,-0.9489291093101997,-49.90067926766757,-50.31613626938852,3.40361763679428,-52.61494023266577,-51.76049141132411
3.1180173913370197,-51.38790112357461,-51.20976087832736,-2.20140006647884,-52.71307667899758,-52.21440178127645,2.1723134395807335,-50.64623369965382,-50.478969266674284,-1.003109291318566,-52.869260977249894,-52.19534968115099,-2.016618415384471,-50.682925559909705,-51.327061275640986,2.6554784252475088,-52.847482764411964,-52.854288459152954,-0.9344056769961355,-49.911454247761434,-50.32658656914613,3.3908235776047775,-52.61057272187777,-51.75625240632121
3.111750155657745,-51.39658775637708,-51.21862808172445,-2.1934362165319214,-52.70924053883308,-52.21145909368194,2.165979970520496,-50.65501195579603,-50.48759347217525,-0.9964362600491938,-52.86602438873478,-52.19160349563011,-2.0092940704320625,-50.69142682296726,-51.33609638788735,2.649512784995437,-52.84431904340273,-52.8511702218111,-0.9267073134781754,-49.92081913107137,-50.33589776255913,3.385030364956677,-52.60704558786412,-51.752741526552725
3.111921407589392,-51.403045998867846,-51.22514568622225,-2.192503831833349,-52.70689874329892,-52.209680719267894,2.1660222351556655,-50.661304155369976,-50.49375062001438,-0.9959118098210382,-52.864045297479976,-52.18905653846316,-2.008754410833106,-50.69757446866676,-51.342689716932256,2.649840250048541,-52.8422777433465,-52.84946130105048,-0.9257089062645747,-49.92731412399519,-50.34255752481579,3.3857051581875055,-52.604842771747855,-51.75046456517638
3.1169869150774616,-51.4065707566598,-51.22862503666102,-2.1971321389032425,-52.70615438873308,-52.20913848652282,2.1709349404424643,-50.664496534861144,-50.496848097467414,-1.0001922295087695,-52.86341325184419,-52.18791947455104,-2.013511222538952,-50.7007517953515,-51.34615973349852,2.654920341985431,-52.84149174754987,-52.84916421235573,-0.9300289081677562,-49.93037538932863,-50.34592016348303,3.391200825771733,-52.60408069328601,-51.74957230179298
3.1248290258663616,-51.40718243309267,-51.22911929982859,-2.205130419636575,-52.70677792583321,-52.209648638682644,2.178634939252831,-50.66471106544455,-50.49701649316231,-1.0073295439622711,-52.86393599693672,-52.188081079437445,-2.021411288533187,-50.70105372181792,-51.34658140115443,2.662665898901352,-52.841819922962586,-52.85000767904586,-0.9375914702836496,-49.93022801045147,-50.346121593759186,3.3993349946628513,-52.6045696021162,-51.749912738751384
3.133297633618554,-51.40544969296869,-51.227236338097285,-2.214178331506588,-52.70832923931518,-52.2108669085126,2.1869966637899267,-50.66260693376767,-50.49491240603141,-1.0152882851743072,-52.865242532107956,-52.18920546498084,-2.030206420173684,-50.69909890226667,-51.344591345154555,2.6709716174169102,-52.84293829021817,-52.851562841573084,-0.9461890683003844,-49.92765491949797,-50.34386696253799,3.4079343009383365,-52.605922160334714,-51.75113145094508
3.1406286467487092,-51.40225260321429,-51.223892749790586,-2.222300868321284,-52.71029299256999,-52.21239340855257,2.194268169236935,-50.65912906139445,-50.49147001791785,-1.022355528290646,-52.86689791110952,-52.19085073092045,-2.0380062955830454,-50.695789181119366,-51.3411347176777,2.6781202831497097,-52.844446548223935,-52.853364160331935,-0.9539362390857065,-49.92371627960651,-50.34016247249551,3.4152475619646907,-52.60767587255097,-51.752788419422856
3.145689555876345,-51.398543650827065,-51.22006831622318,-2.2281642885230184,-52.71219644042564,-52.21386350403914,2.1993171987071207,-50.65526251352777,-50.48765938150725,-1.0273915066386223,-52.86850314618472,-52.192579716485916,-2.0435552046512697,-50.692072974443995,-51.337214250245616,2.68301877709348,-52.8459641921817,-52.855008823852316,-0.9595535476433241,-49.919483460660544,-50.336054354784906,3.4201804562274987,-52.60940079967533,-51.75446360416985
3.1480468111444395,-51.39515061944532,-51.216605681266934,-2.231179487440812,-52.7136903345951,-52.21500973975914,2.201701258262645,-50.65183644007429,-50.48429419324387,-1.0299116837870912,-52.86976359081509,-52.19404279040812,-2.046322129728921,-50.68875483066992,-51.3336868989401,2.685259754915478,-52.84719923669099,-52.85621962916041,-0.9624686308250574,-49.91583326543188,-50.33242125686628,3.422349743131221,-52.61077452225628,-51.75583294236195
3.147884479559181,-51.39264812816362,-51.21408195111246,-2.231439190170505,-52.71458626194286,-52.21568984220343,2.201590147639493,-50.64940254250089,-50.4819133299988,-1.0300250681934529,-52.870520293083594,-52.19502365818346,-2.046431606998098,-50.686375808317464,-51.331134762075294,2.685038524636269,-52.84798288883585,-52.85686802637618,-0.9627589734266451,-49.913326581025245,-50.32984616608452,3.421989493380252,-52.61161797981596,-51.75670735616467
3.145824504468493,-51.3913065589614,-51.212760119267344,-2.229540263653462,-52.71485420621336,-52.215883963217614,2.19959022503906,-50.64819411321818,-50.48074175857212,-1.0282743644096968,-52.87074777248009,-52.195448774794315,-2.044486172879317,-50.685171237796794,-51.329817740624385,2.6829747522272243,-52.848272201989445,-52.856963032113896,-0.9609847296697183,-49.91217490305193,-50.32857384745559,3.4197618531510727,-52.611895298033545,-51.75703660978988
3.1427055759663034,-51.391110863299666,-51.2126116771512,-2.226351791600095,-52.71459071666577,-52.215669399449474,2.196526587821026,-50.648155363854414,-50.480720426387435,-1.0254310706211953,-52.87052714426713,-52.19536759337342,-2.0413394811578485,-50.68509663081345,-51.32969862316722,2.679894937478352,-52.848128318931764,-52.85661678025065,-0.957968954990136,-49.912281169741135,-50.328542621774474,3.4165305027572828,-52.611686670149496,-51.75688601031057
3.1393722454529183,-51.391829936168094,-51.213390014390114,-2.222785527398756,-52.71397080646429,-52.21518304335005,2.1932343199695055,-50.649019522027544,-50.48158379924021,-1.0222947616673537,-52.870005658933515,-52.19491434333302,-2.0378746182863523,-50.685901415806526,-51.330519450806655,2.6766261326736043,-52.847680371471185,-52.85599893854438,-0.9545790812651802,-49.913330255764386,-50.329467594054876,3.4131485446320937,-52.61114589439953,-51.75639687616386
3.1365121162622387,-51.39311155909847,-51.21472878829678,-2.2196117834481583,-52.713196384823085,-52.21458146618599,2.190396512471054,-50.650409412026406,-50.482959137853314,-1.0195337468509393,-52.86935335295631,-52.19426276188992,-2.0348285460836024,-50.68722527802251,-51.33190266977171,2.673837674499765,-52.84708512122343,-52.855291094820366,-0.9515508521024856,-49.914900354715186,-50.33094750627902,3.410297914644161,-52.610454033260076,-51.755741948322466
3.1345610826846553,-51.39457848798998,-51.21624035361445,-2.217345299296838,-52.71245161245581,-52.21400658980918,2.188449188768928,-50.65193576205126,-50.48446319371075,-1.0175879585681429,-52.868725475246904,-52.193583836002226,-2.0326854345098724,-50.688693111968504,-51.3334516739784,2.671950077761366,-52.84649077722503,-52.85464953323425,-0.949378461814959,-49.91656888254726,-50.33256902700539,3.4083990501534345,-52.60977866783452,-51.75508521546023
3.133678933057226,-51.3959067145541,-51.217595116218945,-2.216206648651422,-52.71187194505991,-52.21356207144423,2.1875557877749827,-50.65327468797273,-50.48577816351539,-1.0166382476181326,-52.868236364013455,-52.19301381571739,-2.0316432689298694,-50.6899904484986,-51.33483134935169,2.671112912950065,-52.84601076875356,-52.854181387413675,-0.9482765668025763,-49.91799367371529,-50.33398884638301,3.407591754861187,-52.60924509063507,-51.75455268179793
3.133783553567312,-51.39687497003367,-51.21857097312116,-2.216148987286857,-52.71152959817198,-52.21330241646625,2.187639845105423,-50.65421430305221,-50.48669712548863,-1.016632514855658,-52.8679471122273,-52.192636244800624,-2.03164305698364,-50.6909093845912,-51.335817765672616,2.671239773147761,-52.84571016433375,-52.85393561793113,-0.948204729267772,-49.918959594544695,-50.334982939411795,3.407774289028481,-52.60892218932315,-51.75421712849694
3.1346234261659447,-51.39738280729199,-51.21907045055892,-2.2169297445810514,-52.711434470079425,-52.21323400197146,2.1884559469595075,-50.65466884134146,-50.48713748125188,-1.0173503581507788,-52.867866263502336,-52.192478258855964,-2.0324404000263314,-50.69136321345113,-51.33631479789767,2.672080215018241,-52.845604471323014,-52.85390718092934,-0.948935008221099,-49.9193897931532,-50.33546131531107,3.4086795324198818,-52.60882239539513,-51.75409659483398
3.13586551297459,-51.397441316386484,-51.219109969527835,-2.2182029683995097,-52.711546809012496,-52.21332509614911,2.189676344525907,-50.654665341116605,-50.48712745955707,-1.0184847682185847,-52.86796044301072,-52.19251858560676,-2.0336957648726326,-50.69137443467487,-51.33634238668334,2.673306177804605,-52.845668233155266,-52.85405059424116,-0.9501395948663003,-49.91932783624066,-50.33545365036724,3.4099649024055907,-52.60891249641662,-51.7541637243651
3.1371780695704814,-51.3971447705559,-51.2187899240007,-2.2196097611679875,-52.71179646781961,-52.213520867622464,2.1909729478970803,-50.654311957584696,-50.48677466583972,-1.0197211844327256,-52.86817058071588,-52.192702982356636,-2.035061752579111,-50.691044774229134,-51.336005432338965,2.674592921727708,-52.84584950814468,-52.85429812582584,-0.9514769624373969,-49.918901066437684,-50.335075475720956,3.4112955675218473,-52.60913070885324,-51.75436165406194
3.1382937405949463,-51.39663311063892,-51.21825580739437,-2.2208499327215776,-52.71210348701521,-52.213759320165494,2.1920801047759113,-50.65375828009765,-50.486226910950506,-1.0207993934326254,-52.868429277859285,-52.19296238087642,-2.036251357281216,-50.69051717499704,-51.3354538276224,2.6756803017939887,-52.84608605313652,-52.85457800787591,-0.9526603761889163,-49.91827661300426,-50.334485964085985,3.4124066179881396,-52.609405239522005,-51.75462184412116
3.1390455261902446,-51.396054541897,-51.21765987624197,-2.221725585833724,-52.712395717516465,-52.213984854889176,2.192830697145098,-50.653157071995466,-50.48563457714344,-1.0215504837529181,-52.868675683287904,-52.19322959853352,-2.03707863533549,-50.68993886142469,-51.33484330611431,2.6764073055802697,-52.84631967600646,-52.85482914237921,-0.9534998183418253,-49.91762015692734,-50.333847317592344,3.4131372684336014,-52.60967039381743,-51.754879948921584
3.1393751355236645,-51.39553531360912,-51.21713050438196,-2.222154914654496,-52.712620788366756,-52.214157405889814,2.1931649436739207,-50.65263436662241,-50.48512130969366,-1.0219076788073096,-52.86886559840049,-52.193451742330765,-2.0374705095267416,-50.68943223714247,-51.33430434914924,2.6767195513869524,-52.84650642025271,-52.85501028726544,-0.9539155838338758,-49.91706464296479,-50.33329309674915,3.4134371411935973,-52.609877708502964,-51.755087138695856
3.1393186205568213,-51.395160749646045,-51.21675325935548,-2.2221605891540435,-52.71275146415228,-52.21425644494269,2.1931166405420157,-50.652271656315285,-50.48476666433479,-1.021895126777153,-52.86897600477963,-52.19359695298412,-2.037454244019443,-50.68907732044302,-51.33392318132374,2.6766546657207044,-52.84662161615199,-52.85510326774411,-0.9539276185600016,-49.91669256242044,-50.33290942359592,3.4133499898607056,-52.61000115694843,-51.75521578100002
3.1389773618626293,-51.39496852508802,-51.21656457550078,-2.2218409136638257,-52.71278493640911,-52.21428030745123,2.1927847586493385,-50.6521007506438,-50.48460123059256,-1.0216019614443468,-52.86900447632122,-52.19365554419778,-2.0371286958556425,-50.688906377536895,-51.333735658307376,2.6763135177225763,-52.84666005405943,-52.85511101965186,-0.9536283328501156,-49.91653201252026,-50.332729637156206,3.4129832624576864,-52.61003684171909,-51.75525973445886
3.138483377552447,-51.394952622762574,-51.21655629762,-2.221333305615289,-52.71273762095839,-52.2142420774351,2.192299249694841,-50.65210933379858,-50.48461225485259,-1.0211500349737577,-52.86896480255845,-52.193636645404936,-2.036628635909409,-50.68890893843813,-51.33373221066064,2.6758261150175287,-52.84663240502357,-52.85505206592214,-0.9531479527459794,-49.91656406996563,-50.33274028548138,3.4124726334436417,-52.60999853979261,-51.755230473664334
3.1379669096392604,-51.39507472340286,-51.21668769085845,-2.220778865742858,-52.71263751234922,-52.21416362789991,2.1917889469686145,-50.65225366198071,-50.484756237976626,-1.0206629627133452,-52.868880551076955,-52.19356204553042,-2.036090574544332,-50.68904381505638,-51.33387031968328,2.675319924714799,-52.846559456673546,-52.85495332156566,-0.9526207698143025,-49.91673742870381,-50.33289466383402,3.411949456472982,-52.60991092615545,-51.75515076548355
3.1375319474557273,-51.39527911041206,-51.21690087178142,-2.2202945495514257,-52.71251612429407,-52.2140693842219,2.1913572034127498,-50.65247429997628,-50.48497446472102,-1.0202420846090803,-52.8687782769764,-52.193459065476944,-2.0356262657129776,-50.68925418296969,-51.33409037599789,2.674896105378693,-52.84646577370615,-52.85484298857889,-0.9521585236434049,-49.91698580339993,-50.333129543851825,3.4115166723324393,-52.60980230910154,-51.7550476748912
3.1372425076580157,-51.395507408790664,-51.21713590226719,-2.2199564763207746,-52.71240164695133,-52.21398106204383,2.1910681117475264,-50.65271116961949,-50.48520780278004,-1.0199523180233996,-52.86868175292518,-52.193354043591256,-2.0353071533312317,-50.689482118540184,-51.33433108979803,2.6746163408383268,-52.8463741229559,-52.854744870387464,-0.9518343327925436,-49.91724411871954,-50.333381141854865,3.4112357963819733,-52.609698373331355,-51.75494638875462
3.137119773525299,-51.395710372222965,-51.21734273321646,-2.2197949569234225,-52.71231434030096,-52.21391415404386,2.1909434619536796,-50.652915188557316,-50.48540810765985,-1.0198182904987192,-52.86860807990276,-52.19326753310449,-2.0351601694917605,-50.689679933365085,-51.334541605238755,2.674500308870009,-52.846301545747146,-52.85467485601582,-0.9516777757104364,-49.91746066860395,-50.33359744575197,3.411124876978974,-52.60961788750525,-51.7548658436738
3.137148094450282,-51.39585515476281,-51.217488451294344,-2.219799444933969,-52.71226452043772,-52.213876427364724,2.190968500365102,-50.65305507216424,-50.485544847291635,-1.0198290830481085,-52.86856598183378,-52.19321172906627,-2.0351730274971658,-50.689816888292626,-51.33468877361585,2.6745317748427766,-52.84625744238794,-52.854639737928714,-0.9516794496626488,-49.91760386372276,-50.33374539556735,3.4111652428694157,-52.60957073722283,-51.754816571265806
3.1372866197035876,-51.3959277382023,-51.21755954694231,-2.2199301375987517,-52.7122529180925,-52.21386824936617,2.1911033240310474,-50.653119134883354,-50.48560680315012,-1.0199486573266512,-52.86855610064599,-52.19319009605077,-2.0353057712036673,-50.6898810894,-51.334759332318725,2.6746701212001653,-52.8462435654848,-52.85463804497378,-0.9518019133653866,-49.91766354777995,-50.333812753616876,3.41131368740551,-52.609558116819755,-51.75480065487184
3.1374830195432963,-51.39593119106843,-51.21755994129032,-2.220132448210208,-52.71227278636822,-52.21388425223651,2.1912964088325566,-50.6531129228604,-50.485599680701384,-1.0201286384824613,-52.868572768214904,-52.19319875316196,-2.035504904383046,-50.68987733710109,-51.33475777133966,2.674863832251063,-52.84625547766598,-52.85466226072009,-0.95199342270638,-49.917647907816,-50.333805555632466,3.41151648387779,-52.60957433886192,-51.75481331229218
3.137686180402298,-51.39588107219281,-51.21750614616733,-2.2203509086416773,-52.71231294481281,-52.21391570457353,2.191497184045758,-50.65305411024478,-50.485541047448905,-1.0203204562028958,-52.86860657038353,-52.19322893946983,-2.0357167928905255,-50.68982229094868,-51.33470130898791,2.6750628972971953,-52.846284852030976,-52.854701678583204,-0.9522011772362475,-49.917577604714566,-50.333742668841865,3.4117221226629937,-52.609609536131515,-51.754845420782125
3.137855688364297,-51.39579952741012,-51.2174211550282,-2.220539977806837,-52.71236095749274,-52.213952970146245,2.1916654736672285,-50.65296627660507,-50.48545419308023,-1.0204846735454396,-52.86864702624253,-52.193269834325136,-2.035897948077192,-50.68973850407188,-51.334613615487726,2.67522801539846,-52.8463219771637,-52.8547451977226,-0.9523816596940406,-49.91747889827883,-50.33364917610842,3.4118906355859906,-52.60965252928459,-51.754886279881035
3.137967042441744,-51.39570951306442,-51.217328529055806,-2.2206704163293267,-52.71240580520772,-52.21398756261954,2.191776735708345,-50.65287301615854,-50.48536233703843,-1.020596380851572,-52.868684842470785,-52.193311109379096,-2.0360209579230997,-50.68964873144745,-51.33451877671654,2.675335593519563,-52.84635793893009,-52.854783538131834,-0.9525067747429858,-49.917377315913846,-50.33355012502361,3.4119985265640054,-52.60969327218116,-51.75492602737813
3.138012603666226,-51.39563021937688,-51.217247761812416,-2.220731049876818,-52.71243965934862,-52.214013497922785,2.191823084534363,-50.65279342577844,-50.4852842080558,-1.0206465477703688,-52.86871341109738,-52.19334478717376,-2.0360759539682505,-50.68957153445347,-51.334436594273704,2.6753785702441917,-52.84638613739034,-52.854810587322305,-0.9525655999397031,-49.9172929464422,-50.33346574993227,3.4120393974971677,-52.609724506210924,-51.75495732769103
3.1379990992158753,-51.395574286419325,-51.21719150797133,-2.220726666467513,-52.71245862929956,-52.21402785067813,2.191810890391679,-50.652739510292506,-50.48523151826784,-1.0206400236705946,-52.868729442111714,-52.19336621397483,-2.036068381427782,-50.68951871726649,-51.33437980618022,2.6753638871083893,-52.846403005012405,-52.85482382512477,-0.9525624441954648,-49.917237876771885,-50.333408734046905,3.412021159894806,-52.60974249324828,-51.75497618083229
3.1379429666588834,-51.39554692451209,-51.21716476870711,-2.22067335669405,-52.71246258177145,-52.21403059541102,2.1917562177549854,-50.6527155514514,-50.485208370443175,-1.0205913548574586,-52.86873281343698,-52.193374169108914,-2.0360143660113152,-50.68949465559935,-51.33435330905031,2.675307877120261,-52.84640797670573,-52.85482396215519,-0.9525124511194036,-49.91721575874598,-50.33338355651216,3.41196116602039,-52.60974690376905,-51.7549819040301
3.137864934580392,-51.39554666091513,-51.21716573089054,-2.220592787146387,-52.71245428462417,-52.21402393093862,2.1916794810636873,-50.65271910096877,-50.48521225856858,-1.0205197298919444,-52.86872585086863,-52.193370292731714,-2.0359351265638423,-50.689497202636645,-51.3343550613444,2.675230940180029,-52.84640289324322,-52.85481404585063,-0.952436163250141,-49.91722308962888,-50.333387560544864,3.411880677939095,-52.60974008000747,-51.754976483859146
3.137785054328745,-51.39556718892321,-51.217187712041095,-2.220506751534259,-52.71243819732517,-52.21401133835151,2.1916005226791384,-50.6527430271268,-50.48523609704181,-1.0204442233578845,-52.86871230936562,-52.19335810129375,-2.03585172501883,-50.68951962932803,-51.33437810102292,2.675152690192661,-52.846391085079105,-52.85479832988559,-0.9523543295658783,-49.91725155979359,-50.33341313506731,3.411799886726328,-52.60972596160525,-51.75496357040207
3.137719026583966,-51.39559970735601,-51.21722157992474,-2.220432975646986,-52.712419221972155,-52.21399661501999,2.1915349547175964,-50.65277797662996,-50.485270649342866,-1.0203801770113046,-52.86869632030174,-52.19334187545537,-2.035781077834173,-50.68955298554843,-51.334413030570886,2.6750883907304512,-52.84637638651576,-52.854781178407585,-0.9522838914892446,-49.917290768607174,-50.33345033168947,3.4117343047055613,-52.60970895810003,-51.754947389532575
3.13767622115364,-51.39563518808092,-51.217258072837666,-2.2203826838031233,-52.712401662683476,-52.213983074743865,2.19149216751417,-50.65281468360387,-50.485306798130495,-1.0203371432153716,-52.86868151370075,-52.19332566278298,-2.0357336953157414,-50.68958833193735,-51.33445038463531,2.6750470582854575,-52.846362284817886,-52.85476620617828,-0.9522356381385322,-49.91733070293895,-50.333489314588995,3.411692898217609,-52.609692996056566,-51.7549318002847
3.1376593713244745,-51.395666154889554,-51.21728960024349,-2.2203599787569317,-52.712388543292576,-52.21397302788053,2.191474994455632,-50.65284572013475,-50.48533725994083,-1.0203184173335984,-52.86867044209697,-52.19331255886027,-2.035713175633447,-50.68961844602722,-51.33448245512932,2.675031204499504,-52.84635133516532,-52.854755763543416,-0.9522135874810402,-49.917363560125395,-50.33352221409457,3.4116779095545553,-52.60968088192857,-51.754919643379274
3.1376656083747747,-51.39568774831203,-51.21731130146501,-2.2203627282200813,-52.71238132972407,-52.21396757514867,2.1914807086952095,-50.65286648474149,-50.485357547011546,-1.0203218757539219,-52.868664345407495,-52.19330433893117,-2.035717138657162,-50.68963879985359,-51.33450435219382,2.6750378821605096,-52.84634489091826,-52.85475078380111,-0.9522158068541273,-49.91738472069848,-50.33354416953061,3.4116860058482814,-52.6096740283948,-51.75491243714394
3.13768832410895,-51.395698040421074,-51.217321334188284,-2.2203844351298585,-52.71238001524103,-52.213966680982765,2.191502848774064,-50.65287541868398,-50.48536616906874,-1.020341653072336,-52.86866322182546,-52.19330142830357,-2.0357390833654136,-50.68964779315895,-51.334514277547854,2.6750605291605183,-52.84634312684021,-52.85475093719474,-0.9522361783672721,-49.917392884453406,-50.33355355224212,3.4117102240140866,-52.60967251127475,-51.75491039750331
3.1377193111485013,-51.39569771549313,-51.21732051839936,-2.2204165033958105,-52.712383467187834,-52.21396944687538,2.1915333297285144,-50.65287358998719,-50.48536421488361,-1.0203701409747623,-52.8686661194416,-52.193303137734944,-2.03577059713254,-50.689646372333684,-51.33451314283202,2.675091070751094,-52.84634528216162,-52.8547549902157,-0.9522665500674634,-49.91738954019242,-50.3335515185741,3.4117421532351386,-52.60967536863744,-51.754912702229845
3.137750706733428,-51.3956893263796,-51.217311555067354,-2.220450373271973,-52.7123899076161,-52.21397448555446,2.1915643692009326,-50.65286387305913,-50.48535453912048,-1.0203998512746892,-52.8686715410803,-52.193308056647396,-2.03580341206397,-50.68963725207476,-51.334503759601176,2.675121817688151,-52.846350025462414,-52.85476125338522,-0.9522987711879409,-49.91737802685378,-50.33354113548145,3.411773882114076,-52.60968102811827,-51.754917891649924
3.1377764146236444,-51.39567636825101,-51.2172980686669,-2.220479148803591,-52.71239740450366,-52.21398030080826,2.191589903829154,-50.65284997556793,-50.4853408024849,-1.0204248188956768,-52.86867785839232,-52.19331449197091,-2.0358309512337627,-50.68962398172085,-51.334489856269784,2.675146845375039,-52.8463558430371,-52.85476801115222,-0.9523262496745275,-49.91736246133319,-50.33352634614965,3.4117993935544746,-52.60968775067069,-51.7549242971885
3.137792855793535,-51.39566238955706,-51.21728369783578,-2.2204985254697647,-52.712404277174016,-52.213985599020006,2.1916063448054075,-50.65283553436983,-50.485326583011705,-1.0204413845982998,-52.86868365386421,-52.193320858016676,-2.0358491889774513,-50.68961007111879,-51.33447515046369,2.6751627121904704,-52.84636137098358,-52.85477385591339,-0.9523448463928048,-49.9173467691686,-50.33351101082836,3.4118152703530455,-52.60969400206097,-51.75493040929669
3.1377990619224363,-51.39565030135947,-51.21727139664569,-2.2205070049166125,-52.71240935855058,-52.213989488883186,2.1916126832438607,-50.65282343705332,-50.48531471163298,-1.0204483533840119,-52.86868794227949,-52.193325954348495,-2.03585682175472,-50.689598329095986,-51.33446264104867,2.6751685347517764,-52.8463656207375,-52.854777884798565,-0.952353090744765,-49.917333979191554,-50.333498188526306,3.4118207383668704,-52.60969869804863,-51.7549351286561
3.137796247996633,-51.39564197049263,-51.217263030610795,-2.2205055229989625,-52.71241209771408,-52.21399155736317,2.1916100777574172,-50.65281544583167,-50.48530690639135,-1.020446644776527,-52.8686902575912,-52.193329104825835,-2.035854878675323,-50.68959049108718,-51.334454203599826,2.6751655565936403,-52.846368079948675,-52.85477975381168,-0.9523518356937757,-49.91732585501716,-50.333489740336674,3.411817194413274,-52.609701306032264,-51.75493788003725
3.1377870679042843,-51.39563810773058,-51.2172592755079,-2.2204966998589697,-52.71241252063709,-52.213991836428264,2.191601124535879,-50.652812124743434,-50.485303705153925,-1.020438621022734,-52.86869062018782,-52.1933301638229,-2.0358459775804363,-50.68958713925733,-51.334450495447314,2.6751564115365767,-52.846368698674496,-52.85477961245512,-0.9523435496448656,-49.917322854785795,-50.33348625475827,3.4118074300089063,-52.60970181741875,-51.754938599280905
3.1377747696591882,-51.395638403139294,-51.21725976731898,-2.220483944033049,-52.712411089878486,-52.213990692539426,2.191589023908321,-50.652813012930764,-50.48530463967024,-1.020427297161092,-52.86868941887561,-52.19332941960057,-2.03583345200623,-50.68958786178018,-51.334451115831925,2.6751442941509396,-52.84636779044075,-52.85477795937827,-0.9523314657043471,-49.917324349853715,-50.33348723375716,3.411794770659,-52.609700626330834,-51.75493762566124
3.1377624352524265,-51.39564182476367,-51.21726341573292,-2.220470616051543,-52.71240851375754,-52.21398867814123,2.191576826959164,-50.652816953154954,-50.48530856109524,-1.0204156116395353,-52.868687250140916,-52.19332743742649,-2.0358205461724594,-50.68959156473221,-51.334454930720625,2.675132217651907,-52.84636588705215,-52.85477546516688,-0.952318784366895,-49.91732899989396,-50.33349144284615,3.411782315006434,-52.60969835980755,-51.75493554240008
3.137752430560326,-51.39564698524537,-51.21726878291823,-2.220459397427234,-52.712405553327216,-52.21398638244911,2.191566887406779,-50.652822476343516,-50.48531401922858,-1.020405882677963,-52.86868475543116,-52.193324886558244,-2.035809815891554,-50.68959684118799,-51.33446046157318,2.6751224805487226,-52.84636358574862,-52.854772803847624,-0.9523080694785762,-49.91733517602435,-50.33349731979607,3.411772395829999,-52.60969570332567,-51.754933007973875
3.1377461211676376,-51.395652490360995,-51.21727443985816,-2.220451937450761,-52.71240286455136,-52.21398431021296,2.191560575351801,-50.652828155523984,-50.48531961038306,-1.0203995107042516,-52.868682488015004,-52.19332238793949,-2.0358028015909326,-50.68960231355065,-51.33446624875076,2.6751163950122674,-52.846361419711215,-52.85477052326209,-0.9523009075806499,-49.91734133982284,-50.33350335010575,3.4117663138645753,-52.60969325608288,-51.754930612611645
3.1377438460373384,-51.39565720710419,-51.21727923740384,-2.220448780127853,-52.71240089758889,-52.21398280506368,2.1915582461721357,-50.65283286867744,-50.48532423475244,-1.020396926009866,-52.8686808279268,-52.193320406857744,-2.035799972106844,-50.68960688996488,-51.33447112605549,2.67511426748068,-52.84635977118769,-52.85476896996494,-0.9522978339558961,-49.91734631613673,-50.33350834526447,3.4117643313143304,-52.609691436718336,-51.7549287814995
3.137745093570274,-51.39566041894847,-51.217282460246935,-2.22044951950366,-52.71239985903817,-52.213982021634536,2.1915594106538236,-50.652835941640724,-50.48532723532004,-1.020397734102346,-52.868679949972304,-52.19331920053242,-2.035800886471037,-50.68960990596137,-51.334474374777386,2.6751155760348553,-52.84635883384348,-52.854768270209235,-0.9522984769456571,-49.917349432459616,-50.333511593427346,3.4117658653767364,-52.60969044565811,-51.754927732235345
3.137748798924491,-51.39566186508477,-51.217283861851875,-2.220453100109168,-52.71239972958854,-52.213981940344425,2.1915630266315844,-50.65283717188684,-50.4853284195506,-1.0204009845953124,-52.86867983846376,-52.19331881776537,-2.0358044916285394,-50.68961115118653,-51.334475756075015,2.67511926448104,-52.846358619987335,-52.85476835749735,-0.9523018417494882,-49.917350529541984,-50.33351288363903,3.4117697978669668,-52.609690277999974,-51.75492748193932
3.137753677321598,-51.39566168335604,-51.21728360159969,-2.2204581710612956,-52.712400320708284,-52.21398241201002,2.191567827892726,-50.65283675658618,-50.48532798722043,-1.0204054832620528,-52.86868033490709,-52.19331913850762,-2.0358094672958913,-50.68961080306975,-51.33447544404578,2.675124069554471,-52.84635900076404,-52.85476903050839,-0.9523066467433665,-49.9173498714169,-50.333512428642905,3.4117748145293803,-52.60969077261936,-51.75492789101304
3.1377585211944563,-51.39566029038873,-51.217282119098904,-2.2204634135519967,-52.712401350376524,-52.21398321676278,2.191572618740935,-50.65283516115416,-50.4853264001996,-1.0204100774847262,-52.86868120179601,-52.193319936415875,-2.035814540989662,-50.689609301938894,-51.33447389557677,2.6751288109369256,-52.84635976389861,-52.85477002320486,-0.9523116357165691,-49.917347995635424,-50.33351072482145,3.411779702220045,-52.609691679613896,-51.754928726586115
3.1377624128672466,-51.395658236564316,-51.21727998442593,-2.2204677853782897,-52.712402518917045,-52.2139841226541,2.1915764859781746,-50.652832967370244,-50.485324232691724,-1.0204138667848355,-52.86868218654194,-52.19332094704903,-2.0358187200137223,-50.689607205188665,-51.334471696681604,2.675132597383353,-52.84636067383772,-52.8547710708616,-0.9523158120006343,-49.917345546361716,-50.333508390785425,3.411783557045794,-52.60969272889329,-51.75492972890514
3.137764831936323,-51.395656069450936,-51.21727775856348,-2.220470655240092,-52.71240357041559,-52.21398493282028,2.1915789071640432,-50.65283073488854,-50.48532203513792,-1.0204163157735309,-52.868683073288096,-52.19332192734696,-2.035821415548412,-50.6896050532867,-51.33446942020776,2.6751349292431144,-52.846361522230886,-52.854771960353624,-0.9523185680672412,-49.91734312624784,-50.3335060204692,3.4117858845689994,-52.60969368653629,-51.75493066728556
3.1377656615317733,-51.395654229811015,-51.217275888317815,-2.2204718269987183,-52.712404331364624,-52.21398551487701,2.1915797587949157,-50.65282889946595,-50.48532023458986,-1.0204172708272097,-52.86868371554766,-52.193322697068965,-2.0358224604388084,-50.68960327044934,-51.334467519441375,2.675135702087175,-52.84636216136937,-52.85477255878384,-0.9523197103489309,-49.91734119099219,-50.333504075405806,3.411786598248554,-52.60969439101322,-51.75493137738132
3.137765115985914,-51.39565299241774,-51.21727464770919,-2.220471475075655,-52.712404724491876,-52.21398581109412,2.1915792463187387,-50.652827718744994,-50.48531908203723,-1.0204168998871097,-52.868684047926436,-52.193323158504455,-2.035822042220005,-50.6896021108363,-51.33446626952269,2.675135133948956,-52.84636251819013,-52.85477282006133,-0.9523193991199292,-49.917339996720116,-50.33350282757841,3.4117859402881123,-52.609694767074934,-51.75493177703217
3.137763622170212,-51.39565245248009,-51.217274126135344,-2.220470024183882,-52.71240476095217,-52.21398583191528,2.191577787697966,-50.65282726479735,-50.48531864574138,-1.0204155849235264,-52.86868407959683,-52.193323295786016,-2.0358205840654335,-50.689601649869616,-51.33446575665285,2.675133648004163,-52.84636259072792,-52.854772773345516,-0.9523180348536613,-49.917339597851615,-50.33350235190581,3.411784358222789,-52.60969481989311,-51.75493186268556
3.1377616880492383,-51.39565254957125,-51.217274254597285,-2.2204680094378233,-52.712404517450466,-52.21398563796846,2.1915758836720443,-50.65282745388367,-50.48531884105642,-1.0204137987220463,-52.86868387505152,-52.19332315872185,-2.035818608628645,-50.68960181174994,-51.334465905943276,2.6751317435664816,-52.846362431811365,-52.85477249981953,-0.9523161253329562,-49.917339884019924,-50.3335025581544,3.411782371214642,-52.609694615205285,-51.75493169163434
3.1377597865727864,-51.39565311568933,-51.21727485604602,-2.2204659481808307,-52.71240410620399,-52.21398531670544,2.191574002635292,-50.652828099010804,-50.485319482478594,-1.0204119932183175,-52.86868352879945,-52.19332283786897,-2.0358166148143653,-50.68960241941967,-51.33446653351977,2.6751298827954315,-52.8463621261117,-52.85477210496962,-0.9523141634266636,-49.91734063982356,-50.3335032469281,3.4117804540255037,-52.60969425254231,-51.75493135679262
3.1377582734985765,-51.395653932603324,-51.217275704569076,-2.2204642452780092,-52.71240364516393,-52.21398495939505,2.191572498704062,-50.652828969893825,-50.4853203427615,-1.020410518013989,-52.868683140261425,-52.193322437666104,-2.0358149879978242,-50.68960325215781,-51.33446740723306,2.675128411083193,-52.84636176649014,-52.85477169272295,-0.952312536389897,-49.917341610635546,-50.33350417338698,3.4117789566950307,-52.609693838278005,-51.75493096058125
3.137757346891661,-51.39565478534587,-51.21727658003097,-2.220463142124288,-52.712403234127095,-52.21398464278415,2.191571570846193,-50.65282984712502,-50.485321206140924,-1.020409577567193,-52.868682793616166,-52.193322053216576,-2.0358139530043218,-50.68960409800826,-51.334468302353166,2.675127518435602,-52.84636143432857,-52.854771345950596,-0.9523114766272727,-49.917342560470765,-50.333505104702866,3.4117780668997426,-52.609693463693354,-51.754930593122495
3.1377570462640705,-51.3956555025329,-51.21727730879093,-2.220462708857994,-52.712402939921496,-52.21398441783639,2.1915712612511413,-50.65283056155597,-50.48532190687872,-1.020409226166052,-52.86868254528766,-52.19332175430189,-2.0358135688046417,-50.68960479223336,-51.334469042779986,2.675127239610859,-52.84636118666872,-52.85477111556863,-0.9523110536026422,-49.91734331271489,-50.33350586174038,3.411777812173611,-52.609693191071415,-51.75493031790093
3.137757282219283,-51.39565597889451,-51.21727778598214,-2.2204628711321845,-52.71240279136829,-52.213984306040544,2.1915714840465768,-50.652831014835115,-50.48532234920314,-1.0204093927825966,-52.86868241967238,-52.19332157798527,-2.0358137561533596,-50.68960523772172,-51.334469523291624,2.6751274838973558,-52.84636105102021,-52.854771018303495,-0.9523111987884079,-49.9173437699512,-50.333506340697554,3.4117780922148313,-52.60969304859632,-51.754930165879145
3.137757883779628,-51.39565617988421,-51.217277979419904,-2.2204634582199816,-52.712402782689736,-52.213984302218215,2.1915720717534555,-50.652831181596035,-50.48532250919907,-1.0204099240467315,-52.868682411990065,-52.193321529203715,-2.035814345159835,-50.68960540768343,-51.33446971302685,2.6751280818854895,-52.84636102703101,-52.85477104151592,-0.9523117511352837,-49.91734391399955,-50.333506515271736,3.411778728045803,-52.60969303296625,-51.754930137209634
3.137758650202912,-51.39565613168993,-51.217277918701775,-2.220464258255049,-52.71240288273023,-52.2139843817696,2.1915728264400514,-50.652831097183494,-50.48532242252129,-1.0204106328760787,-52.86868249604218,-52.19332158736102,-2.0358151290233053,-50.68960533427284,-51.334469643938434,2.6751288363083177,-52.846361093091005,-52.854771152505705,-0.9523125095579132,-49.91734379080222,-50.33350642350541,3.4117795146770504,-52.609693117410885,-51.754930208433635
3.1377593963314894,-51.39565590198073,-51.21727767505683,-2.2204650683752902,-52.71240304686444,-52.213984509931294,2.191573564695261,-50.6528308366554,-50.48532216360503,-1.020411342140605,-52.86868263424374,-52.19332171625438,-2.03581591221635,-50.68960508861505,-51.33446938995024,2.6751295662790398,-52.846361215449264,-52.854771309467765,-0.9523132807593555,-49.917343486600316,-50.33350614542014,3.4117802663878507,-52.6096932623136,-51.75493034250378
3.137759984324134,-51.39565557724231,-51.21727733796544,-2.2204657313820917,-52.71240322868632,-52.21398465080477,2.1915741492763345,-50.652830491120994,-50.485321822341916,-1.0204119161814589,-52.86868278747787,-52.193321874654764,-2.0358165452100536,-50.68960475806971,-51.33446904298232,2.675130138019867,-52.84636135751282,-52.85477147161804,-0.9523139143473571,-49.91734310199711,-50.33350577787442,3.411780847701195,-52.609693425796806,-51.75493049905262
3.137760338900236,-51.39565524183332,-51.217276993775855,-2.2204661550721028,-52.71240338929601,-52.21398477448369,2.1915745045079404,-50.65283014656214,-50.48532148327358,-1.0204122770093704,-52.8686829229314,-52.19332202536592,-2.035816942261178,-50.68960442572609,-51.33446869116108,2.675130479378339,-52.84636148750726,-52.85477160674871,-0.9523143215125174,-49.917342729361096,-50.333505412101935,3.4117811874896233,-52.609693572256155,-51.754930642886606
3.1377604470511784,-51.39565496236141,-51.217276709935845,-2.2204663146116275,-52.712403502973636,-52.21398486136399,2.191574616302077,-50.652829868603106,-50.48532121068888,-1.0204124056811708,-52.868683018887324,-52.19332214138737,-2.035817082835763,-50.689604155524556,-51.33446840286622,2.6751305791601965,-52.846361583419025,-52.85477169537196,-0.9523144775544807,-49.9173424371041,-50.33350511759423,3.4117812774729686,-52.609693677693656,-51.75493074949861
3.1377603459176413,-51.39565477911739,-51.217276526535905,-2.220466241478107,-52.71240355900295,-52.21398490347373,2.191574520402199,-50.65282969474409,-50.48532104108812,-1.0204123320679912,-52.86868306627233,-52.19332220868286,-2.0358170002355678,-50.68960398452846,-51.334468218294404,2.6751304749682134,-52.84636163491291,-52.854771731460374,-0.9523144115630231,-49.91734226222643,-50.33350493391994,3.411781159057071,-52.60969373158141,-51.75493080724486
3.13776010392624,-51.395654704548576,-51.21727645506497,-2.220466004233643,-52.712403560199675,-52.213984903267836,2.1915742838615415,-50.65282963379194,-50.48532098272612,-1.0204121176946614,-52.8686830674247,-52.1933222258217,-2.0358167626037584,-50.68960392214572,-51.33446814838833,2.6751302345676606,-52.84636164256759,-52.85477172044122,-0.9523141882391712,-49.917342210614294,-50.333504870182175,3.411780903763912,-52.60969373571371,-51.7549308165525
3.137759800372052,-51.39565472741182,-51.217276482924476,-2.2204656867211696,-52.712403519198645,-52.21398487071282,2.1915739848824956,-50.652829670908304,-50.485321020660834,-1.0204118365548425,-52.86868303297024,-52.193322201294905,-2.0358164517272854,-50.689603954818665,-51.334468179608365,2.6751299358588767,-52.84636161520466,-52.85477167547182,-0.9523138871750945,-49.91734226321417,-50.333504910425866,3.4117805924970526,-52.60969370097328,-51.75493078700623
3.137759507713781,-51.39565482048008,-51.217276581487155,-2.2204653684553364,-52.71240345373563,-52.21398481961974,2.191573695254746,-50.65282977599273,-50.48532112505105,-1.020411558044131,-52.8686829778473,-52.193322149564764,-2.035816144204844,-50.68960405400289,-51.33446828226366,2.675129649610952,-52.846361566268854,-52.854771613111524,-0.9523135841487544,-49.917342385525075,-50.33350502256568,3.411780297878039,-52.6096936431193,-51.75493073336806
3.1377592793290034,-51.39565494949593,-51.217276715328566,-2.2204651104408413,-52.71240338206084,-52.213984764102634,2.191573468139026,-50.65282991301601,-50.48532126035509,-1.020411334775531,-52.86868291743989,-52.193322086899954,-2.0358158980242393,-50.689604185138606,-51.334468419975856,2.6751294276091784,-52.84636151017389,-52.854771549358674,-0.9523133375358128,-49.91734253781652,-50.33350516830245,3.41178007230981,-52.609693578631365,-51.75493067154139
3.137759143788898,-51.39565508136822,-51.217276850592235,-2.2204649478553193,-52.71240331933025,-52.21398471580997,2.191573332277244,-50.65283004829702,-50.48532139346092,-1.0204111964611542,-52.86868286453303,-52.193322027842406,-2.035815745845568,-50.68960431566698,-51.334468558200726,2.675129297211228,-52.84636145932034,-52.854771496724624,-0.9523131812352403,-49.917342683948746,-50.33350531190074,3.4117799427044844,-52.60969352139091,-51.754930615263724
3.1377591052171283,-51.39565519022302,-51.21727696109247,-2.2204648893852124,-52.71240327543482,-52.21398468227676,2.1915732922276874,-50.65283015638922,-50.48532149944464,-1.0204111496060193,-52.86868282747878,-52.193321982833126,-2.035815694701043,-50.689604420783525,-51.33446867040003,2.675129261849051,-52.846361422197845,-52.85477146266049,-0.9523131239325693,-49.91734279743744,-50.33350542641728,3.411779911319954,-52.60969348063769,-51.754930573989235
3.1377591482370946,-51.39565526065552,-51.217277031519615,-2.2204649217802483,-52.71240325434532,-52.213984666449434,2.1915733331674545,-50.6528302230121,-50.485321564413084,-1.0204111817090364,-52.868682809640106,-52.19332195717873,-2.035815730663174,-50.68960448635963,-51.33446874123543,2.675129305986019,-52.8463614026801,-52.854771449320246,-0.9523131533549787,-49.917342864250415,-50.333505496787865,3.411779961112117,-52.60969346029269,-51.75493055208671
3.137759245485441,-51.39565528821824,-51.21727705781447,-2.2204650175322342,-52.71240325474219,-52.213984667199185,2.1915734282720365,-50.65283024516114,-50.48532158557142,-1.0204112681111752,-52.86868280991844,-52.193321951241764,-2.035815826423729,-50.68960450913826,-51.33446876687254,2.6751294025362142,-52.846361400367364,-52.85477145439176,-0.9523132435336521,-49.917342882568185,-50.33350551991958,3.4117800635206947,-52.60969345945659,-51.75493054919762
3.1377593656539347,-51.39565527770045,-51.21727704530481,-2.2204651434773552,-52.71240327150893,-52.213984680493795,2.1915735466578496,-50.65283022903659,-50.48532156915355,-1.0204113795605565,-52.86868282401039,-52.19332196153123,-2.0358159496520756,-50.689604494806105,-51.334468753014946,2.675129520750616,-52.8463614116654,-52.854771472586386,-0.9523133629800782,-49.91734286026667,-50.33350550247356,3.411780186629329,-52.60969347371245,-51.754930561413616
3.137759480398543,-51.39565524004597,-51.21727700548499,-2.220465268461325,-52.7124032976007,-52.213984700849345,2.1915736602369265,-50.65283018669913,-50.48532152711259,-1.0204114888805975,-52.86868284598199,-52.1933219822739,-2.035816070352567,-50.68960445480849,-51.33446871157651,2.675129632953386,-52.84636143122183,-52.85477149734804,-0.9523134819991412,-49.91734281113742,-50.3335054573036,3.4117803020529323,-52.6096934967951,-51.75493058285633
3.1377595690614015,-51.395655188817635,-51.21727695237239,-2.2204653688223317,-52.71240332584313,-52.21398472271894,2.191573748429306,-50.65283013238992,-50.485321473494665,-1.020411575677258,-52.86868286978546,-52.19332200705309,-2.0358161660495853,-50.68960440281093,-51.33446865694749,2.675129719110288,-52.84636145336157,-52.85477152240361,-0.9523135779438263,-49.91734275086387,-50.33350539954668,3.4117803895343,-52.60969352222217,-51.754930607262985
3.137759620815686,-51.39565513699076,-51.217276899236516,-2.2204654311555885,-52.71240335033389,-52.2139847415676,2.191573800335064,-50.652830079297246,-50.48532142126333,-1.0204116286456326,-52.8686828904416,-52.19332203018593,-2.035816224318964,-50.689604351566516,-51.334468602663236,2.675129768865048,-52.84636147324717,-52.854771542895435,-0.9523136378900716,-49.917342693580125,-50.333505343194375,3.41178043890892,-52.60969354458396,-51.754930629273574
3.137759634428676,-51.39565509461106,-51.21727685623831,-2.2204654524689573,-52.71240336727239,-52.21398475450164,2.1915738145465724,-50.65283003728294,-50.485321380075895,-1.0204116455983012,-52.868682904740936,-52.193322047637466,-2.0358162428045574,-50.68960431069256,-51.33446855901782,2.675129781248259,-52.84636148760684,-52.854771555977706,-0.9523136588259433,-49.917342649533026,-50.33350529868737,3.4117804496799238,-52.60969356032574,-51.75493064524349
3.1377596162464414,-51.39565506756201,-51.21727682921744,-2.220465438312175,-52.712403375193006,-52.2139847604366,2.1915737971906992,-50.652830011777944,-50.48532135521336,-1.020411631744409,-52.86868291144182,-52.193322057405105,-2.035816227306512,-50.68960428556811,-51.334468531857055,2.675129762660518,-52.8463614949925,-52.854771560888366,-0.9523136459018531,-49.9173426240357,-50.3335052717531,3.4117804288450344,-52.60969356799191,-51.75493065353763
3.137759577203113,-51.39565505741675,-51.21727681958998,-2.2204653997121397,-52.712403374697516,-52.21398475988015,2.1915737589901596,-50.652830003783805,-50.48532134759775,-1.0204115969589083,-52.868682911046136,-52.19332205942466,-2.0358161887593553,-50.68960427730025,-51.334468522504714,2.6751297239200227,-52.846361495628656,-52.85477155860591,-0.9523136095313731,-49.91734261760953,-50.33350526341681,3.411780387800974,-52.609693568011835,-51.75493065437152
3.1377595296547867,-51.39565506214867,-51.217276825115505,-2.2204653497805253,-52.71240336785502,-52.213984754461514,2.1915737121360763,-50.65283001072038,-50.48532135463847,-1.0204115528006383,-52.86868290529436,-52.19332205512785,-2.0358161399376087,-50.689604283514626,-51.33446852857044,2.6751296771588216,-52.84636149097716,-52.85477155125406,-0.9523135621662107,-49.917342627008665,-50.33350527090869,3.411780339133202,-52.60969356217548,-51.75493064933595
3.1377594846842385,-51.39565507736327,-51.21727684118309,-2.2204653007188,-52.712403357462264,-52.21398474635697,2.1915736676134827,-50.65283002775922,-50.48532137155155,-1.020411509908044,-52.8686828965423,-52.193322046817656,-2.0358160925826354,-50.68960429962603,-51.33446854527787,2.675129633195681,-52.84636148316747,-52.8547715414272,-0.9523135154382487,-49.91734264672412,-50.33350528908363,3.411780293931784,-52.609693552972175,-51.754930640770276
3.1377594502816493,-51.39565509769346,-51.217276862248724,-2.2204652616997294,-52.71240334633844,-52.213984737745605,2.191573633384664,-50.65283004927383,-50.485321392788485,-1.0204114761820193,-52.86868288716656,-52.19332203702393,-2.0358160554009572,-50.689604320233386,-51.33446856693734,2.6751295997765396,-52.846361474433124,-52.85477153158409,-0.9523134781288434,-49.91734267056765,-50.33350531196177,3.4117802600225673,-52.60969354295078,-51.75493063113977
3.137759430542957,-51.39565511805354,-51.217276883113726,-2.220465237824726,-52.712403336781065,-52.21398473039213,2.191573613576665,-50.65283007010227,-50.485321413276004,-1.020411455917909,-52.868682879105336,-52.193322027966474,-2.035816033112198,-50.689604340343394,-51.334468588247454,2.675129580814996,-52.84636146666037,-52.8547715236098,-0.9523134551590431,-49.91734269301374,-50.33350533406718,3.4117802412372242,-52.609693534218536,-51.75493062253484
3.137759425800553,-51.395655134545265,-51.217276899837394,-2.220465230104111,-52.71240333024929,-52.213984725406874,2.1915736085921367,-50.652830086424714,-50.485321429274336,-1.0204114498305046,-52.86868287359097,-52.19332202120367,-2.035816026482422,-50.68960435622927,-51.334468605217324,2.6751295765432843,-52.84636146110917,-52.85477151858997,-0.9523134475549,-49.917342710100286,-50.33350535135631,3.4117802376180606,-52.60969352814193,-51.75493061635949
3.1377594334426817,-51.39565514492416,-51.21727691019499,-2.2204652362237027,-52.71240332728168,-52.21398472318705,2.191573615906208,-50.65283009617868,-50.48532143877894,-1.02041145575744,-52.86868287107987,-52.193322017489706,-2.035816033105192,-50.6896043658458,-51.33446861562185,2.6751295843316427,-52.84636145831932,-52.854771516790905,-0.9523134531649902,-49.91734271981898,-50.33350536165469,3.411780246298818,-52.60969352525934,-51.75493061322399
3.1377594491034273,-51.39565514864064,-51.21727691370041,-2.22046525176701,-52.712403327609294,-52.21398472350816,2.191573631235741,-50.6528300990409,-50.48532144149669,-1.0204114697473727,-52.86868287134742,-52.19332201681918,-2.0358160486056818,-50.689604368825854,-51.33446861901267,2.6751295998622595,-52.846361458176204,-52.85477151780084,-0.9523134678170635,-49.917342722040836,-50.33350536463407,3.4117802627348652,-52.609693525372386,-51.75493061301449
3.1377594679084666,-51.39565514654741,-51.217276911291194,-2.2204652715525413,-52.71240333039643,-52.21398472571275,2.1915736497705183,-50.65283009608113,-50.48532143850035,-1.0204114872349805,-52.86868287369062,-52.19332201860624,-2.0358160679387254,-50.68960436615674,-51.334468616387156,2.675129618350553,-52.84636146008628,-52.8547715207678,-0.9523134865895457,-49.917342718099974,-50.333505361442064,3.411780281965534,-52.6096935277567,-51.75493061508456
3.137759485526118,-51.395655140407456,-51.21727690481538,-2.220465290803645,-52.71240333453342,-52.213984728937575,2.1915736672161756,-50.652830089230875,-50.48532143170312,-1.0204115040574067,-52.86868287717468,-52.1933220219328,-2.035816086510195,-50.68960435967391,-51.33446860965849,2.6751296355691494,-52.84636146320279,-52.85477152466558,-0.9523135049279148,-49.917342710195314,-50.333505354136506,3.411780299659796,-52.60969353142373,-51.754930618503806
3.13775949886778,-51.39565513234363,-51.21727689646461,-2.220465305966357,-52.712403338912935,-52.21398473232698,2.1915736804939456,-50.65283008071208,-50.485321423295744,-1.0204115171555657,-52.86868288086607,-52.19332202580192,-2.0358161009493614,-50.689604351511036,-51.3344686010753,2.6751296485250435,-52.846361466647096,-52.85477152853089,-0.9523135194291825,-49.91734270076752,-50.333505345078706,3.411780312796296,-52.60969353537173,-51.75493062230222
3.1377595063866863,-51.39565512434844,-51.21727688827481,-2.220465315101862,-52.712403342641025,-52.21398473519454,2.1915736880438885,-50.652830072544305,-50.485321415262845,-1.0204115248997994,-52.86868288401066,-52.19332202934683,-2.035816109465955,-50.68960434362239,-51.33446859271307,2.6751296557420545,-52.846361469683984,-52.854771531632586,-0.9523135282219499,-49.9173426919758,-50.33350533641088,3.4117803199335697,-52.60969353878022,-51.75493062566487
3.1377595080118112,-51.39565511793386,-51.21727688177347,-2.220465317878123,-52.712403345157995,-52.21398473711465,2.1915736897668268,-50.65283006620627,-50.485321409051814,-1.0204115270660026,-52.8686828861357,-52.19332203196609,-2.035816111821717,-50.689604337451314,-51.33446858611819,2.6751296571871706,-52.846361471828644,-52.854771533557,-0.9523135309649433,-49.917342685351215,-50.33350532969818,3.4117803211149464,-52.6096935411243,-51.75493062805131
3.1377595048152216,-51.39565511395505,-51.21727687780702,-2.2204653152563907,-52.71240334626695,-52.21398473794259,2.191573686700437,-50.65283006248005,-50.48532140542234,-1.0204115245487912,-52.86868288707425,-52.19332203337623,-2.035816109011705,-50.68960433377434,-51.33446858213648,2.6751296539383134,-52.84636147288046,-52.85477153421253,-0.9523135285531481,-49.91734268165149,-50.33350532576486,3.4117803175118837,-52.609693542205704,-51.75493062923445
3.1377594985390544,-51.39565511260103,-51.21727687653889,-2.2204653090040836,-52.712403346086205,-52.21398473777632,2.1915736805543418,-50.65283006146509,-50.48532140446244,-1.0204115189279719,-52.86868288692527,-52.193322033591414,-2.0358161027848496,-50.689604332709095,-51.33446858091588,2.675129647717597,-52.84636147289483,-52.85477153377155,-0.9523135226568655,-49.91734268089755,-50.33350532471066,3.411780310935413,-52.60969354211397,-51.75493062927046
3.1377594911052284,-51.395655113514806,-51.217276877578385,-2.220465301167934,-52.71240334495291,-52.21398473688089,2.1915736732257045,-50.65283006271932,-50.48532140572932,-1.020411512005893,-52.86868288597236,-52.193322032850844,-2.0358160951328585,-50.68960433384644,-51.33446858204193,2.6751296404111145,-52.84636147211235,-52.85477153257558,-0.9523135152204247,-49.91734268254241,-50.3335053260616,3.4117803033400236,-52.60969354114182,-51.75493062842158
3.137759484206157,-51.39565511598972,-51.2172768801855,-2.2204652936171385,-52.71240334330711,-52.21398473559848,2.191573666392614,-50.65283006547068,-50.485321408458454,-1.02041150541082,-52.868682884586256,-52.19332203152028,-2.03581608785251,-50.68960433645232,-51.3344685847489,2.675129633670039,-52.84636147086952,-52.85477153103034,-0.9523135080264353,-49.91734268570895,-50.33350532899526,3.4117802964163957,-52.609693539681615,-51.75493062705763
3.137759479034955,-51.39565511918653,-51.21727688349419,-2.220465287727876,-52.712403341583595,-52.21398473426497,2.1915736612447887,-50.65283006884209,-50.48532141178519,-1.0204115003264889,-52.86868288313348,-52.19332202999244,-2.0358160822480613,-50.68960433968415,-51.334468588148546,2.6751296286500974,-52.84636146951188,-52.85477152951308,-0.9523135023929541,-49.917342689434996,-50.33350533257965,3.4117802913301745,-52.60969353812694,-51.754930625560135
3.1377594761745797,-51.395655122324875,-51.21727688670751,-2.220465284235985,-52.71240334013001,-52.21398473314723,2.1915736583707,-50.652830072043756,-50.485321414933516,-1.0204114973702332,-52.868682881907375,-52.1933220286056,-2.035816078997513,-50.689604342777436,-51.33446859142862,2.6751296259069335,-52.84636146832584,-52.85477152830723,-0.9523134990305664,-49.917342692877156,-50.333505335977044,3.4117802886224524,-52.609693536797074,-51.754930624246626
3.1377594756296077,-51.39565512481866,-51.21727688923367,-2.220465283246341,-52.712403339160815,-52.21398473240825,2.191573657786293,-50.652830074503555,-50.48532141734357,-1.0204114966078066,-52.86868288108906,-52.19332202759175,-2.0358160781698587,-50.689604345173436,-51.33446859399025,2.6751296254307277,-52.846361467497815,-52.85477152757018,-0.9523134980491221,-49.91734269544414,-50.333505338581986,3.4117802882527,-52.60969353589346,-51.754930623324995
3.1377594769610084,-51.39565512634252,-51.21727689075109,-2.2204652843611257,-52.712403338747635,-52.213984732100414,2.1915736590660515,-50.652830075925415,-50.485321418727935,-1.020411497670267,-52.86868288073927,-52.19332202705715,-2.0358160793549303,-50.68960434657784,-51.33446859551244,2.675129626780617,-52.84636146710207,-52.854771527332844,-0.9523134990776185,-49.91734269685067,-50.333505340082525,3.4117802897431204,-52.60969353548879,-51.75493062287943
3.137759479474113,-51.39565512683269,-51.21727689120639,-2.2204652868735764,-52.71240333883898,-52.2139847321814,2.1915736615280963,-50.652830076281106,-50.48532141906266,-1.0204114999263965,-52.868682880814966,-52.193322026991524,-2.0358160818539943,-50.68960434695485,-51.33446859594808,2.6751296292702733,-52.84636146711283,-52.854771527523326,-0.9523135014479749,-49.91734269710015,-50.33350534045097,3.411780292372484,-52.60969353554336,-51.75493062288343
3.1377594824114254,-51.395655126438044,-51.21727689076174,-2.220465289975607,-52.71240333929905,-52.213984732544546,2.1915736644244674,-50.652830075752746,-50.48532141853,-1.0204115026650413,-52.86868288120185,-52.19332202729744,-2.035816084881205,-50.68960434647343,-51.33446859546882,2.675129632156427,-52.84636146743267,-52.854771528004875,-0.9523135043923361,-49.91734269641635,-50.33350533988248,3.411780295371031,-52.60969353593899,-51.754930623230734
3.137759485111985,-51.39565512544155,-51.21727688971323,-2.2204652929360265,-52.7124033399534,-52.21398473305422,2.1915736670997603,-50.65283007464872,-50.48532141743526,-1.020411505249541,-52.86868288175296,-52.193322027829225,-2.0358160877340623,-50.68960434542698,-51.3344685943809,2.675129634794473,-52.84636146792797,-52.854771528617164,-0.9523135072133613,-49.91734269514891,-50.33350533870552,3.41178029807908,-52.60969353652008,-51.75493062377445
3.1377594871152468,-51.39565512417487,-51.21727688840294,-2.220465295222283,-52.7124033406314,-52.21398473357864,2.1915736690945096,-50.65283007331509,-50.48532141611951,-1.0204115072221072,-52.86868288232448,-52.19332202843228,-2.035816089908238,-50.68960434414805,-51.33446859303503,2.675129636738447,-52.84636146846289,-52.8547715292125,-0.9523135094007529,-49.91734269367697,-50.333505337287775,3.4117803000472264,-52.609693537132046,-51.754930624364576
3.137759488201894,-51.39565512294348,-51.217276887142695,-2.2204652965555454,-52.7124033411979,-52.21398473401414,2.1915736701871253,-50.65283007206059,-50.48532141488611,-1.0204115083492837,-52.86868288280233,-52.19332202897462,-2.0358160911474243,-50.68960434293563,-51.334468591748944,2.675129637779605,-52.84636146892589,-52.854771529681074,-0.9523135106851441,-49.91734269232985,-50.33350533595669,3.4117803010728665,-52.609693537650685,-51.754930624877446
3.1377594883793023,-51.39565512197443,-51.21727688616161,-2.2204652969045924,-52.712403341570806,-52.21398473429832,2.1915736703804214,-50.652830071106436,-50.48532141395141,-1.0204115086140035,-52.868682883117216,-52.193322029366826,-2.035816091434114,-50.68960434200582,-51.33446859075443,2.675129637930766,-52.84636146924537,-52.854771529963074,-0.9523135110328838,-49.91734269133571,-50.33350533494634,3.4117803011810963,-52.60969353799877,-51.75493062523314
3.1377594878268553,-51.3956551213914,-51.21727688558172,-2.2204652964335736,-52.71240334172427,-52.21398473441239,2.191573669848438,-50.65283007056452,-50.48532141342403,-1.0204115081679532,-52.86868288324716,-52.19332202956917,-2.035816090936976,-50.689604341470016,-51.334468590173145,2.675129637371839,-52.846361469393926,-52.854771530048374,-0.9523135105972784,-49.91734269080176,-50.33350533437458,3.4117803005664484,-52.60969353814978,-51.754930625400576
3.137759486821338,-51.395655121215256,-51.21727688541973,-2.220465295424944,-52.71240334168043,-52.213984734374435,2.191573668862972,-50.652830070441695,-50.485321413309194,-1.0204115072631623,-52.86868288321072,-52.19332202958752,-2.0358160899348974,-50.689604341338224,-51.33446859001927,2.6751296363762407,-52.84636146938328,-52.85477152996681,-0.9523135096453075,-49.91734269072208,-50.3335053342478,3.4117802995159963,-52.6096935381211,-51.75493062539191
3.137759485661263,-51.39565512138421,-51.21727688560854,-2.2204652941975525,-52.71240334149395,-52.21398473422738,2.1915736677187994,-50.65283007066314,-50.48532141353205,-1.0204115061801957,-52.86868288305388,-52.193322029461534,-2.0358160887378745,-50.68960434154082,-51.33446859022192,2.6751296352366722,-52.8463614692528,-52.85477152977313,-0.9523135084800884,-49.91734269100533,-50.333505334485835,3.4117802983327152,-52.609693537960354,-51.754930625250104
3.1377594846045724,-51.39565512178501,-51.217276886029794,-2.2204652930373356,-52.71240334123394,-52.21398473402495,2.1915736666718004,-50.652830071105754,-50.48532141397081,-1.0204115051677718,-52.868682882834875,-52.193322029249146,-2.035816087620404,-50.68960434196067,-51.33446859065873,2.6751296342047084,-52.84636146905554,-52.85477152953064,-0.9523135073743134,-49.917342691512246,-50.33350533495761,3.411780297273964,-52.60969353772924,-51.754930625033495
3.1377594838289866,-51.39565512228667,-51.21727688654845,-2.2204652921502515,-52.71240334096733,-52.213984733818776,2.191573665899284,-50.65283007163306,-50.485321414490954,-1.0204115044028725,-52.868682882610145,-52.19332202901123,-2.0358160867773876,-50.68960434246653,-51.33446859119128,2.675129633452343,-52.846361468844876,-52.85477152929713,-0.9523135065253996,-49.91734269209346,-50.33350533551812,3.4117802965128305,-52.60969353748847,-51.754930624801034
3.1377594834167724,-51.39565512276965,-51.21727688704252,-2.220465291641773,-52.71240334074664,-52.213984733649184,2.1915736654844835,-50.6528300721244,-50.485321414973974,-1.0204115039736337,-52.86868288242398,-52.193322028799216,-2.035816086305587,-50.689604342941564,-51.33446859169535,2.6751296330577645,-52.846361468664206,-52.85477152911514,-0.9523135060353383,-49.91734269262046,-50.33350533603941,3.4117802961249737,-52.60969353728628,-51.754930624600874
3.137759483361492,-51.395655123146014,-51.21727688742335,-2.22046529152027,-52.712403340603274,-52.213984733539974,2.1915736654228084,-50.65283007249433,-50.48532141533627,-1.0204115038833095,-52.86868288230291,-52.193322028647586,-2.035816086208058,-50.68960434330221,-51.33446859208125,2.675129633012503,-52.84636146854102,-52.85477152900736,-0.9523135059135939,-49.917342693005246,-50.33350533643109,3.4117802960969783,-52.609693537152296,-51.75493062446368
3.137759483589946,-51.395655123368854,-51.217276887644715,-2.2204652917181846,-52.71240334054649,-52.21398473349788,2.191573665643176,-50.65283007270061,-50.48532141553693,-1.020411504069699,-52.868682882254824,-52.19332202857113,-2.0358160864156645,-50.68960434350637,-51.33446859230297,2.6751296332431878,-52.84636146848539,-52.85477152897697,-0.9523135060970134,-49.91734269320764,-50.33350533664867,3.411780296349761,-52.609693537096106,-51.75493062440091
3.1377594839919567,-51.39565512343158,-51.21727688770172,-2.2204652921227535,-52.712403340566816,-52.21398473351519,2.1915736660373,-50.65283007274222,-50.4853214155755,-1.020411504432218,-52.868682882271756,-52.193322028566826,-2.035816086817121,-50.689604343551736,-51.33446859235664,2.675129633641035,-52.84636146849209,-52.854771529011636,-0.9523135064790011,-49.917342693231745,-50.33350533669142,3.4117802967691375,-52.6096935371102,-51.75493062440711
3.13775948444993,-51.39565512335979,-51.21727688762203,-2.220465292608168,-52.7124033406423,-52.21398473357466,2.1915736664891057,-50.65283007264982,-50.48532141548266,-1.0204115048603057,-52.86868288233524,-52.193322028618596,-2.035816087290243,-50.6896043434669,-51.33446859227145,2.67512963409078,-52.84636146854521,-52.85477152908947,-0.952313506939916,-49.91734269311479,-50.33350533659218,3.4117802972358646,-52.60969353717542,-51.75493062446489
3.137759484863224,-51.395655123198736,-51.21727688745294,-2.220465293062702,-52.71240334074556,-52.213984733655025,2.191573666898705,-50.652830072472526,-50.485321415306956,-1.0204115052567317,-52.86868288242222,-52.19332202870335,-2.0358160877278095,-50.689604343298605,-51.33446859209621,2.6751296344943114,-52.846361468623726,-52.854771529185456,-0.9523135073731765,-49.9173426929122,-50.333505336403235,3.4117802976496705,-52.609693537267276,-51.75493062455113
3.1377594851633432,-51.395655123000154,-51.21727688724775,-2.2204652934067326,-52.71240334085036,-52.21398473373604,2.1915736671977157,-50.65283007226412,-50.485321415101424,-1.0204115055531844,-52.868682882510555,-52.19332202879718,-2.035816088054517,-50.68960434309861,-51.33446859188557,2.6751296347853213,-52.84636146870666,-52.85477152927701,-0.9523135077024847,-49.9173426926828,-50.33350533618173,3.411780297943835,-52.60969353736199,-51.75493062464266
3.137759485319478,-51.395655122810794,-51.21727688705412,-2.220465293600398,-52.712403340936284,-52.21398473380206,2.191573667354916,-50.65283007207176,-50.485321414912335,-1.0204115057164387,-52.86868288258306,-52.19332202888002,-2.0358160882338865,-50.68960434291256,-51.334468591688086,2.6751296349346063,-52.84636146877715,-52.85477152934766,-0.952313507889258,-49.91734269247671,-50.333505335977655,3.4117802980902354,-52.60969353744077,-51.75493062472074
3.137759485335536,-51.3956551226647,-51.217276886906376,-2.2204652936419933,-52.712403340991365,-52.21398473384398,2.191573667373575,-50.652830071928406,-50.485321414771974,-1.0204115057465515,-52.86868288262957,-52.19332202893861,-2.035816088266273,-50.68960434277275,-51.334468591538425,2.6751296349468845,-52.846361468824604,-52.8547715293888,-0.9523135079312368,-49.91734269232787,-50.333505335825905,3.411780298095536,-52.609693537492305,-51.75493062477362
3.1377594852413324,-51.39565512257962,-51.21727688682196,-2.2204652935592435,-52.712403341012305,-52.21398473385945,2.191573667282583,-50.65283007185,-50.48532141469574,-1.0204115056689744,-52.8686828826473,-52.19332202896746,-2.035816088179942,-50.68960434269506,-51.334468591453955,2.6751296348519276,-52.84636146884537,-52.854771529399514,-0.9523135078543845,-49.91734269225127,-50.33350533574321,3.4117802979918395,-52.60969353751314,-51.7549306247971
3.1377594850807355,-51.395655122557514,-51.21727688680218,-2.220465293397112,-52.71240334100309,-52.21398473385172,2.19157366712507,-50.65283007183626,-50.485321414683156,-1.020411505523839,-52.86868288263963,-52.193322028967984,-2.0358160880192315,-50.68960434267974,-51.33446859143554,2.675129634693036,-52.846361468841764,-52.85477152938488,-0.9523135077012341,-49.917342692244624,-50.333505335729186,3.411780297824535,-52.60969353750649,-51.75493062479357
3.137759484900016,-51.39565512258783,-51.217276886835634,-2.2204652932052085,-52.71240334097257,-52.2139847338277,2.191573666946738,-50.65283007187467,-50.485321414721696,-1.0204115053547156,-52.86868288261395,-52.19332202894678,-2.035816087832302,-50.68960434271512,-51.334468591471186,2.6751296345156277,-52.84636146882016,-52.85477152935363,-0.9523135075189941,-49.917342692292785,-50.333505335770404,3.4117802976405045,-52.60969353748007,-51.75493062477006
3.1377594847384245,-51.39565512265249,-51.21727688690344,-2.2204652930272317,-52.7124033409316,-52.21398473379581,2.1915736667865815,-50.65283007194563,-50.485321414792,-1.020411505199533,-52.86868288257943,-52.193322028912974,-2.035816087661047,-50.68960434278253,-51.33446859154142,2.6751296343579156,-52.84636146878894,-52.854771529315656,-0.9523135073493165,-49.917342692373694,-50.33350533584601,3.411780297478856,-52.60969353744358,-51.754930624735756
3.1377594846223786,-51.39565512273106,-51.21727688698459,-2.220465292893877,-52.71240334089042,-52.21398473376399,2.1915736666709194,-50.652830072027946,-50.48532141487317,-1.0204115050846951,-52.86868288254472,-52.19332202887599,-2.0358160875345277,-50.68960434286156,-51.334468591624685,2.6751296342454083,-52.8463614687563,-52.85477152927978,-0.9523135072216462,-49.91734269246419,-50.3335053359335,3.4117802973652402,-52.60969353740635,-51.754930624699725
3.1377594845633325,-51.395655122805266,-51.217276887060436,-2.220465292820222,-52.712403340856966,-52.2139847337383,2.1915736666114043,-50.652830072103235,-50.485321414947165,-1.0204115050227074,-52.86868288251651,-52.19332202884364,-2.035816087466415,-50.6896043429344,-51.33446859170203,2.6751296341890196,-52.84636146872882,-52.85477152925236,-0.9523135071505635,-49.91734269254475,-50.333505336013374,3.4117802973100737,-52.60969353737566,-51.75493062466928
3.137759484559254,-51.39565512286195,-51.21727688711773,-2.220465292806267,-52.71240334083583,-52.21398473372223,2.1915736666062884,-50.65283007215875,-50.48532141500151,-1.0204115050129872,-52.868682882498646,-52.193322028821,-2.0358160874560127,-50.68960434298857,-51.33446859176004,2.6751296341863764,-52.84636146871055,-52.85477152923667,-0.9523135071363669,-49.91734269260229,-50.333505336072136,3.411780297310216,-52.60969353735585,-51.754930624648914
3.137759484597993,-51.3956551228944,-51.217276887149865,-2.2204652928407285,-52.71240334082816,-52.21398473371657,2.191573666643748,-50.65283007218851,-50.48532141503043,-1.0204115050451605,-52.86868288249214,-52.19332202881016,-2.0358160874917814,-50.68960434301808,-51.334468591792174,2.6751296342253568,-52.846361468702824,-52.85477152923295,-0.9523135071684123,-49.917342692631216,-50.3335053361035,3.411780297352678,-52.60969353734817,-51.75493062464017
3.1377594846620838,-51.39565512290208,-51.217276887156615,-2.2204652929056437,-52.71240334083224,-52.21398473371997,2.1915736667066454,-50.652830072192884,-50.48532141503436,-1.0204115051032119,-52.868682882495555,-52.1933220288104,-2.0358160875560714,-50.68960434302312,-51.33446859179837,2.675129634288737,-52.846361468704615,-52.8547715292391,-0.9523135072297606,-49.91734269263273,-50.33350533610793,3.411780297419355,-52.609693537351205,-51.75493062464197
3.1377594847333654,-51.39565512288935,-51.217276887142646,-2.2204652929814586,-52.71240334084456,-52.21398473372965,2.191573666776975,-50.65283007217698,-50.48532141501842,-1.0204115051699887,-52.86868288250592,-52.19332202881906,-2.0358160876298683,-50.68960434300844,-51.33446859178352,2.675129634358697,-52.84636146871338,-52.85477152925163,-0.952313507301767,-49.91734269261296,-50.33350533609088,3.4117802974918874,-52.60969353736189,-51.75493062465152
3.1377594847965042,-51.395655122863424,-51.21727688711548,-2.2204652930511486,-52.71240334086082,-52.21398473374229,2.191573666839602,-50.65283007214861,-50.485321414990324,-1.0204115052307117,-52.86868288251962,-52.193322028832526,-2.0358160876968867,-50.689604342981454,-51.334468591755396,2.6751296344203297,-52.8463614687258,-52.85477152926664,-0.9523135073682027,-49.917342692580675,-50.333505336060654,3.411780297554998,-52.60969353737637,-51.75493062466516
3.137759484841368,-51.395655122832345,-51.2172768870834,-2.220465293102791,-52.71240334087699,-52.2139847337548,2.1915736668843095,-50.6528300721161,-50.48532141495828,-1.0204115052751774,-52.86868288253325,-52.19332202884711,-2.0358160877458715,-50.68960434295023,-51.334468591722484,2.6751296344637865,-52.846361468738635,-52.8547715292807,-0.952313507417685,-49.91734269254499,-50.33350533602611,3.4117802975988667,-52.60969353739101,-51.754930624679346
3.1377594848636505,-51.39565512280328,-51.2172768870537,-2.220465293130786,-52.71240334089,-52.21398473376479,2.191573666906791,-50.652830072086644,-50.48532141492933,-1.0204115052986822,-52.86868288254423,-52.19332202885973,-2.0358160877716927,-50.68960434292173,-51.334468591692215,2.675129634485046,-52.846361468749336,-52.85477152929134,-0.9523135074446998,-49.91734269251351,-50.33350533599486,3.4117802976196145,-52.60969353740296,-51.754930624691205
3.1377594848643895,-51.39565512278129,-51.21727688703149,-2.2204652931353053,-52.712403340898106,-52.21398473377096,2.1915736669079564,-50.65283007206516,-50.4853214149083,-1.0204115053016807,-52.86868288255108,-52.19332202886847,-2.0358160877748617,-50.689604342900765,-51.33446859166973,2.675129634485245,-52.84636146875637,-52.85477152929731,-0.9523135074493752,-49.91734269249127,-50.33350533597212,3.4117802976186766,-52.609693537410564,-51.75493062469904
3.137759484848516,-51.395655122768936,-51.21727688701927,-2.2204652931210376,-52.71240334090091,-52.21398473377301,2.1915736668925803,-50.65283007205389,-50.48532141489734,-1.0204115052883793,-52.86868288255344,-52.193322028872544,-2.0358160877600966,-50.689604342889545,-51.334468591657526,2.675129634469272,-52.84636146875924,-52.85477152929858,-0.9523135074360738,-49.91734269248037,-50.333505335960226,3.4117802976013536,-52.60969353741339,-51.7549306247023
3.137759484822922,-51.39565512276631,-51.21727688701701,-2.220465293095046,-52.712403340899115,-52.213984733771525,2.1915736668674697,-50.65283007205255,-50.485321414896184,-1.020411505265173,-52.86868288255195,-52.193322028872274,-2.0358160877344034,-50.68960434288796,-51.334468591655494,2.675129634444019,-52.846361468758374,-52.85477152929601,-0.9523135074115174,-49.9173426924802,-50.33350533595892,3.4117802975747793,-52.60969353741203,-51.754930624701416
3.1377594847948274,-51.39565512277163,-51.217276887022834,-2.220465293065118,-52.71240334089414,-52.213984733767624,2.1915736668397443,-50.65283007205912,-50.485321414902764,-1.020411505238826,-52.86868288254777,-52.193322028868735,-2.035816087705257,-50.68960434289404,-51.33446859166166,2.675129634416436,-52.84636146875483,-52.854771529290986,-0.9523135073830815,-49.917342692488305,-50.33350533596595,3.4117802975462155,-52.60969353740771,-51.754930624697536
3.1377594847701715,-51.39565512278201,-51.217276887033705,-2.2204652930378614,-52.712403340887704,-52.213984733762615,2.1915736668152874,-50.652830072070465,-50.485321414914,-1.0204115052150797,-52.868682882542345,-52.19332202886336,-2.0358160876790663,-50.689604342904815,-51.334468591672916,2.675129634392377,-52.846361468749905,-52.85477152928505,-0.9523135073570757,-49.91734269250117,-50.33350533597803,3.411780297521574,-52.60969353740197,-51.75493062469213
3.1377594847528343,-51.395655122794295,-51.21727688704638,-2.2204652930178526,-52.71240334088136,-52.21398473375771,2.191573666797993,-50.65283007208329,-50.485321414926645,-1.0204115051978704,-52.86868288253699,-52.19332202885764,-2.035816087660109,-50.68960434291715,-51.33446859168591,2.675129634375594,-52.846361468744846,-52.854771529279546,-0.9523135073379194,-49.91734269251524,-50.33350533599166,3.4117802975046487,-52.60969353739621,-51.75493062468656
3.13775948474445,-51.395655122805685,-51.217276887058006,-2.220465293007223,-52.71240334087629,-52.213984733753826,2.191573666789509,-50.65283007209481,-50.48532141493796,-1.0204115051889744,-52.868682882532724,-52.193322028852705,-2.035816087650332,-50.689604342928305,-51.334468591697764,2.675129634367579,-52.84636146874068,-52.854771529275425,-0.9523135073276592,-49.91734269252754,-50.333505336003874,3.411780297496861,-52.609693537391564,-51.754930624681926
3.1377594847445067,-51.3956551228142,-51.21727688706662,-2.220465293005816,-52.712403340873195,-52.213984733751474,2.191573666789381,-50.65283007210312,-50.485321414946085,-1.0204115051881075,-52.868682882530095,-52.19332202884934,-2.035816087649451,-50.68960434293642,-51.33446859170647,2.675129634367835,-52.84636146873798,-52.85477152927315,-0.9523135073261813,-49.917342692536124,-50.33350533601268,3.411780297497586,-52.60969353738865,-51.754930624678906
3.137759484750987,-51.395655122818894,-51.21727688707125,-2.220465293011742,-52.71240334087217,-52.21398473375072,2.191573666795705,-50.65283007210739,-50.48532141495023,-1.020411505193593,-52.86868288252923,-52.1933220288478,-2.035816087655533,-50.68960434294067,-51.3344685917111,2.675129634374372,-52.846361468736916,-52.854771529272725,-0.9523135073316809,-49.91734269254023,-50.33350533601717,3.4117802975046345,-52.609693537387614,-51.754930624677705
3.1377594847611903,-51.395655122819775,-51.217276887071975,-2.220465293022116,-52.71240334087295,-52.21398473375135,2.191573666805695,-50.65283007210775,-50.48532141495052,-1.0204115052028584,-52.86868288252988,-52.19332202884799,-2.0358160876657934,-50.689604342941124,-51.334468591711726,2.675129634384433,-52.846361468737314,-52.85477152927379,-0.9523135073415006,-49.91734269254012,-50.33350533601751,3.411780297515236,-52.60969353738821,-51.75493062467811
3.1377594847722747,-51.39565512281756,-51.21727688706956,-2.2204652930339392,-52.71240334087496,-52.21398473375294,2.1915736668166375,-50.65283007210503,-50.48532141494782,-1.0204115052132607,-52.86868288253157,-52.19332202884942,-2.0358160876772757,-50.68960434293863,-51.33446859170918,2.67512963439529,-52.84636146873875,-52.85477152927581,-0.9523135073527413,-49.917342692536806,-50.333505336014625,3.4117802975264624,-52.60969353738996,-51.75493062467969
3.1377594847818955,-51.395655122813395,-51.21727688706521,-2.2204652930445974,-52.71240334087751,-52.21398473375492,2.191573666826187,-50.652830072100514,-50.485321414943336,-1.0204115052225404,-52.868682882533726,-52.19332202885156,-2.0358160876875075,-50.68960434293432,-51.33446859170467,2.6751296344046835,-52.84636146874071,-52.85477152927815,-0.9523135073628737,-49.91734269253166,-50.33350533600979,3.411780297536069,-52.60969353739224,-51.75493062468184
3.137759484788546,-51.395655122808556,-51.21727688706021,-2.220465293052314,-52.71240334088,-52.213984733756845,2.191573666832838,-50.652830072095455,-50.485321414938355,-1.0204115052291627,-52.86868288253582,-52.19332202885382,-2.035816087694826,-50.68960434292946,-51.33446859169955,2.6751296344111353,-52.846361468742685,-52.85477152928031,-0.9523135073702917,-49.917342692526134,-50.333505336004436,3.4117802975425917,-52.609693537394506,-51.754930624684036
3.137759484791701,-51.3956551228041,-51.21727688705566,-2.2204652930563213,-52.71240334088196,-52.213984733758345,2.191573666836021,-50.65283007209098,-50.48532141493394,-1.0204115052325449,-52.868682882537485,-52.19332202885574,-2.0358160876985067,-50.68960434292511,-51.33446859169493,2.6751296344141338,-52.84636146874432,-52.8547715292819,-0.9523135073741855,-49.917342692521345,-50.33350533599966,3.4117802975454765,-52.609693537396296,-51.75493062468583
3.137759484791573,-51.39565512280081,-51.21727688705235,-2.2204652930567335,-52.71240334088314,-52.21398473375925,2.191573666835936,-50.65283007208775,-50.48532141493081,-1.0204115052327438,-52.86868288253848,-52.19332202885704,-2.035816087698734,-50.68960434292197,-51.33446859169157,2.6751296344139206,-52.84636146874536,-52.85477152928276,-0.9523135073746118,-49.917342692518034,-50.333505335996264,3.411780297545093,-52.60969353739742,-51.75493062468698
3.1377594847889156,-51.39565512279903,-51.21727688705059,-2.2204652930543176,-52.712403340883526,-52.21398473375952,2.191573666833392,-50.65283007208615,-50.485321414929246,-1.0204115052304843,-52.8686828825388,-52.193322028857615,-2.0358160876962472,-50.68960434292036,-51.33446859168981,2.6751296344112774,-52.84636146874574,-52.854771529282914,-0.9523135073723523,-49.917342692516506,-50.33350533599457,3.411780297542208,-52.6096935373978,-51.75493062468744
3.1377594847848655,-51.395655122798736,-51.21727688705036,-2.220465293050168,-52.71240334088319,-52.21398473375925,2.1915736668293846,-50.65283007208606,-50.48532141492919,-1.020411505226818,-52.868682882538515,-52.193322028857516,-2.0358160876921403,-50.68960434292025,-51.33446859168963,2.6751296344072557,-52.84636146874556,-52.85477152928246,-0.9523135073684301,-49.9173426925166,-50.333505335994495,3.4117802975380016,-52.60969353739755,-51.75493062468725
3.137759484780503,-51.39565512279965,-51.217276887051355,-2.220465293045507,-52.71240334088239,-52.213984733758615,2.191573666825093,-50.65283007208717,-50.48532141493028,-1.0204115052226967,-52.86868288253784,-52.19332202885694,-2.0358160876876212,-50.68960434292127,-51.33446859169068,2.6751296344029782,-52.84636146874499,-52.85477152928166,-0.9523135073639963,-49.91734269251796,-50.33350533599568,3.411780297533582,-52.60969353739682,-51.754930624686615
3.1377594847767227,-51.3956551228013,-51.21727688705309,-2.220465293041343,-52.712403340881366,-52.21398473375783,2.1915736668213555,-50.652830072088975,-50.48532141493207,-1.020411505219073,-52.86868288253698,-52.19332202885607,-2.035816087683628,-50.68960434292299,-51.334468591692456,2.675129634399326,-52.84636146874422,-52.85477152928073,-0.9523135073600315,-49.917342692519995,-50.3335053359976,3.4117802975298304,-52.60969353739593,-51.754930624685755
3.1377594847741648,-51.395655122803234,-51.21727688705505,-2.220465293038359,-52.71240334088039,-52.21398473375707,2.1915736668187975,-50.652830072090964,-50.48532141493403,-1.020411505216515,-52.86868288253616,-52.19332202885519,-2.035816087680786,-50.689604342924895,-51.33446859169449,2.675129634396825,-52.846361468743424,-52.85477152927988,-0.9523135073571751,-49.91734269252217,-50.33350533599971,3.4117802975273293,-52.609693537395046,-51.7549306246849
3.1377594847729853,-51.39565512280497,-51.21727688705684,-2.2204652930368383,-52.71240334087963,-52.21398473375648,2.1915736668175896,-50.652830072092726,-50.485321414935754,-1.0204115052152503,-52.86868288253551,-52.193322028854446,-2.035816087679393,-50.68960434292659,-51.3344685916963,2.6751296343957023,-52.8463614687428,-52.85477152927927,-0.9523135073556972,-49.917342692524045,-50.33350533600158,3.4117802975262492,-52.60969353739435,-51.75493062468419
3.1377594847730848,-51.39565512280624,-51.21727688705813,-2.220465293036739,-52.71240334087916,-52.213984733756135,2.191573666817675,-50.65283007209396,-50.48532141493696,-1.0204115052152076,-52.868682882535126,-52.19332202885394,-2.0358160876793647,-50.68960434292781,-51.33446859169759,2.6751296343958586,-52.84636146874239,-52.854771529278935,-0.9523135073555693,-49.91734269252532,-50.33350533600289,3.4117802975264624,-52.60969353739391,-51.75493062468375
3.1377594847741648,-51.39565512280693,-51.21727688705879,-2.2204652930377335,-52.71240334087905,-52.21398473375604,2.1915736668187265,-50.652830072094574,-50.485321414937566,-1.0204115052161455,-52.86868288253502,-52.19332202885373,-2.035816087680402,-50.68960434292841,-51.334468591698254,2.6751296343969244,-52.84636146874226,-52.85477152927889,-0.9523135073565072,-49.91734269252591,-50.33350533600353,3.4117802975276135,-52.609693537393774,-51.75493062468358
3.137759484775799,-51.395655122807014,-51.21727688705885,-2.220465293039396,-52.71240334087919,-52.21398473375616,2.191573666820318,-50.65283007209459,-50.48532141493756,-1.0204115052176235,-52.86868288253514,-52.193322028853785,-2.035816087682022,-50.68960434292845,-51.33446859169831,2.6751296343985302,-52.84636146874233,-52.854771529279084,-0.9523135073580846,-49.91734269252583,-50.33350533600353,3.4117802975293046,-52.609693537393895,-51.75493062468367
3.1377594847775043,-51.39565512280663,-51.21727688705845,-2.2204652930412294,-52.712403340879504,-52.21398473375642,2.191573666822009,-50.652830072094126,-50.485321414937104,-1.0204115052192293,-52.86868288253541,-52.19332202885401,-2.035816087683827,-50.68960434292802,-51.33446859169787,2.675129634400207,-52.846361468742565,-52.854771529279404,-0.9523135073598183,-49.91734269252528,-50.33350533600305,3.4117802975310383,-52.60969353739417,-51.75493062468394
3.1377594847789823,-51.39565512280596,-51.21727688705775,-2.2204652930428495,-52.71240334087991,-52.213984733756725,2.191573666823487,-50.65283007209341,-50.485321414936394,-1.0204115052206362,-52.86868288253575,-52.193322028854354,-2.035816087685376,-50.68960434292734,-51.33446859169716,2.6751296344016424,-52.84636146874287,-52.854771529279766,-0.9523135073613815,-49.91734269252446,-50.33350533600228,3.411780297532516,-52.60969353739453,-51.75493062468427
3.137759484779963,-51.39565512280521,-51.21727688705697,-2.220465293044029,-52.71240334088029,-52.21398473375703,2.1915736668244534,-50.65283007209261,-50.48532141493561,-1.0204115052216451,-52.86868288253608,-52.19332202885471,-2.0358160876864844,-50.689604342926586,-51.334468591696364,2.6751296344026088,-52.84636146874318,-52.8547715292801,-0.95231350736249,-49.917342692523604,-50.333505336001444,3.4117802975334683,-52.609693537394875,-51.75493062468461
3.1377594847804176,-51.39565512280453,-51.21727688705627,-2.2204652930445974,-52.712403340880584,-52.21398473375726,2.1915736668249224,-50.65283007209193,-50.485321414934944,-1.0204115052221283,-52.86868288253632,-52.193322028855,-2.03581608768701,-50.68960434292592,-51.334468591695654,2.675129634403021,-52.84636146874344,-52.85477152928034,-0.9523135073630584,-49.917342692522865,-50.33350533600071,3.4117802975338805,-52.609693537395145,-51.754930624684874
3.1377594847803607,-51.39565512280404,-51.21727688705578,-2.2204652930446116,-52.71240334088077,-52.21398473375738,2.1915736668248655,-50.65283007209145,-50.48532141493447,-1.020411505222114,-52.868682882536476,-52.19332202885519,-2.035816087686996,-50.68960434292545,-51.33446859169514,2.6751296344029356,-52.84636146874358,-52.85477152928046,-0.9523135073630868,-49.91734269252238,-50.3335053360002,3.4117802975337668,-52.609693537395316,-51.75493062468505
3.13775948477992,-51.395655122803774,-51.21727688705552,-2.2204652930441853,-52.71240334088081,-52.213984733757414,2.191573666824439,-50.65283007209122,-50.48532141493425,-1.0204115052217304,-52.868682882536504,-52.193322028855256,-2.0358160876865696,-50.68960434292522,-51.33446859169489,2.675129634402495,-52.84636146874363,-52.85477152928048,-0.9523135073626747,-49.91734269252217,-50.333505335999966,3.411780297533298,-52.60969353739536,-51.754930624685116
3.1377594847792523,-51.39565512280376,-51.21727688705551,-2.2204652930435316,-52.71240334088074,-52.21398473375736,2.1915736668237997,-50.652830072091234,-50.48532141493426,-1.0204115052211478,-52.86868288253646,-52.193322028855235,-2.03581608768593,-50.689604342925215,-51.334468591694886,2.6751296344018556,-52.8463614687436,-52.854771529280406,-0.9523135073620637,-49.91734269252221,-50.33350533599998,3.4117802975326157,-52.609693537395316,-51.75493062468507
3.1377594847785844,-51.395655122803916,-51.21727688705568,-2.220465293042807,-52.71240334088062,-52.21398473375727,2.191573666823132,-50.65283007209142,-50.48532141493445,-1.020411505220494,-52.86868288253635,-52.19332202885514,-2.0358160876852054,-50.68960434292539,-51.334468591695064,2.675129634401202,-52.84636146874351,-52.85477152928027,-0.9523135073613673,-49.91734269252243,-50.33350533600017,3.411780297531948,-52.6096935373952,-51.754930624684974
3.137759484778016,-51.39565512280417,-51.21727688705596,-2.2204652930421673,-52.71240334088047,-52.213984733757144,2.191573666822549,-50.6528300720917,-50.485321414934745,-1.0204115052199683,-52.86868288253622,-52.193322028855015,-2.0358160876845943,-50.68960434292566,-51.334468591695355,2.6751296344006477,-52.84636146874339,-52.85477152928013,-0.9523135073607563,-49.91734269252275,-50.333505336000485,3.411780297531365,-52.60969353739506,-51.75493062468483
3.137759484777618,-51.39565512280448,-51.21727688705627,-2.2204652930417126,-52.71240334088031,-52.21398473375703,2.1915736668221797,-50.652830072092016,-50.485321414935036,-1.0204115052195561,-52.86868288253609,-52.19332202885487,-2.035816087684168,-50.68960434292596,-51.33446859169567,2.675129634400264,-52.84636146874326,-52.854771529279994,-0.9523135073603299,-49.91734269252309,-50.33350533600081,3.4117802975309814,-52.609693537394925,-51.754930624684704
3.1377594847774617,-51.395655122804754,-51.21727688705654,-2.2204652930414994,-52.7124033408802,-52.21398473375693,2.191573666821995,-50.652830072092286,-50.485321414935314,-1.0204115052193714,-52.86868288253601,-52.193322028854766,-2.035816087683969,-50.689604342926216,-51.33446859169595,2.6751296344001076,-52.84636146874317,-52.8547715292799,-0.9523135073601168,-49.91734269252338,-50.333505336001096,3.4117802975308393,-52.60969353739482,-51.75493062468459
3.13775948477749,-51.39565512280494,-51.21727688705674,-2.2204652930414994,-52.71240334088013,-52.21398473375689,2.1915736668220234,-50.65283007209248,-50.4853214149355,-1.0204115052193714,-52.868682882535936,-52.19332202885469,-2.035816087683969,-50.6896043429264,-51.33446859169614,2.675129634400136,-52.84636146874312,-52.85477152927986,-0.9523135073601168,-49.91734269252357,-50.333505336001295,3.411780297530882,-52.60969353739476,-51.75493062468453
3.137759484777675,-51.39565512280504,-51.21727688705684,-2.22046529304167,-52.712403340880115,-52.213984733756874,2.191573666822194,-50.65283007209256,-50.485321414935584,-1.020411505219542,-52.86868288253592,-52.19332202885466,-2.0358160876841396,-50.6896043429265,-51.33446859169624,2.675129634400321,-52.84636146874308,-52.85477152927986,-0.9523135073602589,-49.91734269252366,-50.3335053360014,3.4117802975310667,-52.60969353739475,-51.754930624684505
3.1377594847779307,-51.39565512280505,-51.21727688705685,-2.22046529304194,-52.712403340880144,-52.21398473375689,2.191573666822464,-50.65283007209256,-50.48532141493557,-1.0204115052197835,-52.86868288253595,-52.193322028854666,-2.0358160876844096,-50.6896043429265,-51.33446859169624,2.6751296344005624,-52.8463614687431,-52.85477152927988,-0.9523135073605147,-49.91734269252365,-50.333505336001394,3.411780297531351,-52.60969353739476,-51.754930624684526
3.1377594847782007,-51.39565512280499,-51.21727688705678,-2.220465293042224,-52.712403340880186,-52.21398473375693,2.1915736668227197,-50.652830072092485,-50.485321414935505,-1.0204115052200535,-52.86868288253599,-52.19332202885471,-2.035816087684708,-50.68960434292643,-51.33446859169618,2.6751296344008466,-52.846361468743154,-52.85477152927994,-0.9523135073608131,-49.91734269252355,-50.33350533600131,3.411780297531621,-52.609693537394804,-51.75493062468456
3.1377594847784422,-51.39565512280488,-51.217276887056656,-2.2204652930424658,-52.71240334088024,-52.21398473375699,2.1915736668229613,-50.65283007209236,-50.48532141493538,-1.0204115052202525,-52.86868288253604,-52.193322028854766,-2.0358160876849354,-50.689604342926316,-51.33446859169605,2.675129634401074,-52.84636146874319,-52.854771529279994,-0.9523135073610263,-49.917342692523405,-50.33350533600118,3.4117802975318625,-52.60969353739487,-51.75493062468462
3.1377594847785844,-51.39565512280476,-51.21727688705653,-2.2204652930426647,-52.71240334088031,-52.21398473375703,2.1915736668231034,-50.65283007209224,-50.485321414935264,-1.0204115052204088,-52.86868288253609,-52.19332202885482,-2.035816087685106,-50.68960434292619,-51.33446859169594,2.675129634401216,-52.84636146874324,-52.854771529280036,-0.952313507361211,-49.91734269252328,-50.333505336001046,3.4117802975319904,-52.60969353739491,-51.75493062468466
3.137759484778641,-51.39565512280464,-51.21727688705642,-2.2204652930427358,-52.71240334088036,-52.21398473375706,2.1915736668231744,-50.65283007209214,-50.48532141493516,-1.020411505220494,-52.868682882536135,-52.193322028854865,-2.035816087685191,-50.68960434292608,-51.33446859169582,2.675129634401287,-52.84636146874328,-52.85477152928009,-0.9523135073612963,-49.917342692523164,-50.33350533600093,3.4117802975320615,-52.60969353739495,-51.75493062468472
3.137759484778627,-51.39565512280457,-51.21727688705634,-2.2204652930427358,-52.71240334088039,-52.213984733757094,2.1915736668231602,-50.652830072092044,-50.48532141493507,-1.0204115052204799,-52.86868288253616,-52.19332202885491,-2.035816087685177,-50.689604342926,-51.33446859169574,2.675129634401273,-52.846361468743304,-52.8547715292801,-0.9523135073613105,-49.917342692523086,-50.333505336000854,3.4117802975320473,-52.60969353739499,-51.75493062468474
3.1377594847785417,-51.39565512280453,-51.2172768870563,-2.2204652930426647,-52.7124033408804,-52.213984733757094,2.191573666823089,-50.65283007209203,-50.48532141493504,-1.0204115052204088,-52.86868288253616,-52.19332202885491,-2.035816087685106,-50.68960434292598,-51.334468591695696,2.6751296344011877,-52.84636146874331,-52.85477152928011,-0.9523135073612252,-49.91734269252306,-50.33350533600081,3.411780297531948,-52.60969353739499,-51.75493062468475
3.1377594847784565,-51.39565512280453,-51.217276887056315,-2.220465293042551,-52.71240334088038,-52.21398473375707,2.1915736668229613,-50.65283007209203,-50.48532141493506,-1.0204115052203235,-52.86868288253615,-52.19332202885491,-2.0358160876849922,-50.68960434292598,-51.33446859169571,2.675129634401074,-52.846361468743304,-52.85477152928009,-0.9523135073611257,-49.91734269252308,-50.333505336000826,3.4117802975318483,-52.60969353739499,-51.75493062468474
3.1377594847783428,-51.39565512280456,-51.21727688705634,-2.2204652930424515,-52.71240334088036,-52.21398473375706,2.191573666822876,-50.65283007209206,-50.485321414935086,-1.0204115052202098,-52.868682882536135,-52.19332202885488,-2.0358160876848785,-50.68960434292602,-51.33446859169573,2.6751296344009745,-52.84636146874328,-52.85477152928007,-0.9523135073610121,-49.91734269252311,-50.333505336000854,3.4117802975317346,-52.60969353739496,-51.75493062468472
3.1377594847782575,-51.3956551228046,-51.21727688705638,-2.220465293042338,-52.71240334088033,-52.213984733757044,2.1915736668227908,-50.6528300720921,-50.48532141493513,-1.0204115052201246,-52.8686828825361,-52.19332202885485,-2.0358160876847933,-50.68960434292606,-51.33446859169578,2.6751296344008892,-52.846361468743254,-52.85477152928004,-0.9523135073609126,-49.917342692523164,-50.33350533600091,3.4117802975316494,-52.60969353739493,-51.7549306246847
3.1377594847782007,-51.39565512280465,-51.217276887056435,-2.220465293042267,-52.71240334088031,-52.21398473375703,2.1915736668227197,-50.652830072092144,-50.48532141493518,-1.0204115052200535,-52.86868288253609,-52.19332202885484,-2.035816087684722,-50.6896043429261,-51.334468591695824,2.6751296344008324,-52.84636146874324,-52.854771529280015,-0.9523135073608415,-49.917342692523206,-50.33350533600096,3.4117802975315925,-52.60969353739492,-51.754930624684675
3.137759484778158,-51.3956551228047,-51.21727688705648,-2.220465293042224,-52.712403340880286,-52.21398473375701,2.1915736668226913,-50.6528300720922,-50.48532141493522,-1.020411505220025,-52.86868288253607,-52.19332202885482,-2.0358160876846796,-50.689604342926145,-51.33446859169588,2.675129634400804,-52.846361468743225,-52.85477152928,-0.9523135073608131,-49.91734269252326,-50.333505336001004,3.41178029753155,-52.609693537394904,-51.754930624684654
3.1377594847781722,-51.39565512280472,-51.21727688705651,-2.220465293042224,-52.71240334088027,-52.213984733757,2.1915736668226913,-50.65283007209223,-50.48532141493526,-1.0204115052200393,-52.86868288253605,-52.19332202885481,-2.0358160876846796,-50.689604342926174,-51.33446859169591,2.675129634400804,-52.84636146874322,-52.854771529279994,-0.9523135073608131,-49.91734269252329,-50.33350533600104,3.4117802975315783,-52.609693537394875,-51.754930624684654
3.1377594847782007,-51.39565512280473,-51.21727688705653,-2.220465293042281,-52.71240334088027,-52.213984733757,2.1915736668227197,-50.65283007209224,-50.485321414935264,-1.0204115052200677,-52.86868288253606,-52.193322028854794,-2.035816087684722,-50.68960434292619,-51.334468591695924,2.6751296344008466,-52.84636146874322,-52.854771529279994,-0.9523135073608415,-49.9173426925233,-50.33350533600105,3.4117802975316067,-52.609693537394875,-51.75493062468465
3.1377594847782575,-51.39565512280473,-51.21727688705652,-2.2204652930423237,-52.71240334088027,-52.213984733757,2.1915736668227908,-50.65283007209224,-50.48532141493526,-1.0204115052201104,-52.86868288253606,-52.193322028854794,-2.035816087684779,-50.68960434292619,-51.334468591695924,2.6751296344009035,-52.84636146874322,-52.85477152928,-0.9523135073608984,-49.91734269252329,-50.33350533600105,3.4117802975316636,-52.60969353739489,-51.754930624684654
3.1377594847783,-51.395655122804726,-51.217276887056514,-2.2204652930423805,-52.71240334088029,-52.213984733757016,2.1915736668228334,-50.65283007209222,-50.48532141493524,-1.020411505220153,-52.868682882536085,-52.19332202885481,-2.035816087684836,-50.689604342926174,-51.33446859169591,2.675129634400946,-52.84636146874323,-52.854771529280015,-0.952313507360941,-49.91734269252328,-50.333505336001025,3.4117802975317204,-52.6096935373949,-51.754930624684654
3.1377594847783428,-51.3956551228047,-51.217276887056485,-2.220465293042423,-52.71240334088031,-52.213984733757016,2.1915736668228902,-50.6528300720922,-50.48532141493522,-1.0204115052201956,-52.86868288253609,-52.19332202885482,-2.0358160876848643,-50.689604342926145,-51.33446859169588,2.6751296344009887,-52.84636146874323,-52.85477152928003,-0.9523135073609836,-49.91734269252325,-50.333505336001004,3.4117802975317346,-52.60969353739491,-51.75493062468466
3.137759484778371,-51.395655122804676,-51.21727688705646,-2.2204652930424515,-52.712403340880314,-52.21398473375703,2.1915736668228902,-50.652830072092186,-50.4853214149352,-1.020411505220224,-52.86868288253609,-52.19332202885484,-2.0358160876848928,-50.68960434292613,-51.33446859169586,2.675129634401003,-52.846361468743254,-52.85477152928003,-0.9523135073610121,-49.917342692523235,-50.33350533600098,3.4117802975317773,-52.60969353739492,-51.75493062468468
3.137759484778371,-51.395655122804655,-51.21727688705644,-2.2204652930424515,-52.71240334088033,-52.21398473375704,2.1915736668228902,-50.65283007209216,-50.48532141493518,-1.0204115052202383,-52.8686828825361,-52.19332202885484,-2.035816087684907,-50.68960434292612,-51.33446859169584,2.675129634401003,-52.846361468743254,-52.85477152928004,-0.9523135073610121,-49.917342692523206,-50.33350533600096,3.4117802975317773,-52.60969353739492,-51.75493062468468
3.137759484778357,-51.395655122804655,-51.217276887056435,-2.2204652930424515,-52.71240334088033,-52.21398473375704,2.1915736668228902,-50.652830072092144,-50.48532141493517,-1.020411505220224,-52.8686828825361,-52.19332202885484,-2.0358160876848785,-50.6896043429261,-51.334468591695824,2.6751296344009887,-52.846361468743254,-52.85477152928004,-0.9523135073610121,-49.91734269252319,-50.333505336000954,3.411780297531763,-52.609693537394925,-51.7549306246847
3.1377594847783428,-51.39565512280465,-51.217276887056435,-2.2204652930424373,-52.71240334088033,-52.21398473375704,2.191573666822876,-50.652830072092144,-50.48532141493518,-1.0204115052201956,-52.8686828825361,-52.19332202885484,-2.0358160876848643,-50.6896043429261,-51.334468591695824,2.6751296344009887,-52.846361468743254,-52.85477152928004,-0.9523135073609978,-49.917342692523206,-50.333505336000954,3.4117802975317346,-52.609693537394925,-51.75493062468469
3.1377594847783428,-51.395655122804655,-51.217276887056435,-2.220465293042409,-52.712403340880314,-52.21398473375704,2.191573666822862,-50.652830072092144,-50.48532141493517,-1.0204115052201814,-52.86868288253609,-52.19332202885484,-2.03581608768485,-50.6896043429261,-51.334468591695824,2.6751296344009603,-52.846361468743254,-52.85477152928004,-0.9523135073609694,-49.917342692523206,-50.333505336000954,3.4117802975317204,-52.60969353739492,-51.75493062468468
3.1377594847783,-51.395655122804655,-51.217276887056435,-2.2204652930423805,-52.712403340880314,-52.21398473375703,2.1915736668228334,-50.65283007209216,-50.48532141493518,-1.020411505220153,-52.86868288253609,-52.19332202885484,-2.03581608768485,-50.68960434292611,-51.334468591695824,2.675129634400946,-52.846361468743254,-52.85477152928003,-0.9523135073609552,-49.917342692523206,-50.33350533600096,3.411780297531706,-52.609693537394925,-51.75493062468468
3.137759484778286,-51.39565512280467,-51.21727688705646,-2.2204652930423805,-52.712403340880314,-52.21398473375703,2.191573666822805,-50.652830072092165,-50.4853214149352,-1.020411505220153,-52.86868288253609,-52.19332202885484,-2.0358160876848217,-50.68960434292612,-51.334468591695845,2.6751296344009177,-52.846361468743254,-52.85477152928003,-0.9523135073609268,-49.91734269252321,-50.33350533600098,3.411780297531692,-52.60969353739492,-51.75493062468468
3.137759484778286,-51.395655122804676,-51.21727688705646,-2.220465293042352,-52.7124033408803,-52.21398473375703,2.191573666822805,-50.65283007209218,-50.4853214149352,-1.0204115052201388,-52.868682882536085,-52.19332202885482,-2.0358160876848075,-50.68960434292613,-51.33446859169586,2.6751296344009035,-52.84636146874324,-52.854771529280015,-0.9523135073609268,-49.91734269252323,-50.33350533600098,3.4117802975316778,-52.60969353739491,-51.75493062468468
3.1377594847782717,-51.39565512280469,-51.217276887056464,-2.220465293042352,-52.7124033408803,-52.213984733757016,2.191573666822805,-50.652830072092186,-50.48532141493521,-1.0204115052201388,-52.868682882536085,-52.19332202885482,-2.0358160876848075,-50.68960434292613,-51.33446859169587,2.6751296344009035,-52.84636146874324,-52.85477152928003,-0.9523135073609268,-49.917342692523235,-50.333505336001,3.4117802975316778,-52.609693537394904,-51.75493062468466
3.137759484778286,-51.39565512280468,-51.217276887056464,-2.220465293042352,-52.71240334088031,-52.21398473375703,2.191573666822805,-50.652830072092186,-50.4853214149352,-1.0204115052201388,-52.868682882536085,-52.19332202885482,-2.0358160876848075,-50.68960434292613,-51.33446859169587,2.6751296344009177,-52.84636146874324,-52.854771529280015,-0.9523135073609268,-49.917342692523235,-50.333505336001,3.411780297531692,-52.609693537394904,-51.754930624684675
3.137759484778286,-51.39565512280468,-51.21727688705647,-2.2204652930423663,-52.71240334088031,-52.213984733757016,2.191573666822805,-50.652830072092186,-50.485321414935214,-1.0204115052201388,-52.868682882536085,-52.19332202885482,-2.0358160876848075,-50.68960434292613,-51.33446859169587,2.6751296344009035,-52.84636146874324,-52.854771529280015,-0.9523135073609268,-49.917342692523235,-50.333505336001,3.411780297531692,-52.609693537394904,-51.75493062468466
3.137759484778286,-51.3956551228047,-51.217276887056464,-2.2204652930423805,-52.7124033408803,-52.213984733757016,2.191573666822805,-50.6528300720922,-50.48532141493521,-1.020411505220153,-52.868682882536085,-52.19332202885482,-2.0358160876848217,-50.68960434292613,-51.33446859169587,2.6751296344009177,-52.84636146874324,-52.854771529280015,-0.9523135073609268,-49.917342692523235,-50.333505336001,3.411780297531692,-52.609693537394904,-51.75493062468466
3.1377594847783,-51.3956551228047,-51.21727688705648,-2.2204652930423805,-52.7124033408803,-52.213984733757016,2.191573666822819,-50.652830072092186,-50.48532141493521,-1.020411505220153,-52.868682882536085,-52.19332202885482,-2.035816087684836,-50.689604342926145,-51.33446859169587,2.6751296344009177,-52.84636146874323,-52.854771529280015,-0.9523135073609552,-49.917342692523235,-50.333505336001,3.411780297531706,-52.609693537394904,-51.75493062468466
3.1377594847783,-51.39565512280468,-51.217276887056464,-2.2204652930423947,-52.7124033408803,-52.21398473375703,2.1915736668228334,-50.652830072092186,-50.4853214149352,-1.020411505220153,-52.86868288253609,-52.19332202885482,-2.035816087684836,-50.68960434292613,-51.33446859169586,2.6751296344009603,-52.84636146874323,-52.854771529280015,-0.9523135073609552,-49.917342692523235,-50.33350533600098,3.4117802975317204,-52.609693537394904,-51.754930624684675
3.1377594847783,-51.395655122804676,-51.21727688705646,-2.2204652930423947,-52.71240334088031,-52.21398473375703,2.1915736668228334,-50.65283007209217,-50.4853214149352,-1.0204115052201672,-52.868682882536085,-52.19332202885483,-2.03581608768485,-50.689604342926124,-51.33446859169586,2.675129634400946,-52.84636146874324,-52.854771529280015,-0.9523135073609552,-49.91734269252323,-50.33350533600098,3.4117802975317204,-52.60969353739491,-51.754930624684675
3.1377594847783,-51.395655122804676,-51.21727688705646,-2.2204652930423947,-52.71240334088031,-52.21398473375703,2.1915736668228334,-50.65283007209217,-50.4853214149352,-1.0204115052201672,-52.868682882536085,-52.19332202885482,-2.03581608768485,-50.689604342926124,-51.33446859169585,2.6751296344009603,-52.84636146874324,-52.85477152928003,-0.9523135073609552,-49.91734269252322,-50.33350533600098,3.4117802975317204,-52.60969353739491,-51.754930624684675
3.1377594847783,-51.395655122804676,-51.21727688705646,-2.2204652930423947,-52.71240334088031,-52.21398473375703,2.1915736668228334,-50.65283007209218,-50.4853214149352,-1.0204115052201672,-52.86868288253609,-52.19332202885484,-2.03581608768485,-50.689604342926124,-51.33446859169585,2.6751296344009603,-52.84636146874324,-52.85477152928003,-0.9523135073609694,-49.91734269252322,-50.33350533600098,3.4117802975317204,-52.60969353739492,-51.754930624684675
3.1377594847783,-51.395655122804676,-51.21727688705646,-2.2204652930423947,-52.71240334088031,-52.21398473375703,2.1915736668228334,-50.65283007209218,-50.4853214149352,-1.020411505220153,-52.868682882536085,-52.19332202885483,-2.03581608768485,-50.68960434292613,-51.33446859169585,2.6751296344009603,-52.846361468743254,-52.85477152928003,-0.9523135073609552,-49.91734269252323,-50.33350533600098,3.411780297531706,-52.60969353739492,-51.754930624684675
3.1377594847783,-51.395655122804676,-51.21727688705646,-2.2204652930423947,-52.71240334088031,-52.21398473375703,2.1915736668228334,-50.65283007209217,-50.485321414935186,-1.020411505220153,-52.868682882536085,-52.19332202885483,-2.03581608768485,-50.68960434292613,-51.33446859169585,2.675129634400946,-52.84636146874324,-52.85477152928003,-0.9523135073609552,-49.91734269252323,-50.33350533600098,3.4117802975317204,-52.60969353739492,-51.754930624684675
3.1377594847783,-51.395655122804676,-51.21727688705646,-2.2204652930423947,-52.71240334088031,-52.213984733757016,2.1915736668228334,-50.65283007209217,-50.4853214149352,-1.0204115052201672,-52.868682882536085,-52.19332202885482,-2.03581608768485,-50.68960434292612,-51.33446859169585,2.675129634400946,-52.84636146874324,-52.854771529280015,-0.9523135073609694,-49.91734269252322,-50.33350533600098,3.411780297531706,-52.60969353739491,-51.754930624684675
3.1377594847783,-51.39565512280467,-51.21727688705646,-2.2204652930423947,-52.71240334088031,-52.213984733757016,2.1915736668228334,-50.65283007209218,-50.4853214149352,-1.020411505220153,-52.868682882536085,-52.19332202885482,-2.035816087684836,-50.68960434292612,-51.33446859169585,2.6751296344009603,-52.84636146874324,-52.854771529280015,-0.9523135073609552,-49.91734269252323,-50.33350533600098,3.4117802975317204,-52.60969353739491,-51.754930624684675
3.1377594847783,-51.395655122804676,-51.21727688705646,-2.2204652930423947,-52.71240334088031,-52.21398473375703,2.191573666822819,-50.65283007209217,-50.4853214149352,-1.0204115052201672,-52.868682882536085,-52.19332202885482,-2.03581608768485,-50.68960434292613,-51.33446859169585,2.675129634400946,-52.84636146874324,-52.854771529280015,-0.9523135073609552,-49.91734269252323,-50.33350533600098,3.411780297531706,-52.60969353739491,-51.754930624684675
3.1377594847783,-51.39565512280467,-51.21727688705646,-2.2204652930423805,-52.71240334088031,-52.213984733757016,2.191573666822819,-50.65283007209218,-50.485321414935186,-1.020411505220153,-52.868682882536085,-52.19332202885482,-2.035816087684836,-50.68960434292612,-51.33446859169585,2.675129634400946,-52.84636146874324,-52.854771529280015,-0.9523135073609552,-49.91734269252323,-50.33350533600098,3.4117802975317204,-52.60969353739491,-51.754930624684675
3.1377594847783,-51.395655122804676,-51.21727688705646,-2.2204652930423947,-52.7124033408803,-52.213984733757016,2.1915736668228334,-50.65283007209217,-50.4853214149352,-1.0204115052201672,-52.868682882536085,-52.19332202885482,-2.035816087684836,-50.689604342926124,-51.33446859169585,2.675129634400946,-52.84636146874324,-52.854771529280015,-0.9523135073609552,-49.91734269252323,-50.33350533600098,3.4117802975317204,-52.609693537394904,-51.754930624684675
3.1377594847783143,-51.395655122804676,-51.21727688705646,-2.2204652930423947,-52.71240334088031,-52.213984733757016,2.1915736668228334,-50.65283007209218,-50.4853214149352,-1.0204115052201672,-52.868682882536085,-52.19332202885482,-2.035816087684836,-50.68960434292612,-51.33446859169585,2.6751296344009603,-52.84636146874324,-52.854771529280015,-0.9523135073609552,-49.91734269252323,-50.33350533600098,3.4117802975317204,-52.609693537394904,-51.754930624684675
3.1377594847783143,-51.39565512280467,-51.21727688705646,-2.2204652930423947,-52.71240334088031,-52.21398473375703,2.1915736668228334,-50.65283007209217,-50.4853214149352,-1.0204115052201672,-52.868682882536085,-52.19332202885483,-2.03581608768485,-50.689604342926124,-51.33446859169585,2.6751296344009603,-52.84636146874324,-52.854771529280015,-0.9523135073609552,-49.91734269252322,-50.33350533600098,3.4117802975317204,-52.60969353739491,-51.754930624684675
3.1377594847783,-51.39565512280467,-51.21727688705646,-2.2204652930423947,-52.71240334088031,-52.21398473375703,2.1915736668228334,-50.652830072092165,-50.485321414935186,-1.0204115052201672,-52.868682882536085,-52.19332202885482,-2.03581608768485,-50.68960434292612,-51.33446859169585,2.6751296344009603,-52.84636146874324,-52.85477152928003,-0.9523135073609552,-49.91734269252322,-50.33350533600098,3.4117802975317204,-52.60969353739492,-51.754930624684675
3.1377594847783,-51.395655122804655,-51.21727688705644,-2.2204652930423805,-52.71240334088031,-52.21398473375703,2.1915736668228334,-50.652830072092165,-50.485321414935186,-1.0204115052201672,-52.868682882536085,-52.19332202885482,-2.03581608768485,-50.68960434292612,-51.334468591695845,2.6751296344009603,-52.84636146874324,-52.85477152928003,-0.9523135073609552,-49.91734269252321,-50.33350533600098,3.4117802975317204,-52.60969353739491,-51.75493062468468
3.1377594847783,-51.395655122804655,-51.21727688705644,-2.2204652930423947,-52.71240334088031,-52.21398473375703,2.1915736668228334,-50.65283007209216,-50.485321414935186,-1.020411505220153,-52.86868288253609,-52.19332202885484,-2.03581608768485,-50.68960434292612,-51.33446859169584,2.6751296344009603,-52.84636146874324,-52.85477152928003,-0.952313507360941,-49.91734269252321,-50.333505336000975,3.411780297531706,-52.60969353739492,-51.754930624684675
3.137759484778286,-51.39565512280467,-51.21727688705646,-2.2204652930423805,-52.71240334088031,-52.21398473375703,2.191573666822819,-50.65283007209217,-50.485321414935186,-1.020411505220153,-52.868682882536085,-52.19332202885482,-2.035816087684836,-50.68960434292612,-51.334468591695845,2.6751296344009177,-52.84636146874324,-52.85477152928003,-0.952313507360941,-49.91734269252322,-50.33350533600098,3.411780297531706,-52.60969353739491,-51.754930624684675
3.1377594847783,-51.39565512280467,-51.21727688705646,-2.2204652930423805,-52.71240334088031,-52.21398473375703,2.191573666822819,-50.65283007209218,-50.4853214149352,-1.020411505220153,-52.86868288253609,-52.19332202885482,-2.035816087684836,-50.68960434292613,-51.33446859169585,2.6751296344009177,-52.84636146874324,-52.854771529280015,-0.952313507360941,-49.91734269252323,-50.33350533600098,3.411780297531706,-52.60969353739491,-51.754930624684675
3.1377594847783,-51.395655122804676,-51.21727688705646,-2.2204652930423805,-52.7124033408803,-52.21398473375703,2.191573666822819,-50.652830072092186,-50.4853214149352,-1.020411505220153,-52.868682882536085,-52.19332202885482,-2.035816087684836,-50.68960434292613,-51.33446859169586,2.675129634400946,-52.84636146874324,-52.854771529280015,-0.9523135073609552,-49.91734269252323,-50.33350533600098,3.411780297531706,-52.609693537394904,-51.754930624684675
3.137759484778286,-51.39565512280467,-51.21727688705646,-2.2204652930423805,-52.71240334088031,-52.21398473375703,2.191573666822819,-50.65283007209218,-50.4853214149352,-1.020411505220153,-52.868682882536085,-52.19332202885483,-2.035816087684836,-50.68960434292613,-51.33446859169585,2.675129634400946,-52.84636146874324,-52.85477152928003,-0.9523135073609552,-49.91734269252323,-50.33350533600098,3.411780297531706,-52.60969353739491,-51.754930624684675
3.1377594847783,-51.395655122804676,-51.21727688705646,-2.2204652930423805,-52.7124033408803,-52.21398473375703,2.191573666822819,-50.652830072092186,-50.4853214149352,-1.020411505220153,-52.868682882536085,-52.19332202885482,-2.035816087684836,-50.68960434292613,-51.33446859169585,2.675129634400946,-52.84636146874324,-52.85477152928003,-0.9523135073609552,-49.91734269252323,-50.33350533600098,3.411780297531706,-52.60969353739491,-51.754930624684675
3.1377594847783,-51.39565512280468,-51.21727688705646,-2.2204652930423805,-52.7124033408803,-52.21398473375703,2.191573666822819,-50.652830072092186,-50.4853214149352,-1.020411505220153,-52.868682882536085,-52.19332202885482,-2.035816087684836,-50.68960434292613,-51.33446859169585,2.675129634400946,-52.84636146874324,-52.85477152928003,-0.9523135073609552,-49.91734269252323,-50.33350533600098,3.411780297531706,-52.60969353739491,-51.754930624684675
3.1377594847783,-51.39565512280468,-51.21727688705646,-2.2204652930423805,-52.7124033408803,-52.213984733757016,2.191573666822819,-50.652830072092186,-50.4853214149352,-1.020411505220153,-52.868682882536085,-52.19332202885482,-2.035816087684836,-50.68960434292613,-51.33446859169586,2.675129634400946,-52.84636146874324,-52.854771529280015,-0.9523135073609552,-49.917342692523235,-50.33350533600098,3.411780297531706,-52.60969353739491,-51.754930624684675
3.1377594847783,-51.395655122804676,-51.21727688705646,-2.2204652930423805,-52.71240334088031,-52.21398473375703,2.191573666822819,-50.65283007209218,-50.4853214149352,-1.020411505220153,-52.868682882536085,-52.19332202885482,-2.035816087684836,-50.68960434292613,-51.33446859169585,2.675129634400946,-52.84636146874324,-52.85477152928003,-0.9523135073609552,-49.91734269252323,-50.33350533600098,3.411780297531706,-52.60969353739491,-51.754930624684675
3.1377594847783,-51.395655122804676,-51.21727688705646,-2.2204652930423805,-52.7124033408803,-52.21398473375703,2.191573666822819,-50.652830072092186,-50.4853214149352,-1.020411505220153,-52.868682882536085,-52.19332202885482,-2.035816087684836,-50.68960434292613,-51.33446859169586,2.675129634400946,-52.84636146874324,-52.854771529280015,-0.9523135073609552,-49.917342692523235,-50.33350533600098,3.411780297531706,-52.60969353739491,-51.754930624684675
