0.22767351809802194,-38.80946102601645,-50,1.0292939878297809,-38.84697191724338,-25.46201143321455,0.22767351809802194,-38.80946102601645,-50,1.0292939878297809,-38.84697191724338,-25.46201143321455,1.5982309589180497,-45.94121389401944,-50,-0.33329884065633625,-30.436195254859772,-26.14154635236204,1.5982309589180497,-45.94121389401944,-50,-0.33329884065633625,-30.436195254859772,-26.14154635236204
1.9432507639374998,-39.035706468235844,-50,-0.8535229082507064,-39.22286598783788,-26.567458434267586,1.9432507639374998,-39.035706468235844,-50,-0.8535229082507064,-39.22286598783788,-26.567458434267586,-0.23840839382167545,-48.15738398264192,-50,1.4500471337020322,-33.11251240709042,-28.643314849840472,-0.23840839382167545,-48.15738398264192,-50,1.4500471337020322,-33.11251240709042,-28.643314849840472
3.5313904317218294,-39.01736932893352,-49.84509782288457,-2.6829723209807783,-39.071216647087056,-28.423631619968855,3.5313904317218294,-39.01736932893352,-49.84509782288457,-2.6829723209807783,-39.071216647087056,-28.423631619968855,-2.0346554512987094,-49.575091902414854,-50,3.098203799486588,-36.16283741541972,-31.912479209171703,-2.0346554512987094,-49.575091902414854,-50,3.098203799486588,-36.16283741541972,-31.912479209171703
4.897078563472928,-38.79161626468065,-47.049260631539724,-4.340578900132167,-38.895814856857875,-30.91128758139784,4.897078563472928,-38.79161626468065,-47.049260631539724,-4.340578900132167,-38.895814856857875,-30.91128758139784,-3.67370981208174,-50,-50,4.511125120707855,-39.40240444573696,-35.751476459547085,-3.67370981208174,-50,-50,4.511125120707855,-39.40240444573696,-35.751476459547085
5.958609854932264,-38.8160151910961,-43.72708227259998,-5.718995856753456,-39.27935907251613,-33.87061548875302,5.958609854932264,-38.8160151910961,-43.72708227259998,-5.718995856753456,-39.27935907251613,-33.87061548875302,-5.0489924805307735,-49.5996678413929,-48.5989665895183,5.603044264462286,-42.63498480015594,-39.92830734417013,-5.0489924805307735,-49.5996678413929,-48.5989665895183,5.603044264462286,-42.63498480015594,-39.92830734417013
6.652475855574285,-39.04111310987748,-40.09479328585271,-6.7289567533252885,-38.947685434408285,-37.11150358387247,6.652475855574285,-39.04111310987748,-40.09479328585271,-6.7289567533252885,-38.947685434408285,-37.11150358387247,-6.0710761325548805,-48.204385596738334,-45.979144016901046,6.3076797999723935,-45.66477298126795,-44.19055655826237,-6.0710761325548805,-48.204385596738334,-45.979144016901046,6.3076797999723935,-45.66477298126795,-44.19055655826237
6.937164501715455,-39.01066998792575,-36.38880837376399,-7.3050564083184115,-39.00263968970987,-40.42575225081037,6.937164501715455,-39.01066998792575,-36.38880837376399,-7.3050564083184115,-39.00263968970987,-40.42575225081037,-6.673500099307943,-46.00652879215819,-42.82966044598254,6.582259099120601,-48.308247122080665,-48.280646774865815,-6.673500099307943,-46.00652879215819,-42.82966044598254,6.582259099120601,-48.308247122080665,-48.280646774865815
6.7956436672714,-38.786389509762245,-32.850338883650096,-7.409986543123557,-39.261659507453956,-43.60044907810621,6.7956436672714,-38.786389509762245,-32.850338883650096,-7.409986543123557,-39.261659507453956,-43.60044907810621,-6.817091951331719,-43.19839820036644,-39.391973325467845,6.4101147109207055,-50,-50,-6.817091951331719,-43.19839820036644,-39.391973325467845,6.4101147109207055,-50,-50
6.236380148261169,-38.8228548778206,-29.70969309074541,-7.036951870380475,-38.86426080984747,-46.43164667825751,6.236380148261169,-38.8228548778206,-29.70969309074541,-7.036951870380475,-38.86426080984747,-46.43164667825751,-6.492514673492995,-40.025690302388576,-35.92963543881334,5.80169610538655,-50,-50,-6.492514673492995,-40.025690302388576,-35.92963543881334,5.80169610538655,-50,-50
5.292833118063415,-39.04615620959289,-27.171286129250447,-6.210110157553517,-39.13063312834912,-48.73746458031991,5.292833118063415,-39.04615620959289,-27.171286129250447,-6.210110157553517,-39.13063312834912,-48.73746458031991,-5.720873801463636,-36.766000153146024,-32.70808943839097,4.793935372148683,-50,-50,-5.720873801463636,-36.766000153146024,-32.70808943839097,4.793935372148683,-50,-50
4.021452358580909,-39.00369488688488,-25.400335229602884,-4.9830077671869875,-39.17586680302719,-50,4.021452358580909,-39.00369488688488,-25.400335229602884,-4.9830077671869875,-39.17586680302719,-50,-4.552345040884262,-33.704533291598885,-29.974317491477457,3.448005377039191,-50,-50,-4.552345040884262,-33.704533291598885,-29.974317491477457,3.448005377039191,-50,-50
2.498301027548473,-38.78153370131459,-24.512106228730858,-3.4351119884297376,-38.849692031441286,-50,2.498301027548473,-38.78153370131459,-24.512106228730858,-3.4351119884297376,-38.849692031441286,-50,-3.062911607845128,-31.109151774040775,-27.937906212760478,1.845606460520517,-50,-50,-3.062911607845128,-31.109151774040775,-27.937906212760478,1.845606460520517,-50,-50
0.8145050123780588,-38.82996036414404,-24.564411265406658,-1.6666647264304046,-39.235686896426614,-50,0.8145050123780588,-38.82996036414404,-24.564411265406658,-1.6666647264304046,-39.235686896426614,-50,-1.3494234440956092,-29.206937669819382,-26.754978554083138,0.08400708195675666,-49.76592332540481,-50,-1.3494234440956092,-29.206937669819382,-26.754978554083138,0.08400708195675666,-49.76592332540481,-50
-0.9291988770172148,-39.05082122574467,-25.55384596301591,0.2078091747417096,-39.05154628973883,-50,-0.9291988770172148,-39.05082122574467,-25.55384596301591,0.2078091747417096,-39.05154628973883,-50,0.476700420036213,-28.164324588870933,-26.516224524786736,-1.72986054857427,-47.468045681689276,-50,0.476700420036213,-28.164324588870933,-26.516224524786736,-1.72986054857427,-47.468045681689276,-50
-2.628489710032822,-38.99646413832021,-27.4160110101331,2.066918573910582,-38.908999697986346,-48.834441525233515,-2.628489710032822,-38.99646413832021,-27.4160110101331,2.066918573910582,-38.908999697986346,-48.834441525233515,2.2967168531386273,-28.072535626662905,-27.23994837618227,-3.485891445295702,-44.67462524870092,-50,2.2967168531386273,-28.072535626662905,-27.23994837618227,-3.485891445295702,-44.67462524870092,-50
-4.181703665107054,-38.77706284092593,-30.02970371689429,3.7902673367821786,-39.281598039453996,-46.55857502106748,-4.181703665107054,-38.77706284092593,-30.02970371689429,3.7902673367821786,-39.281598039453996,-46.55857502106748,3.9922798575867144,-28.939601828858713,-28.870665292810322,-5.077491414864627,-41.554866506261966,-49.84581815016951,3.9922798575867144,-28.939601828858713,-28.870665292810322,-5.077491414864627,-41.554866506261966,-49.84581815016951
-5.495916292047017,-38.83731116159476,-33.22480673144193,5.2662512031753055,-38.93154050400536,-43.749174747628956,-5.495916292047017,-38.83731116159476,-33.22480673144193,5.2662512031753055,-38.93154050400536,-43.749174747628956,5.453135980912871,-30.6896595175659,-31.283355176174407,-6.408047513170821,-38.29774106385564,-45.898457438610706,5.453135980912871,-30.6896595175659,-31.283355176174407,-6.408047513170821,-38.29774106385564,-45.898457438610706
-6.492501922189359,-39.055094706888866,-36.79336046375199,6.399285291493679,-39.02174558254387,-40.586720882202954,-6.492501922189359,-39.055094706888866,-36.79336046375199,6.399285291493679,-39.02174558254387,-40.586720882202954,6.584293511967103,-33.16958795938132,-34.293047401524234,-7.396792622584852,-35.100541176414175,-41.67572542981891,6.584293511967103,-33.16958795938132,-34.293047401524234,-7.396792622584852,-35.100541176414175,-41.67572542981891
-7.111837622422651,-38.9889985918936,-40.5030985462704,7.115994186434745,-39.25254495434223,-37.27437430566644,-7.111837622422651,-38.9889985918936,-40.5030985462704,7.115994186434745,-39.25254495434223,-37.27437430566644,7.312199287135738,-36.162406614607086,-37.669001725338454,-7.983708159403827,-32.15692925774881,-37.43281133696552,7.312199287135738,-36.162406614607086,-37.669001725338454,-7.983708159403827,-32.15692925774881,-37.43281133696552
-7.31687026864831,-38.7729898201975,-44.11256534917102,7.369963739157327,-38.85720506855937,-34.024925236278705,-7.31687026864831,-38.7729898201975,-44.11256534917102,7.369963739157327,-38.85720506855937,-34.024925236278705,7.589521461731842,-39.40625977963536,-41.15239815392028,-8.13316730844788,-29.645207262557907,-33.42612402205142,7.589521461731842,-39.40625977963536,-41.15239815392028,-8.13316730844788,-29.645207262557907,-33.42612402205142
-7.095333330643717,-38.844886074353326,-47.38683159689714,7.144746852793511,-39.149075922873024,-31.04712326008716,-7.095333330643717,-38.844886074353326,-47.38683159689714,7.144746852793511,-39.149075922873024,-31.04712326008716,7.398227248348026,-42.61732756733531,-44.476179566464296,-7.836097633998594,-27.717516489958278,-29.897796630440325,7.398227248348026,-42.61732756733531,-44.476179566464296,-7.836097633998594,-27.717516489958278,-29.897796630440325
-6.460480744284378,-39.05896433056178,-50,6.454928598296119,-39.1585397285899,-28.53226693773618,-6.460480744284378,-39.05896433056178,-50,6.454928598296119,-39.1585397285899,-28.53226693773618,6.750755493200746,-45.51465863659828,-47.385525843463675,-7.110531792755617,-26.490622003519988,-27.06105393912533,6.750755493200746,-45.51465863659828,-47.385525843463675,-7.110531792755617,-26.490622003519988,-27.06105393912533
-5.4502939656010305,-38.98131977429994,-50,5.345181683599434,-38.854156983491116,-26.641914491881124,-5.4502939656010305,-38.98131977429994,-50,5.345181683599434,-38.854156983491116,-26.641914491881124,5.689207844057138,-47.8447519393731,-49.65738983651276,-6.000512919557213,-26.03883987859028,-25.087326702854604,5.689207844057138,-47.8447519393731,-49.65738983651276,-6.000512919557213,-26.03883987859028,-25.087326702854604
-4.125209646411423,-38.76932638357099,-50,3.887373444016771,-39.24711095530341,-25.49750505947401,-4.125209646411423,-38.76932638357099,-50,3.887373444016771,-39.24711095530341,-25.49750505947401,4.282611103796171,-49.4037367131581,-50,-4.573421130895007,-26.389535691270403,-24.0958917072234,4.282611103796171,-49.4037367131581,-50,-4.573421130895007,-26.389535691270403,-24.0958917072234
-2.5645038783432836,-38.85266326037005,-50,2.1759117055029864,-39.03197783902626,-25.172557255573075,-2.5645038783432836,-38.85266326037005,-50,2.1759117055029864,-39.03197783902626,-25.172557255573075,2.622428784205181,-50,-50,-2.9158834322065053,-27.52146691685494,-24.146663603675137,2.622428784205181,-50,-50,-2.9158834322065053,-27.52146691685494,-24.146663603675137
-0.8615493258237156,-39.06241893881146,-50,0.3216309232016435,-38.9234466602901,-25.68794622488835,-0.8615493258237156,-39.06241893881146,-50,0.3216309232016435,-38.9234466602901,-25.68794622488835,0.8166137198177865,-49.74217160994359,-50,-1.1285153048349053,-29.366069642816534,-25.236574132069272,0.8166137198177865,-49.74217160994359,-50,-1.1285153048349053,-29.366069642816534,-25.236574132069272
0.8817709994866116,-38.973449827195616,-50,-1.5553854703659518,-39.28206647692359,-27.010562590506837,0.8817709994866116,-38.973449827195616,-50,-1.5553854703659518,-39.28206647692359,-27.010562590506837,-1.0174115312867826,-48.49201048073255,-49.86600105733937,0.680186832335764,-31.81161165690417,-27.299757542557355,-1.0174115312867826,-48.49201048073255,-49.86600105733937,0.680186832335764,-31.81161165690417,-27.299757542557355
2.561159114550423,-38.76608309446373,-48.69543777647401,-3.333581681929594,-38.91647423075689,-29.05543945098565,2.561159114550423,-38.76608309446373,-48.69543777647401,-3.333581681929594,-38.91647423075689,-29.05543945098565,-2.7603900524876197,-46.41410914507674,-47.67829163406639,2.4004315481471763,-34.70996034739556,-30.21153101130531,-2.7603900524876197,-46.41410914507674,-47.67829163406639,2.4004315481471763,-34.70996034739556,-30.21153101130531
4.076141921799303,-38.86062029434595,-45.6438611863451,-4.897801524347059,-39.041195935787364,-31.691210784261447,4.076141921799303,-38.86062029434595,-45.6438611863451,-4.897801524347059,-39.041195935787364,-31.691210784261447,-4.298985212214434,-43.6902729106001,-44.830654824566764,3.9277969339776435,-37.885555466815376,-33.79592950456815,-4.298985212214434,-43.6902729106001,-44.830654824566764,3.9277969339776435,-37.885555466815376,-33.79592950456815
5.336082233770829,-39.06544857037137,-42.15741662717298,-6.1467459442666295,-39.24189634049398,-34.74855060214739,5.336082233770829,-39.06544857037137,-42.15741662717298,-6.1467459442666295,-39.24189634049398,-34.74855060214739,-5.533150342861979,-40.55882295070417,-41.54140677603657,5.169569199001257,-41.14604325632307,-37.836339742297746,-5.533150342861979,-40.55882295070417,-41.54140677603657,5.169569199001257,-41.14604325632307,-37.836339742297746
6.265601342732361,-38.965411443353624,-38.46302622881249,-6.999533160243037,-38.851833015047305,-38.03105071120467,6.265601342732361,-38.965411443353624,-38.46302622881249,-6.999533160243037,-38.851833015047305,-38.03105071120467,-6.38263424396641,-37.29374447031596,-38.06272008251305,6.050370561908524,-44.293927795191756,-42.08859062689449,-6.38263424396641,-37.29374447031596,-38.06272008251305,6.050370561908524,-44.293927795191756,-42.08859062689449
6.809088718105106,-38.76326930480942,-34.80114668675478,-7.400936576022811,-39.166826811307786,-41.32783827596663,6.809088718105106,-38.76326930480942,-34.80114668675478,-7.400936576022811,-39.166826811307786,-41.32783827596663,-6.792199491340771,-34.18071445869243,-34.66129078953791,6.516734816068503,-47.13853382392612,-46.29570905298761,-6.792199491340771,-34.18071445869243,-34.66129078953791,6.516734816068503,-47.13853382392612,-46.29570905298761
6.934029029094938,-38.86873423239546,-31.410118663199636,-7.324961261144136,-39.140443720301114,-44.4271226129252,6.934029029094938,-38.86873423239546,-31.410118663199636,-7.324961261144136,-39.140443720301114,-44.4271226129252,-6.735214233254803,-31.492106473323524,-31.597891947847437,6.540352823202956,-49.5075564228273,-50,-6.735214233254803,-31.492106473323524,-31.597891947847437,6.540352823202956,-49.5075564228273,-50
6.632947446063779,-39.068044489383404,-28.510653914333822,-6.77652738556433,-38.86033043227644,-47.12980094848158,6.632947446063779,-39.068044489383404,-28.510653914333822,-6.77652738556433,-38.86033043227644,-47.12980094848158,-6.215383918239321,-29.46315940330973,-29.107381257767713,6.11979092834398,-50,-50,-6.215383918239321,-29.46315940330973,-29.107381257767713,6.11979092834398,-50,-50
5.923856838697085,-38.95722780122959,-26.29146982977452,-5.791151588898701,-39.25704518182275,-49.26224908612756,5.923856838697085,-38.95722780122959,-26.29146982977452,-5.791151588898701,-39.25704518182275,-49.26224908612756,-5.2665103494578895,-28.27139531858132,-27.38069553279796,5.280577985236101,-50,-50,-5.2665103494578895,-28.27139531858132,-27.38069553279796,5.280577985236101,-50,-50
4.849180116350805,-38.76089312809205,-24.89700638854947,-4.432646918834746,-39.01267056639003,-50,4.849180116350805,-38.76089312809205,-24.89700638854947,-4.432646918834746,-39.01267056639003,-50,-3.9502937330597137,-28.021087233607847,-26.550212389927935,4.0736557095863235,-50,-50,-3.9502937330597137,-28.021087233607847,-26.550212389927935,4.0736557095863235,-50,-50
3.473212183943139,-38.876981678204515,-24.418024997793403,-2.7889902909693727,-38.93903815712246,-50,3.473212183943139,-38.876981678204515,-24.418024997793403,-2.7889902909693727,-38.93903815712246,-50,-2.3523206416300804,-28.734135773605963,-26.679601423348117,2.572286426471422,-50,-50,-2.3523206416300804,-28.734135773605963,-26.679601423348117,2.572286426471422,-50,-50
1.8782733574771342,-39.07019921058748,-24.885701107310975,-0.9666250938359428,-39.280760572220885,-50,1.8782733574771342,-39.07019921058748,-24.885701107310975,-0.9666250938359428,-39.280760572220885,-50,-0.5764987741564399,-30.34815298639495,-27.758942928701728,0.8676059171252217,-50,-50,-0.5764987741564399,-30.34815298639495,-27.758942928701728,0.8676059171252217,-50,-50
0.15978436959331133,-38.948922498127345,-26.26959509385484,0.9164320969380216,-38.90260924200223,-50,0.15978436959331133,-38.948922498127345,-26.26959509385484,0.9164320969380216,-38.90260924200223,-50,1.2616996095025028,-32.721920956164226,-29.705488404434234,-0.9369086847979784,-48.60693884763321,-50,1.2616996095025028,-32.721920956164226,-29.705488404434234,-0.9369086847979784,-48.60693884763321,-50
-1.5794423861935871,-38.758961415950914,-28.479633484122857,2.7382342853741655,-39.06083243921801,-48.266759189054945,-1.5794423861935871,-38.758961415950914,-28.479633484122857,2.7382342853741655,-39.06083243921801,-48.266759189054945,3.0427462360905646,-35.647747619500414,-32.37000452585117,-2.73172013896453,-46.02439127075581,-50,3.0427462360905646,-35.647747619500414,-32.37000452585117,-2.73172013896453,-46.02439127075581,-50
-3.235353833670685,-38.885338850493135,-31.371971564662953,4.380801356351679,-39.229800337056254,-45.82685329394296,-3.235353833670685,-38.885338850493135,-31.371971564662953,4.380801356351679,-39.229800337056254,-45.82685329394296,4.650829107426592,-38.869638715533505,-35.54821422649901,-4.407880203337988,-43.033746672081314,-50,4.650829107426592,-38.869638715533505,-35.54821422649901,-4.407880203337988,-43.033746672081314,-50
-4.708881418681445,-39.07190652090511,-34.758355799141086,5.737760481164097,-38.84818837350362,-42.90042055423322,-4.708881418681445,-39.07190652090511,-34.758355799141086,5.737760481164097,-38.84818837350362,-42.90042055423322,5.981383139256177,-42.10569592128072,-38.99645774804336,-5.863642985913232,-39.816155893665595,-47.900101705404296,5.981383139256177,-42.10569592128072,-38.99645774804336,-5.863642985913232,-39.816155893665595,-47.900101705404296
-5.9118681038557925,-38.94051948215676,-38.41837668155404,6.721234833899258,-39.18374131570694,-39.67545949212603,-5.9118681038557925,-38.94051948215676,-38.41837668155404,6.721234833899258,-39.18374131570694,-39.67545949212603,6.947889473053243,-45.072781454555816,-42.450372992864864,-7.010641101015592,-36.566516476714064,-43.782316865668705,6.947889473053243,-45.072781454555816,-42.450372992864864,-7.010641101015592,-36.566516476714064,-43.782316865668705
-6.772342557785065,-38.7574797384241,-42.11381452423585,7.267534504592973,-39.1217260651052,-36.35914654656786,-6.772342557785065,-38.7574797384241,-42.11381452423585,7.267534504592973,-39.1217260651052,-36.35914654656786,7.487501337654831,-47.511291122961815,-45.645163036553825,-7.779249726511564,-33.481667228826794,-39.51704387322475,7.487501337654831,-47.511291122961815,-45.645163036553825,-7.779249726511564,-33.481667228826794,-39.51704387322475
-7.238824998643202,-38.893781651588085,-45.60414445671304,7.341281064978981,-38.86816213089236,-33.16452674144006,-7.238824998643202,-38.893781651588085,-45.60414445671304,7.341281064978981,-38.86816213089236,-33.16452674144006,7.565130640840977,-49.2078683090304,-48.33589697671701,-8.122812954134329,-30.748465203870303,-35.36204278877172,7.565130640840977,-49.2078683090304,-48.33589697671701,-8.122812954134329,-30.748465203870303,-35.36204278877172
-7.283407085663777,-39.0731614973546,-48.66219146193557,6.937698679492186,-39.26540871937552,-30.296827346861065,-7.283407085663777,-39.0731614973546,-48.66219146193557,6.937698679492186,-39.26540871937552,-30.296827346861065,7.175729561524255,-50,-50,-8.020475885955205,-28.532467301701196,-31.568409693060243,7.175729561524255,-50,-50,-8.020475885955205,-28.532467301701196,-31.568409693060243
-6.903421597173106,-38.93204298318003,-50,6.082923388918298,-38.993781617491486,-27.940273764966307,-6.903421597173106,-38.93204298318003,-50,6.082923388918298,-38.993781617491486,-27.940273764966307,6.344618782732462,-49.85936232023995,-50,-7.47845056371674,-26.967902071626177,-28.36540238477138,6.344618782732462,-49.85936232023995,-50,-7.47845056371674,-26.967902071626177,-28.36540238477138
-6.121602003008954,-38.75645236788744,-50,4.832310537445862,-38.95564728624679,-26.246254607860376,-6.121602003008954,-38.75645236788744,-50,4.832310537445862,-38.95564728624679,-26.246254607860376,5.125841022137786,-48.7572768868566,-50,-6.529638886869167,-26.14953915260699,-25.94658581500373,5.125841022137786,-48.7572768868566,-50,-6.529638886869167,-26.14953915260699,-25.94658581500373
-4.984722384552961,-38.902285736907885,-50,3.2668499543356297,-39.277690954359215,-25.3235962612631,-4.984722384552961,-38.902285736907885,-50,3.2668499543356297,-39.277690954359215,-25.3235962612631,3.5986469212933887,-46.804241848324075,-50,-5.23163540885498,-26.12694883860412,-24.458134520990512,3.5986469212933887,-46.804241848324075,-50,-5.23163540885498,-26.12694883860412,-24.458134520990512
-3.560799072160275,-39.07396052124635,-50,1.4879210434464463,-38.890058387591715,-25.23157171077991,-3.560799072160275,-39.07396052124635,-50,1.4879210434464463,-38.890058387591715,-25.23157171077991,1.8623417975272483,-44.171137375845795,-49.1232053580196,-3.6632312454532476,-26.901499481579464,-23.989998969342523,1.8623417975272483,-44.171137375845795,-49.1232053580196,-3.6632312454532476,-26.901499481579464,-23.989998969342523
-1.9350214181983825,-38.92351744294557,-50,-0.38927255838852476,-39.080495267500766,-25.97609275450621,-1.9350214181983825,-38.92351744294557,-50,-0.38927255838852476,-39.080495267500766,-25.97609275450621,0.02982834683483626,-41.08834609655151,-46.66152056941309,-1.9196313141546524,-28.42627460698702,-24.570469646605886,0.02982834683483626,-41.08834609655151,-46.66152056941309,-1.9196313141546524,-28.42627460698702,-24.570469646605886
-0.20465515617217442,-38.75588226673521,-50,-2.2431635818717033,-39.216355395762534,-27.509330220061525,-0.20465515617217442,-38.75588226673521,-50,-2.2431635818717033,-39.216355395762534,-27.509330220061525,-1.7797348185104678,-37.82559583979242,-43.61785988778823,-0.10667522662919038,-30.608914762274047,-26.164467401394354,-1.7797348185104678,-37.82559583979242,-43.61785988778823,-0.10667522662919038,-30.608914762274047,-26.164467401394354
1.5267767362848863,-38.91082658515967,-47.423212650962114,-3.9536938353068027,-38.84630080837737,-29.73278658389258,1.5267767362848863,-38.91082658515967,-47.423212650962114,-3.9536938353068027,-38.84630080837737,-29.73278658389258,-3.4486814213404426,-34.66835988764948,-40.22556777307335,1.6655873636251828,-33.31721196050341,-28.675663356574724,-3.4486814213404426,-34.66835988764948,-40.22556777307335,1.6655873636251828,-33.31721196050341,-28.675663356574724
3.1556875278487464,-39.07430128861726,-44.154324697949555,-5.410089186628949,-39.19968176561696,-32.50362360307484,3.1556875278487464,-39.07430128861726,-44.154324697949555,-5.410089186628949,-39.19968176561696,-32.50362360307484,-4.868488732353141,-31.89287958213013,-36.74471676758776,3.289576970648051,-36.38711784961949,-31.952300280433626,-4.868488732353141,-31.89287958213013,-36.74471676758776,3.289576970648051,-36.38711784961949,-31.952300280433626
4.584624038147944,-38.91496744461086,-40.547518200072616,-6.518033308686348,-39.10253910965202,-35.64383846285179,4.584624038147944,-38.91496744461086,-40.547518200072616,-6.518033308686348,-39.10253910965202,-35.64383846285179,-5.946834226542302,-29.74199467798612,-33.4421688454237,4.666714541826443,-39.63268053246538,-35.79636361824511,-5.946834226542302,-29.74199467798612,-33.4421688454237,4.666714541826443,-39.63268053246538,-35.79636361824511
5.728096989194511,-38.7557710788382,-36.83754928168141,-7.205775615220254,-38.87758833561485,-38.95169895013721,5.728096989194511,-38.7557710788382,-36.83754928168141,-7.205775615220254,-38.87758833561485,-38.95169895013721,-6.6135988264243215,-28.403896156642574,-30.571116245104157,5.713405381420065,-42.85730813944775,-39.97554795813015,-6.6135988264243215,-28.403896156642574,-30.571116245104157,5.713405381420065,-42.85730813944775,-39.97554795813015
6.517695589970682,-38.91937956904571,-33.26588859701083,-7.428777836920557,-39.27213349549678,-42.21470303991756,6.517695589970682,-38.91937956904571,-33.26588859701083,-7.428777836920557,-39.27213349549678,-42.21470303991756,-6.8254263730553255,-27.99566051693484,-28.35167030245971,6.366113497018907,-45.86567689101082,-44.23729577070422,-6.8254263730553255,-27.99566051693484,-28.35167030245971,6.366113497018907,-45.86567689101082,-44.23729577070422
6.906180362869071,-39.07418281687412,-30.065004735745458,-7.17259832476773,-38.9754647331734,-45.22323035087054,6.906180362869071,-39.07418281687412,-30.065004735745458,-7.17259832476773,-38.9754647331734,-45.22323035087054,-6.568542846665755,-28.55300620457858,-26.953986454971513,6.58521834709346,-48.475562348716906,-48.324060029833156,-6.568542846665755,-28.55300620457858,-26.953986454971513,6.58521834709346,-48.475562348716906,-48.324060029833156
6.870309349618599,-38.90641764185766,-27.443233545735215,-6.453827292851551,-38.97313886271854,-47.78400847977848,6.870309349618599,-38.90641764185766,-27.443233545735215,-6.453827292851551,-38.97313886271854,-47.78400847977848,-5.8596520179749625,-30.027168438274416,-26.485219151396564,6.357419878213679,-50,-50,-5.8596520179749625,-30.027168438274416,-26.485219151396564,6.357419878213679,-50,-50
6.412228612693964,-38.756119124803604,-25.571218182874844,-5.319012434236201,-39.27288260755765,-49.732529116785244,6.412228612693964,-38.756119124803604,-25.571218182874844,-5.319012434236201,-39.27288260755765,-49.732529116785244,-4.744849290740129,-32.28916586853011,-26.981306778015906,5.696545861907008,-50,-50,-4.744849290740129,-32.28916586853011,-26.981306778015906,5.696545861907008,-50,-50
5.559343842395342,-38.927920026275494,-24.570802464282785,-3.841644487109434,-38.87892382137969,-50,5.559343842395342,-38.927920026275494,-24.570802464282785,-3.841644487109434,-38.87892382137969,-50,-3.2966243625870377,-35.14108575926172,-28.404216416111176,4.642712524374814,-50,-50,-3.2966243625870377,-35.14108575926172,-28.404216416111176,4.642712524374814,-50,-50
4.362680750987927,-39.0736054476269,-24.507100422822727,-2.117397966291895,-39.10002438103745,-50,4.362680750987927,-39.0736054476269,-24.507100422822727,-2.117397966291895,-39.10002438103745,-50,-1.6091476051619615,-38.33340029884696,-30.64485966334086,3.2598894203338586,-50,-50,-1.6091476051619615,-38.33340029884696,-30.64485966334086,3.2598894203338586,-50,-50
2.8938323469377374,-38.89789268780376,-25.384258231674476,-0.257935270870572,-39.20167094761486,-50,2.8938323469377374,-38.89789268780376,-25.384258231674476,-0.257935270870572,-39.20167094761486,-50,0.20785333474349105,-41.586798955576505,-33.53145597544997,1.6320163674640638,-50,-50,0.20785333474349105,-41.586798955576505,-33.53145597544997,1.6320163674640638,-50,-50
1.2406757252948015,-38.75692540105058,-27.145184342463992,1.6163245853553596,-38.84618568292963,-49.63774984199405,1.2406757252948015,-38.75692540105058,-27.145184342463992,1.6163245853553596,-38.84618568292963,-49.63774984199405,2.0362285410036245,-44.616626662599806,-36.842702346638234,-0.1420918495634409,-49.623398161049906,-50,2.0362285410036245,-44.616626662599806,-36.842702346638234,-0.1420918495634409,-49.623398161049906,-50
-0.497885373315153,-38.93642333067879,-29.675265401444868,3.384004322784724,-39.21451841860397,-47.64950104143464,-0.497885373315153,-38.93642333067879,-29.675265401444868,3.384004322784724,-39.21451841860397,-47.64950104143464,3.7570884893910286,-47.15778962125055,-40.324739665461536,-1.9547437119661302,-47.28564998258345,-50,3.7570884893910286,-47.15778962125055,-40.324739665461536,-1.9547437119661302,-47.28564998258345,-50
-2.21783769708782,-39.07257084570372,-32.80982608598819,4.930628802325904,-39.0830390203179,-45.057635712865164,-2.21783769708782,-39.07257084570372,-32.80982608598819,4.930628802325904,-39.0830390203179,-45.057635712865164,5.258534801594103,-48.987949597517186,-43.710615008252475,-3.695908033251128,-44.46340717967628,-50,5.258534801594103,-48.987949597517186,-43.710615008252475,-3.695908033251128,-44.46340717967628,-50
-3.8162813052118003,-38.88941716391643,-36.344847323189306,6.156038448310827,-38.88853232472341,-42.02865925547048,-3.8162813052118003,-38.88941716391643,-36.344847323189306,6.156038448310827,-38.88853232472341,-42.02865925547048,6.442936402164254,-49.94697733416473,-46.74074777917873,-5.259893047600848,-41.32762007536555,-49.8044745013819,6.442936402164254,-49.94697733416473,-46.74074777917873,-5.259893047600848,-41.32762007536555,-49.8044745013819
-5.197585783754725,-38.75818758270406,-40.05024527416482,6.980875593907643,-39.2771647759208,-38.75715775696172,-5.197585783754725,-38.75818758270406,-40.05024527416482,6.980875593907643,-39.2771647759208,-38.75715775696172,7.233277948570123,-49.95096300848448,-49.182830645425,-6.5517620877184175,-38.06823115720241,-45.8527106825364,7.233277948570123,-49.95096300848448,-49.182830645425,-6.5517620877184175,-38.06823115720241,-45.8527106825364
-6.27911154607223,-38.9448649632145,-43.68484679512185,7.351723692571872,-38.95786899813325,-35.453297485215074,-6.27911154607223,-38.9448649632145,-43.68484679512185,7.351723692571872,-38.95786899813325,-35.453297485215074,7.578167729686143,-48.99955789518647,-50,-7.493096409097101,-34.88266978452105,-41.62834014603895,7.578167729686143,-48.99955789518647,-50,-7.493096409097101,-34.88266978452105,-41.62834014603895
-6.996153928325507,-39.07108199435037,-47.012086667738,7.244566579623036,-38.991370519181935,-32.32932348526993,-6.996153928325507,-39.07108199435037,-47.012086667738,7.244566579623036,-38.991370519181935,-32.32932348526993,7.455179395686857,-47.17600487800634,-50,-8.02675534704772,-31.963893397111473,-37.38665112498338,7.455179395686857,-47.17600487800634,-50,-8.02675534704772,-31.963893397111473,-37.38665112498338
-7.305814288689851,-38.88101550913242,-49.81540491361183,6.666343761777046,-39.266374667889515,-29.58592463249756,-7.305814288689851,-38.88101550913242,-49.81540491361183,6.666343761777046,-39.266374667889515,-29.58592463249756,6.872310224409234,-44.63985514042329,-50,-8.12034485650122,-29.488699599271463,-33.38397844752064,6.872310224409234,-44.63985514042329,-50,-8.12034485650122,-29.488699599271463,-33.38397844752064
-7.189566513206906,-38.75990203029845,-50,5.654501013908899,-38.86929616977437,-27.399341071811783,-7.189566513206906,-38.75990203029845,-50,5.654501013908899,-38.86929616977437,-27.399341071811783,5.867461100870067,-41.61300828628742,-50,-7.768183888061382,-27.607017085613805,-29.862212645424282,5.867461100870067,-41.61300828628742,-50,-7.768183888061382,-27.607017085613805,-29.862212645424282
-6.654365381408244,-38.953220582670625,-50,4.274565386449963,-39.11926082856033,-25.910042280777667,-6.654365381408244,-38.953220582670625,-50,4.274565386449963,-39.11926082856033,-25.910042280777667,4.5059720241071695,-38.36029730550242,-48.26818286381062,-6.99164923779015,-26.432824084103814,-27.034181964043526,4.5059720241071695,-38.36029730550242,-48.26818286381062,-6.99164923779015,-26.432824084103814,-27.034181964043526
-5.732230481292372,-39.0691431866282,-50,2.6159016662142607,-39.18586651220355,-25.213703095187554,-5.732230481292372,-39.0691431866282,-50,2.6159016662142607,-39.18586651220355,-25.213703095187554,2.8763733942391534,-35.166317096933724,-45.56000439471383,-5.8378779377312355,-26.037244409003403,-25.070790671729664,2.8763733942391534,-35.166317096933724,-45.56000439471383,-5.8378779377312355,-26.037244409003403,-25.070790671729664
-4.478330566859352,-38.872711949388986,-50,0.7859251027290209,-38.847843934188894,-25.35505741104552,-4.478330566859352,-38.872711949388986,-50,0.7859251027290209,-38.847843934188894,-25.35505741104552,1.0846293509694758,-32.31052392946149,-42.354298571307226,-4.376905954371068,-26.444239313106166,-24.0906909296878,1.0846293509694758,-32.31052392946149,-42.354298571307226,-4.376905954371068,-26.444239313106166,-24.0906909296878
-2.967682965738105,-38.762063800271925,-50,-1.0968548154351545,-39.22813051625276,-26.32502441056022,-2.967682965738105,-38.762063800271925,-50,-1.0968548154351545,-39.22813051625276,-26.32502441056022,-0.7527525113567459,-30.04278450580798,-38.89683316217532,-2.6974168811211743,-27.629156094575396,-24.153112374437708,-0.7527525113567459,-30.04278450580798,-38.89683316217532,-2.6974168811211743,-27.629156094575396,-24.153112374437708
-1.2906655021239506,-38.96146609585149,-49.02853744112859,-2.910509048505381,-39.06338451213691,-28.061291927790737,-1.2906655021239506,-38.96146609585149,-49.02853744112859,-2.910509048505381,-39.06338451213691,-28.061291927790737,-2.516297013526883,-28.561513955918812,-35.452677267656924,-0.9013586867362338,-29.520221372908317,-25.25428273737755,-2.516297013526883,-28.561513955918812,-35.452677267656924,-0.9013586867362338,-29.520221372908317,-25.25428273737755
0.4523905558657104,-39.06676001303522,-46.04444338220041,-4.53758514386898,-38.90090502295408,-30.452319477642515,0.4523905558657104,-39.06676001303522,-46.04444338220041,-4.53758514386898,-38.90090502295408,-30.452319477642515,-4.091330227509645,-27.996315569120405,-32.28587960447247,0.9022447074023607,-32.00288858255706,-27.32765581147803,-4.091330227509645,-27.996315569120405,-32.28587960447247,0.9022447074023607,-32.00288858255706,-27.32765581147803
2.157203035568844,-38.864530427769076,-42.5994086708627,-5.872713470146763,-39.28046161007394,-33.34450378749881,2.157203035568844,-38.864530427769076,-42.5994086708627,-5.872713470146763,-39.28046161007394,-33.34450378749881,-5.375436112652388,-28.39664119609363,-29.63922501880362,2.6039113728914263,-34.92677634561675,-30.247932988565857,-5.375436112652388,-28.39664119609363,-29.63922501880362,2.6039113728914263,-34.92677634561675,-30.247932988565857
3.721777770733728,-38.76466665922105,-38.917660195239684,-6.829430966400967,-38.94113762749374,-36.55204650675833,3.721777770733728,-38.76466665922105,-38.917660195239684,-6.829430966400967,-38.94113762749374,-36.55204650675833,-6.285116086596566,-29.727464475137516,-27.715621209474506,4.10034712174996,-38.11477744895023,-33.838635336634,-6.285116086596566,-29.727464475137516,-27.715621209474506,4.10034712174996,-38.11477744895023,-33.838635336634
5.052510627444381,-38.96957772704982,-35.23883182631329,-7.34578049970979,-39.01019386462565,-39.86889017750216,5.052510627444381,-38.96957772704982,-35.23883182631329,-7.34578049970979,-39.01019386462565,-39.86889017750216,-6.761218494402295,-31.87234545239676,-26.662542661638398,5.300715647033252,-41.37378667216468,-37.882768619479776,-6.761218494402295,-31.87234545239676,-26.662542661638398,5.300715647033252,-41.37378667216468,-37.882768619479776
6.069787577859057,-39.06393934538601,-31.802367374154024,-7.388323216080725,-39.258220104746336,-43.08195568125008,6.069787577859057,-39.06393934538601,-31.802367374154024,-7.388323216080725,-39.258220104746336,-43.08195568125008,-6.772784926354904,-34.64361845809393,-26.560724408109692,6.13215244794822,-44.50639765500084,-42.13593674749568,-6.772784926354904,-34.64361845809393,-26.560724408109692,6.13215244794822,-44.50639765500084,-42.13593674749568
6.7127477850001,-38.856494535462105,-28.8319359146412,-6.954304044405142,-38.86125379411176,-45.98483076794739,6.7127477850001,-38.856494535462105,-28.8319359146412,-6.954304044405142,-38.86125379411176,-45.98483076794739,-6.319063278845065,-37.79881185381911,-27.4179724193515,6.544187834425879,-47.32286029554912,-46.34111118422366,-6.319063278845065,-37.79881185381911,-27.4179724193515,6.544187834425879,-47.32286029554912,-46.34111118422366
6.942924736543622,-38.767703101874645,-26.52087384591351,-6.07183011517391,-39.13804804086748,-48.391030295111236,6.942924736543622,-38.767703101874645,-26.52087384591351,-6.07183011517391,-39.13804804086748,-48.391030295111236,-5.429556659670005,-41.061863010380286,-29.168565153072517,6.511810526919645,-49.6525743896996,-50,-5.429556659670005,-41.061863010380286,-29.168565153072517,6.511810526919645,-49.6525743896996,-50
6.7465475887501745,-38.97753208660325,-25.019601207057228,-4.798050539537886,-39.16907072491393,-50,6.7465475887501745,-38.97753208660325,-25.019601207057228,-4.798050539537886,-39.16907072491393,-50,-4.162104957704156,-44.14727231856531,-31.678292144068493,6.036985885482515,-50,-50,-4.162104957704156,-44.14727231856531,-31.678292144068493,6.036985885482515,-50,-50
6.135365037560545,-39.06068931699708,-24.42583129278281,-3.215455426426559,-38.85126206532443,-50,6.135365037560545,-39.06068931699708,-24.42583129278281,-3.215455426426559,-38.85126206532443,-50,-2.599123822269323,-46.785082885429006,-34.754743347153834,5.148536608922259,-50,-50,-2.599123822269323,-46.785082885429006,-34.754743347153834,5.148536608922259,-50,-50
5.145942426951492,-38.84862744373944,-24.778210790655237,-1.4265338137934844,-39.240407267043075,-50,5.145942426951492,-38.84862744373944,-24.778210790655237,-1.4265338137934844,-39.240407267043075,-50,-0.8422456113913803,-48.74450032563023,-38.1620603932226,3.900393145807749,-50,-50,-0.8422456113913803,-48.74450032563023,-38.1620603932226,3.900393145807749,-50,-50
3.8374741465941486,-38.771164372734994,-26.05380438510665,0.45286353303662963,-39.0437355569883,-50,3.8374741465941486,-38.771164372734994,-26.05380438510665,0.45286353303662963,-39.0437355569883,-50,0.9942892203985405,-49.854086041788705,-41.63901884266506,2.3683200204849526,-50,-50,0.9942892203985405,-49.854086041788705,-41.63901884266506,2.3683200204849526,-50,-50
2.2882421969494144,-38.98530623833786,-28.16958754774732,2.301026629991858,-38.91460572650043,-49.15574115997414,2.2882421969494144,-38.98530623833786,-28.16958754774732,2.301026629991858,-38.91460572650043,-49.15574115997414,2.791060571782623,-50,-44.919055147029205,0.6453167919257943,-50,-50,2.791060571782623,-50,-44.919055147029205,0.6453167919257943,-50,-50
0.5909327959538014,-39.05701929923463,-30.987850352769172,3.9982682265436544,-39.281997164379405,-46.985723123262396,0.5909327959538014,-39.05701929923463,-30.987850352769172,3.9982682265436544,-39.281997164379405,-46.985723123262396,4.431233949282769,-49.218280908560146,-47.75070293734424,-1.1640271846264347,-48.441832416618176,-50,4.431233949282769,-49.218280908560146,-47.75070293734424,-1.1640271846264347,-48.441832416618176,-50
-1.152908778371272,-38.84095183714064,-34.32516059944387,5.434674765545127,-38.925406801146956,-44.254730668845134,-1.152908778371272,-38.84095183714064,-34.32516059944387,5.434674765545127,-38.925406801146956,-44.254730668845134,5.808157593547943,-47.528519624375264,-49.91687187619924,-2.9498815172232815,-45.82506679220932,-50,5.808157593547943,-47.528519624375264,-49.91687187619924,-2.9498815172232815,-45.82506679220932,-50
-2.838953358116715,-38.775040491324106,-37.964302859185295,6.517224397583993,-39.02945569216624,-41.13820693560053,-2.838953358116715,-38.775040491324106,-37.964302859185295,6.517224397583993,-39.02945569216624,-41.13820693560053,6.832297476549581,-45.0953184556748,-50,-4.603841677011404,-42.812277729453264,-50,6.832297476549581,-45.0953184556748,-50,-4.603841677011404,-42.812277729453264,-50
-4.3663296080349125,-38.99287776570393,-41.668416370719356,7.1758110864381885,-39.248485289709535,-37.8363621823538,-4.3663296080349125,-38.99287776570393,-41.668416370719356,7.1758110864381885,-39.248485289709535,-37.8363621823538,7.437059223667264,-42.13156955445635,-50,-6.025509345610899,-39.58595741612008,-47.85619936894917,7.437059223667264,-42.13156955445635,-50,-6.025509345610899,-39.58595741612008,-47.85619936894917
-5.643658875624279,-39.05293987449255,-45.19641159053097,7.3677846838856675,-38.8548621528575,-34.56131197414848,-5.643658875624279,-39.05293987449255,-45.19641159053097,7.3677846838856675,-38.8548621528575,-34.56131197414848,7.583118392007911,-38.89658517557054,-50,-7.128586771302868,-36.341532163233495,-43.73538598996201,7.583118392007911,-38.89658517557054,-50,-7.128586771302868,-36.341532163233495,-43.73538598996201
-6.59452212053414,-38.83348984806329,-48.318661981954925,7.080712958111815,-39.15623310517012,-31.52345055340792,-6.59452212053414,-38.83348984806329,-48.318661981954925,7.080712958111815,-39.15623310517012,-31.52345055340792,7.260977529968802,-35.67340923456319,-49.60318876407395,-7.846115195784153,-33.27552494340228,-39.46992059686589,7.260977529968802,-35.67340923456319,-49.60318876407395,-7.846115195784153,-33.27552494340228,-39.46992059686589
-7.162031852182001,-38.77932028096213,-50,6.333186706443429,-39.15142028993777,-28.91793479149934,-7.162031852182001,-38.77932028096213,-50,6.333186706443429,-39.15142028993777,-28.91793479149934,6.491583746048711,-32.74405247151394,-47.310478849894835,-8.134539369684738,-30.573651501609213,-35.31757487756516,6.491583746048711,-32.74405247151394,-47.310478849894835,-8.134539369684738,-30.573651501609213,-35.31757487756516
-7.312235549332641,-39.000224836413466,-50,5.1736158132178405,-38.85641225549959,-26.91214701235653,-7.312235549332641,-39.000224836413466,-50,5.1736158132178405,-38.85641225549959,-26.91214701235653,5.32496662968891,-30.364818012229442,-44.386040184112034,-7.976351433538749,-28.399571086875703,-31.529284443109205,5.32496662968891,-30.364818012229442,-44.386040184112034,-7.976351433538749,-28.399571086875703,-31.529284443109205
-7.0361469445571245,-39.048462805678305,-50,3.6770942202152366,-39.25124874810344,-25.634942095577202,-7.0361469445571245,-39.048462805678305,-50,3.6770942202152366,-39.25124874810344,-25.634942095577202,3.836985092913912,-28.743876208861174,-41.0540769840944,-7.381153675940042,-26.884973201190995,-28.333984223117238,3.836985092913912,-28.743876208861174,-41.0540769840944,-7.381153675940042,-26.884973201190995,-28.333984223117238
-6.350283647499288,-38.82626299294477,-50,1.940536834522655,-39.02425208155409,-25.16836964156503,-6.350283647499288,-38.82626299294477,-50,1.940536834522655,-39.02425208155409,-25.16836964156503,2.124394668373979,-28.02305084204064,-37.570036632036405,-6.385075657575288,-26.121600836179447,-25.924773411970627,2.124394668373979,-28.02305084204064,-37.570036632036405,-6.385075657575288,-26.121600836179447,-25.924773411970627
-5.295678942452245,-38.783991400995,-50,0.07640330822437094,-38.92952292266154,-25.542402979507955,-5.295678942452245,-38.783991400995,-50,0.07640330822437094,-38.92952292266154,-25.542402979507955,0.2985560111867449,-28.26541029490476,-34.20102561560527,-5.048581082740564,-26.155693370062508,-24.447246049258084,0.2985560111867449,-28.26541029490476,-34.20102561560527,-5.048581082740564,-26.155693370062508,-24.447246049258084
-3.935426881634101,-39.007326265392976,-50,-1.7945848613462387,-39.28175894066091,-26.733013634794972,-3.935426881634101,-39.007326265392976,-50,-1.7945848613462387,-39.28175894066091,-26.733013634794972,-1.5218062927282305,-29.44974940524137,-31.205331614786857,-3.4527975451346564,-26.985185732579573,-23.990692443799766,-1.5218062927282305,-29.44974940524137,-31.205331614786857,-3.4527975451346564,-26.985185732579573,-23.990692443799766
-2.3509075443715624,-39.043601002294956,-47.78889509953383,-3.5512622693846607,-38.910804555359675,-28.66371495503441,-2.3509075443715624,-39.043601002294956,-47.78889509953383,-3.5512622693846607,-38.910804555359675,-28.66371495503441,-3.2183237556048914,-31.472444804322055,-28.812621689037528,-1.6945919388757091,-28.559833491471643,-24.582703159028284,-3.2183237556048914,-31.472444804322055,-28.812621689037528,-1.6945919388757091,-28.559833491471643,-24.582703159028284
-0.6369182943852663,-38.81929211022027,-44.57649260009305,-5.079866288891084,-39.04899922602886,-31.21047572977335,-0.6369182943852663,-38.81929211022027,-44.57649260009305,-5.079866288891084,-39.04899922602886,-31.21047572977335,-4.680680861615793,-34.156521410149935,-27.206334685124872,0.11930953396310606,-30.78425628372569,-26.18750165305233,-4.680680861615793,-34.156521410149935,-27.206334685124872,0.11930953396310606,-30.78425628372569,-26.18750165305233
1.1039976815531303,-38.789040382378374,-40.99869392409605,-6.281404351220991,-39.237249456339235,-34.20968814546061,1.1039976815531303,-38.789040382378374,-40.99869392409605,-6.281404351220991,-39.237249456339235,-34.20968814546061,-5.813788298682643,-37.267136805216815,-26.509617764518133,1.8787998333168021,-33.52371524331805,-28.70810633572225,-5.813788298682643,-37.267136805216815,-26.509617764518133,1.8787998333168021,-33.52371524331805,-28.70810633572225
2.767686245909895,-39.01416157587005,-37.288367164515606,-7.078064715991413,-38.8501732688276,-37.468678202019966,2.767686245909895,-39.01416157587005,-37.288367164515606,-7.078064715991413,-38.8501732688276,-37.468678202019966,-6.543966111165028,-40.53212869813024,-26.77588523668469,3.477074773960326,-36.61227447217264,-31.99219138471555,-6.543966111165028,-40.53212869813024,-26.77588523668469,3.477074773960326,-36.61227447217264,-31.99219138471555
4.254613561360162,-39.03836848321697,-33.68700626638706,-7.418255568160957,-39.173668009679595,-40.778083385772334,4.254613561360162,-39.03836848321697,-33.68700626638706,-7.418255568160957,-39.173668009679595,-40.778083385772334,-6.823734715862424,-43.66582767557631,-27.984723512204283,4.817116229187553,-39.86285219357344,-35.84129213831662,-6.823734715862424,-43.66582767557631,-27.984723512204283,4.817116229187553,-39.86285219357344,-35.84129213831662
5.475820922109632,-38.81259730023572,-30.429012916445835,-7.2799461097885665,-39.13305886761124,-43.92530243803669,5.475820922109632,-38.81259730023572,-30.429012916445835,-7.2799461097885665,-39.13305886761124,-43.92530243803669,-6.63490224701755,-46.39405175556249,-30.043456125449666,5.817581303362224,-43.078552764467126,-40.02279876225613,-6.63490224701755,-46.39405175556249,-30.043456125449666,5.817581303362224,-43.078552764467126,-40.02279876225613
6.358246904651014,-38.79445266651525,-27.726440046403333,-6.672093276992033,-38.86325258631108,-46.70815318567183,6.358246904651014,-38.79445266651525,-27.726440046403333,-6.672093276992033,-38.86325258631108,-46.70815318567183,-5.989747476680462,-48.47809585155851,-32.79424884323091,6.417739990111186,-46.06459313825738,-44.28401338628978,-5.989747476680462,-48.47809585155851,-32.79424884323091,6.417739990111186,-46.06459313825738,-44.28401338628978
6.849098428548907,-39.02071105841755,-25.75518994908247,-5.6340616877551595,-39.26056671850292,-48.94786103360158,6.849098428548907,-39.02071105841755,-25.75518994908247,-5.6340616877551595,-39.26056671850292,-48.94786103360158,-4.930221391407807,-49.7356171971045,-36.02621014108185,6.581161591539995,-48.64010136233423,-48.367421206068734,-4.930221391407807,-49.7356171971045,-36.02621014108185,6.581161591539995,-48.64010136233423,-48.367421206068734
6.919009218902454,-39.03278033626718,-24.643565330282428,-4.233074384828997,-39.00509266564457,-50,6.919009218902454,-39.03278033626718,-24.643565330282428,-4.233074384828997,-39.00509266564457,-50,-3.5252193425220892,-50,-39.491559355373084,6.297926126279518,-50,-50,-3.5252193425220892,-50,-39.491559355373084,6.297926126279518,-50,-50
6.563796708503234,-38.806197867289,-24.463918473774264,-2.5598594639042807,-38.94553519746554,-50,6.563796708503234,-38.806197867289,-24.463918473774264,-2.5598594639042807,-38.94553519746554,-50,-1.8661011475041152,-49.4129290058306,-42.92462296810907,5.5852264899683775,-50,-50,-1.8661011475041152,-49.4129290058306,-42.92462296810907,5.5852264899683775,-50,-50
5.804712269142397,-38.80021264723525,-25.227942050016,-0.7227745119054209,-39.279748877867796,-50,5.804712269142397,-38.80021264723525,-25.227942050016,-0.7227745119054209,-39.279748877867796,-50,-0.06075044652108791,-47.86095296829894,-46.062202660420056,4.486324815960968,-50,-50,-0.06075044652108791,-47.86095296829894,-46.062202660420056,4.486324815960968,-50,-50
4.687169801427232,-39.02695582778521,-26.88590807560287,1.1592106425554065,-38.89744974066116,-50,4.687169801427232,-39.02695582778521,-26.88590807560287,1.1592106425554065,-38.89744974066116,-50,1.773440397432552,-45.536450897973396,-48.663753603112745,3.0679263870189004,-50,-50,1.773440397432552,-45.536450897973396,-48.663753603112745,3.0679263870189004,-50,-50
3.278028748025242,-39.02685267471148,-29.32990455727993,2.9642184286923507,-39.06866539757593,-48.619755322822115,3.278028748025242,-39.02685267471148,-29.32990455727993,2.9642184286923507,-39.06866539757593,-48.619755322822115,3.5172037001127867,-42.64280435427472,-50,1.4161305062092615,-50,-50,3.5172037001127867,-42.64280435427472,-50,1.4161305062092615,-50,-50
1.6615940800602322,-38.80011226396654,-32.400859157148886,4.575356338770992,-39.224604055276814,-46.278711794495514,1.6615940800602322,-38.80011226396654,-32.400859157148886,4.575356338770992,-39.224604055276814,-46.278711794495514,5.057151799779859,-39.43319200887729,-50,-0.36879588366490385,-49.47774997668233,-50,5.057151799779859,-39.43319200887729,-50,-0.36879588366490385,-49.47774997668233,-50
-0.06542743370440747,-38.80630371579461,-35.89889272994796,5.8882869000880875,-38.847225305764574,-43.422113339293816,-0.06542743370440747,-38.80630371579461,-35.89889272994796,5.8882869000880875,-38.847225305764574,-43.422113339293816,6.293150054333295,-36.18843785943477,-50,-2.178504581521026,-47.100837590458156,-50,6.293150054333295,-36.18843785943477,-50,-2.178504581521026,-47.100837590458156,-50
-1.7997129225762458,-39.03287787735472,-39.59632885198206,6.817984581467423,-39.19021084830431,-40.233472218001346,-1.7997129225762458,-39.03287787735472,-39.59632885198206,6.817984581467423,-39.19021084830431,-40.233472218001346,7.144828065002328,-33.19244062441874,-50,-3.9031430561800273,-44.250625129781156,-50,7.144828065002328,-33.19244062441874,-50,-3.9031430561800273,-44.250625129781156,-50
-3.437504932532615,-39.02060259079663,-43.25251259081952,7.304242056244822,-39.11413590513537,-36.91763162092814,-3.437504932532615,-39.02060259079663,-43.25251259081952,7.304242056244822,-39.11413590513537,-36.91763162092814,7.556805736313861,-30.70733411625143,-48.81758280200795,-5.438022690056808,-41.09975710999043,-49.76306773192156,7.556805736313861,-30.70733411625143,-48.81758280200795,-5.438022690056808,-41.09975710999043,-49.76306773192156
-4.880818944725769,-38.7943580379358,-46.629474006862274,7.315569235530976,-38.871727382970974,-33.68760622756536,-4.880818944725769,-38.7943580379358,-46.629474006862274,7.315569235530976,-38.871727382970974,-33.68760622756536,7.502294349427872,-28.950551927877108,-46.260784904409675,-6.689973564127218,-37.83908950750148,-45.80693028073952,7.502294349427872,-28.950551927877108,-46.260784904409675,-6.689973564127218,-37.83908950750148,-45.80693028073952
-6.0433055154100375,-38.812708308767014,-49.507416896855034,6.851232569918239,-39.26828533746129,-30.750897817257375,-6.0433055154100375,-38.812708308767014,-49.507416896855034,6.851232569918239,-39.26828533746129,-30.750897817257375,6.984838490176446,-28.075803150629962,-43.15273380502099,-7.583000037439978,-34.6661291347644,-41.58095272477345,6.984838490176446,-28.075803150629962,-43.15273380502099,-7.583000037439978,-34.6661291347644,-41.58095272477345
-6.855416321841689,-39.038460131061306,-50,5.941302554222973,-38.986413251486354,-28.29616503702496,-6.855416321841689,-39.038460131061306,-50,5.941302554222973,-38.986413251486354,-28.29616503702496,6.038085563481985,-28.15962364683032,-39.731710501981745,-8.062893817456338,-31.773070157406796,-37.34052041292579,6.038085563481985,-28.15962364683032,-39.731710501981745,-8.062893817456338,-31.773070157406796,-37.34052041292579
-7.268565044063474,-39.0140481064653,-50,4.644706358850962,-38.962512223881745,-26.48110368107462,-7.268565044063474,-39.0140481064653,-50,4.644706358850962,-38.962512223881745,-26.48110368107462,4.723597881407221,-29.194679569179744,-36.259990235061416,-8.100524499656297,-29.335152411716045,-33.34189222757745,4.723597881407221,-29.194679569179744,-36.259990235061416,-8.100524499656297,-29.335152411716045,-33.34189222757745
-7.258034148644166,-38.78895178134706,-50,3.0454116995982363,-39.27598333629358,-25.42231607140444,-7.258034148644166,-38.78895178134706,-50,3.0454116995982363,-39.27598333629358,-25.42231607140444,3.1268495931254265,-31.09040903336664,-33.00373496363901,-7.693607834815327,-27.500046688360705,-29.826714282727494,3.1268495931254265,-31.09040903336664,-33.00373496363901,-7.693607834815327,-27.500046688360705,-29.826714282727494
-6.824453669626195,-38.81940795868725,-50,1.2469890789092484,-38.88545105449548,-25.187820346016014,-6.824453669626195,-38.81940795868725,-50,1.2469890789092484,-38.88545105449548,-25.187820346016014,1.351668755183581,-33.68094580094441,-30.21258786649798,-6.8668443869881575,-26.37890994233119,-27.007416704662923,1.351668755183581,-33.68094580094441,-30.21258786649798,-6.8668443869881575,-26.37890994233119,-27.007416704662923
-5.993763515349642,-39.043686492632084,-50,-0.6340954515384093,-39.0882941399978,-25.79268086953223,-5.993763515349642,-39.043686492632084,-50,-0.6340954515384093,-39.0882941399978,-25.79268086953223,-0.48651405530382663,-36.73963169240347,-28.100534265949367,-5.67042016541361,-26.039652237462235,-25.05437600061746,-0.48651405530382663,-36.73963169240347,-28.100534265949367,-5.67042016541361,-26.039652237462235,-25.05437600061746
-4.815661556229984,-39.00720812139027,-49.351798472528685,-2.4760226454715193,-39.210652009910255,-27.198040475336754,-4.815661556229984,-39.00720812139027,-49.351798472528685,-2.4760226454715193,-39.210652009910255,-27.198040475336754,-2.268171577721244,-39.998847971531596,-26.829496287456976,-4.176960244646324,-26.502823263589335,-24.08561882241736,-2.268171577721244,-39.998847971531596,-26.829496287456976,-4.176960244646324,-26.502823263589335,-24.08561882241736
-3.360630340060885,-38.78390908299041,-46.4381036317086,-4.159509090144311,-38.84604225771534,-29.31361670948285,-3.360630340060885,-38.78390908299041,-46.4381036317086,-4.159509090144311,-38.84604225771534,-29.31361670948285,-3.8774520905778305,-43.17343056048174,-26.496918982116824,-2.477120293582143,-27.74036759030929,-24.159689349883724,-3.8774520905778305,-43.17343056048174,-26.496918982116824,-2.477120293582143,-27.74036759030929,-24.159689349883724
-1.7157203181561722,-38.82638334730161,-43.03784598366152,-5.575532013596389,-39.205726975651025,-32.00350171383839,-1.7157203181561722,-38.82638334730161,-43.03784598366152,-5.575532013596389,-39.205726975651025,-32.00350171383839,-5.209712633354942,-45.98562037884996,-27.128299630939054,-0.6740836153931147,-29.67732405474571,-25.272111334089566,-5.209712633354942,-45.98562037884996,-27.128299630939054,-0.6740836153931147,-29.67732405474571,-25.272111334089566
0.020658139874230902,-39.04854189199923,-39.372338012912785,-6.632389611656584,-39.09480542019605,-35.09489315508968,0.020658139874230902,-39.04854189199923,-39.372338012912785,-6.632389611656584,-39.09480542019605,-35.09489315508968,-6.1783233821875125,-48.18936578488994,-28.675232977254304,1.1227022621819451,-32.19636634714122,-27.355658607171748,-6.1783233821875125,-48.18936578488994,-28.675232977254304,1.1227022621819451,-32.19636634714122,-27.355658607171748
1.7446223635120095,-39.00010235847774,-35.68015654510966,-7.261639667119922,-38.88176766745474,-38.38919531134924,1.7446223635120095,-39.00010235847774,-35.68015654510966,-7.261639667119922,-38.88176766745474,-38.38919531134924,-6.720300726985053,-49.59185078460089,-31.01912225092316,2.8041692461000642,-35.14490975962251,-30.284417711180247,-6.720300726985053,-49.59185078460089,-31.01912225092316,2.8041692461000642,-35.14490975962251,-30.284417711180247
3.3530323911889153,-38.77924448334595,-32.2016145031353,-7.422531875450283,-39.274341781631946,-41.67477716555861,3.3530323911889153,-38.77924448334595,-32.2016145031353,-7.422531875450283,-39.274341781631946,-41.67477716555861,-6.800402760919921,-50,-33.98027147597886,4.268249304916994,-38.34435362454564,-33.881397132146276,-6.800402760919921,-50,-33.98027147597886,4.268249304916994,-38.34435362454564,-33.881397132146276
4.749661545943613,-38.83361436127156,-29.16311966590534,-7.104646839096525,-38.96836587447803,-44.74056790622165,4.749661545943613,-38.83361436127156,-29.16311966590534,-7.104646839096525,-38.96836587447803,-44.74056790622165,-6.4134208743634415,-49.5830421635364,-37.331661993324886,5.426070179522544,-41.6008996047567,-37.9292232962037,-6.4134208743634415,-49.5830421635364,-37.331661993324886,5.426070179522544,-41.6008996047567,-37.9292232962037
5.850953408581663,-39.05301232875407,-26.76243847092219,-6.328570828852622,-38.98031582257771,-47.38961643967445,5.850953408581663,-39.05301232875407,-26.76243847092219,-6.328570828852622,-38.98031582257771,-47.38961643967445,-5.584518443093068,-48.172519250221896,-40.816357011353546,6.20735008706509,-44.7172905448016,-42.183276944609666,-5.584518443093068,-48.172519250221896,-40.816357011353546,6.20735008706509,-44.7172905448016,-42.183276944609666
6.591020764721991,-38.992751306996894,-25.155823995102143,-5.14456261464006,-39.27049296441626,-49.45174383005129,6.591020764721991,-38.992751306996894,-25.155823995102143,-5.14456261464006,-39.27049296441626,-49.45174383005129,-4.367594587676189,-45.96220991269922,-44.16719985195483,6.564663949959108,-47.504758831432525,-46.38647602691307,-4.367594587676189,-45.96220991269922,-44.16719985195483,6.564663949959108,-47.504758831432525,-46.38647602691307
6.925587452699732,-38.77497143265664,-24.44784591466431,-3.6292987019013405,-38.87490615651186,-50,6.925587452699732,-38.77497143265664,-24.44784591466431,-3.6292987019013405,-38.87490615651186,-50,-2.8417794000633347,-43.14550445403861,-47.12729571155726,6.4763221823001125,-49.7944605212565,-50,-2.8417794000633347,-43.14550445403861,-47.12729571155726,6.4763221823001125,-49.7944605212565,-50
6.834637282580683,-38.84108015016998,-24.684584381229314,-1.880907752462685,-39.10772569112777,-50,6.834637282580683,-38.84108015016998,-24.684584381229314,-1.880907752462685,-39.10772569112777,-50,-1.1062885341820379,-39.96884961047831,-49.469706688092714,5.947687286239787,-50,-50,-1.1062885341820379,-39.96884961047831,-49.469706688092714,5.947687286239787,-50,-50
6.323611548866252,-39.0570849125169,-25.85063080414277,-0.012615761330732733,-39.19550687866067,-50,6.323611548866252,-39.0570849125169,-25.85063080414277,-0.012615761330732733,-39.19550687866067,-50,0.7260282608355477,-36.710185773671455,-50,5.010848338584019,-50,-50,0.7260282608355477,-36.710185773671455,-50,5.010848338584019,-50,-50
5.4230834930501475,-38.98517616349966,-27.87009074902994,1.8545864715096687,-38.84663375373893,-49.90470702381265,5.4230834930501475,-38.98517616349966,-27.87009074902994,1.8545864715096687,-38.84663375373893,-49.90470702381265,2.5360251601896753,-33.65462868570226,-50,3.7226731268552893,-50,-50,2.5360251601896753,-33.65462868570226,-50,3.7226731268552893,-50,-50
4.186929192022226,-38.771102252144985,-30.61152367694841,3.599778718943497,-39.22009010293008,-48.032445992771414,4.186929192022226,-38.771102252144985,-30.61152367694841,3.599778718943497,-39.22009010293008,-48.032445992771414,4.20600768329429,-31.069523329130053,-50,2.1613561736185902,-50,-50,4.20600768329429,-31.069523329130053,-50,2.1613561736185902,-50,-50
2.68910430295468,-38.8487591866028,-33.89649801146001,5.109942134266581,-39.07522474738412,-45.531967463413025,2.68910430295468,-38.8487591866028,-33.89649801146001,5.109942134266581,-39.07522474738412,-45.531967463413025,5.627385740456575,-29.18105266390912,-50,0.4216721901239249,-50,-50,5.627385740456575,-29.18105266390912,-50,0.4216721901239249,-50,-50
1.0192195030161442,-39.06074790010602,-37.511204710185005,6.287278364440386,-38.893291719926786,-42.56390600694564,1.0192195030161442,-39.06074790010602,-37.511204710185005,6.287278364440386,-38.893291719926786,-42.56390600694564,6.707734669394607,-28.15444782221015,-47.9231619452295,-1.3907769169434057,-48.273959963742506,-50,6.707734669394607,-28.15444782221015,-47.9231619452295,-1.3907769169434057,-48.273959963742506,-50
-0.7228206670102592,-38.977398770701065,-41.220373448598274,7.05554298246099,-39.27868675643338,-39.31893443810506,-0.7228206670102592,-38.977398770701065,-41.220373448598274,7.05554298246099,-39.27868675643338,-39.31893443810506,7.376805119908708,-28.07953126376715,-45.13081957000729,-3.1659722686993303,-45.62376692109758,-50,7.376805119908708,-28.07953126376715,-45.13081957000729,-3.1659722686993303,-45.62376692109758,-50
-2.4327948122001803,-38.767648098485076,-44.7825856537592,7.364983085047975,-38.951097425744464,-36.00551470144443,-2.4327948122001803,-38.767648098485076,-44.7825856537592,7.364983085047975,-38.951097425744464,-36.00551470144443,7.591090995841014,-28.962857788714338,-41.873853607224035,-4.796156355353057,-42.58974367803615,-50,7.591090995841014,-28.962857788714338,-41.873853607224035,-4.796156355353057,-42.58974367803615,-50
-4.008399958281084,-38.85662932828262,-47.96598770893272,7.195559296270223,-38.998801086587875,-32.83650595667342,-4.008399958281084,-38.85662932828262,-47.96598770893272,7.195559296270223,-38.998801086587875,-32.83650595667342,7.3366584253302936,-30.727141027461116,-38.40196172133302,-6.182374108379472,-39.35566862987172,-47.81224844338625,7.3366584253302936,-30.727141027461116,-38.40196172133302,-6.182374108379472,-39.35566862987172,-47.81224844338625
-5.35537205267831,-39.063990729398874,-50,6.558243519790534,-39.26332244944445,-30.015490180159546,-5.35537205267831,-39.063990729398874,-50,6.558243519790534,-39.26332244944445,-30.015490180159546,6.630051806458759,-33.21801558668865,-34.981319029006734,-7.240479648877873,-36.11743781136093,-43.68843726098451,6.630051806458759,-33.21801558668865,-34.981319029006734,-7.240479648877873,-36.11743781136093,-43.68843726098451
-6.3931255193429095,-38.96944155449633,-50,5.494308397147412,-38.86590087369367,-27.723693746899052,-6.3931255193429095,-38.96944155449633,-50,5.494308397147412,-38.86590087369367,-27.723693746899052,5.51721801295665,-36.217543199684314,-31.874171590217482,-7.906244091825929,-33.071198982690454,-39.422811281986824,5.51721801295665,-36.217543199684314,-31.874171590217482,-7.906244091825929,-33.071198982690454,-39.422811281986824
-7.059574468555285,-38.76461893163267,-50,4.072654486835769,-39.12680189377759,-26.108345170566928,-7.059574468555285,-38.76461893163267,-50,4.072654486835769,-39.12680189377759,-26.108345170566928,4.070518713151451,-39.46328116474242,-29.318731123307785,-8.139254353441988,-30.4014704678234,-35.273151898865066,4.070518713151451,-39.46328116474242,-29.318731123307785,-8.139254353441988,-30.4014704678234,-35.273151898865066
-7.314847122197025,-38.864667881875405,-50,2.385348256370664,-39.17929193070808,-25.27321691825862,-7.314847122197025,-38.864667881875405,-50,2.385348256370664,-39.17929193070808,-25.27321691825862,2.3840250751846885,-42.67124468476122,-27.510912330343544,-7.9253662971257475,-28.26996441695743,-31.490232381318897,2.3840250751846885,-42.67124468476122,-27.510912330343544,-7.9253662971257475,-28.26996441695743,-31.490232381318897
-7.143671230806642,-39.066804049787635,-50,0.5416598474710586,-38.84899497953372,-25.271958908235085,-7.143671230806642,-39.066804049787635,-50,0.5416598474710586,-38.84899497953372,-25.271958908235085,0.5674008188135687,-45.560754025532084,-26.589312953983544,-7.27756330766345,-26.80579149611178,-28.30266308235239,0.5674008188135687,-45.560754025532084,-26.589312953983544,-7.27756330766345,-26.80579149611178,-28.30266308235239
-6.556287769583837,-38.96132745929647,-50,-1.339013270637478,-39.23318332584441,-26.104651956987396,-6.556287769583837,-38.96132745929647,-50,-1.339013270637478,-39.23318332584441,-26.104651956987396,-1.2612286335648206,-47.87899249861735,-26.62458808073107,-6.235168176718866,-26.097640330355407,-25.903075999364503,-1.2612286335648206,-47.87899249861735,-26.62458808073107,-6.235168176718866,-26.097640330355407,-25.903075999364503
-5.587838249463511,-38.76202348610589,-48.14595055513996,-3.1348784947911943,-39.05555325761832,-27.7178025874615,-5.587838249463511,-38.76202348610589,-48.14595055513996,-3.1348784947911943,-39.05555325761832,-27.7178025874615,-2.9829572254490375,-49.423126576017964,-27.614033317337096,-4.861456139559795,-26.188405411409747,-24.43648358835951,-2.9829572254490375,-49.423126576017964,-27.614033317337096,-4.861456139559795,-26.188405411409747,-24.43648358835951
-4.296262298726009,-38.87285166843604,-44.99317334740149,-4.729635390600454,-38.90620574387421,-30.007779531970904,-4.296262298726009,-38.87285166843604,-44.99317334740149,-4.729635390600454,-38.90620574387421,-30.007779531970904,-4.485830095256568,-50,-29.481792125075568,-3.2398139559293107,-27.072588870731817,-23.991515334379088,-4.485830095256568,-50,-29.481792125075568,-3.2398139559293107,-27.072588870731817,-23.991515334379088
-2.758831296959733,-39.06917974914142,-41.44787947372453,-6.020007321693011,-39.28128489726742,-32.82747116358531,-2.758831296959733,-39.06917974914142,-41.44787947372453,-6.020007321693011,-39.28128489726742,-32.82747116358531,-5.672123406078141,-49.7282183431026,-32.08467141645847,-1.46867818567257,-28.696633499197205,-24.595061671953033,-5.672123406078141,-49.7282183431026,-32.08467141645847,-1.46867818567257,-28.696633499197205,-24.595061671953033
-1.0675254443695927,-38.95307988186869,-37.74082138782602,-6.92242965632932,-38.93474845656124,-35.9957361724052,-1.0675254443695927,-38.95307988186869,-37.74082138782602,-6.92242965632932,-38.93474845656124,-35.9957361724052,-6.464698807516627,-48.46248212696132,-35.22311955743762,0.34444008522459413,-30.96216684154562,-26.2106489355308,-6.464698807516627,-48.46248212696132,-35.22311955743762,0.34444008522459413,-30.96216684154562,-26.2106489355308
0.6764691565461787,-38.75986924579954,-34.11328028665903,-7.378461422375424,-39.01781756073958,-39.309040360799905,0.6764691565461787,-38.75986924579954,-34.11328028665903,-7.378461422375424,-39.01781756073958,-39.309040360799905,-6.812019332723777,-46.371589278171015,-38.656525138570665,2.0894813584456133,-33.73195986265391,-28.74064354530126,-6.812019332723777,-46.371589278171015,-38.656525138570665,2.0894813584456133,-33.73195986265391,-28.74064354530126
2.3688141827251323,-38.88115709024423,-30.801361847179614,-7.358569951247227,-39.2545301535994,-42.554531992057385,2.3688141827251323,-38.88115709024423,-30.801361847179614,-7.358569951247227,-39.2545301535994,-42.554531992057385,-6.691500573502142,-43.63848179261004,-42.121663623732225,3.6605185303066774,-36.83823925428065,-32.03215222448243,-6.691500573502142,-43.63848179261004,-42.121663623732225,3.6605185303066774,-36.83823925428065,-32.03215222448243
3.9082613608173338,-39.07111097719741,-28.02062882205373,-6.864043416857639,-38.85850850179585,-45.52371571201814,3.9082613608173338,-39.07111097719741,-28.02062882205373,-6.864043416857639,-38.85850850179585,-45.52371571201814,-6.110979224363478,-40.50229202880518,-45.35287765062874,4.962186855028509,-40.092849885019305,-35.88626168465421,-6.110979224363478,-40.50229202880518,-45.35287765062874,4.962186855028509,-40.092849885019305,-35.88626168465421
5.202709868422987,-38.9447226038725,-25.95207071216398,-5.926907413328742,-39.14536748300964,-48.02584661002041,5.202709868422987,-38.9447226038725,-25.95207071216398,-5.926907413328742,-39.14536748300964,-48.02584661002041,-5.108203503926488,-37.237419899298885,-48.102443845701835,5.915472754129833,-43.29865182838598,-40.07005940411935,-5.108203503926488,-37.237419899298885,-48.102443845701835,5.915472754129833,-43.29865182838598,-40.07005940411935
6.174716468904009,-38.75816242240547,-24.730323707490776,-4.607850973905747,-39.16213914267953,-49.90018396416294,6.174716468904009,-38.75816242240547,-24.730323707490776,-4.607850973905747,-39.16213914267953,-49.90018396416294,-3.7483785888427175,-34.12952433874407,-50,6.462510080933171,-46.26146162247333,-44.33070905656735,-3.7483785888427175,-34.12952433874407,-50,6.462510080933171,-46.26146162247333,-44.33070905656735
6.766128723803089,-38.88956019884781,-24.43490762478121,-2.9922963423216875,-38.85310671662201,-50,6.766128723803089,-38.88956019884781,-24.43490762478121,-2.9922963423216875,-38.85310671662201,-50,-2.1199266676396005,-31.450529667489477,-50,6.570092698412158,-48.801814449132095,-48.41072998015525,-2.1199266676396005,-31.450529667489477,-50,6.570092698412158,-48.801814449132095,-48.41072998015525
6.941564090718807,-39.07259216531334,-25.085050203224647,-1.1848670186624115,-39.24490007609654,-50,6.941564090718807,-39.07259216531334,-25.085050203224647,-1.1848670186624115,-39.24490007609654,-50,-0.32873731564931963,-29.43483366081555,-50,6.231690150668034,-50,-50,-0.32873731564931963,-29.43483366081555,-50,6.231690150668034,-50,-50
6.690526761934681,-38.93627972328592,-26.638435629072752,0.6973876702946784,-39.03595106099431,-50,6.690526761934681,-38.93627972328592,-26.638435629072752,0.6973876702946784,-39.03595106099431,-50,1.5087179414092942,-28.258798991136747,-50,5.467844073197833,-50,-50,1.5087179414092942,-28.258798991136747,-50,5.467844073197833,-50,-50
6.028035599262356,-38.756907937501325,-28.993958743951016,2.532572698679366,-38.92040462953491,-49.45687706582632,6.028035599262356,-38.756907937501325,-28.993958743951016,2.532572698679366,-38.92040462953491,-49.45687706582632,3.272959151854211,-28.025322432822648,-49.324072821857555,4.324921279147092,-50,-50,3.272959151854211,-28.025322432822648,-49.324072821857555,4.324921279147092,-50,-50
4.993725597512308,-38.89803676411747,-31.99830567377404,4.201841277146936,-39.282115057358574,-47.39672093431994,4.993725597512308,-38.89803676411747,-31.99830567377404,4.201841277146936,-39.282115057358574,-47.39672093431994,4.849267084417179,-28.754831942089897,-46.92991130321192,2.872299211425519,-50,-50,4.849267084417179,-28.754831942089897,-46.92991130321192,2.872299211425519,-50,-50
3.6494766335216844,-39.073619042524605,-35.45593256503498,5.5970913843554255,-38.919452034380306,-44.749187256118205,3.6494766335216844,-39.073619042524605,-35.45593256503498,5.5970913843554255,-38.919452034380306,-44.749187256118205,6.135142810269714,-30.383499319557234,-43.93319752073046,1.198154608739768,-50,-50,6.135142810269714,-30.383499319557234,-43.93319752073046,1.198154608739768,-50,-50
2.0757113660575413,-38.927775584919665,-39.14179294270976,6.627966466055617,-39.03721046623711,-41.6843576504649,2.0757113660575413,-38.927775584919665,-39.14179294270976,6.627966466055617,-39.03721046623711,-41.6843576504649,7.046972663716347,-32.76882483797742,-40.56367671617221,-0.5958889790080665,-49.32902277842949,-50,7.046972663716347,-32.76882483797742,-40.56367671617221,-0.5958889790080665,-49.32902277842949,-50
0.36658377289863053,-38.756109408359336,-42.81598530455048,7.227706935731387,-39.2441876390935,-38.39912146623853,0.36658377289863053,-38.756109408359336,-42.81598530455048,7.227706935731387,-39.2441876390935,-38.39912146623853,7.52546519457694,-35.70210520994319,-37.07967565280084,-2.400929920636539,-46.91366434451036,-50,7.52546519457694,-35.70210520994319,-37.07967565280084,-2.400929920636539,-46.91366434451036,-50
-1.3756538185244922,-38.906562344113674,-46.2393675841638,7.357473532949255,-38.85278920877651,-35.10452730856602,-1.3756538185244922,-38.906562344113674,-46.2393675841638,7.357473532949255,-38.85278920877651,-35.10452730856602,7.539506576134974,-38.92669401475028,-33.74829780618782,-4.107399026057399,-44.03634338896195,-50,7.539506576134974,-38.92669401475028,-33.74829780618782,-4.107399026057399,-44.03634338896195,-50
-3.0467682021172364,-39.0741886478594,-49.18912218470788,7.008862558242957,-39.16327134986859,-32.012224953123905,-3.0467682021172364,-39.0741886478594,-49.18912218470788,7.008862558242957,-39.16327134986859,-32.012224953123905,7.088183771959404,-42.16045689425639,-30.82494568198288,-5.611710590658788,-40.871346456629276,-49.72159815062845,7.088183771959404,-42.16045689425639,-30.82494568198288,-5.611710590658788,-40.871346456629276,-49.72159815062845
-4.546781274542558,-38.91923471021955,-50,6.204450097638349,-39.14418812446549,-29.320868640322704,-4.546781274542558,-38.91923471021955,-50,6.204450097638349,-39.14418812446549,-29.320868640322704,6.200843905812118,-45.120456807610104,-28.533740197054758,-6.822550231496548,-37.61038534758721,-45.761116574681466,6.200843905812118,-45.120456807610104,-28.533740197054758,-6.822550231496548,-37.61038534758721,-45.761116574681466
-5.785951445736969,-38.755769137516026,-50,4.996329992777049,-38.85893549877289,-27.20335522258455,-5.785951445736969,-38.755769137516026,-50,4.996329992777049,-38.85893549877289,-27.20335522258455,4.9351859741316995,-47.547709516445785,-27.050338286387415,-7.66641783247154,-34.45098465271364,-41.533563519470135,4.9351859741316995,-47.547709516445785,-27.050338286387415,-7.66641783247154,-34.45098465271364,-41.533563519470135
-6.690142627444498,-38.915112355564254,-50,3.4627402378584455,-39.2551449887687,-25.79571700568313,-6.690142627444498,-38.915112355564254,-50,3.4627402378584455,-39.2551449887687,-25.79571700568313,3.373508986889842,-49.22984332734436,-26.488466036397377,-8.092089131879671,-31.584517193948614,-37.29441954486697,3.373508986889842,-49.22984332734436,-26.488466036397377,-8.092089131879671,-31.584517193948614,-37.29441954486697
-7.205259588190516,-39.074299338876635,-50,1.7029962783144637,-39.016577703617344,-25.18838282503264,-7.205259588190516,-39.074299338876635,-50,1.7029962783144637,-39.016577703617344,-25.18838282503264,1.6173605002852387,-50,-26.891199791801483,-8.073725126048291,-29.18461209262299,-33.299865676129784,1.6173605002852387,-50,-26.891199791801483,-8.073725126048291,-29.18461209262299,-33.299865676129784
-7.3004843198016935,-38.91068172655955,-50,-0.16894066863385043,-38.935772809406416,-25.420368758773087,-7.3004843198016935,-38.91068172655955,-50,-0.16894066863385043,-38.935772809406416,-25.420368758773087,-0.2190664812428934,-49.84811444100248,-28.227663676317874,-7.612440542737501,-27.396637618223668,-29.791301807121013,-0.2190664812428934,-49.84811444100248,-28.227663676317874,-7.612440542737501,-27.396637618223668,-29.791301807121013
-6.970119792708606,-38.75588810613288,-49.66490491172679,-2.0318437552520336,-39.28117047987179,-26.476771675141812,-6.970119792708606,-38.75588810613288,-49.66490491172679,-2.0318437552520336,-39.28117047987179,-26.476771675141812,-2.016358869306229,-48.730156311950765,-30.39539671417856,-6.7362361751857796,-26.328895867815298,-26.980758360617074,-2.016358869306229,-48.730156311950765,-30.39539671417856,-6.7362361751857796,-26.328895867815298,-26.980758360617074
-6.233930793303383,-38.92366214474965,-46.82445716693904,-3.765071167619119,-38.90533265976814,-28.28972663248802,-6.233930793303383,-38.92366214474965,-46.82445716693904,-3.765071167619119,-38.90533265976814,-28.28972663248802,-3.6576482901800036,-46.76362148370985,-33.228208075360286,-5.498299184243863,-26.046062636465734,-25.038082811949756,-3.6576482901800036,-46.76362148370985,-33.228208075360286,-5.498299184243863,-26.046062636465734,-25.038082811949756
-5.135961452006287,-39.07395079640184,-43.47230003203635,-5.256378903098823,-39.056821960436544,-30.742766627086787,-5.135961452006287,-39.07395079640184,-43.47230003203635,-5.256378903098823,-39.056821960436544,-30.742766627086787,-5.036210414142959,-44.12057128723259,-36.508918216445245,-3.973774543274763,-26.565269842171197,-24.080675423243314,-5.036210414142959,-44.12057128723259,-36.508918216445245,-3.973774543274763,-26.565269842171197,-24.080675423243314
-3.7419002060318287,-38.90214129622955,-39.82661527464764,-6.409189704605138,-39.23237908567149,-33.67830461187381,-3.7419002060318287,-38.90214129622955,-39.82661527464764,-6.409189704605138,-39.23237908567149,-33.67830461187381,-6.062404671538137,-41.03225854756426,-39.98600910828061,-2.2552036048474324,-27.85506780262685,-24.166394480957635,-6.062404671538137,-41.03225854756426,-39.98600910828061,-2.2552036048474324,-27.85506780262685,-24.166394480957635
-2.135149843768772,-38.7564659711672,-36.124689487427815,-7.148847414659749,-38.84878954507809,-36.90775712975681,-2.135149843768772,-38.7564659711672,-36.124689487427815,-7.148847414659749,-38.84878954507809,-36.90775712975681,-6.669503102694684,-37.76889419245196,-43.392907048621744,-0.44690667632442327,-29.837330221340693,-25.290059789227488,-6.669503102694684,-37.76889419245196,-43.392907048621744,-0.44690667632442327,-29.837330221340693,-25.290059789227488
-0.4118377490347986,-38.93218705859118,-32.607469821534195,-7.427451716567379,-39.180367771286726,-40.22365920378975,-0.4118377490347986,-38.93218705859118,-32.607469821534195,-7.427451716567379,-39.180367771286726,-40.22365920378975,-6.818029322572823,-34.61600523431398,-46.46841972890435,1.3413494080202142,-32.391986493304984,-27.38376572077464,-6.818029322572823,-34.61600523431398,-46.46841972890435,1.3413494080202142,-32.391986493304984,-27.38376572077464
1.324935131651472,-39.07314402544752,-29.503881465423618,-7.226960164325465,-39.125584982907796,-43.412992205107514,1.324935131651472,-39.07314402544752,-29.503881465423618,-7.226960164325465,-39.125584982907796,-43.412992205107514,-6.498325460317572,-31.849452676318542,-48.976760732556,3.001014328737633,-35.36429468260581,-30.32098490702056,-6.498325460317572,-31.849452676318542,-48.976760732556,3.001014328737633,-35.36429468260581,-30.32098490702056
2.9712625305667046,-38.8936380453222,-27.01592759683438,-6.5603566134614555,-38.86643388439047,-46.2708684959673,2.9712625305667046,-38.8936380453222,-27.01592759683438,-6.5603566134614555,-38.86643388439047,-46.2708684959673,-5.731180159281255,-29.711295142825247,-50,4.431343478330506,-38.574214629479634,-33.924214572158476,-5.731180159281255,-29.711295142825247,-50,4.431343478330506,-38.574214629479634,-33.924214572158476
4.428649280395371,-38.75750106636128,-25.30554160700764,-5.470810385085011,-39.263834678516545,-48.61369372546456,4.428649280395371,-38.75750106636128,-25.30554160700764,-5.470810385085011,-39.263834678516545,-48.61369372546456,-4.566476802010946,-28.38861003806639,-50,5.54551333780478,-41.82731343422126,-37.97570342597872,-4.566476802010946,-28.38861003806639,-50,5.54551333780478,-41.82731343422126,-37.97570342597872
5.609904004827891,-38.94066251573755,-24.484047346100255,-4.028880615785839,-38.99759086902539,-50,5.609904004827891,-38.94066251573755,-24.484047346100255,-4.028880615785839,-38.99759086902539,-50,-3.079949858946723,-27.997125268961206,-50,6.2758918184315595,-44.92654274543816,-42.23061086514071,-3.079949858946723,-27.997125268961206,-50,6.2758918184315595,-44.92654274543816,-42.23061086514071
6.444355534932885,-39.07188135231522,-24.60491339053295,-2.3279468399930168,-38.95218519887245,-50,6.444355534932885,-39.07188135231522,-24.60491339053295,-2.3279468399930168,-38.95218519887245,-50,-1.36826027823913,-28.571093669201055,-50,6.578143649616966,-47.684174472771524,-46.43180324269382,-1.36826027823913,-28.571093669201055,-50,6.578143649616966,-47.684174472771524,-46.43180324269382
6.882080967690854,-38.885196492724354,-25.66027293509361,-0.47816172079735514,-39.27845885290765,-50,6.882080967690854,-38.885196492724354,-25.66027293509361,-0.47816172079735514,-39.27845885290765,-50,0.45728986208184863,-30.06029605860575,-48.49687263677568,6.433921608546312,-49.93317194803699,-50,0.45728986208184863,-30.06029605860575,-48.49687263677568,6.433921608546312,-49.93317194803699,-50
6.89689241376333,-38.758990407047,-27.58143581949154,1.400682448929435,-38.89250525307124,-50,6.89689241376333,-38.758990407047,-27.58143581949154,1.400682448929435,-38.89250525307124,-50,2.2779947368154256,-32.334435154106906,-45.84891929850264,5.851980229185289,-50,-50,2.2779947368154256,-32.334435154106906,-45.84891929850264,5.851980229185289,-50,-50
6.487903745725079,-38.94906407744444,-30.24335936310265,3.186911508927007,-39.07649242155785,-48.95357903088652,6.487903745725079,-38.94906407744444,-30.24335936310265,3.186911508927007,-39.07649242155785,-48.95357903088652,3.97546358263538,-35.19453588853347,-42.681288734681814,4.867644386524263,-50,-50,3.97546358263538,-35.19453588853347,-42.681288734681814,4.867644386524263,-50,-50
5.67958361259151,-39.07016641788772,-33.472787014797255,4.764849063882899,-39.21920060545506,-46.71572761790712,5.67958361259151,-39.07016641788772,-33.472787014797255,4.764849063882899,-39.21920060545506,-46.71572761790712,5.439319020336866,-38.390354669980766,-39.23682964642821,3.540665013945344,-50,-50,5.439319020336866,-38.390354669980766,-39.23682964642821,3.540665013945344,-50,-50
4.520291548930268,-38.8768409794175,-37.05952509775151,6.032307699834811,-38.846542064744305,-43.93424671209216,4.520291548930268,-38.8768409794175,-37.05952509775151,6.032307699834811,-38.846542064744305,-43.93424671209216,6.574374309293518,-41.64227436422734,-35.779613995030246,1.951592115475688,-50,-50,6.574374309293518,-41.64227436422734,-35.779613995030246,1.951592115475688,-50,-50
3.079384759057396,-38.76092969875202,-40.77012368003564,6.907206652619851,-39.196517596152376,-40.78782290778099,3.079384759057396,-38.76092969875202,-40.77012368003564,6.907206652619851,-39.196517596152376,-40.78782290778099,7.306822835406784,-44.66576930576827,-32.57469173296842,0.1968852375228154,-50,-50,7.306822835406784,-44.66576930576827,-32.57469173296842,0.1968852375228154,-50,-50
1.4430686693347006,-38.95736751804297,-44.36307112449673,7.332887367415849,-39.10648113260749,-37.478587290168065,1.4430686693347006,-38.95736751804297,-44.36307112449673,7.332887367415849,-39.10648113260749,-37.478587290168065,7.589037363034611,-47.19629977921211,-29.867770556527027,-1.6169417968603805,-48.10337220997159,-50,7.589037363034611,-47.19629977921211,-29.867770556527027,-1.6169417968603805,-48.10337220997159,-50
-0.2907605015730363,-39.068004167130596,-47.60451335064784,7.281782713139582,-38.87554084265031,-34.21913022474573,-0.2907605015730363,-39.068004167130596,-47.60451335064784,7.281782713139582,-38.87554084265031,-34.21913022474573,7.402666981048451,-49.01245783641335,-27.866378546545757,-3.3797864661553367,-45.420552478142874,-50,7.402666981048451,-49.01245783641335,-27.866378546545757,-3.3797864661553367,-45.420552478142874,-50
-2.0183725998716024,-38.86859559829125,-50,6.757202232963731,-39.270898418258724,-31.218844226557906,-2.0183725998716024,-38.86859559829125,-50,6.757202232963731,-39.270898418258724,-31.218844226557906,6.759830365072729,-49.95533931353269,-26.723953877159317,-4.984640968925825,-42.36621175424535,-50,6.759830365072729,-49.95533931353269,-26.723953877159317,-4.984640968925825,-42.36621175424535,-50
-3.636409421846401,-38.7633133495828,-50,5.793117817927903,-38.97914509477199,-28.670472264265264,-3.636409421846401,-38.7633133495828,-50,5.793117817927903,-38.97914509477199,-28.670472264265264,5.7023277644039805,-49.942447099634606,-26.528081366575638,-6.3340877873621695,-39.125359114350665,-47.76824925653125,5.7023277644039805,-49.942447099634606,-26.528081366575638,-6.3340877873621695,-39.125359114350665,-47.76824925653125
-5.048068346337212,-38.96554889479376,-50,4.451963683444771,-38.969508214290954,-26.73772565657563,-5.048068346337212,-38.96554889479376,-50,4.451963683444771,-38.969508214290954,-26.73772565657563,4.298922953912961,-48.97490919481879,-27.29377772328421,-7.346213103581759,-35.89430112894065,-43.641471028912015,4.298922953912961,-48.97490919481879,-27.29377772328421,-7.346213103581759,-35.89430112894065,-43.641471028912015
-6.168893765029555,-39.0654008348336,-50,2.820593122470856,-39.274002246927395,-25.544767006340834,-6.168893765029555,-39.0654008348336,-50,2.820593122470856,-39.274002246927395,-25.544767006340834,2.6408718911551405,-47.13738001621483,-28.962340279177575,-7.9595791138160035,-32.868751081715956,-39.37571627996065,2.6408718911551405,-47.13738001621483,-28.962340279177575,-7.9595791138160035,-32.868751081715956,-39.37571627996065
-6.931829825473831,-38.8604841246721,-50,1.0046538764624444,-38.881074219056984,-25.168233804744975,-6.931829825473831,-38.8604841246721,-50,1.0046538764624444,-38.881074219056984,-25.168233804744975,0.8359888263571059,-44.590633587041076,-31.40584747229834,-8.13695341218472,-30.231974125272636,-35.22877418400851,0.8359888263571059,-44.590633587041076,-31.40584747229834,-8.13695341218472,-30.231974125272636,-35.22877418400851
-7.2912321953373445,-38.766134486348655,-50,-0.8782536242722861,-39.096061747877705,-25.63231512146961,-7.2912321953373445,-38.766134486348655,-50,-0.8782536242722861,-39.096061747877705,-25.63231512146961,-0.9983642853828931,-41.557496665262754,-34.43696604642922,-7.867569063840867,-28.14368645129233,-31.451253798965986,-0.9983642853828931,-41.557496665262754,-34.43696604642922,-7.867569063840867,-28.14368645129233,-31.451253798965986
-7.225598835246538,-38.97358461692511,-48.49403002778465,-2.706192077698798,-39.204759460667525,-26.907197661802336,-7.225598835246538,-38.97358461692511,-48.49403002778465,-2.706192077698798,-39.204759460667525,-26.907197661802336,-2.7429092084089333,-38.30335258822469,-37.823313091435246,-7.167778177032964,-26.730380880340793,-28.27143919609138,-2.7429092084089333,-38.30335258822469,-37.823313091435246,-7.167778177032964,-26.730380880340793,-28.27143919609138
-6.738856405711276,-39.06236392763283,-45.40395967145206,-4.360783983483676,-38.846065060456354,-28.910981018360054,-6.738856405711276,-39.06236392763283,-45.40395967145206,-4.360783983483676,-38.846065060456354,-28.910981018360054,-4.284207456363466,-35.11292164308691,-41.30527184809043,-6.080059301100471,-26.07766487455965,-25.881493739019298,-4.284207456363466,-35.11292164308691,-41.30527184809043,-6.080059301100471,-26.07766487455965,-25.881493739019298
-5.860125346000285,-38.85252994776803,-41.894635809978055,-5.734877783262602,-39.211589377888025,-31.51493907872245,-5.860125346000285,-38.85252994776803,-41.894635809978055,-5.734877783262602,-39.211589377888025,-31.51493907872245,-5.5220365941771625,-32.265349557069825,-44.61589541575339,-4.6704389031062785,-26.225075079033033,-24.425847218568606,-5.5220365941771625,-32.265349557069825,-44.61589541575339,-4.6704389031062785,-26.225075079033033,-24.425847218568606
-4.641977679642186,-38.76938497438038,-38.19446971779445,-6.739487007640745,-39.08703206353179,-34.55178958808947,-4.641977679642186,-38.76938497438038,-38.19446971779445,-6.739487007640745,-39.08703206353179,-34.55178958808947,-6.375907170469609,-30.00978373202345,-47.501372430665256,-3.024483444053186,-27.16368248806103,-23.992467634942816,-6.375907170469609,-30.00978373202345,-47.501372430665256,-3.024483444053186,-27.16368248806103,-23.992467634942816
-3.157291777179723,-38.98145151365637,-34.54429401283181,-7.309553049983482,-38.88618225024119,-37.82644061758894,-3.157291777179723,-38.98145151365637,-34.54429401283181,-7.309553049983482,-38.88618225024119,-37.82644061758894,-6.790296518875851,-28.54357417280705,-49.74048569875929,-1.2421053427736928,-28.83663329742349,-24.60754509320187,-6.790296518875851,-28.54357417280705,-49.74048569875929,-1.2421053427736928,-28.83663329742349,-24.60754509320187
-1.4948922469321013,-39.05890220236548,-31.18168758993753,-7.408158369117041,-39.276278714838426,-41.12852356864911,-1.4948922469321013,-39.05890220236548,-31.18168758993753,-7.408158369117041,-39.276278714838426,-41.12852356864911,-6.738259102009308,-27.995006412222487,-50,0.5685018852919801,-31.142592681856126,-26.23390907618152,-6.738259102009308,-27.995006412222487,-50,0.5685018852919801,-31.142592681856126,-26.23390907618152
0.24576419308402886,-38.84475600322631,-28.325512329286774,-7.028917273457153,-38.96139051461494,-44.245907574034106,0.24576419308402886,-38.84475600322631,-28.325512329286774,-7.028917273457153,-38.96139051461494,-44.245907574034106,-6.223178636577666,-28.4120772096704,-50,2.2974311665856533,-33.94188289950303,-28.773274742626846,-6.223178636577666,-28.4120772096704,-50,2.2974311665856533,-33.94188289950303,-28.773274742626846
1.9605389326439413,-38.7730554409864,-26.161668038659514,-6.196389459115995,-38.987600860257466,-46.97832710971852,1.9605389326439413,-38.7730554409864,-26.161668038659514,-6.196389459115995,-38.987600860257466,-46.97832710971852,-5.278548068265328,-29.758295090156356,-50,3.839733423940931,-37.06494392296739,-32.072182501679,-5.278548068265328,-29.758295090156356,-50,3.839733423940931,-37.06494392296739,-32.072182501679
3.546841791329887,-38.989126901010195,-24.83099279729959,-4.96448952121301,-39.26783693511717,-49.15024735893742,3.546841791329887,-38.989126901010195,-24.83099279729959,-4.96448952121301,-39.26783693511717,-49.15024735893742,-3.9657917034470183,-31.915873154133678,-49.78542319916167,5.101788171909314,-40.322604115324154,-35.931271921844036,-3.9657917034470183,-31.915873154133678,-49.78542319916167,5.101788171909314,-40.322604115324154,-35.931271921844036
4.909768702318931,-39.05502564081983,-24.420096231371847,-3.412995438616405,-38.87113259714291,-50,4.909768702318931,-39.05502564081983,-24.420096231371847,-3.412995438616405,-38.87113259714291,-50,-2.3702711129345206,-34.6960348043152,-47.56443789176974,6.0069864464541025,-43.51753883049577,-40.11732953121765,-2.3702711129345206,-34.6960348043152,-47.56443789176974,6.0069864464541025,-43.51753883049577,-40.11732953121765
5.9677795574739205,-38.8371847069992,-24.955722355389604,-1.6423821430371415,-39.115370660828646,-50,5.9677795574739205,-38.8371847069992,-24.955722355389604,-1.6423821430371415,-39.115370660828646,-50,-0.5957345226124937,-37.85553069320669,-44.692253878114606,6.50038110509015,-46.45622286183507,-44.37738243324847,-0.5957345226124937,-37.85553069320669,-44.692253878114606,6.50038110509015,-46.45622286183507,-44.37738243324847
6.657576524134958,-38.77713530247861,-26.40300888521061,0.23268524887663433,-39.18917319060564,-50,6.657576524134958,-38.77713530247861,-26.40300888521061,0.23268524887663433,-39.18917319060564,-50,1.242429382403952,-41.117921746363315,-41.38906923465293,6.552022215993793,-48.96065274913522,-48.453986029066314,1.242429382403952,-41.117921746363315,-41.38906923465293,6.552022215993793,-48.96065274913522,-48.453986029066314
6.93789097754989,-38.99658864722123,-28.66775631865341,2.090777161421557,-38.84736241464527,-50,6.93789097754989,-38.99658864722123,-28.66775631865341,2.090777161421557,-38.84736241464527,-50,3.024694570821535,-44.19776611010739,-37.90812501460906,6.158775072042083,-50,-50,3.024694570821535,-44.19776611010739,-37.90812501460906,6.158775072042083,-50,-50
6.791952487360703,-39.05074542095297,-31.60255909614062,3.8115633528520747,-39.22546044431969,-48.39730474414043,6.791952487360703,-39.05074542095297,-31.60255909614062,3.8115633528520747,-39.22546044431969,-48.39730474414043,4.635169807858519,-46.82559379451423,-34.516290338437436,5.344510473100896,-50,-50,4.635169807858519,-46.82559379451423,-34.516290338437436,5.344510473100896,-50,-50
6.228492145583712,-38.82983789070825,-35.01639978266983,5.283605515402433,-39.06739607545094,-45.992837636809945,6.228492145583712,-38.82983789070825,-35.01639978266983,5.283605515402433,-39.06739607545094,-45.992837636809945,5.969134446431072,-48.77148386332546,-31.47360267859844,4.158655726089374,-50,-50,5.969134446431072,-48.77148386332546,-31.47360267859844,4.158655726089374,-50,-50
5.281220209774953,-38.781612794690204,-38.68708181482941,6.411574032661611,-38.89827149466919,-43.091180596424586,5.281220209774953,-38.781612794690204,-38.68708181482941,6.411574032661611,-38.89827149466919,-43.091180596424586,6.939847854379653,-49.86518129216047,-29.01333189759754,2.673194319689671,-50,-50,6.939847854379653,-49.86518129216047,-29.01333189759754,2.673194319689671,-50,-50
4.006809312529916,-39.003815236552356,-42.37569160296652,7.122421536279961,-39.27993177697139,-39.87874051630604,4.006809312529916,-39.003815236552356,-42.37569160296652,7.122421536279961,-39.27993177697139,-39.87874051630604,7.484189696864353,-50,-27.324096444309813,0.9782963987738174,-50,-50,7.484189696864353,-50,-27.324096444309813,0.9782963987738174,-50,-50
2.48150389625756,-39.046073884659535,-45.84214869402312,7.370113461779206,-38.94447163654838,-36.56188946833717,2.48150389625756,-39.046073884659535,-45.84214869402312,7.370113461779206,-38.94447163654838,-36.56188946833717,7.566764316337165,-49.19616233647473,-26.535402783407427,-0.8231547234910901,-49.17726150271163,-50,7.566764316337165,-49.19616233647473,-26.535402783407427,-0.8231547234910901,-49.17726150271163,-50
0.7965587212696796,-38.8227367386933,-48.86083188198181,7.138609252138178,-39.006315877194226,-33.3537070449224,0.7965587212696796,-38.8227367386933,-48.86083188198181,7.138609252138178,-39.006315877194226,-33.3537070449224,7.182202324070459,-47.49198154984679,-26.707716688050745,-2.6218077654259053,-46.724186797245416,-50,7.182202324070459,-47.49198154984679,-26.707716688050745,-2.6218077654259053,-46.724186797245416,-50
-0.9472206515001753,-38.786475006897234,-50,6.442901146073993,-39.26001309815344,-30.460291799555463,-0.9472206515001753,-38.786475006897234,-50,6.442901146073993,-39.26001309815344,-30.460291799555463,6.355509742974611,-45.04755776575728,-27.827827587409736,-4.30848129379579,-43.82062670028193,-50,6.355509742974611,-45.04755776575728,-27.827827587409736,-4.30848129379579,-43.82062670028193,-50
-2.645508775488227,-39.0107858313348,-50,5.328043278972445,-38.86276130413068,-28.067521160020554,-2.645508775488227,-39.0107858313348,-50,5.328043278972445,-38.86276130413068,-28.067521160020554,5.1404419988026415,-42.07676505532012,-29.809861364685272,-5.780791230663915,-40.6424571272535,-49.68006606681074,5.1404419988026415,-42.07676505532012,-29.809861364685272,-5.780791230663915,-40.6424571272535,-49.68006606681074
-4.196701818411543,-39.04102450218412,-50,3.86623397200082,-39.13426200139852,-26.329110377685918,-4.196701818411543,-39.04102450218412,-50,3.86623397200082,-39.13426200139852,-26.329110377685918,3.616008490453548,-38.839531969203186,-32.50186395873325,-6.949365748709843,-37.38218777811094,-45.71526990607227,3.616008490453548,-38.839531969203186,-32.50186395873325,-6.949365748709843,-37.38218777811094,-45.71526990607227
-5.507996235603458,-38.81590172692818,-50,2.152140160689167,-39.17256865496436,-25.35673762427961,-5.507996235603458,-38.81590172692818,-50,2.152140160689167,-39.17256865496436,-25.35673762427961,1.881335028594439,-35.61909917286684,-35.697451032683645,-7.7432702998314555,-34.23730134210048,-41.48617288358973,1.881335028594439,-35.61909917286684,-35.697451032683645,-7.7432702998314555,-34.23730134210048,-41.48617288358973
-6.500940946734399,-38.79170791904642,-50,0.2967667535122142,-38.85042356789202,-25.21286961505799,-6.500940946734399,-38.79170791904642,-50,0.2967667535122142,-38.85042356789202,-25.21286961505799,0.049218210917074345,-32.697237395831614,-39.15163057923875,-8.11431346816244,-31.398291476109854,-37.248348864658816,0.049218210917074345,-32.697237395831614,-39.15163057923875,-8.11431346816244,-31.398291476109854,-37.248348864658816
-7.116130844702129,-39.017480332052884,-49.96755072498743,-1.5797320584986119,-39.238017896129605,-25.906748651324776,-7.116130844702129,-39.017480332052884,-49.96755072498743,-1.5797320584986119,-39.238017896129605,-25.906748651324776,-1.7612091412425217,-30.32959399251875,-42.59958541110439,-8.039972274581258,-29.037124126228882,-33.257899106639975,-1.7612091412425217,-30.32959399251875,-42.59958541110439,-8.039972274581258,-29.037124126228882,-33.257899106639975
-7.316760837171445,-39.03561183328029,-47.20312636162542,-3.3558340007130765,-39.04773298950548,-27.393798880837128,-7.316760837171445,-39.03561183328029,-47.20312636162542,-3.3558340007130765,-39.04773298950548,-27.393798880837128,-3.4322245572396524,-28.72332515937352,-45.77697556326503,-7.524759361534401,-27.296821119208566,-29.75597548273533,-3.4322245572396524,-28.72332515937352,-45.77697556326503,-7.524759361534401,-27.296821119208566,-29.75597548273533
-7.090827792389945,-38.80935256397867,-43.90234617574137,-4.916518511108125,-38.911710179213756,-29.57848991883943,-7.090827792389945,-38.80935256397867,-43.90234617574137,-4.916518511108125,-38.911710179213756,-29.57848991883943,-4.855170783845181,-28.018970870227037,-48.44020410866735,-6.5999490676275645,-26.2827969718035,-26.954207130742134,-4.855170783845181,-28.018970870227037,-48.44020410866735,-6.5999490676275645,-26.2827969718035,-26.954207130742134
-6.451848653015859,-38.797296442181505,-40.280047964767874,-6.160715484832399,-39.28182787167174,-32.32047386632296,-6.451848653015859,-38.797296442181505,-40.280047964767874,-6.160715484832399,-39.28182787167174,-32.32047386632296,-5.937521189051074,-28.278158376583974,-50,-5.3216790197431925,-26.056473669176604,-25.02191122725238,-5.937521189051074,-28.278158376583974,-50,-5.3216790197431925,-26.056473669176604,-25.02191122725238
-5.438051755214436,-39.0238794353005,-36.57199616179821,-7.007850585591487,-38.92852616662395,-35.443601474057104,-5.438051755214436,-39.0238794353005,-36.57199616179821,-7.007850585591487,-38.92852616662395,-35.443601474057104,-6.608896277291193,-29.47821015111577,-50,-3.76754247941388,-26.631560181248922,-24.075860769036915,-6.608896277291193,-29.47821015111577,-50,-3.76754247941388,-26.631560181248922,-24.075860769036915
-4.110089734141061,-39.02985148522787,-33.019536641823635,-7.403063248750635,-39.02550093992467,-38.74723824020298,-4.110089734141061,-39.02985148522787,-33.019536641823635,-7.403063248750635,-39.02550093992467,-38.74723824020298,-6.825640094062506,-31.51412805060476,-50,-2.031878294076954,-27.973222076017763,-24.173227717647958,-6.825640094062506,-31.51412805060476,-50,-2.031878294076954,-27.973222076017763,-24.173227717647958
-2.5474108462849845,-38.8031081341735,-29.853888248802292,-7.320759457685708,-39.25059441577272,-42.019153478063174,-2.5474108462849845,-38.8031081341735,-29.853888248802292,-7.320759457685708,-39.25059441577272,-42.019153478063174,-6.573658940671778,-34.20778009464241,-50,-0.22004436153236062,-30.0001915284465,-25.30812796891947,-6.573658940671778,-34.20778009464241,-50,-0.22004436153236062,-30.0001915284465,-25.30812796891947
-0.8435058023159288,-38.803224461951906,-27.28109346054338,-6.766269215185349,-38.856028475608426,-45.04915434051179,-0.8435058023159288,-38.803224461951906,-27.28109346054338,-6.766269215185349,-38.856028475608426,-45.04915434051179,-5.869337812571998,-37.32348606584103,-49.02908527435016,1.5579777815217821,-32.58968991639743,-27.4119769426445,-5.869337812571998,-37.32348606584103,-49.02908527435016,1.5579777815217821,-32.58968991639743,-27.4119769426445
0.8996855208583638,-39.02996468944191,-25.468607707105406,-5.775501371869456,-39.15258200927827,-47.64258893048784,0.8996855208583638,-39.02996468944191,-25.468607707105406,-5.775501371869456,-39.15258200927827,-47.64258893048784,-4.758474970172933,-40.58863827449004,-46.53717807464987,3.1942590340437316,-35.58486482962848,-30.35763430334366,-4.758474970172933,-40.58863827449004,-46.53717807464987,3.1942590340437316,-35.58486482962848,-30.35763430334366
2.5778728580378116,-39.023760067829826,-24.53440020340669,-4.412618164974526,-39.15508100130096,-49.632851037049704,2.5778728580378116,-39.023760067829826,-24.53440020340669,-4.412618164974526,-39.15508100130096,-49.632851037049704,-3.3133039213248767,-43.71755328050206,-43.47282778973151,4.589474218714418,-38.804291013571856,-33.96708733730864,-3.3133039213248767,-43.71755328050206,-43.47282778973151,4.589474218714418,-38.804291013571856,-33.96708733730864
4.090654950839122,-38.79718644315185,-24.539275689883482,-2.76588006463629,-38.855223604872705,-50,4.090654950839122,-38.79718644315185,-24.539275689883482,-2.76588006463629,-38.855223604872705,-50,-1.627796460130277,-46.43646767392297,-40.07096506300811,5.658931296556882,-42.0529597519072,-38.02220866212432,-1.627796460130277,-46.43646767392297,-40.07096506300811,5.658931296556882,-42.0529597519072,-38.02220866212432
5.347526274394897,-38.809474885077925,-25.48291683586936,-0.9419300158928735,-39.24915952576592,-50,5.347526274394897,-38.809474885077925,-25.48291683586936,-0.9419300158928735,-39.24915952576592,-50,0.18844781948890613,-48.50749091624825,-36.59239617472937,6.3377123240769455,-45.13409103347214,-42.27793815604065,0.18844781948890613,-48.50749091624825,-36.59239617472937,6.3377123240769455,-45.13409103347214,-42.27793815604065
6.273291729972616,-39.03571854781649,-27.303904893688397,0.941112770459257,-39.02820284739073,-50,6.273291729972616,-39.03571854781649,-27.303904893688397,0.941112770459257,-39.02820284739073,-50,2.017328203004681,-49.74941949641289,-33.303808138812556,6.58461408769787,-47.86105301094277,-46.47709249348458,2.017328203004681,-49.74941949641289,-33.303808138812556,6.58461408769787,-47.86105301094277,-46.47709249348458
6.8125653575851315,-39.01735514551832,-29.88371725914959,2.7613022312737283,-38.92638892379772,-49.7372922934041,6.8125653575851315,-39.01735514551832,-29.88371725914959,2.7613022312737283,-38.92638892379772,-49.7372922934041,3.7399223171971143,-50,-30.457322948947635,6.384649211982656,-50,-50,3.7399223171971143,-50,-30.457322948947635,6.384649211982656,-50,-50
6.933083923190753,-38.791604565944645,-33.05444174932252,4.400762691852335,-39.28195156625451,-47.79080831579746,6.933083923190753,-38.791604565944645,-33.05444174932252,4.400762691852335,-39.28195156625451,-47.79080831579746,5.244219020167189,-49.39339283616857,-28.27116846257372,5.749955919933869,-50,-50,5.244219020167189,-49.39339283616857,-28.27116846257372,5.749955919933869,-50,-50
6.627637137820365,-38.8160296886388,-36.609705498589605,5.7533225079283,-38.91368388813442,-45.231630014407116,6.627637137820365,-38.8160296886388,-36.609705498589605,5.7533225079283,-38.91368388813442,-45.231630014407116,6.432401890700674,-47.82658803364497,-26.912947803463155,4.719061221305381,-50,-50,6.432401890700674,-47.82658803364497,-26.912947803463155,4.719061221305381,-50,-50
5.914499029016032,-39.04112441933409,-40.31810714419084,6.731389753319229,-39.04499989747774,-42.22416292371875,5.914499029016032,-39.04112441933409,-40.31810714419084,6.731389753319229,-39.04499989747774,-42.22416292371875,7.227209710373146,-45.490263947208646,-26.48678994633267,3.354542254703844,-50,-50,7.227209710373146,-45.490263947208646,-26.48678994633267,3.354542254703844,-50,-50
4.836334656833195,-39.01065518670825,-43.93827804093637,7.271624682942156,-39.239657548469694,-38.961611336775896,4.836334656833195,-39.01065518670825,-43.93827804093637,7.271624682942156,-39.239657548469694,-38.961611336775896,7.576960350040927,-42.588836499769535,-27.025366593260227,1.7392277441669002,-50,-50,7.576960350040927,-42.588836499769535,-27.025366593260227,1.7392277441669002,-50,-50
3.457647582532975,-38.78637859773913,-47.23459221618085,7.339041621846362,-38.85098891138197,-35.65356656542561,3.457647582532975,-38.78637859773913,-47.23459221618085,7.339041621846362,-38.85098891138197,-35.65356656542561,7.458911384076085,-39.37616515066699,-28.487387373881557,-0.028829851452263355,-50,-50,7.458911384076085,-39.37616515066699,-28.487387373881557,-0.028829851452263355,-50,-50
1.860920800778632,-38.82286997204127,-49.992502551614564,6.929274641467518,-39.170181574347126,-32.51254247337202,1.860920800778632,-38.82286997204127,-49.992502551614564,6.929274641467518,-39.170181574347126,-32.51254247337202,6.880738909458629,-36.133341544097924,-30.760765401666358,-1.8423062968337105,-47.93012069667196,-50,6.880738909458629,-36.133341544097924,-30.760765401666358,-1.8423062968337105,-47.93012069667196,-50
0.14168201257891105,-39.04616671631495,-50,6.068860297653817,-39.13685256504272,-29.740323260022368,0.14168201257891105,-39.04616671631495,-50,6.068860297653817,-39.13685256504272,-29.740323260022368,5.880038409978358,-33.14409548630727,-33.671210496599365,-3.5911203518337698,-45.21548486253607,-50,5.880038409978358,-33.14409548630727,-33.671210496599365,-3.5911203518337698,-45.21548486253607,-50
-1.5972115300941083,-39.00367951054395,-50,4.813519120317391,-38.86172345714923,-27.51500053440391,-1.5972115300941083,-39.00367951054395,-50,4.813519120317391,-38.86172345714923,-27.51500053440391,4.521880121695103,-30.66997009764199,-36.995591268598545,-5.169115898215758,-42.141749495993274,-50,4.521880121695103,-30.66997009764199,-36.995591268598545,-5.169115898215758,-42.141749495993274,-50
-3.2517266862368057,-38.78152360746889,-50,3.244547145635021,-39.258794649329836,-25.9795324373815,-3.2517266862368057,-38.78152360746889,-50,3.244547145635021,-39.258794649329836,-25.9795324373815,2.8945778612514137,-28.927438181534995,-40.47904164782867,-6.4805058045122115,-38.895098455250206,-47.72420213656056,2.8945778612514137,-28.927438181534995,-40.47904164782867,-6.4805058045122115,-38.895098455250206,-47.72420213656056
-4.7228784379010955,-38.82997601151891,-50,1.463551175579673,-39.00896460874624,-25.232559791690917,-4.7228784379010955,-38.82997601151891,-50,1.463551175579673,-39.00896460874624,-25.232559791690917,1.1039464476492387,-28.06896200634148,-43.85450037731874,-7.445686374979122,-35.67218953446692,-43.594487644050616,1.1039464476492387,-28.06896200634148,-43.85450037731874,-7.445686374979122,-35.67218953446692,-43.594487644050616
-5.922651887186244,-39.05083089943636,-50,-0.41413129003084836,-38.942188255253186,-25.322069264378477,-5.922651887186244,-39.05083089943636,-50,-0.41413129003084836,-38.942188255253186,-25.322069264378477,-0.7335788731612536,-28.169653668309945,-46.86318545847106,-8.006069435267605,-32.66824240806668,-39.32863594205451,-0.7335788731612536,-28.169653668309945,-46.86318545847106,-8.006069435267605,-32.66824240806668,-39.32863594205451
-6.7792679416069115,-38.99644823119312,-48.832793300698555,-2.2669013230257415,-39.28030185394537,-26.2423106297992,-6.7792679416069115,-38.99644823119312,-48.832793300698555,-2.2669013230257415,-39.28030185394537,-26.2423106297992,-2.498513593624546,-29.22070318293099,-49.27443386120682,-8.12763873863277,-30.065213685564466,-35.18444206399462,-2.498513593624546,-29.22070318293099,-49.27443386120682,-8.12763873863277,-30.065213685564466,-35.18444206399462
-7.24147765659664,-38.77705359436297,-45.808450065097624,-3.974773327179127,-38.90006560528209,-27.93416617292101,-7.24147765659664,-38.77705359436297,-45.808450065097624,-3.974773327179127,-38.90006560528209,-27.93416617292101,-4.076093387200995,-31.13014931169213,-50,-7.803014812508602,-28.020775343491863,-31.412348986779726,-4.076093387200995,-31.13014931169213,-50,-7.803014812508602,-28.020775343491863,-31.412348986779726
-7.281628316636797,-38.83732731700507,-42.338526268216945,-5.427145318949316,-39.06465404403111,-30.28894850190083,-7.281628316636797,-38.83732731700507,-42.338526268216945,-5.427145318949316,-39.06465404403111,-30.28894850190083,-5.3637366226986956,-33.73092568100088,-50,-7.051902905595231,-26.65876413843366,-28.24031279722316,-5.3637366226986956,-33.73092568100088,-50,-7.051902905595231,-26.65876413843366,-28.24031279722316
-6.897317819945476,-39.055103519656356,-38.6488687534696,-6.52996152440271,-39.22729151354255,-33.155382792634754,-6.897317819945476,-39.055103519656356,-38.6488687534696,-6.52996152440271,-39.22729151354255,-33.155382792634754,-6.27771470266197,-36.79547820069472,-50,-5.919896844275302,-26.061680504174312,-25.860026791910464,-6.27771470266197,-36.79547820069472,-50,-5.919896844275302,-26.061680504174312,-25.860026791910464
-6.111538389514107,-38.988982199848095,-34.9796261672689,-7.211803441737985,-38.847683629448404,-36.349324915196405,-6.111538389514107,-38.988982199848095,-34.9796261672689,-7.211803441737985,-38.847683629448404,-36.349324915196405,-6.758596489155345,-40.05567483581494,-50,-4.475711406398657,-26.26569129356279,-24.415337019218637,-6.758596489155345,-40.05567483581494,-50,-4.475711406398657,-26.26569129356279,-24.415337019218637
-4.971301012661704,-38.772981447579475,-31.569618410085038,-7.428514911514762,-39.18691745030904,-39.66559113483331,-4.971301012661704,-38.772981447579475,-31.569618410085038,-7.428514911514762,-39.18691745030904,-39.66559113483331,-6.775112794864235,-43.226265732582796,-48.16157128969423,-2.8070112122606647,-27.258439061551137,-23.993549338388032,-6.775112794864235,-43.226265732582796,-48.16157128969423,-2.8070112122606647,-27.258439061551137,-23.993549338388032
-3.5448229050443927,-38.84490269121539,-28.64079257155263,-7.166061674517333,-39.11803171099113,-42.89113942940926,-3.5448229050443927,-38.84490269121539,-28.64079257155263,-7.166061674517333,-39.11803171099113,-42.89113942940926,-6.326189652191106,-46.029841062415265,-45.4265612786006,-1.0150893264978156,-28.97979058662584,-24.620153329664955,-6.326189652191106,-46.029841062415265,-45.4265612786006,-1.0150893264978156,-28.97979058662584,-24.620153329664955
-1.9174462652880264,-39.0589722569937,-26.38377706579817,-6.441440231963738,-38.86987022115495,-45.818755635264004,-1.9174462652880264,-39.0589722569937,-26.38377706579817,-6.441440231963738,-38.86987022115495,-45.818755635264004,-5.441018147661483,-48.22110290546402,-42.204254426752065,0.7912814107862134,-31.325479290812524,-26.257281901514638,-5.441018147661483,-48.22110290546402,-42.204254426752065,0.7912814107862134,-31.325479290812524,-26.257281901514638
-0.18653248974909917,-38.981302944602035,-24.94547420461467,-5.301577150170635,-39.266844844669606,-48.260365202519495,-0.18653248974909917,-38.981302944602035,-24.94547420461467,-5.301577150170635,-39.266844844669606,-48.260365202519495,-4.177156280679874,-49.60832751304847,-38.741691232653665,2.502451088545514,-34.15342092774083,-28.80599968431341,-4.177156280679874,-49.60832751304847,-38.741691232653665,2.502451088545514,-34.15342092774083,-28.80599968431341
1.5443626877356793,-38.769318909040116,-24.41949877036773,-3.8202900908279305,-38.990174857352216,-50,1.5443626877356793,-38.769318909040116,-24.41949877036773,-3.8202900908279305,-38.990174857352216,-50,-2.616786272674395,-50,-35.304331622036244,4.014548669081408,-37.29231998170776,-32.11228191773242,-2.616786272674395,-50,-35.304331622036244,4.014548669081408,-37.29231998170776,-32.11228191773242
3.1716846459991133,-38.85268029076962,-24.84008491299574,-2.093507370905228,-38.95897957973694,-50,3.1716846459991133,-38.85268029076962,-24.84008491299574,-2.093507370905228,-38.95897957973694,-50,-0.8613706939288921,-49.5661345672931,-32.15570326957153,5.235787144458041,-40.552045466568615,-35.97632251416921,-0.8613706939288921,-49.5661345672931,-32.15570326957153,5.235787144458041,-40.552045466568615,-35.97632251416921
4.598075260125802,-39.06242595605217,-26.179857952748975,-0.23305563402950918,-39.27689216207486,-50,4.598075260125802,-39.06242595605217,-26.179857952748975,-0.23305563402950918,-39.27689216207486,-50,0.9749451082210434,-48.14040867214279,-29.537198058020095,6.092035170856164,-43.73514763630036,-40.16460879097848,0.9749451082210434,-48.14040867214279,-29.537198058020095,6.092035170856164,-43.73514763630036,-40.16460879097848
5.738197565980877,-38.97343260837328,-28.35161611528582,1.6405820555639556,-38.887782159929735,-50,5.738197565980877,-38.97343260837328,-28.35161611528582,1.6405820555639556,-38.887782159929735,-50,2.7727552747912765,-45.9177058574636,-27.649565593964958,6.531316972766494,-46.648818011202,-44.42403316821145,2.7727552747912765,-45.9177058574636,-27.649565593964958,6.531316972766494,-46.648818011202,-44.42403316821145
6.523841232284265,-38.76607653957261,-31.21400623137968,3.4060687098552545,-39.08430341064892,-49.26761290793187,6.523841232284265,-38.76607653957261,-31.21400623137968,3.4060687098552545,-39.08430341064892,-49.26761290793187,4.415157763672143,-43.0925007896149,-26.637522593210583,6.526967364848461,-49.11656827095586,-48.497189030168855,4.415157763672143,-43.0925007896149,-26.637522593210583,6.526967364848461,-49.11656827095586,-48.497189030168855
6.908003394105375,-38.86063768917633,-34.58072398710939,4.94907121406405,-39.2135969605638,-47.137092505548544,6.908003394105375,-38.86063768917633,-34.58072398710939,4.94907121406405,-39.2135969605638,-47.137092505548544,5.795355868244211,-39.91198387540143,-26.57865806850773,6.0792503760256125,-50,-50,5.795355868244211,-39.91198387540143,-26.57865806850773,6.0792503760256125,-50,-50
6.867700702913544,-39.06545465818685,-38.232639908082646,6.16966455205315,-38.84613953214269,-44.435873484458796,6.867700702913544,-39.06545465818685,-38.232639908082646,6.16966455205315,-38.84613953214269,-44.435873484458796,6.823602639724717,-36.654433417103355,-27.477484911457093,5.215343222461165,-50,-50,6.823602639724717,-36.654433417103355,-27.477484911457093,5.215343222461165,-50,-50
6.405344356089576,-38.96539388505684,-41.932061834055915,6.988802961639525,-39.2026534206022,-41.33748629257404,6.405344356089576,-38.96539388505684,-41.932061834055915,6.988802961639525,-39.2026534206022,-41.33748629257404,7.433036654358258,-33.60486774211093,-29.265093908392736,3.987686602282441,-50,-50,7.433036654358258,-33.60486774211093,-29.265093908392736,3.987686602282441,-50,-50
5.548595841724964,-38.76326368845889,-45.43820558262596,7.353438947065232,-39.09877162575164,-38.04097606951943,5.548595841724964,-38.76326368845889,-45.43820558262596,7.353438947065232,-39.09877162575164,-38.04097606951943,7.584029656522207,-31.030107616236272,-31.804436715367594,2.4708014520940234,-50,-50,7.584029656522207,-31.030107616236272,-31.804436715367594,2.4708014520940234,-50,-50
4.348712029094431,-38.868751941499156,-48.52286686329042,7.239958640803498,-38.87959758878712,-34.75811568194654,4.348712029094431,-38.868751941499156,-48.52286686329042,7.239958640803498,-38.87959758878712,-34.75811568194654,7.266763373617224,-29.155430846808304,-34.90083276912329,0.7567653938101591,-50,-50,7.266763373617224,-29.155430846808304,-34.90083276912329,0.7567653938101591,-50,-50
2.877478613413884,-39.068049630219605,-50,6.6557110402820845,-39.27324458967371,-31.6998011101661,2.877478613413884,-39.068049630219605,-50,6.6557110402820845,-39.27324458967371,-31.6998011101661,6.501867946163052,-28.144861673531246,-38.31689461407084,-1.0503765404831404,-49.02251200266503,-50,6.501867946163052,-28.144861673531246,-38.31689461407084,-1.0503765404831404,-49.02251200266503,-50
1.2229153783137423,-38.957209954087226,-50,5.638532085981302,-38.97198652666358,-29.062503167300015,1.2229153783137423,-38.957209954087226,-50,5.638532085981302,-38.97198652666358,-29.062503167300015,5.339080459382868,-28.086819520499017,-41.79072738423376,-2.8409276267124164,-46.53246219738988,-50,5.339080459382868,-28.086819520499017,-41.79072738423376,-2.8409276267124164,-46.53246219738988,-50
-0.51598978182797,-38.76088846647671,-50,4.254294401662729,-38.97662622938081,-27.015645913274014,-0.51598978182797,-38.76088846647671,-50,4.254294401662729,-38.97662622938081,-27.015645913274014,3.8540108048390453,-28.986382767183372,-45.05600716363548,-4.506198234739493,-43.60354024035901,-50,3.8540108048390453,-28.986382767183372,-45.05600716363548,-4.506198234739493,-43.60354024035901,-50
-2.23520303096714,-38.87699965051781,-50,2.5926413758276468,-39.271750242790795,-25.690722593666713,-2.23520303096714,-38.87699965051781,-50,2.5926413758276468,-39.271750242790795,-25.690722593666713,2.1432251709534054,-30.76484441725862,-47.86239890302464,-5.945103481894199,-40.41315827846126,-49.63847179024345,2.1432251709534054,-30.76484441725862,-47.86239890302464,-5.945103481894199,-40.41315827846126,-49.63847179024345
-3.831868645062214,-39.07020338962095,-50,0.7611818457709273,-38.8769335294372,-25.17284831217912,-3.831868645062214,-39.07020338962095,-50,0.7611818457709273,-38.8769335294372,-25.17284831217912,0.3179668568973276,-33.266598541876604,-49.99474853850403,-7.0702992648332,-37.154565746662676,-45.66939061686755,0.3179668568973276,-33.266598541876604,-49.99474853850403,-7.0702992648332,-37.154565746662676,-45.66939061686755
-5.210462582594719,-38.94890441360113,-50,-1.121478662854462,-39.103788067300115,-25.495292105985502,-5.210462582594719,-38.94890441360113,-50,-1.121478662854462,-39.103788067300115,-25.495292105985502,-1.5030772880396321,-36.27275497025763,-50,-7.813484201696366,-34.02514376517818,-41.43878117060442,-1.5030772880396321,-36.27275497025763,-50,-7.813484201696366,-34.02514376517818,-41.43878117060442
-6.28850742101369,-38.7589577225124,-47.573741100261714,-2.9334188432508306,-39.1986853521737,-26.637339691820223,-6.28850742101369,-38.7589577225124,-47.573741100261714,-2.9334188432508306,-39.1986853521737,-26.637339691820223,-3.201494439592907,-39.52029101463045,-50,-8.129545647257707,-31.214449270109853,-37.202308715927764,-3.201494439592907,-39.52029101463045,-50,-8.129545647257707,-31.214449270109853,-37.202308715927764
-7.001506750429184,-38.88535703419337,-44.32756408286609,-4.55729724504991,-38.84636918717424,-28.525624183266835,-7.001506750429184,-38.88535703419337,-44.32756408286609,-4.55729724504991,-38.84636918717424,-28.525624183266835,-4.6668455552747234,-42.72506455552308,-50,-7.999298110590378,-28.892733074532586,-33.215992832123774,-4.6668455552747234,-42.72506455552308,-50,-7.999298110590378,-28.892733074532586,-33.215992832123774
-7.306803813568718,-39.071909726085714,-40.732192893091174,-5.887951319868272,-39.217261407092295,-31.03883929193264,-7.306803813568718,-39.071909726085714,-40.732192893091174,-5.887951319868272,-39.217261407092295,-31.03883929193264,-5.803846638467237,-45.60667496492238,-49.51745689491356,-7.430647848430452,-27.200627349862017,-29.72073557305817,-5.803846638467237,-45.60667496492238,-49.51745689491356,-7.430647848430452,-27.200627349862017,-29.72073557305817
-7.18613354035288,-38.940501212392924,-37.02163936567492,-6.839207759797108,-39.07922907091819,-34.015532229243476,-7.18613354035288,-38.940501212392924,-37.02163936567492,-6.839207759797108,-39.07922907091819,-34.015532229243476,-6.5385645504121035,-47.91299666884521,-47.192565972513144,-6.458112941355174,-26.240627182611462,-26.92776321307511,-6.5385645504121035,-47.91299666884521,-47.192565972513144,-6.458112941355174,-26.240627182611462,-26.92776321307511
-6.646715295993082,-38.75747702381234,-33.4374122052848,-7.349463090537953,-38.89082638710153,-37.26447568091142,-6.646715295993082,-38.75747702381234,-33.4374122052848,-7.349463090537953,-38.89082638710153,-37.26447568091142,-6.823224489365473,-49.442238793169366,-44.24498617501612,-5.140727985003523,-26.070882190006504,-25.00586136714398,-6.823224489365473,-49.442238793169366,-44.24498617501612,-5.140727985003523,-26.070882190006504,-25.00586136714398
-5.720820966546937,-38.89379999424307,-30.212797915496648,-7.3856731193436875,-39.27794179556815,-40.57695254254629,-5.720820966546937,-38.89379999424307,-30.212797915496648,-7.3856731193436875,-39.27794179556815,-40.57695254254629,-6.639316532094457,-50,-40.900695851485715,-3.5584605853023366,-26.701674251866283,-24.07117489570913,-6.639316532094457,-50,-40.900695851485715,-3.5584605853023366,-26.701674251866283,-24.07117489570913
-4.463844222164909,-39.07316371944028,-27.557676885968384,-6.945492880666377,-38.9545476550547,-43.74016422617412,-4.463844222164909,-39.07316371944028,-27.557676885968384,-6.945492880666377,-38.9545476550547,-43.74016422617412,-5.998799235828856,-49.71397927900897,-37.41608745200621,-1.8073571828003712,-28.094794711361942,-24.180189008987774,-5.998799235828856,-49.71397927900897,-37.41608745200621,-1.8073571828003712,-28.094794711361942,-24.180189008987774
-2.950986468613,-38.93202458085893,-25.644862912765422,-6.057428496390548,-38.994984574658254,-46.55090116751613,-2.950986468613,-38.93202458085893,-25.644862912765422,-6.057428496390548,-38.994984574658254,-46.55090116751613,-4.943322036828627,-48.43270179430206,-34.05831101401383,0.0062871368073843525,-30.16585876916455,-25.326315738400734,-4.943322036828627,-48.43270179430206,-34.05831101401383,0.0062871368073843525,-30.16585876916455,-25.326315738400734
-1.2727577573296829,-38.75645063992994,-24.598855271137737,-4.778991116166038,-39.264917947178084,-48.828597319693216,-1.2727577573296829,-38.75645063992994,-24.598855271137737,-4.778991116166038,-39.264917947178084,-48.828597319693216,-3.5415170088564834,-46.32887329755347,-31.084792910367078,1.7723809431137023,-32.78941688232671,-27.4402920623629,-3.5415170088564834,-46.32887329755347,-31.084792910367078,1.7723809431137023,-32.78941688232671,-27.4402920623629
0.4704381780044581,-38.90230418562707,-24.487735434303602,-3.1929724888726243,-38.867608012926055,-50,0.4704381780044581,-38.90230418562707,-24.487735434303602,-3.1929724888726243,-38.867608012926055,-50,-1.8845360841113008,-43.58656758499026,-28.72350006923605,3.3837192062967327,-35.80655355764917,-30.394365626793398,-1.8845360841113008,-43.58656758499026,-28.72350006923605,3.3837192062967327,-35.80655355764917,-30.394365626793398
2.174310796256901,-39.073961753829806,-25.31873585630491,-1.402083359628278,-39.12294942456023,-50,2.174310796256901,-39.073961753829806,-25.31873585630491,-1.402083359628278,-39.12294942456023,-50,-0.08012392743116492,-40.44572181104618,-27.155462723745437,4.742490832777642,-39.03451326156733,-34.01001510782262,-0.08012392743116492,-40.44572181104618,-27.155462723745437,4.742490832777642,-39.03451326156733,-34.01001510782262
3.7369221604598586,-38.92349896112978,-27.037769233451378,0.47769808964472127,-39.18267805686414,-50,3.7369221604598586,-38.92349896112978,-27.037769233451378,0.47769808964472127,-39.18267805686414,-50,1.754388126738318,-37.181143264370114,-26.500895597481023,5.766215972268848,-42.27777038105946,-38.06873865777278,1.754388126738318,-37.181143264370114,-26.500895597481023,5.766215972268848,-42.27777038105946,-38.06873865777278
5.064785599695032,-38.75588153041449,-29.53294888330405,2.3246370003569417,-38.848370725335926,-50,5.064785599695032,-38.75588153041449,-29.53294888330405,2.3246370003569417,-38.848370725335926,-50,3.4997115075596072,-34.07846519267973,-26.809981555269772,6.392752691133167,-45.33987270028519,-42.32525846430969,3.4997115075596072,-34.07846519267973,-26.809981555269772,6.392752691133167,-45.33987270028519,-42.32525846430969
6.0784587553491765,-38.910845086746704,-32.64187111037707,4.019125400418955,-39.23062251252534,-48.74340249106446,6.0784587553491765,-38.910845086746704,-32.64187111037707,4.019125400418955,-39.23062251252534,-48.74340249106446,5.042357109701298,-31.409155413817267,-28.059024297347666,6.584069098091384,-48.03534100388283,-46.522343441487294,5.042357109701298,-31.409155413817267,-28.059024297347666,6.584069098091384,-48.03534100388283,-46.522343441487294
6.717296395413578,-39.07430152814437,-36.1621855714064,5.451428029998954,-39.05956310715986,-46.43939385592289,6.717296395413578,-39.07430152814437,-36.1621855714064,5.451428029998954,-39.05956310715986,-46.43939385592289,6.282014886810535,-29.406764326525035,-30.152265053416453,6.328551947550216,-50,-50,6.282014886810535,-29.406764326525035,-30.152265053416453,6.328551947550216,-50,-50
6.943078649231353,-38.91494893659218,-39.86476564708138,6.528788809321481,-38.90346522271648,-43.60950783213144,6.943078649231353,-38.91494893659218,-39.86476564708138,6.528788809321481,-38.90346522271648,-43.60950783213144,7.138076480810447,-28.246490493584524,-32.92922399841773,5.641711584229744,-50,-50,7.138076480810447,-28.246490493584524,-32.92922399841773,5.641711584229744,-50,-50
6.742297595546201,-38.75577133627741,-43.50862160058869,7.181437732851399,-39.280898230877106,-40.435540632959615,6.742297595546201,-38.75577133627741,-43.50862160058869,7.181437732851399,-39.280898230877106,-40.435540632959615,7.554876755096963,-28.02985170003479,-36.17700355504362,4.565240437699502,-50,-50,7.554876755096963,-28.02985170003479,-36.17700355504362,4.565240437699502,-50,-50
6.1269654036808445,-38.91939807015177,-46.85658587058571,7.367109182718508,-38.938000180906215,-37.12139277348164,6.1269654036808445,-38.91939807015177,-46.85658587058571,7.367109182718508,-38.938000180906215,-37.12139277348164,7.505313402584485,-28.77580268729156,-39.646610341350474,3.164482217876857,-50,-50,7.505313402584485,-28.77580268729156,-39.646610341350474,3.164482217876857,-50,-50
5.133895679016817,-39.0741820626542,-49.690749590336644,7.07377905489603,-39.01390519341292,-33.879970189132536,5.133895679016817,-39.0741820626542,-49.690749590336644,7.07377905489603,-39.01390519341292,-33.879970189132536,6.992609264722156,-30.41907671415618,-43.072044429487754,1.5244654358143195,-50,-50,6.992609264722156,-30.41907671415618,-43.072044429487754,1.5244654358143195,-50,-50
3.8225010078665873,-38.906399161003456,-50,6.320443441533029,-39.25645088462458,-30.9195068322647,3.8225010078665873,-38.906399161003456,-50,6.320443441533029,-39.25645088462458,-30.9195068322647,6.0501027672396335,-32.81589604930029,-46.19069242363805,-0.2552579778932892,-49.98701013358096,-50,6.0501027672396335,-32.81589604930029,-46.19069242363805,-0.2552579778932892,-49.98701013358096,-50
2.2712384684738995,-38.75612037526043,-50,5.1558884418851365,-38.85988151259579,-28.430187404056447,2.2712384684738995,-38.75612037526043,-50,5.1558884418851365,-38.85988151259579,-28.430187404056447,4.739080099472254,-35.756551757527106,-48.76346090701733,-2.0666556520548798,-47.75425777003794,-50,4.739080099472254,-35.756551757527106,-48.76346090701733,-2.0666556520548798,-47.75425777003794,-50
0.5729157632850118,-38.927938473553176,-50,3.6555307690264063,-39.14163152440165,-26.571929597963198,0.5729157632850118,-38.927938473553176,-50,3.6555307690264063,-39.14163152440165,-26.571929597963198,3.144790099124923,-38.98375211546342,-50,-3.79977253163073,-45.00862603338531,-50,3.144790099124923,-38.98375211546342,-50,-3.79977253163073,-45.00862603338531,-50
-1.1708612065207396,-39.073603701834735,-50,1.9165337550078398,-39.165705361136766,-25.464110742113036,-1.1708612065207396,-39.073603701834735,-50,1.9165337550078398,-39.165705361136766,-25.464110742113036,1.3709009733427437,-42.21513426796748,-50,-5.349405344803629,-41.916424722283494,-50,1.3709009733427437,-42.21513426796748,-50,-5.349405344803629,-41.916424722283494,-50
-2.8557671381419087,-38.89787428740305,-50,0.05151504251916024,-38.85212785571788,-25.1778988168731,-2.8557671381419087,-38.89787428740305,-50,0.05151504251916024,-38.85212785571788,-25.1778988168731,-0.46724069393757284,-45.167969475129574,-50,-6.621488628370985,-38.66495622350204,-47.680107412007416,-0.46724069393757284,-45.167969475129574,-50,-6.621488628370985,-38.66495622350204,-47.680107412007416
-4.3809988184661,-38.75692764091937,-49.161909262870054,-1.8187465463487673,-39.24262798825574,-25.731680514768726,-4.3809988184661,-38.75692764091937,-49.161909262870054,-1.8187465463487673,-39.24262798825574,-25.731680514768726,-2.2501103174246553,-47.58390037224316,-50,-7.538804668379221,-35.451170136714005,-43.5474874568342,-2.2501103174246553,-47.58390037224316,-50,-7.538804668379221,-35.451170136714005,-43.5474874568342
-5.655305898597146,-38.93644167093587,-46.206249174903505,-3.573132660239653,-39.03993379959506,-27.08988005118905,-5.655305898597146,-38.93644167093587,-46.206249174903505,-3.573132660239653,-39.03993379959506,-27.08988005118905,-3.8617773591359015,-49.251545864156505,-48.71868273287467,-8.045670752463913,-32.46973354341277,-39.28157061942544,-3.8617773591359015,-49.251545864156505,-48.71868273287467,-8.045670752463913,-32.46973354341277,-39.28157061942544
-6.602450147214002,-39.072568113373244,-42.77911698494304,-5.0980290566210105,-38.91741122568143,-29.16524460728916,-6.602450147214002,-39.072568113373244,-42.77911698494304,-5.0980290566210105,-38.91741122568143,-29.16524460728916,-5.197443675262581,-50,-46.13288707610411,-8.11131920935757,-29.90123953368098,-35.1401558694826,-5.197443675262581,-50,-46.13288707610411,-8.11131920935757,-29.90123953368098,-35.1401558694826
