-0.4666585561415677,-50,-49.28448611971321,1.2978860565992951,-32.25563780476821,-28.88852084963863,-0.4666585561415677,-50,-49.28448611971321,1.2978860565992951,-32.25563780476821,-28.88852084963863,-1.567888478390956,-48.41234007199161,-47.55697018348244,1.6953169905119596,-30.744851229166077,-29.94086518249386,-1.567888478390956,-48.41234007199161,-47.55697018348244,1.6953169905119596,-30.744851229166077,-29.94086518249386
0.9810453552761276,-50,-49.292974500749295,-0.14269632674566424,-32.08620714047872,-29.61726415652218,0.9810453552761276,-50,-49.292974500749295,-0.14269632674566424,-32.08620714047872,-29.61726415652218,-2.8509934356784146,-48.62451038461124,-47.824301355198045,3.127327831103738,-30.975750243830255,-30.365827832863992,-2.8509934356784146,-48.62451038461124,-47.824301355198045,3.127327831103738,-30.975750243830255,-30.365827832863992
2.456322868961364,-49.95145727802854,-49.146874857750554,-1.6510407610807274,-32.08962907785084,-30.44431342190254,2.456322868961364,-49.95145727802854,-49.146874857750554,-1.6510407610807274,-32.08962907785084,-30.44431342190254,-4.123599050094121,-48.66865301333918,-47.92280592298573,4.580480839506586,-31.35967531239002,-30.928372766362898,-4.123599050094121,-48.66865301333918,-47.92280592298573,4.580480839506586,-31.35967531239002,-30.928372766362898
3.939109275122453,-49.188476367541234,-48.84826241047659,-3.203772525595948,-32.26585092194247,-31.362003005488617,3.939109275122453,-49.188476367541234,-48.84826241047659,-3.203772525595948,-32.26585092194247,-31.362003005488617,-5.3721340965872635,-48.54406932512539,-47.85090348538655,6.035373283457948,-31.891731434876434,-31.622037676554015,-5.3721340965872635,-48.54406932512539,-47.85090348538655,6.035373283457948,-31.891731434876434,-31.622037676554015
5.409237738267973,-48.326164916646704,-48.40137869188624,-4.7768290317591005,-32.61215900536036,-32.36182715249514,5.409237738267973,-48.326164916646704,-48.40137869188624,-4.7768290317591005,-32.61215900536036,-32.36182715249514,-6.583284041646539,-48.25273107119058,-47.609747640856256,7.472579205472567,-32.5651349576125,-32.438853999600006,-6.583284041646539,-48.25273107119058,-47.609747640856256,7.472579205472567,-32.5651349576125,-32.438853999600006
6.846713578959051,-47.3737489232888,-47.81257130081022,-6.345832719768305,-33.12322047644332,-33.43451883061079,6.846713578959051,-47.3737489232888,-47.81257130081022,-6.345832719768305,-33.12322047644332,-33.43451883061079,-7.7441330311467516,-47.79924918067058,-47.20320747949991,8.872908801345542,-33.371300064008445,-33.36943845415288,-7.7441330311467516,-47.79924918067058,-47.20320747949991,8.872908801345542,-33.371300064008445,-33.36943845415288
8.231986214130142,-46.34141842725802,-47.090203739769755,-7.886468836095029,-33.79116542066865,-34.570135622990676,8.231986214130142,-46.34141842725802,-47.090203739769755,-7.886468836095029,-33.79116542066865,-34.570135622990676,-8.842301626628682,-47.190800784729326,-46.63780550761912,10.217664645498878,-34.29994824272464,-34.403100832991264,-8.842301626628682,-47.190800784729326,-46.63780550761912,10.217664645498878,-34.29994824272464,-34.403100832991264
9.546215057417506,-45.24021848544638,-46.2445366186172,-9.374862237722127,-34.60570805068125,-35.75815188115975,9.546215057417506,-45.24021848544638,-46.2445366186172,-9.374862237722127,-34.60570805068125,-35.75815188115975,-9.866078821175329,-46.437015626109485,-45.92261300100674,11.488891342009541,-35.33923933749568,-35.5279668081349,-9.866078821175329,-46.437015626109485,-45.92261300100674,11.488891342009541,-35.33923933749568,-35.5279668081349
10.771525763082241,-44.08193099914763,-45.28758191139884,-10.78794738376489,-35.554305098721734,-36.98755628369337,10.771525763082241,-44.08193099914763,-45.28758191139884,-10.78794738376489,-35.554305098721734,-36.98755628369337,-10.804546927050824,-45.54982365188493,-45.06910446593461,12.669615267938457,-36.475922507745565,-36.73111433869677,-10.804546927050824,-45.54982365188493,-45.06910446593461,12.669615267938457,-36.475922507745565,-36.73111433869677
11.891253328448078,-42.878948657750165,-44.23293233659583,-12.10382578073763,-36.62234897234381,-38.246953896436345,11.891253328448078,-42.878948657750165,-44.23293233659583,-12.10382578073763,-36.62234897234381,-38.246953896436345,-11.647698003284628,-44.54326620152193,-44.090973542853675,13.744071207869,-37.695505175263875,-37.99872211447054,-11.647698003284628,-44.54326620152193,-44.090973542853675,13.744071207869,-37.695505175263875,-37.99872211447054
12.890168748506529,-41.644142347517544,-43.095568284250064,-13.302105342158715,-37.79339269898641,-39.524671788298726,12.890168748506529,-41.644142347517544,-43.095568284250064,-13.302105342158715,-37.79339269898641,-39.524671788298726,-12.386540581602677,-43.43327377852314,-43.003913306436566,14.697912853594227,-38.982437802892136,-39.31622832998856,-12.386540581602677,-43.43327377852314,-43.003913306436566,14.697912853594227,-38.982437802892136,-39.31622832998856
13.754686140043086,-40.39072344406983,-41.89164503240918,-14.364216403458887,-39.049403195444285,-40.8088672237114,13.754686140043086,-40.39072344406983,-41.89164503240918,-14.364216403458887,-39.049403195444285,-40.8088672237114,-13.013195552566906,-42.23741392280005,-41.82536448681583,15.518404358327283,-40.32031214931445,-40.66849796511332,-13.013195552566906,-42.23741392280005,-41.82536448681583,15.518404358327283,-40.32031214931445,-40.66849796511332
14.473047518264964,-39.13210246191893,-40.63826327529803,-15.27369949492957,-40.37103896210132,-42.087637428941996,14.473047518264964,-39.13210246191893,-40.63826327529803,-15.27369949492957,-40.37103896210132,-42.087637428941996,-13.52098018938132,-40.97461317412778,-40.57423565154129,16.194590387772337,-41.69207047222485,-42.03999665050529,-13.52098018938132,-40.97461317412778,-40.57423565154129,16.194590387772337,-41.69207047222485,-42.03999665050529
15.035482712851076,-37.88174557338735,-39.35322622266658,-16.01646041311129,-41.7379479256703,-43.34912991488422,15.035482712851076,-37.88174557338735,-39.35322622266658,-16.01646041311129,-41.7379479256703,-43.34912991488422,-13.90447941332437,-39.664857527088756,-39.27059983764076,16.71744239750693,-43.080223012558946,-43.41496912066554,-13.90447941332437,-39.664857527088756,-39.27059983764076,16.71744239750693,-43.080223012558946,-43.41496912066554
15.434342248464528,-36.65303053203583,-38.05478672050901,-16.580988637796704,-43.12908084391266,-44.58165233377604,15.434342248464528,-36.65303053203583,-38.05478672050901,-16.580988637796704,-43.12908084391266,-44.58165233377604,-14.15960354082402,-38.32887611832113,-37.9353725010013,17.079979183556553,-44.46707098688638,-44.77762020455102,-14.15960354082402,-38.32887611832113,-37.9353725010013,17.079979183556553,-44.46707098688638,-44.77762020455102
15.664201382468434,-35.45910354209642,-36.761387985086735,-16.958535709853415,-44.523015446170604,-45.773780851621765,15.664201382468434,-35.45910354209642,-36.761387985086735,-16.958535709853415,-44.523015446170604,-45.773780851621765,-14.283631896353643,-36.987813152265645,-36.58997595003211,17.27736009655093,-45.83493224484229,-46.11229627460984,-14.283631896353643,-36.987813152265645,-36.58997595003211,17.27736009655093,-45.83493224484229,-46.11229627460984
15.721933884866083,-34.31273860528609,-35.49140163290561,-17.143250805556384,-45.89828631822151,-46.914466031850814,15.721933884866083,-34.31273860528609,-35.49140163290561,-17.143250805556384,-45.89828631822151,-46.914466031850814,-14.275241826055273,-35.66289325775028,-35.25599564741561,17.306949674851523,-47.16636671448653,-47.40366506981774,-14.275241826055273,-35.66289325775028,-35.25599564741561,17.306949674851523,-47.16636671448653,-47.40366506981774
15.606754557011515,-33.22620084987021,-34.26286672770593,-17.13227140644289,-47.233715451506654,-47.99313524881312,15.606754557011515,-33.22620084987021,-34.26286672770593,-17.13227140644289,-47.233715451506654,-47.99313524881312,-14.134522802685371,-34.37508557172062,-33.95483389422089,17.168352833658446,-48.44439876119351,-48.63689182697572,-14.134522802685371,-34.37508557172062,-33.95483389422089,17.168352833658446,-48.44439876119351,-48.63689182697572
15.320229910809077,-32.21111530423845,-33.09323355107853,-16.925767659584828,-48.50873836655583,-48.9997906818752,15.320229910809077,-32.21111530423845,-33.09323355107853,-16.925767659584828,-48.50873836655583,-48.9997906818752,-13.862975471466193,-33.14477186656892,-32.70736645265139,16.863420140246138,-49.65273362501873,-49.79780969693813,-13.862975471466193,-33.14477186656892,-32.70736645265139,16.863420140246138,-49.65273362501873,-49.79780969693813
14.86625686315806,-31.27834251900406,-31.999115736224844,-16.52693974083008,-49.70372078858273,-49.92510198184269,14.86625686315806,-31.27834251900406,-31.999115736224844,-16.52693974083008,-49.70372078858273,-49.92510198184269,-13.463495647017895,-31.991423973517676,-31.533607616550903,16.396223104892027,-50,-50,-13.463495647017895,-31.991423973517676,-31.533607616550903,16.396223104892027,-50,-50
14.251009735411474,-30.437862368364158,-30.996054285587654,-15.941968261874411,-50,-50,14.251009735411474,-30.437862368364158,-30.996054285587654,-15.941968261874411,-50,-50,-12.94034343203015,-30.933295607388036,-30.452389103256976,15.772999817417634,-50,-50,-12.94034343203015,-30.933295607388036,-30.452389103256976,15.772999817417634,-50,-50
13.482856278689965,-29.698667273947393,-30.098296824279156,-15.179918489702668,-50,-50,13.482856278689965,-29.698667273947393,-30.098296824279156,-15.179918489702668,-50,-50,-12.299097786995512,-29.98713347015589,-29.481057918641916,15.002071655211804,-50,-50,-12.299097786995512,-29.98713347015589,-29.481057918641916,15.002071655211804,-50,-50
12.572243867159838,-29.068665993562924,-29.318595224821493,-14.252599862704608,-50,-50,12.572243867159838,-29.068665993562924,-29.318595224821493,-14.252599862704608,-50,-50,-11.54659703547868,-29.16791220557932,-28.635198042776615,14.093732174863865,-50,-50,-11.54659703547868,-29.16791220557932,-28.635198042776615,14.093732174863865,-50,-50
11.531557407118767,-28.554599004229154,-28.668024477766245,-13.17438298053541,-50,-50,11.531557407118767,-28.554599004229154,-28.668024477766245,-13.17438298053541,-50,-50,-10.690865939380801,-28.48859739969622,-27.928380401476126,13.060109670943481,-50,-50,-10.690865939380801,-28.48859739969622,-27.928380401476126,13.060109670943481,-50,-50
10.374950894415779,-28.161966384811635,-28.1558253809799,-11.961976903817813,-50,-50,10.374950894415779,-28.161966384811635,-28.1558253809799,-11.961976903817813,-50,-50,-9.74103012187733,-27.959940378117075,-27.371945135168612,11.915005237064431,-50,-50,-9.74103012187733,-27.959940378117075,-27.371945135168612,11.915005237064431,-50,-50
9.118154911131388,-27.894968969864614,-27.789273282058737,-10.634170214858642,-50,-50,9.118154911131388,-27.894968969864614,-27.789273282058737,-10.634170214858642,-50,-50,-8.707218750633928,-27.59030804779877,-26.974819658353095,10.673708491467021,-50,-50,-8.707218750633928,-27.59030804779877,-26.974819658353095,10.673708491467021,-50,-50
7.778262679685132,-27.756463404279856,-27.573574738274203,-9.211539852145872,-50,-50,7.778262679685132,-27.756463404279856,-27.573574738274203,-9.211539852145872,-50,-50,-7.60045651909869,-27.38555047634619,-26.74337542868929,9.352793427580671,-50,-50,-7.60045651909869,-27.38555047634619,-26.74337542868929,9.352793427580671,-50,-50
6.3734975841703125,-27.74793157961983,-27.511793561905332,-7.716132230800088,-50,-50,6.3734975841703125,-27.74793157961983,-27.511793561905332,-7.716132230800088,-50,-50,-6.432546077795678,-27.348908304626917,-26.6813257237078,7.9698971154028,-50,-50,-6.432546077795678,-27.348908304626917,-26.6813257237078,7.9698971154028,-50,-50
4.922965320773275,-27.869464779140365,-27.6048073014207,-6.171121590637047,-50,-50,4.922965320773275,-27.869464779140365,-27.6048073014207,-6.171121590637047,-50,-50,-5.21594216938718,-27.480961458053756,-26.789666065205058,6.543484208508703,-50,-50,-5.21594216938718,-27.480961458053756,-26.789666065205058,6.543484208508703,-50,-50
3.446394048188603,-28.11976270113756,-27.851294776657262,-4.6004508664003705,-50,-50,3.446394048188603,-28.11976270113756,-27.851294776657262,-4.6004508664003705,-50,-50,-3.963618809744017,-27.779619968267276,-27.066658247150503,5.092600401032652,-50,-50,-3.963618809744017,-27.779619968267276,-27.066658247150503,5.092600401032652,-50,-50
1.9638660721495063,-28.49614737106834,-28.247754845048135,-3.0284606455763363,-50,-50,1.9638660721495063,-28.49614737106834,-28.247754845048135,-3.0284606455763363,-50,-50,-2.6889309314215586,-28.240157050481066,-27.507858223361325,3.6366181265021202,-50,-50,-2.6889309314215586,-28.240157050481066,-27.507858223361325,3.6366181265021202,-50,-50
0.4955447133338535,-28.99459179359676,-28.788556132341228,-1.4795119638086,-50,-50,0.4955447133338535,-28.99459179359676,-28.788556132341228,-1.4795119638086,-50,-50,-1.4054719649927496,-28.855283912983673,-28.10618740751655,2.194977893995214,-50,-50,-1.4054719649927496,-28.855283912983673,-28.10618740751655,2.194977893995214,-50,-50
-0.9385999265844132,-29.609763038013632,-29.46601702142658,0.022391216570964545,-50,-50,-0.9385999265844132,-29.609763038013632,-29.46601702142658,0.022391216570964545,-50,-50,-0.12692887700839672,-29.615265114808338,-28.852046241577277,0.7869287153424387,-50,-50,-0.12692887700839672,-29.615265114808338,-28.852046241577277,0.7869287153424387,-50,-50
-2.319062570982875,-30.335079296052086,-30.27051476310001,1.4539739944682966,-50,-50,-2.319062570982875,-30.335079296052086,-30.27051476310001,1.4539739944682966,-50,-50,1.133063789521719,-30.50807264583679,-29.733468210528013,-0.5687289107696083,-50,-50,1.133063789521719,-30.50807264583679,-29.733468210528013,-0.5687289107696083,-50,-50
-3.627068052422741,-31.162780301629187,-31.190622158938446,2.7930512197360313,-50,-50,-3.627068052422741,-31.162780301629187,-31.190622158938446,2.7930512197360313,-50,-50,2.361069315596712,-31.519576290754344,-30.73631183243577,-1.8538940260749772,-50,-50,2.361069315596712,-31.519576290754344,-30.73631183243577,-1.8538940260749772,-50,-50
-4.844826666833036,-32.084010359082235,-32.21326987482428,4.018871295079075,-49.189856212119835,-49.66355804756943,-4.844826666833036,-32.084010359082235,-32.21326987482428,4.018871295079075,-49.189856212119835,-49.66355804756943,3.543992097072425,-32.63376726401927,-31.84448754354972,-3.0514068996291073,-50,-50,3.543992097072425,-32.63376726401927,-31.84448754354972,-3.0514068996291073,-50,-50
-5.955776124767997,-33.08891309156843,-33.32393207959478,5.11243776227999,-47.9573676417541,-48.71354680213005,-5.955776124767997,-33.08891309156843,-33.32393207959478,5.11243776227999,-47.9573676417541,-48.71354680213005,4.669217297817927,-33.83301157643825,-33.040215838310274,-4.145278147291345,-49.25138372527794,-49.499939722137974,4.669217297817927,-33.83301157643825,-33.040215838310274,-4.145278147291345,-49.25138372527794,-49.499939722137974
-6.944806809047185,-34.1667368959007,-34.506832771979255,6.05680368914207,-46.65332922131226,-47.68484452143378,-6.944806809047185,-34.1667368959007,-34.506832771979255,6.05680368914207,-46.65332922131226,-47.68484452143378,5.724745375901943,-35.09832912338574,-34.304312522684654,-5.120902224548892,-48.01761599607696,-48.31865420113532,5.724745375901943,-35.09832912338574,-34.304312522684654,-5.120902224548892,-48.01761599607696,-48.31865420113532
-7.798467275131486,-35.305949975542774,-35.745169865127124,6.837334295053985,-45.297822039829406,-46.586985899459016,-7.798467275131486,-35.305949975542774,-35.745169865127124,6.837334295053985,-45.297822039829406,-46.586985899459016,6.699320048205102,-36.409694077616294,-35.616496504241134,-5.96525244209205,-46.71959251460923,-47.06871558811959,6.699320048205102,-36.409694077616294,-35.616496504241134,-5.96525244209205,-46.71959251460923,-47.06871558811959
-8.505147199299614,-36.49436372100852,-37.021353845799204,7.4419337452836185,-43.91171976174084,-45.43014661695277,-8.505147199299614,-36.49436372100852,-37.021353845799204,7.4419337452836185,-43.91171976174084,-45.43014661695277,7.582548328827578,-37.746351832436524,-36.95571518079643,-6.66705490026119,-45.373862929287,-45.764482711805094,7.582548328827578,-37.746351832436524,-36.95571518079643,-6.66705490026119,-45.373862929287,-45.764482711805094
-9.055235286413867,-37.719263117600214,-38.31725761827344,7.861232599384049,-42.51636719009967,-44.225049026482786,-9.055235286413867,-37.719263117600214,-38.31725761827344,7.861232599384049,-42.51636719009967,-44.225049026482786,8.365011361187413,-39.087147479065706,-38.300482207119806,-7.21693901996497,-43.99758513579888,-44.420938113157874,8.365011361187413,-39.087147479065706,-38.300482207119806,-7.21693901996497,-43.99758513579888,-44.420938113157874
-9.441249989629378,-38.96754278523432,-39.6144739841474,8.088733008835113,-41.133251574658075,-42.98286277057329,-9.441249989629378,-38.96754278523432,-39.6144739841474,8.088733008835113,-41.133251574658075,-42.98286277057329,9.038364861882265,-40.410860619465744,-39.62922222058505,-7.6075626601567485,-42.608306515933116,-43.05351593155175,9.038364861882265,-40.410860619465744,-39.62922222058505,-7.6075626601567485,-42.608306515933116,-43.05351593155175
-9.65794126417593,-40.225847194844164,-40.89457710075848,8.120909413801794,-39.783671726389784,-41.71510125406117,-9.65794126417593,-40.225847194844164,-40.89457710075848,8.120909413801794,-39.783671726389784,-41.71510125406117,9.59542810516868,-41.696541215651195,-40.9206169950122,-7.833710151280576,-41.22374021050313,-41.6779246031302,9.59542810516868,-41.696541215651195,-40.9206169950122,-7.833710151280576,-41.22374021050313,-41.6779246031302
-9.70236197129635,-41.48071356116373,-42.13938420442969,7.957263178517858,-38.4884100338105,-40.43351493023531,-9.70236197129635,-41.48071356116373,-42.13938420442969,7.957263178517858,-38.4884100338105,-40.43351493023531,10.030260499117357,-42.92384116008643,-42.153947469027486,-7.892361935728436,-39.861539278861734,-40.30996640814922,10.030260499117357,-42.92384116008643,-42.153947469027486,-7.892361935728436,-39.861539278861734,-40.30996640814922
-9.57390796120265,-42.71871588306148,-43.3312138809876,7.600330318613603,-37.26741243176746,-39.1499823898541,-9.57390796120265,-42.71871588306148,-43.3312138809876,7.600330318613603,-37.26741243176746,-39.1499823898541,10.33822493682667,-44.073336319497635,-43.30942616145832,-7.782734885458222,-38.53907162444526,-38.96535594027408,10.33822493682667,-44.073336319497635,-43.30942616145832,-7.782734885458222,-38.53907162444526,-38.96535594027408
-9.2743262898963,-43.926608590315084,-44.453137215041835,7.055642200637845,-36.13948125090821,-37.87640026249978,-9.2743262898963,-43.926608590315084,-44.453137215041835,7.055642200637845,-36.13948125090821,-37.87640026249978,10.51603724710919,-45.126833955202436,-44.3685146405109,-7.506292758445056,-37.27319855602957,-37.65953958318684,10.51603724710919,-45.126833955202436,-44.3685146405109,-7.506292758445056,-37.27319855602957,-37.65953958318684
-8.80769145809862,-45.09146825992936,-45.489218250666575,6.3316398228111055,-35.121985677687064,-36.62457295073713,-8.80769145809862,-45.09146825992936,-45.489218250666575,6.3316398228111055,-35.121985677687064,-36.62457295073713,10.561801217303037,-46.06766065450138,-45.31422095327329,-7.0667266543498215,-36.08005980799906,-36.40751806829023,10.561801217303037,-46.06766065450138,-45.31422095327329,-7.0667266543498215,-36.08005980799906,-36.40751806829023
-8.180349995456995,-46.200831885753104,-46.424740347947036,5.439543005396075,-34.23059428358043,-35.40610321909333,-8.180349995456995,-46.200831885753104,-46.424740347947036,5.439543005396075,-34.23059428358043,-35.40610321909333,10.475028814720243,-46.88092621612167,-46.13137224360286,-6.4699057303639105,-34.97486776061507,-35.2236741518987,10.475028814720243,-46.88092621612167,-46.13137224360286,-6.4699057303639105,-34.97486776061507,-35.2236741518987
-7.400834143716745,-47.24283022202807,-47.24641522019074,4.39317651783389,-33.47903374233469,-34.232284651952455,-7.400834143716745,-47.24283022202807,-47.24641522019074,4.39317651783389,-33.47903374233469,-34.232284651952455,10.256645391088252,-47.5537593132719,-46.80685818453276,-5.72379883528013,-33.97171348393478,-34.12160739149684,10.256645391088252,-47.5537593132719,-46.80685818453276,-5.72379883528013,-33.97171348393478,-34.12160739149684
-6.479745812822333,-48.206314774207414,-47.942571682609966,3.2087558371435216,-32.87887745079724,-33.11399697713651,-6.479745812822333,-48.206314774207414,-47.942571682609966,3.2087558371435216,-32.87887745079724,-33.11399697713651,9.908979814483635,-48.07551120453448,-47.329841319582265,-4.83836810814431,-33.08338707830566,-33.11397791909397,9.908979814483635,-48.07551120453448,-47.329841319582265,-4.83836810814431,-33.08338707830566,-33.11397791909397
-5.429612388218517,-49.08097707835026,-48.5033214314625,1.9046358576730018,-32.43936730839097,-32.06160522538304,-5.429612388218517,-49.08097707835026,-48.5033214314625,1.9046358576730018,-32.43936730839097,-32.06160522538304,9.435739633992352,-48.43792426852055,-47.69193093826755,-3.825435962175371,-32.32121460207708,-32.2123610063483,9.435739633992352,-48.43792426852055,-47.69193093826755,-3.825435962175371,-32.32121460207708,-32.2123610063483
-4.264716350463536,-49.857458992904384,-48.920699498900845,0.5010264464320704,-32.16727139967776,-31.084863660376136,-4.264716350463536,-49.857458992904384,-48.920699498900845,0.5010264464320704,-32.16727139967776,-31.084863660376136,8.841971541943755,-48.63526269493617,-47.88731769616433,-2.6985272300060217,-31.69491366567015,-31.4271140921622,8.841971541943755,-48.63526269493617,-47.88731769616433,-2.6985272300060217,-31.69491366567015,-31.4271140921622
-3.0009010244357457,-50,-49.18877738848926,-0.9803207479722769,-32.06677977157899,-30.192825369771082,-3.0009010244357457,-50,-49.18877738848926,-0.9803207479722769,-32.06677977157899,-30.192825369771082,8.134007555353877,-48.66440326364911,-47.91286681968621,-1.4726885779461334,-31.21246953317796,-30.76725780028616,8.134007555353877,-48.66440326364911,-47.91286681968621,-1.4726885779461334,-31.21246953317796,-30.76725780028616
-1.6553551000675837,-50,-49.30374728439622,-2.516449379294742,-32.13943991019593,-29.39375835518265,-1.6553551000675837,-50,-49.30374728439622,-2.516449379294742,-32.13943991019593,-29.39375835518265,7.319397490505985,-48.52488477502117,-47.76816840020665,-0.16428760047851565,-30.880033311175733,-30.240372313756716,7.319397490505985,-48.52488477502117,-47.76816840020665,-0.16428760047851565,-30.880033311175733,-30.240372313756716
-0.24637885526160108,-50,-49.26397613814298,-4.083554156735666,-32.38413291083221,-28.695068898870836,-0.24637885526160108,-50,-49.26397613814298,-4.083554156735666,-32.38413291083221,-28.695068898870836,6.406828450767755,-48.21891534918593,-47.455543970608744,1.2092057224903305,-30.701843522827236,-29.85251029658021,6.406828450767755,-48.21891534918593,-47.455543970608744,1.2092057224903305,-30.701843522827236,-29.85251029658021
1.2068647394948235,-50,-49.07002886465248,-5.6573497540666935,-32.79709070818008,-28.10323291741217,1.2068647394948235,-50,-49.07002886465248,-5.6573497540666935,-32.79709070818008,-28.10323291741217,5.406032186237107,-47.75133747874846,-46.980009258748964,2.6294522876066218,-30.680172067208453,-29.608127362985556,5.406032186237107,-47.75133747874846,-46.980009258748964,2.6294522876066218,-30.680172067208453,-29.608127362985556
2.6846106496811237,-50,-48.72466031811881,-7.21344715783559,-33.37195410134002,-27.62373593861629,2.6846106496811237,-50,-48.72466031811881,-7.21344715783559,-33.37195410134002,-27.62373593861629,4.327681313144939,-47.12955138800801,-46.349193715416106,4.07748873472146,-30.81529525285776,-29.51003089298937,4.327681313144939,-47.12955138800801,-46.349193715416106,4.07748873472146,-30.81529525285776,-29.51003089298937
4.166760593747765,-50,-48.232776161673016,-8.727731622405905,-34.099870680137556,-27.261022258021548,4.166760593747765,-50,-48.232776161673016,-8.727731622405905,-34.099870680137556,-27.261022258021548,3.1832754997441324,-46.36339791167585,-45.57321810787413,5.533980648720048,-31.105490274874747,-29.559347782261163,3.1832754997441324,-46.36339791167585,-45.57321810787413,5.533980648720048,-31.105490274874747,-29.559347782261163
5.633156392491447,-50,-47.601363186657956,-10.176736374684943,-34.96963114475465,-27.018453746220764,5.633156392491447,-50,-47.601363186657956,-10.176736374684943,-34.96963114475465,-27.018453746220764,1.9850188324124143,-45.46500274673416,-44.664532142870826,6.9794807157362735,-31.547057180481673,-29.755511496766054,1.9850188324124143,-45.46500274673416,-44.664532142870826,6.9794807157362735,-31.547057180481673,-29.755511496766054
7.063854133076379,-50,-46.839390071267054,-11.538006277261243,-35.967841919468874,-26.898278688818266,7.063854133076379,-50,-46.839390071267054,-11.538006277261243,-35.967841919468874,-26.898278688818266,0.7456896697526396,-44.44858454241819,-43.63771472427915,8.394688386809605,-32.134366042992156,-30.096268580896545,0.7456896697526396,-44.44858454241819,-43.63771472427915,8.394688386809605,-32.134366042992156,-30.096268580896545
8.43939541889706,-50,-45.95767998818506,-12.790445814286176,-37.079131402394424,-26.90161094782998,8.43939541889706,-50,-45.95767998818506,-12.790445814286176,-37.079131402394424,-26.90161094782998,-0.521495627417683,-43.330229865627985,-42.50924005002586,9.760707581913387,-32.859928742720236,-30.577704544330253,-0.521495627417683,-43.330229865627985,-42.50924005002586,9.760707581913387,-32.859928742720236,-30.577704544330253
9.741072016112433,-50,-44.968756870729734,-13.91464600738394,-38.28638667515362,-27.028419637672645,9.741072016112433,-50,-44.968756870729734,-13.91464600738394,-38.28638667515362,-27.028419637672645,-1.8030236369871089,-42.12763860332911,-41.29721330103446,11.05929899344902,-33.714494439635814,-31.194288830235138,-1.8030236369871089,-42.12763860332911,-41.29721330103446,11.05929899344902,-33.714494439635814,-31.194288830235138
10.951180297490685,-50,-43.88666752115168,-14.893185195394109,-39.57101702734996,-27.27752941143187,10.951180297490685,-50,-43.88666752115168,-14.893185195394109,-39.57101702734996,-27.27752941143187,-3.085227984369677,-40.85984383138761,-40.02108016277334,12.273123620409159,-34.687167520500566,-31.93893834824417,-3.085227984369677,-40.85984383138761,-40.02108016277334,12.273123620409159,-34.687167520500566,-31.93893834824417
12.053262022967056,-49.74622671727803,-42.72678208789083,-15.710899016781864,-40.91324023778871,-27.64663135475567,12.053262022967056,-49.74622671727803,-42.72678208789083,-15.710899016781864,-40.91324023778871,-27.64663135475567,-4.354435082428625,-39.546910583396674,-38.701314839828406,13.385974281502916,-35.765546516666355,-32.80309884235632,-4.354435082428625,-39.546910583396674,-38.701314839828406,13.385974281502916,-35.765546516666355,-32.80309884235632
13.032328182146362,-48.9542757142045,-41.50557574583874,-16.35511541081472,-42.29238720395629,-28.132304386401714,13.032328182146362,-48.9542757142045,-41.50557574583874,-16.35511541081472,-42.29238720395629,-28.132304386401714,-5.597109948315535,-38.20961828699682,-37.35909156897575,14.382992016042358,-36.935882221361894,-33.77684315903992,-5.597109948315535,-38.20961828699682,-37.35909156897575,14.382992016042358,-36.935882221361894,-33.77684315903992
13.875062854350247,-48.06549991820501,-40.24039468065047,-16.81585099570738,-43.68722022872203,-28.730046967083865,13.875062854350247,-48.06549991820501,-40.24039468065047,-16.81585099570738,-43.68722022872203,-28.730046967083865,-6.8000005422162735,-36.86913189368103,-36.015944900979285,15.250864483171132,-38.183252990476255,-34.84898528667071,-6.8000005422162735,-36.86913189368103,-36.015944900979285,15.250864483171132,-38.183252990476255,-34.84898528667071
14.570004313583226,-47.08940847317173,-38.9492097010979,-17.08596578047441,-45.07626006291635,-29.43431882271931,14.570004313583226,-47.08940847317173,-38.9492097010979,-17.08596578047441,-45.07626006291635,-29.43431882271931,-7.950279088756894,-35.546666907021645,-34.69342420153205,15.978003710376795,-39.49175499178712,-36.007208856262416,-7.950279088756894,-35.546666907021645,-34.69342420153205,15.978003710376795,-39.49175499178712,-36.007208856262416
15.107700915275121,-46.03644472605961,-37.65036097918894,-17.161273812930865,-46.438116667606,-30.238592295357755,15.107700915275121,-46.03644472605961,-37.65036097918894,-17.161273812930865,-46.438116667606,-30.238592295357755,-9.035678874000729,-34.2631536108236,-33.41274791450782,16.55470081796018,-40.84470497697398,-37.238208627321335,-9.035678874000729,-34.2631536108236,-33.41274791450782,16.55470081796018,-40.84470497697398,-37.238208627321335
15.480839644641362,-44.91787449197027,-36.36229754379958,-17.04060804913549,-47.75181860260706,-31.135412845838104,15.480839644641362,-44.91787449197027,-36.36229754379958,-17.04060804913549,-47.75181860260706,-31.135412845838104,-10.044625059216278,-33.03890581137126,-32.19446313450247,16.97325565355582,-42.224852991089094,-38.52784333348768,-10.044625059216278,-33.03890581137126,-32.19446313450247,16.97325565355582,-42.224852991089094,-38.52784333348768
15.68434557832189,-43.74566551952752,-35.10331522808791,-16.72583843899881,-48.99713596893132,-32.11646814739409,15.68434557832189,-43.74566551952752,-35.10331522808791,-16.72583843899881,-48.99713596893132,-32.11646814739409,-10.966358116401619,-31.89329933649268,-31.058115950463836,17.228079605802556,-43.61460230748207,-39.86129813213076,-10.966358116401619,-31.89329933649268,-31.058115950463836,17.228079605802556,-43.61460230748207,-39.86129813213076
15.715450906557313,-42.53235944616219,-33.891296792921416,-16.221842947784545,-50,-33.1726651298034,15.715450906557313,-42.53235944616219,-33.891296792921416,-16.221842947784545,-50,-33.1726651298034,-11.791048569233379,-30.8444653797467,-30.02193784939672,17.315770224379648,-44.99623378401317,-41.223254791737006,-11.791048569233379,-30.8444653797467,-30.02193784939672,17.315770224379648,-44.99623378401317,-41.223254791737006
15.57373257715696,-41.290937613275325,-32.743457917640946,-15.536431962582268,-50,-34.29421425998424,15.57373257715696,-41.290937613275325,-32.743457917640946,-15.536431962582268,-50,-34.29421425998424,-12.509901815828742,-29.909003543089103,-29.102553211463864,17.235156650069683,-46.35213178005668,-42.59806766204165,-12.509901815828742,-29.909003543089103,-29.102553211463864,17.235156650069683,-46.35213178005668,-42.59806766204165
15.26111804927695,-40.03468217694385,-31.676102666143894,-14.68022725521978,-50,-35.47072027787094,15.26111804927695,-40.03468217694385,-31.676102666143894,-14.68022725521978,-50,-35.47072027787094,-13.115251915477131,-29.101719119610774,-28.31471258941385,16.98731524825885,-47.665008753872044,-43.969943405425305,-13.115251915477131,-29.101719119610774,-28.31471258941385,16.98731524825885,-47.665008753872044,-43.969943405425305
14.781859078753325,-38.777034000165116,-30.70439190168067,-13.666497377319082,-50,-36.691278546568256,14.781859078753325,-38.777034000165116,-30.70439190168067,-13.666497377319082,-50,-36.691278546568256,-13.60064333918841,-28.43538877430108,-27.671056051585417,16.575555237133464,-48.91812567674556,-45.32312242488744,-13.60064333918841,-28.43538877430108,-27.671056051585417,16.575555237133464,-48.91812567674556,-45.32312242488744
14.142473891526219,-37.531448847072895,-29.842127939832995,-12.51095203836909,-50,-37.94457612374756,14.142473891526219,-37.531448847072895,-29.842127939832995,-12.51095203836909,-50,-37.94457612374756,-13.960899812259475,-27.920558331341276,-27.181910385398645,16.005374502467483,-50,-46.64205990442031,-13.960899812259475,-27.920558331341276,-27.181910385398645,16.005374502467483,-50,-46.64205990442031
13.35165853163334,-36.31125341772361,-29.101558498493297,-11.231498653325133,-50,-39.218996617488195,13.35165853163334,-36.31125341772361,-29.101558498493297,-11.231498653325133,-50,-39.218996617488195,-14.19217951471352,-27.565375868292037,-26.85512341498847,15.284386188969027,-50,-47.91160438205911,-14.19217951471352,-27.565375868292037,-26.85512341498847,15.284386188969027,-50,-47.91160438205911
12.420168589496038,-35.12950276375852,-28.493202729567024,-9.847964832502171,-50,-40.50272785469048,12.420168589496038,-35.12950276375852,-28.493202729567024,-9.847964832502171,-50,-40.50272785469048,-14.292016050947586,-27.37546275874673,-26.69593809117841,14.422217048349944,-50,-49.11717180422733,-14.292016050947586,-27.37546275874673,-26.69593809117841,14.422217048349944,-50,-49.11717180422733
11.360672919068584,-33.998840610472406,-28.02570180346801,-8.381791114318816,-50,-41.78387136411843,11.360672919068584,-33.998840610472406,-28.02570180346801,-8.381791114318816,-50,-41.78387136411843,-14.259344751683003,-27.353824704422344,-26.706908373887728,13.430378901391494,-50,-50,-14.259344751683003,-27.353824704422344,-26.706908373887728,13.430378901391494,-50,-50
10.187581333389836,-32.93136407972368,-27.70569616872555,-6.855698702593823,-50,-43.05055265931082,10.187581333389836,-32.93136407972368,-27.70569616872555,-6.855698702593823,-50,-43.05055265931082,-14.09451402773142,-27.500804164758307,-26.88785825654955,12.322114930265117,-50,-50,-14.09451402773142,-27.500804164758307,-26.88785825654955,12.322114930265117,-50,-50
8.916848621987473,-31.93849426103587,-27.53773123012486,-5.293337357449728,-50,-44.291031299185235,8.916848621987473,-31.93849426103587,-27.53773123012486,-5.293337357449728,-50,-44.291031299185235,-13.79928165449843,-27.814074936906632,-27.235884589949777,11.112222853437903,-50,-50,-13.79928165449843,-27.814074936906632,-27.235884589949777,11.112222853437903,-50,-50
7.565757555621923,-31.03085401566893,-27.524192785141913,-3.718918896436828,-50,-45.49380970622109,7.565757555621923,-31.03085401566893,-27.524192785141913,-3.718918896436828,-50,-45.49380970622109,-13.37679602684733,-28.28867897189438,-27.74540366018139,9.816857344160072,-50,-50,-13.37679602684733,-28.28867897189438,-27.74540366018139,9.816857344160072,-50,-50
6.152683829643625,-30.218154321053117,-27.665273135742453,-2.1568419854873913,-50,-46.64773973362206,6.152683829643625,-30.218154321053117,-27.665273135742453,-2.1568419854873913,-50,-46.64773973362206,-12.831562584223486,-28.917104844279315,-28.40824077342009,8.453314330674058,-50,-50,-12.831562584223486,-28.917104844279315,-28.40824077342009,8.453314330674058,-50,-50
4.696846142882416,-29.5090903716031,-27.958968356897984,-0.6313140342924295,-50,-47.742125993723285,4.696846142882416,-29.5090903716031,-27.958968356897984,-0.6313140342924295,-50,-47.742125993723285,-12.169395764085985,-29.68940663338143,-29.213761410228436,7.039800058204019,-50,-50,-12.169395764085985,-29.68940663338143,-29.213761410228436,7.039800058204019,-50,-50
3.2180448111553295,-28.911248547544826,-28.401106760617097,0.834023944435553,-50,-48.76682498992716,3.2180448111553295,-28.911248547544826,-28.401106760617097,0.834023944435553,-50,-48.76682498992716,-11.397356996021081,-30.59336133459038,-30.14904184515671,5.595187996246553,-50,-50,-11.397356996021081,-30.59336133459038,-30.14904184515671,5.595187996246553,-50,-50
1.736392470414146,-28.431025247109815,-28.98540815118507,2.216463698280668,-50,-49.712339133347044,1.736392470414146,-28.431025247109815,-28.98540815118507,2.216463698280668,-50,-49.712339133347044,-10.52367939777608,-31.614662309443915,-31.19907649422956,4.138766836976106,-50,-50,-10.52367939777608,-31.614662309443915,-31.19907649422956,4.138766836976106,-50,-50
0.2720405321414088,-28.073558450522953,-29.703573029942007,3.4945816435128894,-49.88730116659181,-50,0.2720405321414088,-28.073558450522953,-29.703573029942007,3.4945816435128894,-49.88730116659181,-50,-9.557679976264467,-32.73714571279711,-32.34701866364772,2.6899829495303207,-50,-50,-9.557679976264467,-32.73714571279711,-32.34701866364772,2.6899829495303207,-50,-50
-1.155094888625733,-27.842672747991056,-30.545400482522425,4.648570865045771,-48.70695552526823,-50,-1.155094888625733,-27.842672747991056,-30.545400482522425,4.648570865045771,-48.70695552526823,-50,-8.509660269841717,-33.94304631348277,-33.574450837146756,1.2681807289672578,-50,-50,-8.509660269841717,-33.94304631348277,-33.574450837146756,1.2681807289672578,-50,-50
-2.5256038450904663,-27.740838419845684,-31.49893307406936,5.660548062979771,-47.44351701428222,-50,-2.5256038450904663,-27.740838419845684,-31.49893307406936,5.660548062979771,-47.44351701428222,-50,-7.3907964914149735,-35.21327865966091,-34.861680165538736,-0.1076556932028856,-50,-50,-7.3907964914149735,-35.21327865966091,-34.861680165538736,-0.1076556932028856,-50,-50
-3.8208465462824037,-27.76914500664797,-32.550626694311205,6.514830688999501,-46.116441518392826,-50,-3.8208465462824037,-27.76914500664797,-32.550626694311205,6.514830688999501,-46.116441518392826,-50,-6.213020343914267,-36.52773913893209,-36.18805441761965,-1.4191559281896557,-50,-50,-6.213020343914267,-36.52773913893209,-36.18805441761965,-1.4191559281896557,-50,-50
-5.023206870036001,-27.927289652032776,-33.685542939998015,7.1981799778590965,-44.74616487811786,-50,-5.023206870036001,-27.927289652032776,-33.685542939998015,7.1981799778590965,-44.74616487811786,-50,-4.988891779123669,-37.865624152593064,-37.53229332334527,-2.6488086143025464,-50,-50,-4.988891779123669,-37.865624152593064,-37.53229332334527,-2.6488086143025464,-50,-50
-6.116331953423831,-28.21358034301381,-34.88756130207023,7.700006107712081,-43.353788195069576,-50,-6.116331953423831,-28.21358034301381,-34.88756130207023,7.700006107712081,-43.353788195069576,-50,-3.7314650567884833,-39.20575936838037,-38.872829993225,-3.780195231463793,-50,-50,-3.7314650567884833,-39.20575936838037,-38.872829993225,-3.780195231463793,-50,-50
-7.085354602063356,-28.62495401308115,-36.139608143623654,8.012532309928273,-41.96075289283208,-50,-7.085354602063356,-28.62495401308115,-36.139608143623654,8.012532309928273,-41.96075289283208,-50,-2.45414953236057,-40.52693484071028,-40.18815693622117,-4.798209323924198,-49.9719519846165,-50,-2.45414953236057,-40.52693484071028,-40.18815693622117,-4.798209323924198,-49.9719519846165,-50
-7.91709549338902,-29.157009314403652,-37.42389921623557,8.130915385198346,-40.58851053716815,-50,-7.91709549338902,-29.157009314403652,-37.42389921623557,8.130915385198346,-40.58851053716815,-50,-1.170566657958762,-41.80824069456082,-41.45717112466306,-5.689258204085608,-48.785614255246536,-50,-1.170566657958762,-41.80824069456082,-41.45717112466306,-5.689258204085608,-48.785614255246536,-50
-8.600242423797447,-29.80405370850121,-38.72219226991633,8.053320758295268,-39.25819250004487,-50,-8.600242423797447,-29.80405370850121,-38.72219226991633,8.053320758295268,-39.25819250004487,-50,0.10559527849605033,-43.029398060220835,-42.6595125699746,-6.441444444247972,-47.52522888513301,-50,0.10559527849605033,-43.029398060220835,-42.6595125699746,-6.441444444247972,-47.52522888513301,-50
-9.12550416179042,-30.559164371557312,-40.01604616857913,7.780950908373621,-37.99028455437333,-50,-9.12550416179042,-30.559164371557312,-40.01604616857913,7.780950908373621,-37.99028455437333,-50,1.3607271268910637,-44.17108002129436,-43.77589097712669,-7.044724732973961,-46.20686564114656,-50,1.3607271268910637,-44.17108002129436,-43.77589097712669,-7.044724732973961,-46.20686564114656,-50
-9.485736814615752,-31.414262262736415,-41.28708283051583,7.31802673422418,-36.80431141042753,-50,-9.485736814615752,-31.414262262736415,-41.28708283051583,7.31802673422418,-36.80431141042753,-50,2.581444004596463,-45.21521749640585,-44.788395236989736,-7.4910439749957565,-44.8473335013075,-49.03005380056196,2.581444004596463,-45.21521749640585,-44.788395236989736,-7.4910439749957565,-44.8473335013075,-49.03005380056196
-9.676040989739228,-32.36019856303856,-42.517248273239474,6.671722143265306,-35.71853605181549,-50,-9.676040989739228,-32.36019856303856,-42.517248273239474,6.671722143265306,-35.71853605181549,-50,3.7547280345236844,-46.14528521350205,-45.68078079110899,-7.774442844140191,-43.463966342265756,-47.81924331271093,3.7547280345236844,-46.14528521350205,-45.68078079110899,-7.774442844140191,-43.463966342265756,-47.81924331271093
-9.693828429690255,-33.386852559869084,-43.689069054776226,5.852052877941448,-34.74967850097416,-50,-9.693828429690255,-33.386852559869084,-43.689069054776226,5.852052877941448,-34.74967850097416,-50,4.868067169390908,-46.94656325071506,-46.4387302584395,-7.891137353208583,-42.07440193439782,-46.54551677891475,4.868067169390908,-46.94656325071506,-46.4387302584395,-7.891137353208583,-42.07440193439782,-46.54551677891475
-9.538857214004889,-34.48323993004174,-44.785900468878616,4.871721302379372,-33.91265834496151,-50,-9.538857214004889,-34.48323993004174,-44.785900468878616,4.871721302379372,-33.91265834496151,-50,5.909588621756352,-47.60637000445257,-47.05008314256078,-7.839569378381302,-40.69635706228056,-45.223506294651685,5.909588621756352,-47.60637000445257,-47.05008314256078,-7.839569378381302,-40.69635706228056,-45.223506294651685
-9.213235049497577,-35.63763026267962,-45.79216296876066,3.7459195546334136,-33.22036498643131,-50,-9.213235049497577,-35.63763026267962,-45.79216296876066,3.7459195546334136,-33.22036498643131,-50,6.868185476904886,-48.114262897594244,-47.50503093396205,-7.620427463537153,-39.34740163774991,-43.86839862341909,6.868185476904886,-48.114262897594244,-47.50503093396205,-7.620427463537153,-39.34740163774991,-43.86839862341909
-8.721390604111791,-36.83767256461861,-46.69356346115905,2.492094115057718,-32.68345915773095,-49.87746152785637,-8.721390604111791,-36.83767256461861,-46.69356346115905,2.492094115057718,-32.68345915773095,-49.87746152785637,7.733635138372337,-48.46220365124181,-47.79627447718859,-7.2366376267049475,-38.04473468556979,-42.49576073685704,7.733635138372337,-48.46220365124181,-47.79627447718859,-7.2366376267049475,-38.04473468556979,-42.49576073685704
-8.07001327422736,-38.070527405512806,-47.477298327428606,1.1296754392745845,-32.31020875463755,-48.94754137690241,-8.07001327422736,-38.070527405512806,-47.477298327428606,1.1296754392745845,-32.31020875463755,-48.94754137690241,8.496708342989557,-48.64468550431302,-47.91914107806019,-6.693324291401073,-36.80496505786169,-41.12136098718269,8.496708342989557,-48.64468550431302,-47.91914107806019,-6.693324291401073,-36.80496505786169,-41.12136098718269
-7.267962204627439,-39.323004288801684,-48.13223528793195,-0.3202231543997174,-32.106361517753996,-47.936761374013585,-7.267962204627439,-39.323004288801684,-48.13223528793195,-0.3202231543997174,-32.106361517753996,-47.936761374013585,9.149267582896465,-48.65882036751057,-47.87165947210013,-5.997741864503945,-35.64389967317975,-39.760987966239774,9.149267582896465,-48.65882036751057,-47.87165947210013,-5.997741864503945,-35.64389967317975,-39.760987966239774
-6.3261457985109715,-40.58170277878652,-48.6490715264962,-1.8351326767486698,-32.075056522163706,-46.854490097628826,-6.3261457985109715,-40.58170277878652,-48.6490715264962,-1.8351326767486698,-32.075056522163706,-46.854490097628826,9.684353884941087,-48.504384532304385,-47.654591451385855,-5.159177874248789,-34.57634198013248,-38.4302691320425,9.684353884941087,-48.504384532304385,-47.654591451385855,-5.159177874248789,-34.57634198013248,-38.4302691320425
-5.257373356291252,-41.833155873877054,-49.02046582891482,-3.391576668197675,-32.21677583832858,-45.71075875465378,-5.257373356291252,-41.833155873877054,-49.02046582891482,-3.391576668197675,-32.21677583832858,-45.71075875465378,10.096261022037512,-48.18382221150395,-47.27141964240194,-4.188828961659553,-33.61590321513613,-37.144491286365096,10.096261022037512,-48.18382221150395,-47.27141964240194,-4.188828961659553,-33.61590321513613,-37.144491286365096
-4.07618086098674,-43.063974092036155,-49.241142858580744,-4.965435012062371,-32.529337108611536,-44.516168204592056,-4.07618086098674,-43.063974092036155,-49.241142858580744,-4.965435012062371,-32.529337108611536,-44.516168204592056,10.380596365083482,-47.702206855385256,-46.72829163098679,-3.0996513812003723,-32.774828860734345,-35.91842496566308,10.380596365083482,-47.702206855385256,-46.72829163098679,-3.0996513812003723,-32.774828860734345,-35.91842496566308
-2.798633279633573,-44.260988726831606,-49.3079680881053,-6.532317722511307,-33.00792715373882,-43.2817907037593,-2.798633279633573,-44.260988726831606,-49.3079680881053,-6.532317722511307,-33.00792715373882,-43.2817907037593,10.5343277265052,-47.067160855610894,-46.033921330829074,-1.9061880067860235,-32.063842517116754,-34.76615476265809,10.5343277265052,-47.067160855610894,-46.033921330829074,-1.9061880067860235,-32.063842517116754,-34.76615476265809
-1.4421060695454342,-45.41139274137673,-49.21999232258352,-8.067942914674632,-33.64517609169094,-42.01906728027911,-1.4421060695454342,-45.41139274137673,-49.21999232258352,-8.067942914674632,-33.64517609169094,-42.01906728027911,10.555815695883918,-46.28873490776715,-45.19944917795192,-0.6243741529945108,-31.492009177468926,-33.7009175277884,10.555815695883918,-46.28873490776715,-45.19944917795192,-0.6243741529945108,-31.492009177468926,-33.7009175277884
-0.025048861074847384,-46.502877792715196,-48.97846518209135,-9.548513099518374,-34.4312708276542,-40.73970169105779,-0.025048861074847384,-46.502877792715196,-48.97846518209135,-9.548513099518374,-34.4312708276542,-40.73970169105779,10.444831122833202,-45.379248941813515,-44.23826339421635,0.728675195811336,-31.066619650360124,-32.73495030920685,10.444831122833202,-45.379248941813515,-44.23826339421635,0.728675195811336,-31.066619650360124,-32.73495030920685
1.4332654690600408,-47.523765920605456,-48.586817351907314,-10.951083972066522,-35.354106167383236,-39.455551943614736,1.4332654690600408,-47.523765920605456,-48.586817351907314,-10.951083972066522,-35.354106167383236,-39.455551943614736,10.202557560687238,-44.353097137993736,-43.16578518748167,2.1348939075029403,-30.793097602782943,-31.87934977813463,10.202557560687238,-44.353097137993736,-43.16578518748167,2.1348939075029403,-30.793097602782943,-31.87934977813463
2.913002921121742,-48.46313449174712,-48.05061185257907,-12.253919977882248,-36.39947122695671,-38.17852038821599,2.913002921121742,-48.46313449174712,-48.05061185257907,-12.253919977882248,-36.39947122695671,-38.17852038821599,9.831578644940398,-43.226520114167315,-41.999221334658735,3.575505924082412,-30.67493040903001,-31.14394475443981,9.831578644940398,-43.226520114167315,-41.999221334658735,3.575505924082412,-30.67493040903001,-31.14394475443981
4.394038127328202,-49.31093306265268,-47.377465022001644,-13.43683114761647,-37.55126826837368,-36.92044339900978,4.394038127328202,-49.31093306265268,-47.377465022001644,-13.43683114761647,-37.55126826837368,-36.92044339900978,9.335850541035994,-42.01734789008878,-40.75728811719898,5.031275962623372,-30.713624687077264,-30.53718329681977,9.335850541035994,-42.01734789008878,-40.75728811719898,5.031275962623372,-30.713624687077264,-30.53718329681977
5.85622806961802,-50,-46.576938331888925,-14.481485979719476,-38.7917605911072,-35.69298166667254,5.85622806961802,-50,-46.576938331888925,-14.481485979719476,-38.7917605911072,-35.69298166667254,8.720659755324366,-40.74471769666732,-39.45991103818193,6.482766347856757,-30.908687089380297,-30.066035654652914,8.720659755324366,-40.74471769666732,-39.45991103818193,6.482766347856757,-30.908687089380297,-30.066035654652914
7.2796860374703956,-50,-45.660402575292274,-15.371695522591544,-40.10184566229497,-34.50751211940561,7.2796860374703956,-50,-45.660402575292274,-15.371695522591544,-40.10184566229497,-34.50751211940561,7.99256675909964,-39.428771096360734,-38.12790513872239,7.9105965471314486,-31.25763059299795,-29.73591419637284,7.99256675909964,-39.428771096360734,-38.12790513872239,7.9105965471314486,-31.25763059299795,-29.73591419637284
8.645052099780427,-50,-44.64087635426608,-16.093664253768907,-41.46134927959325,-33.375022474030466,8.645052099780427,-50,-44.64087635426608,-16.093664253768907,-41.46134927959325,-33.375022474030466,7.159336026915241,-38.09033520829461,-36.782641042682,9.295701942397823,-31.756006208845506,-29.55061123419791,7.159336026915241,-38.09033520829461,-36.782641042682,9.295701942397823,-31.756006208845506,-29.55061123419791
9.933756412199823,-50,-43.53284116182355,-16.636203868285747,-42.84933623683436,-32.30600939455282,9.933756412199823,-50,-43.53284116182355,-16.636203868285747,-42.84933623683436,-32.30600939455282,6.229853235258565,-36.750593083267674,-35.4457020876441,10.619588384048491,-32.397459705788144,-29.512255459462587,6.229853235258565,-36.750593083267674,-35.4457020876441,10.619588384048491,-32.397459705788144,-29.512255459462587
11.128271778796917,-50,-42.352035684784944,-16.990906663147342,-44.244432708499865,-31.31038120212928,11.128271778796917,-50,-42.352035684784944,-16.990906663147342,-44.244432708499865,-31.31038120212928,5.214030504588259,-35.430748445526014,-34.138538043122274,11.86457912777312,-33.173812626347924,-29.621287489005077,5.214030504588259,-35.430748445526014,-34.138538043122274,11.86457912777312,-33.173812626347924,-29.621287489005077
12.21235203303676,-50,-41.115232249269056,-17.15227583098551,-45.62515538856069,-30.397366038185396,12.21235203303676,-50,-41.115232249269056,-17.15227583098551,-45.62515538856069,-30.397366038185396,4.122700695244955,-34.15169010734448,-32.882120971726955,13.014050857286232,-34.07516656108867,-29.876454803525426,4.122700695244955,-34.15169010734448,-32.882120971726955,13.014050857286232,-34.07516656108867,-29.876454803525426
13.171252995949374,-50,-39.8399985842276,-17.11781064374393,-46.97024231522455,-29.57542633188963,13.171252995949374,-50,-39.8399985842276,-17.11781064374393,-46.97024231522455,-29.57542633188963,2.9675018844770182,-32.93366136763175,-31.696608754633473,14.052655641515065,-35.09002935218028,-30.274826136060167,2.9675018844770182,-32.93366136763175,-31.696608754633473,14.052655641515065,-35.09002935218028,-30.274826136060167
13.991933006314186,-50,-38.54444828696653,-16.888045206306796,-48.25898028716948,-28.85218036475579,13.991933006314186,-50,-38.54444828696653,-16.888045206306796,-48.25898028716948,-28.85218036475579,1.7607532565327007,-31.795939626895166,-30.6010216797288,14.96652586263931,-36.20546161707736,-30.811825145284217,1.7607532565327007,-31.795939626895166,-30.6010216797288,14.96652586263931,-36.20546161707736,-30.811825145284217
14.66323029552357,-50,-37.24698353507691,-16.466540179508343,-49.47152382932979,-28.234331659364816,14.66323029552357,-50,-37.24698353507691,-16.466540179508343,-49.47152382932979,-28.234331659364816,0.5153237293423856,-30.7565312892096,-29.612937281237834,15.74345937875051,-37.40724172414099,-31.48128298681364,0.5153237293423856,-30.7565312892096,-29.612937281237834,15.74345937875051,-37.40724172414099,-31.48128298681364
15.176014794714522,-50,-35.96603369933106,-15.85982760079116,-50,-27.727606846678277,15.176014794714522,-50,-35.96603369933106,-15.85982760079116,-50,-27.727606846678277,-0.7555052812279641,-29.831886779891754,-28.748208326803915,16.373082448809896,-38.6800471167866,-32.27550917858963,-0.7555052812279641,-29.831886779891754,-28.748208326803915,16.373082448809896,-38.6800471167866,-32.27550917858963
15.523312309495498,-50,-34.719793570322956,-15.077309657624197,-50,-27.336702587830167,15.523312309495498,-50,-34.719793570322956,-15.077309657624197,-50,-27.336702587830167,-2.0381814960525917,-29.036640189215422,-28.02070847662253,16.84698824450409,-40.00764967430344,-33.18537994626891,-2.0381814960525917,-29.036640189215422,-28.02070847662253,16.84698824450409,-40.00764967430344,-33.18537994626891
15.700399373413028,-50,-33.5259649171183,-14.131112982382659,-50,-27.065242042361326,15.700399373413028,-50,-33.5259649171183,-14.131112982382659,-50,-27.065242042361326,-3.3190262959414376,-28.38337766275396,-27.442109695257745,17.158849099566456,-41.37312261849845,-34.20044303374129,-3.3190262959414376,-28.38337766275396,-27.442109695257745,17.158849099566456,-41.37312261849845,-34.20044303374129
15.704867490091065,-49.53256573409972,-32.40150504885131,-13.035900726672754,-50,-26.91574128637737,15.704867490091065,-49.53256573409972,-32.40150504885131,-13.035900726672754,-50,-26.91574128637737,-4.584380592141816,-27.882438203971297,-27.021694987333188,17.304500997792957,-42.75905632815444,-35.30903777475049,-4.584380592141816,-27.882438203971297,-27.021694987333188,17.304500997792957,-42.75905632815444,-35.30903777475049
15.536655890309156,-48.71232302424567,-31.36238595073445,-11.808645327374354,-50,-26.889585991889128,15.536655890309156,-48.71232302424567,-31.36238595073445,-11.808645327374354,-50,-26.889585991889128,-5.8207504885650945,-27.541750041703082,-26.7662094615549,17.281999171654988,-44.14778030967446,-36.49842904628008,-5.8207504885650945,-27.541750041703082,-26.7662094615549,17.281999171654988,-44.14778030967446,-36.49842904628008
15.198052358502375,-47.79784420913501,-30.423367415747,-10.46836548583185,-50,-26.98701858348683,15.198052358502375,-47.79784420913501,-30.423367415747,-10.46836548583185,-50,-26.98701858348683,-7.0149511823780655,-27.366705152294408,-26.679752112586286,17.091644069147677,-45.521588493818435,-37.7549535648981,-7.0149511823780655,-27.366705152294408,-26.679752112586286,17.091644069147677,-45.521588493818435,-37.7549535648981
14.693662117442111,-46.79891343306866,-29.597787394471553,-9.035831436210668,-50,-27.20713599138844,14.693662117442111,-46.79891343306866,-29.597787394471553,-9.035831436210668,-50,-27.20713599138844,-8.15424756838561,-27.360073922296827,-26.76371005702017,16.735977342159984,-46.8629649860321,-39.06417684546246,-8.15424756838561,-27.360073922296827,-26.76371005702017,16.735977342159984,-46.8629649860321,-39.06417684546246
14.030345194285779,-45.72621840438739,-28.89737254097879,-7.533243070457504,-50,-27.54789802168845,14.030345194285779,-45.72621840438739,-28.89737254097879,-7.533243070457504,-50,-27.54789802168845,-9.226490047781112,-27.521961302334525,-27.016736278562234,16.21974790993065,-48.15480739205691,-40.41105901910383,-9.226490047781112,-27.521961302334525,-27.016736278562234,16.21974790993065,-48.15480739205691,-40.41105901910383
13.217123119856998,-44.59123604609705,-28.3320716457932,-5.9838859079419695,-50,-28.00614626622609,13.217123119856998,-44.59123604609705,-28.3320716457932,-5.9838859079419695,-50,-28.00614626622609,-10.220244092984306,-27.84980514608015,-27.434771239480785,15.549848550716112,-49.380644871473244,-41.780127605631385,-10.220244092984306,-27.84980514608015,-27.434771239480785,15.549848550716112,-49.380644871473244,-41.780127605631385
12.265056230104918,-43.40610970256935,-27.90991432188124,-4.411770241196921,-50,-28.577633376803707,12.265056230104918,-43.40610970256935,-27.90991432188124,-4.411770241196921,-50,-28.577633376803707,-11.12491218686975,-28.338416760628768,-28.01110801158996,14.735223868308644,-50,-43.15565525561585,-11.12491218686975,-28.338416760628768,-28.01110801158996,14.735223868308644,-50,-43.15565525561585
11.187093238520994,-42.18351921610174,-27.63689695090592,-2.8412590498937123,-50,-29.257062432422693,11.187093238520994,-42.18351921610174,-27.63689695090592,-2.8412590498937123,-50,-29.257062432422693,-11.930846836011932,-28.98006302649059,-28.73649988180885,13.786750862250482,-50,-44.5218404203153,-11.930846836011932,-28.98006302649059,-28.73649988180885,13.786750862250482,-50,-44.5218404203153
9.99789512542369,-40.93654526340632,-27.516897509783114,-1.2966904492465887,-50,-30.038136034655054,9.99789512542369,-40.93654526340632,-27.516897509783114,-1.2966904492465887,-50,-30.038136034655054,-12.629453452758632,-29.764588787512274,-29.59930870587924,12.717093696389778,-50,-45.86298887397527,-12.629453452758632,-29.764588787512274,-29.59930870587924,12.717093696389778,-50,-45.86298887397527
8.713635739328105,-39.67852940351226,-27.55162048735516,0.1979994762600148,-50,-30.9136146761023,8.713635739328105,-39.67852940351226,-27.55162048735516,0.1979994762600148,-50,-30.9136146761023,-13.21328200898606,-30.679577573695646,-30.58569163006356,11.54053460493164,-50,-47.163694003242085,-13.21328200898606,-30.679577573695646,-30.58569163006356,11.54053460493164,-50,-47.163694003242085
7.351781822349006,-38.42293133444935,-27.740572673592986,1.6196476088984904,-50,-31.87538384094445,7.351781822349006,-38.42293133444935,-27.740572673592986,1.6196476088984904,-50,-31.87538384094445,-13.676106484128333,-31.710548113198854,-31.67982318507162,10.272783193754249,-50,-48.40901379259239,-13.676106484128333,-31.710548113198854,-31.67982318507162,10.272783193754249,-50,-48.40901379259239
5.930855451430777,-37.18318488594525,-28.081070165220343,2.946222755107276,-50,-32.91452921564612,5.930855451430777,-37.18318488594525,-28.081070165220343,2.946222755107276,-50,-32.91452921564612,-14.012991260237461,-32.84118352337924,-32.86414918895367,8.930766683228928,-50,-49.58464247263588,-14.012991260237461,-32.84118352337924,-32.86414918895367,8.930766683228928,-50,-49.58464247263588
4.470182126354636,-35.972554288891146,-28.568276488251257,4.157167061540552,-49.42658370694246,-34.02141931271794,4.470182126354636,-35.972554288891146,-28.568276488251257,4.157167061540552,-49.42658370694246,-34.02141931271794,-14.220343756029065,-34.0535895535355,-34.11966838535733,7.532403893256351,-50,-50,-14.220343756029065,-34.0535895535355,-34.11966838535733,7.532403893256351,-50,-50
2.989627930685321,-34.80399225937073,-29.195271295942806,5.233714598855562,-48.21076005758304,-35.185794741720805,2.989627930685321,-34.80399225937073,-29.195271295942806,5.233714598855562,-48.21076005758304,-35.185794741720805,-14.295952738617338,-35.328577792213274,-35.42623729856051,6.0963659883063945,-50,-50,-14.295952738617338,-35.328577792213274,-35.42623729856051,6.0963659883063945,-50,-50
1.50932934043592,-33.69000141563232,-29.953148666368108,6.1591821761639665,-46.91948452920167,-36.39686330009046,1.50932934043592,-33.69000141563232,-29.953148666368108,6.1591821761639665,-46.91948452920167,-36.39686330009046,-14.239011904378488,-36.645969356831365,-36.76289341420445,4.641827177032551,-50,-50,-14.239011904378488,-36.645969356831365,-36.76289341420445,4.641827177032551,-50,-50
0.049419355223708994,-32.64250051072402,-30.8311436033766,6.919227879413638,-45.57264167308741,-37.643400002418105,0.049419355223708994,-32.64250051072402,-30.8311436033766,6.919227879413638,-45.57264167308741,-37.643400002418105,-14.050128477473152,-37.98491425921788,-38.108191500634106,3.1882086951598145,-50,-50,-14.050128477473152,-37.98491425921788,-38.108191500634106,3.1882086951598145,-50,-50
-1.3702463232928244,-31.672696911989547,-31.81678494410492,7.502073327147496,-44.19097173039116,-38.91385112104835,-1.3702463232928244,-31.672696911989547,-31.81678494410492,7.502073327147496,-44.19097173039116,-38.91385112104835,-13.731316734332204,-39.32422139254664,-39.44054767492636,1.7549194900272842,-50,-50,-13.731316734332204,-39.32422139254664,-39.44054767492636,1.7549194900272842,-50,-50
-2.7303593415486462,-30.79096669178485,-32.89607250111798,7.898686199355611,-42.79575124994875,-40.19644127367881,-2.7303593415486462,-30.79096669178485,-32.89607250111798,7.898686199355611,-42.79575124994875,-40.19644127367881,-13.28597652316154,-40.6426939170636,-40.73858569343078,0.3610970692071591,-50,-50,-13.28597652316154,-40.6426939170636,-40.73858569343078,0.3610970692071591,-50,-50
-4.012421299926067,-30.00674361234311,-34.05367592302927,8.102920210782107,-41.40846544741957,-41.47928256540089,-4.012421299926067,-30.00674361234311,-34.05367592302927,8.102920210782107,-41.40846544741957,-41.47928256540089,-12.718857007536705,-41.91946473654653,-41.98147991095859,-0.9746480265685085,-50,-50,-12.718857007536705,-41.91946473654653,-41.98147991095859,-0.9746480265685085,-50,-50
-5.198995342720872,-29.328418192555063,-35.27315244895552,8.111610359529346,-40.05047735113241,-42.75048477358275,-5.198995342720872,-29.328418192555063,-35.27315244895552,8.111610359529346,-40.05047735113241,-42.75048477358275,-12.036006020729868,-43.13432675600597,-43.14928940620201,-2.2344807143356427,-50,-50,-12.036006020729868,-43.13432675600597,-43.14928940620201,-2.2344807143356427,-50,-50
-6.273943310438234,-28.763247936564646,-36.53718046379188,7.924621974897359,-38.74269882951271,-43.998265554326565,-6.273943310438234,-28.763247936564646,-36.53718046379188,7.924621974897359,-38.74269882951271,-43.998265554326565,-11.244705570861388,-44.26805269373115,-44.22327791269628,-3.401579505789149,-50,-50,-11.244705570861388,-44.26805269373115,-44.22327791269628,-3.401579505789149,-50,-50
-7.222645228996374,-28.317279684657088,-37.82780553685482,7.544852804367412,-37.50526856599132,-45.21105964903435,-7.222645228996374,-28.317279684657088,-37.82780553685482,7.544852804367412,-37.50526856599132,-45.21105964903435,-10.353394184656487,-45.3026993861049,-45.18621442237055,-4.46036111049531,-50,-50,-10.353394184656487,-45.3026993861049,-45.18621442237055,-4.46036111049531,-50,-50
-8.032198150646098,-27.99528491721904,-39.12669544912661,6.978188107387739,-36.35724194030775,-46.377626078883786,-8.032198150646098,-27.99528491721904,-39.12669544912661,6.978188107387739,-36.35724194030775,-46.377626078883786,-9.371576917943585,-46.22189176904031,-46.0226496388221,-5.39668850648758,-50,-50,-9.371576917943585,-46.22189176904031,-46.0226496388221,-5.39668850648758,-50,-50
-8.691591642242978,-27.800708703963117,-40.41540058665748,6.233409451870308,-35.31629759177477,-47.48715233366383,-8.691591642242978,-27.800708703963117,-40.41540058665748,6.233409451870308,-35.31629759177477,-47.48715233366383,-8.309723992552968,-47.01108204154436,-46.71916384491407,-6.198059700053301,-49.52554263338609,-50,-8.309723992552968,-47.01108204154436,-46.71916384491407,-6.198059700053301,-49.52554263338609,-50
-9.191857534120853,-27.735632844616745,-41.675616001462494,5.322058626773689,-34.39846518318129,-48.52935458927998,-9.191857534120853,-27.735632844616745,-41.675616001462494,5.322058626773689,-34.39846518318129,-48.52935458927998,-7.179159140564718,-47.657779909699066,-47.264582207923276,-6.853774654360997,-48.308887080449324,-50,-7.179159140564718,-47.657779909699066,-47.264582207923276,-6.853774654360997,-48.308887080449324,-50
-9.526191892886755,-27.80075359543848,-42.88944141756211,4.258258779710342,-33.61787855753935,-49.4945730250462,-9.526191892886755,-27.80075359543848,-42.88944141756211,4.258258779710342,-33.61787855753935,-49.4945730250462,-5.991938846617269,-48.15175026705316,-47.650154067895585,-7.355078158069935,-47.024262102798424,-50,-5.991938846617269,-48.15175026705316,-47.650154067895585,-7.355078158069935,-47.024262102798424,-50
-9.690047559230134,-27.995374219869216,-44.039635489005704,3.058495551397785,-32.986558088852874,-50,-9.690047559230134,-27.995374219869216,-44.039635489005704,3.058495551397785,-32.986558088852874,-50,-4.760723776050652,-48.48517518279188,-47.86969333271651,-7.695276726317534,-45.688046519480764,-50,-4.760723776050652,-48.48517518279188,-47.86969333271651,-7.695276726317534,-45.688046519480764,-50
-9.681195992173166,-28.317412443019805,-45.10986069836015,1.7413615986997746,-32.51422557852171,-50,-9.681195992173166,-28.317412443019805,-45.10986069836015,1.7413615986997746,-32.51422557852171,-50,-3.4986437599919666,-48.65277763394339,-47.91967772740718,-7.869827973203883,-44.31727692376531,-50,-3.4986437599919666,-48.65277763394339,-47.91967772740718,-7.869827973203883,-44.31727692376531,-50
-9.499757578641397,-28.76342273023851,-46.08491541709239,0.3272684653676814,-32.20815454782058,-50,-9.499757578641397,-28.76342273023851,-46.08491541709239,0.3272684653676814,-32.20815454782058,-50,-2.2191577771979603,-48.65190502334678,-47.79930530529582,-7.876401262457463,-42.92943046856147,-50,-2.2191577771979603,-48.65190502334678,-47.79930530529582,-7.876401262457463,-42.92943046856147,-50
-9.148199996125207,-29.328633151396673,-46.95094983162656,-1.1618697343958755,-32.07305823182155,-50,-9.148199996125207,-29.328633151396673,-46.95094983162656,-1.1618697343958755,-32.07305823182155,-50,-0.9359104258261953,-48.48257116156614,-47.51050731440263,-7.71490882646486,-41.54220203474667,-49.71428716669131,-0.9359104258261953,-48.48257116156614,-47.51050731440263,-7.71490882646486,-41.54220203474667,-49.71428716669131
-8.631304650700958,-30.00699643647597,-47.69566266803308,-2.7029759176153223,-32.11101699955929,-50,-8.631304650700958,-30.00699643647597,-47.69566266803308,-2.7029759176153223,-32.11101699955929,-50,0.3374135842617827,-48.14745604831458,-47.057917212610874,-7.3875069381580225,-40.17327862350172,-48.547523287101484,0.3374135842617827,-48.14745604831458,-47.057917212610874,-7.3875069381580225,-40.17327862350172,-48.547523287101484
-7.956101646876018,-30.791254676206115,-48.308475921043524,-4.272167656675829,-32.32144631810697,-50,-7.956101646876018,-30.791254676206115,-48.308475921043524,-4.272167656675829,-32.32144631810697,-50,1.5872353669541561,-47.65186345684768,-46.44879632874259,-6.8985671201119025,-38.84011384909734,-47.309477152778776,1.5872353669541561,-47.65186345684768,-46.44879632874259,-6.8985671201119025,-38.84011384909734,-47.309477152778776
-7.131774173709131,-31.673016975511235,-48.780685105516824,-5.8451272838333015,-32.701105753889074,-50,-7.131774173709131,-31.673016975511235,-48.780685105516824,-5.8451272838333015,-32.701105753889074,-50,2.800226666824173,-47.00363699262623,-45.692917362228556,-6.254617775273163,-37.55970540734372,-46.01437097607673,2.800226666824173,-47.00363699262623,-45.692917362228556,-6.254617775273163,-37.55970540734372,-46.01437097607673
-6.169533607615209,-32.6428492289391,-49.10558289616331,-7.397478740613847,-33.24414887261852,-50,-6.169533607615209,-32.6428492289391,-49.10558289616331,-7.397478740613847,-33.24414887261852,-50,3.9634519933092855,-46.21303595476425,-44.80240759049665,-5.464257018676028,-36.34837835694714,-44.67708245383928,3.9634519933092855,-46.21303595476425,-44.80240759049665,-5.464257018676028,-36.34837835694714,-44.67708245383928
-5.082467030536035,-33.69037505755296,-49.27855439933123,-8.905165332090824,-33.94221326944116,-50,-5.082467030536035,-33.69037505755296,-49.27855439933123,-8.905165332090824,-33.94221326944116,-50,5.064506566396089,-45.29257296496886,-43.791554299650116,-4.538037874029914,-35.221576976905475,-43.31297385796725,5.064506566396089,-45.29257296496886,-43.791554299650116,-4.538037874029914,-35.221576976905475,-43.31297385796725
-3.8853592373260986,-34.804386827346676,-49.29714270360134,-10.34482253200446,-34.78454934289966,-50,-3.8853592373260986,-34.804386827346676,-49.29714270360134,-10.34482253200446,-34.78454934289966,-50,6.091648602742408,-44.25681593377281,-42.67657556009446,-3.4883273680526905,-34.19366785375465,-41.93771555936679,6.091648602742408,-44.25681593377281,-42.67657556009446,-3.4883273680526905,-34.19366785375465,-41.93771555936679
-2.594491653166372,-35.97296556138114,-49.161083778100426,-11.69414006138669,-35.75818582970653,-50,-2.594491653166372,-35.97296556138114,-49.161083778100426,-11.69414006138669,-35.75818582970653,-50,7.033924531519542,-43.12215749828528,-41.47536002477519,-2.3291414039443685,-33.27775670925549,-40.5671060125714,7.033924531519542,-43.12215749828528,-41.47536002477519,-2.3291414039443685,-33.27775670925549,-40.5671060125714
-1.2274208958561106,-37.18360846268408,-48.872310222832695,-12.932207629580208,-36.84812955123072,-50,-1.2274208958561106,-37.18360846268408,-48.872310222832695,-12.932207629580208,-36.84812955123072,-50,7.881285804658495,-41.906555580504964,-40.207179924688035,-1.0759576187975979,-32.4855213039712,-39.21689026898741,7.881285804658495,-41.906555580504964,-40.207179924688035,-1.0759576187975979,-32.4855213039712,-39.21689026898741
0.19726000532328714,-38.4233626835267,-48.43492381775903,-14.0398389797251,-38.03759629577108,-50,0.19726000532328714,-38.4233626835267,-48.43492381775903,-14.0398389797251,-38.03759629577108,-50,8.62469605582008,-40.629249172306594,-38.89238186634483,0.2544912762977516,-31.827062547170446,-37.902579103614215,8.62469605582008,-40.629249172306594,-38.89238186634483,0.2544912762977516,-31.827062547170446,-37.902579103614215
1.6601744865981014,-39.67896390986043,-47.85513726054087,-14.99986921699985,-39.30826928122447,-50,1.6601744865981014,-39.67896390986043,-47.85513726054087,-14.99986921699985,-39.30826928122447,-50,9.256227465333113,-39.31045384529257,-37.552060392022284,1.6444409140993588,-31.31077571141467,-36.63927083304452,9.256227465333113,-39.31045384529257,-37.552060392022284,1.6444409140993588,-31.31077571141467,-36.63927083304452
3.1414259832578417,-40.93697827817756,-47.14118592051388,-15.797420811939316,-40.64058121804221,-50,3.1414259832578417,-40.93697827817756,-47.14118592051388,-15.797420811939316,-40.64058121804221,-50,9.76914530345255,-37.971041804590044,-36.20771954017324,3.0753324638957853,-30.943243393811315,-35.441477871633424,9.76914530345255,-37.971041804590044,-36.20771954017324,3.0753324638957853,-30.943243393811315,-35.441477871633424
4.6208685355537735,-42.18394610640685,-46.30321086235017,-16.420134156592642,-42.01401562894397,-50,4.6208685355537735,-42.18394610640685,-46.30321086235017,-16.420134156592642,-42.01401562894397,-50,10.157979750357631,-36.632211550292745,-34.88092783590585,4.528060431993808,-30.72915158866009,-34.3229600182935,10.157979750357631,-36.632211550292745,-34.88092783590585,4.528060431993808,-30.72915158866009,-34.3229600182935
6.078380786527678,-43.40652590104578,-45.35311480095774,-16.858359100606524,-43.40742278531984,-49.17693595476103,6.078380786527678,-43.40652590104578,-45.35311480095774,-16.858359100606524,-43.40742278531984,-49.17693595476103,10.418584226993026,-35.31515237472356,-33.59297224684254,5.983227761337213,-30.671229941575206,-33.29656638905545,10.418584226993026,-35.31515237472356,-33.59297224684254,5.983227761337213,-30.671229941575206,-33.29656638905545
7.494139645227327,-44.591637099775596,-44.30439303365327,-17.105304499010956,-44.79934539516779,-48.18461119419634,7.494139645227327,-44.591637099775596,-44.30439303365327,-17.105304499010956,-44.79934539516779,-48.18461119419634,10.548179614705143,-34.040709005425846,-32.36451665627057,7.42140482412686,-30.770216946820216,-32.37408781121452,10.548179614705143,-34.040709005425846,-32.36451665627057,7.42140482412686,-30.770216946820216,-32.37408781121452
8.848889893314858,-45.72660002233535,-43.17194175107206,-17.157143454174587,-46.168349027247054,-47.11849792386788,8.848889893314858,-45.72660002233535,-43.17194175107206,-17.157143454174587,-46.168349027247054,-47.11849792386788,10.545383892110245,-32.82905170148534,-31.215270333020868,8.82338884933031,-31.024850531592058,-31.566121374702913,10.545383892110245,-32.82905170148534,-31.215270333020868,8.82338884933031,-31.024850531592058,-31.566121374702913
10.12420606824789,-46.79927153229909,-41.97184644959295,-17.013072621001662,-47.49335218319517,-45.9884775875807,10.12420606824789,-46.79927153229909,-41.97184644959295,-17.013072621001662,-47.49335218319517,-45.9884775875807,10.410226873142893,-31.699357024475805,-30.16367171712477,10.170460321163493,-31.431884147300888,-30.881948696671984,10.410226873142893,-31.699357024475805,-30.16367171712477,10.170460321163493,-31.431884147300888,-30.881948696671984
11.302743061255148,-47.79817495829121,-40.72115345069863,-16.675324656321507,-48.753950934777194,-44.80502396214868,11.302743061255148,-47.79817495829121,-40.72115345069863,-16.675324656321507,-48.753950934777194,-44.80502396214868,10.14414988911645,-30.66950433637752,-29.226592594572743,11.444632925070923,-31.986128162689806,-30.32942929773545,10.14414988911645,-30.66950433637752,-29.226592594572743,11.444632925070923,-31.986128162689806,-30.32942929773545
12.368472021815933,-48.71262288459341,-39.43762777264128,-16.149133619543104,-49.93073312712766,-43.5791060794947,12.368472021815933,-48.71262288459341,-39.43762777264128,-16.149133619543104,-49.93073312712766,-43.5791060794947,9.749990418186083,-29.75579282791132,-28.419067407378023,12.628893703884973,-32.68051603102955,-29.914910314727127,9.749990418186083,-29.75579282791132,-28.419067407378023,12.628893703884973,-32.68051603102955,-29.914910314727127
13.306898360192394,-49.53283149738871,-38.13950079363936,-15.442653860758783,-50,-42.32208655839878,13.306898360192394,-49.53283149738871,-38.13950079363936,-15.442653860758783,-50,-42.32208655839878,9.231951826127759,-28.972683555801545,-27.754052041878147,13.707430217561475,-33.506194387761866,-29.643153587159635,9.231951826127759,-28.972683555801545,-27.754052041878147,13.707430217561475,-33.506194387761866,-29.643153587159635
14.105258883042472,-50,-36.84521129083161,-14.566833653283023,-50,-41.0456162882227,14.105258883042472,-50,-36.84521129083161,-14.566833653283023,-50,-41.0456162882227,8.595558541121077,-28.332570571672164,-27.24221596526096,14.665841673417722,-34.45263592987827,-29.51728095498774,8.595558541121077,-28.332570571672164,-27.24221596526096,14.665841673417722,-34.45263592987827,-29.51728095498774
14.752695380943537,-50,-35.573143533308446,-13.535245528935105,-50,-39.761526440751496,14.752695380943537,-50,-35.573143533308446,-13.535245528935105,-50,-39.761526440751496,7.847597140557999,-27.845584764855005,-26.89177104526417,15.491331207828308,-35.5077736377958,-29.53873839607496,7.847597140557999,-27.845584764855005,-26.89177104526417,15.491331207828308,-35.5077736377958,-29.53873839607496
15.240402306926633,-50,-34.34136614938265,-12.363875945349331,-50,-38.48171881105866,15.240402306926633,-50,-34.34136614938265,-12.363875945349331,-50,-38.48171881105866,6.996043978134777,-27.519433523635165,-26.7083397994551,16.172876752002804,-36.658154628465816,-29.70727941533904,6.996043978134777,-27.519433523635165,-26.7083397994551,16.172876752002804,-36.658154628465816,-29.70727941533904
15.561746537499783,-50,-33.167375477266376,-11.07087754482571,-50,-37.21805550378733,15.561746537499783,-50,-33.167375477266376,-11.07087754482571,-50,-37.21805550378733,6.049980123020835,-27.359278752570383,-26.694865187891388,16.701378200417608,-37.88911167806332,-30.020967876395574,6.049980123020835,-27.359278752570383,-26.694865187891388,16.701378200417608,-37.88911167806332,-30.020967876395574
15.712357587334044,-50,-32.06784704463626,-9.676287843949906,-50,-35.9822489873093,15.712357587334044,-50,-32.06784704463626,-9.676287843949906,-50,-35.9822489873093,5.019494518204361,-27.367655176469945,-26.85156339644394,17.06977891688599,-39.18495022737648,-30.4762002431708,5.019494518204361,-27.367655176469945,-26.85156339644394,17.06977891688599,-39.18495022737648,-30.4762002431708
15.69018705063571,-50,-31.058398707106655,-8.201718713432856,-50,-34.78575353481146,15.69018705063571,-50,-31.058398707106655,-8.201718713432856,-50,-34.78575353481146,3.9155763907452465,-27.54443022401344,-27.17592036832356,17.27315995589729,-40.52914848562871,-31.067746975980434,3.9155763907452465,-27.54443022401344,-27.17592036832356,17.27315995589729,-40.52914848562871,-31.067746975980434
15.495536460764205,-50,-30.15336881002427,-6.670021460281231,-50,-33.63965905850666,15.495536460764205,-50,-30.15336881002427,-6.670021460281231,-50,-33.63965905850666,2.749998061286921,-27.886806125919975,-27.6627321394594,17.308805741167127,-41.9045680813687,-31.78881260653145,2.749998061286921,-27.886806125919975,-27.6627321394594,17.308805741167127,-41.9045680813687,-31.78881260653145
15.131053189187151,-50,-29.365612524605993,-5.104932702500036,-50,-32.55458832098329,15.131053189187151,-50,-29.365612524605993,-5.104932702500036,-50,-32.55458832098329,1.5351894025599107,-28.38936419446084,-28.30418833059069,17.17624032444786,-43.29367257473171,-32.63111380172815,1.5351894025599107,-28.38936419446084,-28.30418833059069,17.17624032444786,-43.29367257473171,-32.63111380172815
14.601694439549476,-50,-28.706319251289106,-3.5307065241851525,-50,-31.540598476406615,14.601694439549476,-50,-28.706319251289106,-3.5307065241851525,-50,-31.540598476406615,0.28410528566848514,-29.044150583515986,-29.0899974565296,16.87723374046606,-44.678751045000105,-33.58497451951392,0.28410528566848514,-29.044150583515986,-29.0899974565296,16.87723374046606,-44.678751045000105,-33.58497451951392
13.914659826560008,-50,-28.18485368392291,-1.9717386114757627,-50,-30.607087854154074,13.914659826560008,-50,-28.18485368392291,-1.9717386114757627,-50,-30.607087854154074,-0.9899125722712505,-29.840802171874056,-30.007552042140837,16.415778373134636,-46.0421439027741,-34.63943716363453,-0.9899125722712505,-29.840802171874056,-30.007552042140837,16.415778373134636,-46.0421439027741,-34.63943716363453
13.079293456665615,-50,-27.808622792347585,-0.452188194108615,-50,-29.76270884887449,13.079293456665615,-50,-27.808622792347585,-0.452188194108615,-50,-29.76270884887449,-2.273277885867418,-30.766710577455978,-31.042130895927,15.798035648601894,-47.3664680477019,-35.78238846041812,-2.273277885867418,-30.766710577455978,-31.042130895927,15.798035648601894,-47.3664680477019,-35.78238846041812
12.106956842277457,-50,-27.582970612758935,1.0043963486774388,-50,-29.01528772436466,12.106956842277457,-50,-27.582970612758935,1.0043963486774388,-50,-29.01528772436466,-3.552304687294593,-31.80722170665496,-32.17713529595415,15.032253766900388,-48.63483850096557,-37.00069861154623,-3.552304687294593,-31.80722170665496,-32.17713529595415,15.032253766900388,-48.63483850096557,-37.00069861154623
11.01087437799692,-49.31065735064734,-27.511102340270853,2.3754424159241543,-50,-28.37175207457375,11.01087437799692,-49.31065735064734,-27.511102340270853,2.3754424159241543,-50,-28.37175207457375,-4.8133532751626,-32.94586768058118,-33.394355298764765,14.12865757065596,-49.83108368681584,-38.280372124281186,-4.8133532751626,-32.94586768058118,-33.394355298764765,14.12865757065596,-49.83108368681584,-38.280372124281186
9.805953480462222,-48.46282555451508,-27.59403880187576,3.6397029911611014,-50,-27.83806661407471,9.805953480462222,-48.46282555451508,-27.59403880187576,3.6397029911611014,-50,-27.83806661407471,-6.042975669993603,-34.16462746757933,-34.67426189863328,13.09931202134742,-50,-39.606708586468244,-6.042975669993603,-34.16462746757933,-34.67426189863328,13.09931202134742,-50,-39.606708586468244
8.508581838028134,-47.5234270635119,-27.830601956475267,4.777585906111266,-48.950798410421946,-27.41917789313976,8.508581838028134,-47.5234270635119,-27.830601956475267,4.777585906111266,-48.950798410421946,-27.41917789313976,-7.228059025153263,-35.444212097060955,-35.996320349779005,11.957961106003937,-50,-40.96447153938869,-7.228059025153263,-35.444212097060955,-35.996320349779005,11.957961106003937,-50,-40.96447153938869
7.136404527811252,-46.50251264124239,-28.217431627940606,5.771457459316341,-47.702492360365355,-27.118968449836576,7.136404527811252,-46.50251264124239,-28.217431627940606,5.771457459316341,-47.702492360365355,-27.118968449836576,-8.355965463883397,-36.76436994065203,-37.339319624612635,10.719844325283763,-50,-42.338063508516456,-8.355965463883397,-36.76436994065203,-37.339319624612635,10.719844325283763,-50,-42.338063508516456
5.708084031451026,-45.41100520233431,-28.749033233524347,6.605915684522273,-46.386561324054306,-26.940220824094364,5.708084031451026,-45.41100520233431,-28.749033233524347,6.605915684522273,-46.386561324054306,-26.940220824094364,-9.414666851196241,-38.104207229056264,-38.68171272220829,9.401493213214675,-50,-43.71170518148967,-9.414666851196241,-38.104207229056264,-38.68171272220829,9.401493213214675,-50,-43.71170518148967
4.24304641352383,-44.26058294655722,-29.41785582968198,7.268029034001799,-45.02326952675236,-26.88459176728115,4.24304641352383,-44.26058294655722,-29.41785582968198,7.268029034001799,-45.02326952675236,-26.88459176728115,-10.392873063406974,-39.44251873190338,-40.00196236711184,8.020510605497844,-50,-45.0696166749671,-10.392873063406974,-39.44251873190338,-40.00196236711184,8.020510605497844,-50,-45.0696166749671
2.761217114745096,-43.0635544120331,-30.214399366730078,7.747536777953211,-43.63361050939606,-26.952596886334895,2.761217114745096,-43.0635544120331,-30.214399366730078,7.747536777953211,-43.63361050939606,-26.952596886334895,-11.280152387421039,-40.758123367004735,-41.27888655211432,6.5953356036193735,-50,-46.39619880804414,-11.280152387421039,-40.758123367004735,-41.27888655211432,6.5953356036193735,-50,-46.39619880804414
1.2827499533388138,-41.83272678436382,-31.127349628880328,8.037008014398205,-42.23898384581588,-27.143605864776937,1.2827499533388138,-41.83272678436382,-31.127349628880328,8.037008014398205,-42.23898384581588,-27.143605864776937,-12.067042765824368,-42.03019942742251,-42.49199838112276,5.144997373007017,-50,-47.676212299826645,-12.067042765824368,-42.03019942742251,-42.49199838112276,5.144997373007017,-50,-47.676212299826645
-0.1722469796715238,-40.58126887065539,-32.143738942942896,8.131956825412205,-40.86086560739362,-27.45584830490258,-0.1722469796715238,-40.58126887065539,-32.143738942942896,8.131956825412205,-40.86086560739362,-27.45584830490258,-12.745152701443988,-43.238614120807085,-43.621834759709074,3.6888610625584257,-50,-48.89495283260718,-12.745152701443988,-43.238614120807085,-43.621834759709074,3.6888610625584257,-50,-48.89495283260718
-1.5839848032530517,-39.32257020449997,-33.24913037296977,8.03091179511819,-39.520477649722494,-27.886430136999408,-1.5839848032530517,-39.32257020449997,-33.24913037296977,8.03091179511819,-39.520477649722494,-27.886430136999408,-13.307250745320953,-44.36424220547594,-44.65026865984602,2.246369238063931,-50,-50,-13.307250745320953,-44.36424220547594,-44.65026865984602,2.246369238063931,-50,-50
-2.933262987695742,-38.0700977893728,-34.42782278451168,7.7354388121279385,-38.23846081397528,-28.4313604435019,-2.933262987695742,-38.0700977893728,-34.42782278451168,7.7354388121279385,-38.23846081397528,-28.4313604435019,-13.747342613784328,-45.389268680269396,-45.56079994887256,0.8367822819470061,-50,-50,-13.747342613784328,-45.389268680269396,-45.56079994887256,0.8367822819470061,-50,-50
-4.201730493993063,-36.83725201316702,-35.663073865727725,7.250116803062628,-37.03455707540324,-29.08558844945843,-4.201730493993063,-36.83725201316702,-35.663073865727725,7.250116803062628,-37.03455707540324,-29.08558844945843,-14.060735112240014,-46.29747073759601,-46.33882011664624,-0.5210787744541623,-50,-50,-14.060735112240014,-46.29747073759601,-46.33882011664624,-0.5210787744541623,-50,-50
-5.372135359610578,-35.63722327545873,-36.93733793752365,6.5824667732089726,-35.92730553361039,-29.84305033645818,-5.372135359610578,-35.63722327545873,-36.93733793752365,6.5824667732089726,-35.92730553361039,-29.84305033645818,-14.244086183983583,-47.07447451727509,-46.971846653615856,-1.8090835523186142,-50,-50,-14.244086183983583,-47.07447451727509,-46.971846653615856,-1.8090835523186142,-50,-50
-6.428559336117296,-34.48285086146807,-38.23251517483163,5.742835253963474,-34.93375692609523,-30.696725446115977,-6.428559336117296,-34.48285086146807,-38.23251517483163,5.742835253963474,-34.93375692609523,-30.696725446115977,-14.295440550309852,-47.70798259760532,-47.44972331946632,-3.010034405071506,-50,-50,-14.295440550309852,-47.70798259760532,-47.44972331946632,-3.010034405071506,-50,-50
-7.356634387459723,-33.38648557264497,-39.530208699056274,4.74423396327253,-34.06921106131082,-31.63870135218346,-7.356634387459723,-33.38648557264497,-39.530208699056274,4.74423396327253,-34.06921106131082,-31.63870135218346,-14.214250561849015,-48.187968623221686,-47.764783089237554,-4.107896044121912,-50,-50,-14.214250561849015,-48.187968623221686,-47.764783089237554,-4.107896044121912,-50,-50
-8.143738104364111,-32.359857583614684,-40.8119858899111,3.6021381638407437,-33.34698121455143,-32.66024719815532,-8.143738104364111,-32.359857583614684,-40.8119858899111,3.6021381638407437,-33.34698121455143,-32.66024719815532,-14.00138203876781,-48.50683598942015,-47.911971162619395,-5.088009644610608,-50,-50,-14.00138203876781,-48.50683598942015,-47.911971162619395,-5.088009644610608,-50,-50
-8.779165377107635,-31.413950939302133,-42.059640204934375,2.334246843937753,-32.77818911477015,-33.75189462062949,-8.779165377107635,-31.413950939302133,-42.059640204934375,2.334246843937753,-32.77818911477015,-33.75189462062949,-13.659105037555278,-48.659538071497636,-47.888926062868784,-5.937288572392941,-50,-50,-13.659105037555278,-48.659538071497636,-47.888926062868784,-5.937288572392941,-50,-50
-9.254273991799613,-30.558886035008165,-43.25544978776457,0.9602084372671369,-32.37159367935707,-34.90352550836914,-9.254273991799613,-30.558886035008165,-43.25544978776457,0.9602084372671369,-32.37159367935707,-34.90352550836914,-13.191069642857068,-48.643658096270904,-47.696017524203,-6.644393118878876,-50,-50,-13.191069642857068,-48.643658096270904,-47.696017524203,-6.644393118878876,-50,-50
-9.562602169971338,-29.803811336801132,-44.382429191865974,-0.4986836676008899,-32.13345613421766,-36.104465783658405,-9.562602169971338,-29.803811336801132,-44.382429191865974,-0.4986836676008899,-32.13345613421766,-36.104465783658405,-12.602267042517465,-48.45944739167052,-47.3363405598057,-7.1998819106426915,-49.06677951677134,-50,-12.602267042517465,-48.45944739167052,-47.3363405598057,-7.1998819106426915,-49.06677951677134,-50
-9.699956452861175,-29.156805500723387,-45.42457064418687,-2.0198211095606884,-32.06744359618803,-37.34358433672331,-9.699956452861175,-29.156805500723387,-45.42457064418687,-2.0198211095606884,-32.06744359618803,-37.34358433672331,-11.898976300929357,-48.10982140904383,-46.81566580561846,-7.596337972156583,-47.82210166636697,-50,-11.898976300929357,-48.10982140904383,-46.81566580561846,-7.596337972156583,-47.82210166636697,-50
-9.664468735113164,-28.624790938053472,-46.36707142180617,-3.5796309153509895,-32.174572602536415,-38.60939619622841,-9.664468735113164,-28.624790938053472,-46.36707142180617,-3.5796309153509895,-32.174572602536415,-38.60939619622841,-11.088697398308266,-47.60031358112123,-46.14234693659912,-7.828467758438752,-46.51566084865901,-50,-11.088697398308266,-47.60031358112123,-46.14234693659912,-7.828467758438752,-46.51566084865901,-50
-9.456621672194622,-28.213459751402574,-47.19654411188002,-5.153940808469817,-32.45319345714882,-39.89016897959713,-9.456621672194622,-28.213459751402574,-47.19654411188002,-5.153940808469817,-32.45319345714882,-39.89016897959713,-10.180071249967531,-46.93898774592249,-45.32718664085483,-7.89317183531581,-45.164114032115315,-50,-10.180071249967531,-46.93898774592249,-45.32718664085483,-7.89317183531581,-45.164114032115315,-50
-9.079242115975676,-27.927212834065507,-47.90120676832575,-6.718353805454827,-32.89901563445423,-41.17403163650273,-9.079242115975676,-27.927212834065507,-47.90120676832575,-6.718353805454827,-32.89901563445423,-41.17403163650273,-9.182787558519205,-46.13631052264576,-44.3832633019531,-7.789586263565479,-43.78469328145067,-50,-9.182787558519205,-46.13631052264576,-44.3832633019531,-7.789586263565479,-43.78469328145067,-50
-8.53746266775107,-27.76911278421146,-48.47105026423174,-8.24862629443358,-33.50517384989049,-42.449084477624474,-8.53746266775107,-27.76911278421146,-48.47105026423174,-8.24862629443358,-33.50517384989049,-42.449084477624474,-8.107481481676672,-45.20498565941022,-43.32572117010936,-7.5190941343717626,-42.394986050786954,-50,-8.107481481676672,-45.20498565941022,-43.32572117010936,-7.5190941343717626,-42.394986050786954,-50
-7.838651871607494,-27.740851137692566,-48.897980462895646,-9.721043736883718,-34.26233377948164,-43.70350946884843,-7.838651871607494,-27.740851137692566,-48.897980462895646,-9.721043736883718,-34.26233377948164,-43.70350946884843,-6.965620217605608,-44.159752974584414,-42.171527388732464,-7.085307102069423,-41.01271094568062,-50,-6.965620217605608,-44.159752974584414,-42.171527388732464,-7.085307102069423,-41.01271094568062,-50
-6.9923139975510455,-27.8427302700512,-49.17593318807406,-11.11278817037607,-35.158835800534376,-44.92567976863385,-6.9923139975510455,-27.8427302700512,-49.17593318807406,-11.11278817037607,-35.158835800534376,-44.92567976863385,-5.769380717292307,-43.017155073799714,-40.93919977457925,-6.4940171607554795,-39.655491812943325,-50,-5.769380717292307,-43.017155073799714,-40.93919977457925,-6.4940171607554795,-39.655491812943325,-50
-6.009959777407495,-28.073660161359314,-49.30096036038985,-12.402291817133047,-36.180874539968684,-46.104267493280545,-6.009959777407495,-28.073660161359314,-49.30096036038985,-12.402291817133047,-36.180874539968684,-46.104267493280545,-4.531519828018785,-41.795275534753564,-39.64850971899796,-5.753119308654172,-38.34063303865357,-50,-4.531519828018785,-41.795275534753564,-39.64850971899796,-5.753119308654172,-38.34063303865357,-50
-4.904949851569571,-28.4311700585031,-49.27128607640373,-13.569571318552887,-37.312711465390024,-47.228348711256366,-4.904949851569571,-28.4311700585031,-49.27128607640373,-13.569571318552887,-37.312711465390024,-47.228348711256366,-3.265238252752008,-40.513452703478244,-38.32016497689493,-4.872506132833097,-37.08489891925455,-49.25059713524517,-3.265238252752008,-40.513452703478244,-38.32016497689493,-4.872506132833097,-37.08489891925455,-49.25059713524517
-3.6923130558143678,-28.911434910136478,-49.08733183379509,-14.5965374160871,-38.53691724518027,-48.287504693429184,-3.6923130558143678,-28.911434910136478,-49.08733183379509,-14.5965374160871,-38.53691724518027,-48.287504693429184,-1.9840397762003315,-39.19197363174218,-36.975477432739744,-3.863935721792613,-35.90429991870624,-48.05326051853251,-1.9840397762003315,-39.19197363174218,-36.975477432739744,-3.863935721792613,-35.90429991870624,-48.05326051853251
-2.3885420196058025,-29.509316291472146,-48.75171054434993,-15.467275279366241,-39.834640145467304,-49.27191848074779,-2.3885420196058025,-29.509316291472146,-48.75171054434993,-15.467275279366241,-39.834640145467304,-49.27191848074779,-0.7015872587684124,-37.85175299955033,-35.63602117395142,-2.740874669580421,-34.81388853695217,-46.79031955347366,-0.7015872587684124,-37.85175299955033,-35.63602117395142,-2.740874669580421,-34.81388853695217,-46.79031955347366
-1.011368855874231,-30.21841738104941,-48.2691894197966,-16.168291137346046,-41.185896330886294,-50,-1.011368855874231,-30.21841738104941,-48.2691894197966,-16.168291137346046,-41.185896330886294,-50,0.5684430658905075,-36.51400210434797,-34.32328635751593,-1.5183182676658822,-33.827567392277075,-45.47628243495481,0.5684430658905075,-36.51400210434797,-34.32328635751593,-1.5183182676658822,-33.827567392277075,-45.47628243495481
0.420476006964825,-31.03115140127459,-47.64662225766358,-16.688721390446332,-42.569877598746864,-50,0.420476006964825,-31.03115140127459,-47.64662225766358,-16.688721390446332,-42.569877598746864,-50,1.812507435936967,-35.199893155743204,-33.05833442317888,-0.21259028540096203,-32.95791196455822,-44.126244331420764,1.812507435936967,-35.199893155743204,-33.05833442317888,-0.21259028540096203,-32.95791196455822,-44.126244331420764
1.8875185707156306,-31.938822790478305,-46.89285208898119,-17.02050096308465,-43.965271807760004,-50,1.8875185707156306,-31.938822790478305,-46.89285208898119,-17.02050096308465,-43.965271807760004,-50,3.0173389937110047,-33.93022418886161,-31.86146018495174,1.1588749875689954,-32.21601025934528,-42.75571397720823,3.0173389937110047,-33.93022418886161,-31.86146018495174,1.1588749875689954,-32.21601025934528,-42.75571397720823
3.3698061261281675,-32.93172023801769,-46.01858557063199,-17.158488287655942,-45.350591066993154,-50,3.3698061261281675,-32.93172023801769,-46.01858557063199,-17.158488287655942,-45.350591066993154,-50,4.170089265157845,-32.725089899656,-30.751866222316497,2.577765526739334,-31.61132143708632,-41.38043551398854,4.170089265157845,-32.725089899656,-30.751866222316497,2.577765526739334,-31.61132143708632,-41.38043551398854
4.847178622397561,-33.99922058702762,-45.036240906499415,-17.100544983089033,-46.70450263122153,-50,4.847178622397561,-33.99922058702762,-45.036240906499415,-17.100544983089033,-46.70450263122153,-50,5.258465177557987,-31.603563611768635,-29.747354795176257,4.025136077837307,-31.151555209934813,-40.01620762793897,5.258465177557987,-31.603563611768635,-29.747354795176257,4.025136077837307,-31.151555209934813,-40.01620762793897
6.2995428566404055,-35.129902493149515,-43.959771457563086,-16.847568993206465,-48.006157407166356,-50,6.2995428566404055,-35.129902493149515,-43.959771457563086,-16.847568993206465,-48.006157407166356,-50,6.2708601543885845,-30.583395408367764,-28.864042225450344,5.481661116898629,-30.84257354380863,-38.67870206032674,6.2708601543885845,-30.583395408367764,-28.864042225450344,5.481661116898629,-30.84257354380863,-38.67870206032674
7.707145754196702,-36.31166862318641,-42.80446754640842,-16.403480671344333,-49.235511011902304,-50,7.707145754196702,-36.31166862318641,-42.80446754640842,-16.403480671344333,-49.235511011902304,-50,7.1964778893036865,-29.68073120654095,-28.116100327758755,6.927892887765989,-30.688315919013746,-37.383283576388884,7.1964778893036865,-29.68073120654095,-28.116100327758755,6.927892887765989,-30.688315919013746,-37.383283576388884
9.050843022972696,-37.531875086262794,-41.58673927134621,-15.77516202687807,-50,-50,9.050843022972696,-37.531875086262794,-41.58673927134621,-15.77516202687807,-50,-50,8.025447479291905,-28.90985722037743,-27.515529037666653,8.34452107165165,-30.690749102323455,-36.14483346063853,8.025447479291905,-28.90985722037743,-27.515529037666653,8.34452107165165,-30.690749102323455,-36.14483346063853
10.31235952795428,-38.77746671268586,-40.3238834150817,-14.97235007514699,-50,-50,10.31235952795428,-38.77746671268586,-40.3238834150817,-14.97235007514699,-50,-50,8.748928689217935,-28.28297385704933,-27.07196388542797,9.712630621613792,-30.849842070934045,-34.977578566217225,8.748928689217935,-28.28297385704933,-27.07196388542797,9.712630621613792,-30.849842070934045,-34.977578566217225
11.474537844633161,-40.03511673314005,-39.03383775879405,-14.007485943527197,-50,-50,11.474537844633161,-40.03511673314005,-39.03383775879405,-14.007485943527197,-50,-50,9.35920622519279,-27.81000262437691,-26.79252140410798,11.013954319300137,-31.163566407999568,-33.89492788211075,9.35920622519279,-27.81000262437691,-26.79252140410798,11.013954319300137,-31.163566407999568,-33.89492788211075
12.521571610861107,-41.29136936376589,-37.734926291384106,-12.895522072046813,-50,-50,12.521571610861107,-41.29136936376589,-37.734926291384106,-12.895522072046813,-50,-50,9.849772011430556,-27.498429105896363,-26.68168495234772,12.231116681780032,-31.627922164713688,-32.90931849568377,9.849772011430556,-27.498429105896363,-26.68168495234772,12.231116681780032,-31.627922164713688,-32.90931849568377
13.439220503399588,-42.53278377158469,-36.445598932973844,-11.653690496343678,-50,-50,13.439220503399588,-42.53278377158469,-36.445598932973844,-11.653690496343678,-50,-50,10.215394593180596,-27.35318448862113,-26.74123278362315,13.34786596178203,-32.23698885918674,-32.03207272005757,10.215394593180596,-27.35318448862113,-26.74123278362315,13.34786596178203,-32.23698885918674,-32.03207272005757
14.215003915346754,-43.74607787996138,-35.1841694696606,-10.301235803870242,-50,-50,14.215003915346754,-43.74607787996138,-35.1841694696606,-10.301235803870242,-50,-50,10.452174925613612,-27.37656751852284,-26.9702095160516,14.349291143632705,-32.98300096190694,-31.273268027598654,10.452174925613612,-27.37656751852284,-26.9702095160516,14.349291143632705,-32.98300096190694,-31.273268027598654
14.838370700306411,-44.91827047551011,-33.96855542193868,-8.859116901707113,-50,-50,14.838370700306411,-44.91827047551011,-33.96855542193868,-8.859116901707113,-50,-50,10.557587953722269,-27.56820811892119,-27.36494146048215,15.222021037531583,-33.85644690533689,-30.641621283674013,10.557587953722269,-27.56820811892119,-27.36494146048215,15.222021037531583,-33.85644690533689,-30.641621283674013
15.300842674670376,-46.036820096018914,-32.81602354173239,-7.3496822176705265,-50,-50,15.300842674670376,-46.036820096018914,-32.81602354173239,-7.3496822176705265,-50,-50,10.530509539822786,-27.925073247584173,-27.919095560947092,15.954402813824158,-34.84619035528688,-30.144388610552003,10.530509539822786,-27.925073247584173,-27.919095560947092,15.954402813824158,-34.84619035528688,-30.144388610552003
15.59612992629243,-47.089759213411696,-31.74294455303744,-5.796323368102911,-50,-50,15.59612992629243,-47.089759213411696,-31.74294455303744,-5.796323368102911,-50,-50,10.371228451499467,-28.44151489983998,-28.623781001837273,16.536657593454176,-35.939612197893354,-29.787282031775312,10.371228451499467,-28.44151489983998,-28.623781001837273,16.536657593454176,-35.939612197893354,-29.787282031775312
15.720216361282429,-48.06582227610387,-30.76456061986773,-4.223112659434932,-50,-49.40160958043381,15.720216361282429,-48.06582227610387,-30.76456061986773,-4.223112659434932,-50,-49.40160958043381,10.081443282151152,-29.109359497968576,-29.467691851621748,16.961011017126793,-37.12277143183712,-29.574403854564505,10.081443282151152,-29.109359497968576,-29.467691851621748,16.961011017126793,-37.12277143183712,-29.574403854564505
15.671414325430183,-48.954566240807324,-29.894768844426522,-2.6544300411351887,-50,-48.428263295621775,15.671414325430183,-48.954566240807324,-29.894768844426522,-2.6544300411351887,-50,-48.428263295621775,9.664244336979303,-29.91803725213255,-30.437288454544642,17.221797049801907,-38.380582914503506,-29.508199544042228,9.664244336979303,-29.91803725213255,-30.437288454544642,17.221797049801907,-38.380582914503506,-29.508199544042228
15.450387557373029,-49.746482304197656,-29.145923870723152,-1.1145852911346994,-50,-47.37887017201538,15.450387557373029,-49.746482304197656,-29.145923870723152,-1.1145852911346994,-50,-47.37887017201538,9.124080677587706,-30.854749445487016,-31.517014660061122,17.315533634503716,-39.6970096957902,-29.589429630641764,9.124080677587706,-30.854749445487016,-31.517014660061122,17.315533634503716,-39.6970096957902,-29.589429630641764
15.060142161329406,-50,-28.52866239748206,0.3725587113046185,-50,-46.26315668002735,15.060142161329406,-50,-28.52866239748206,0.3725587113046185,-50,-46.26315668002735,8.46671267663454,-31.90467099589514,-32.689547404796606,17.24096918530448,-41.05526748734717,-29.817160973417003,8.46671267663454,-31.90467099589514,-32.689547404796606,17.24096918530448,-41.05526748734717,-29.817160973417003
14.50598572217504,-50,-28.051752092986497,1.7839557871603517,-50,-45.091463991164005,14.50598572217504,-50,-28.051752092986497,1.7839557871603517,-50,-45.091463991164005,7.699150588499503,-33.05118508836008,-33.93607464275086,16.999099298700756,-42.4380386603196,-30.18877747961767,7.699150588499503,-33.05118508836008,-33.93607464275086,16.999099298700756,-42.4380386603196,-30.18877747961767
13.79545511892268,-50,-27.721967057892314,3.097733602866483,-50,-43.87465212919962,13.79545511892268,-50,-27.721967057892314,3.097733602866483,-50,-43.87465212919962,6.829579791056647,-34.27614616471314,-35.2365971646513,16.593153460249116,-43.82769304307985,-30.700010157387403,6.829579791056647,-34.27614616471314,-35.2365971646513,16.593153460249116,-43.82769304307985,-30.700010157387403
12.938214018387624,-50,-27.54399160495487,4.29353262451996,-49.65952317980216,-42.62399931228427,12.938214018387624,-50,-27.54399160495487,4.29353262451996,-49.65952317980216,-42.62399931228427,5.8672734957832455,-35.56016710829196,-36.57024946408355,16.028551923956563,-45.20651270388444,-31.344986156350338,5.8672734957832455,-35.56016710829196,-36.57024946408355,16.028551923956563,-45.20651270388444,-31.344986156350338
11.945921443190485,-50,-27.520353722395637,5.352821628323468,-48.46111754072708,-41.351097418948996,11.945921443190485,-50,-27.520353722395637,5.352821628323468,-48.46111754072708,-41.351097418948996,4.822493857075826,-36.88292607841907,-37.91563450244225,15.31283334017882,-46.55691785243453,-32.11629623272638,4.822493857075826,-36.88292607841907,-37.91563450244225,15.31283334017882,-46.55691785243453,-32.11629623272638
10.832073201655483,-50,-27.651389166003995,6.259184877819775,-47.18340472908135,-40.067744546899334,10.832073201655483,-50,-27.651389166003995,6.259184877819775,-47.18340472908135,-40.067744546899334,3.7063825353552184,-38.22348813849519,-39.25116700175255,14.455554098350499,-47.86169098014944,-33.00507986396114,3.7063825353552184,-38.22348813849519,-39.25116700175255,14.455554098350499,-47.86169098014944,-33.00507986396114
9.611818336258466,-50,-27.93523669001503,6.998576517548248,-45.8460604417844,-38.78583566043234,9.611818336258466,-50,-27.93523669001503,6.998576517548248,-45.8460604417844,-38.78583566043234,2.5308418810096107,-39.56063658739147,-40.555419757593434,13.468160728539184,-49.10419638141719,-34.001127035105,2.5308418810096107,-39.56063658739147,-40.555419757593434,13.468160728539184,-49.10419638141719,-34.001127035105
8.301753087041675,-50,-28.36786448450468,7.559538240802329,-44.469678650058825,-37.51725234003065,8.301753087041675,-50,-28.36786448450468,7.559538240802329,-44.469678650058825,-37.51725234003065,1.3084080062452532,-40.87320875024901,-41.80746741589785,12.363837065538192,-50,-35.09299552765782,1.3084080062452532,-40.87320875024901,-41.80746741589785,12.363837065538192,-50,-35.09299552765782
6.919695172224138,-50,-28.943127443781645,7.933376858302605,-43.07545446968699,-36.2737526560058,6.919695172224138,-50,-28.943127443781645,7.933376858302605,-43.07545446968699,-36.2737526560058,0.05211709842148471,-42.14043091422097,-42.98722219809565,11.157328216187992,-50,-36.26814236350873,0.05211709842148471,-42.14043091422097,-42.98722219809565,11.157328216187992,-50,-36.26814236350873
5.484441455934004,-50,-29.65285445232806,8.114299016015961,-41.684857774149584,-35.06686218691619,5.484441455934004,-50,-29.65285445232806,8.114299016015961,-41.684857774149584,-35.06686218691619,-1.2246335994774102,-43.34224710822031,-44.075756188244746,9.864743680342338,-50,-37.51306789399135,-1.2246335994774102,-43.34224710822031,-44.075756188244746,9.864743680342338,-50,-37.51306789399135
4.0155122989358,-50,-30.486964448466807,8.099500974406082,-40.319302576728234,-33.90776719287248,4.0155122989358,-50,-30.486964448466807,8.099500974406082,-40.319302576728234,-33.90776719287248,-2.5082286587132625,-44.45963652317055,-45.0556050113949,8.503342254239971,-50,-38.81347087881436,-2.5082286587132625,-44.45963652317055,-45.0556050113949,8.503342254239971,-50,-38.81347087881436
2.532886069344167,-49.85720894709125,-31.433609617171474,7.889212057812502,-38.99981727280747,-32.807210933870685,2.532886069344167,-49.85720894709125,-31.433609617171474,7.889212057812502,-38.99981727280747,-32.807210933870685,-3.7849796614245252,-45.47491454903539,-45.9110480309864,7.091301588286492,-50,-40.154412773377025,-3.7849796614245252,-45.47491454903539,-45.9110480309864,7.091301588286492,-50,-40.154412773377025
1.0567274241476,-49.08069165380369,-32.47934367808758,7.486691100625347,-37.74672082036672,-31.775394094144314,1.0567274241476,-49.08069165380369,-32.47934367808758,7.486691100625347,-37.74672082036672,-31.775394094144314,-5.041271175622342,-46.37201266420067,-46.628360569813054,5.647475476147663,-50,-41.52048933719954,-5.041271175622342,-46.37201266420067,-46.628360569813054,5.647475476147663,-50,-41.52048933719954
-0.3928869429148989,-48.2059970247269,-33.609312878379285,6.898175945329591,-36.57930984520821,-30.821880235467376,-0.3928869429148989,-48.2059970247269,-33.609312878379285,6.898175945329591,-36.57930984520821,-30.821880235467376,-6.263705951856152,-47.13673274747539,-47.19603410793161,4.191142115869793,-50,-42.89600759209387,-6.263705951856152,-47.13673274747539,-47.19603410793161,4.191142115869793,-50,-42.89600759209387
-1.7962413571209188,-47.24248354726238,-34.80746697751155,6.132786775044034,-35.515561489236056,-29.955507155730686,-1.7962413571209188,-47.24248354726238,-34.80746697751155,6.132786775044034,-35.515561489236056,-29.955507155730686,-7.439247793153065,-47.75697178778883,-47.60496092467484,2.7417467042842625,-50,-44.26516609724539,-7.439247793153065,-47.75697178778883,-47.60496092467484,2.7417467042842625,-50,-44.26516609724539
-3.1342493084446135,-46.20045999482691,-36.056787227111414,5.202384778605431,-34.57185657767159,-29.184304974378403,-3.1342493084446135,-46.20045999482691,-36.056787227111414,5.202384778605431,-34.57185657767159,-29.184304974378403,-8.555360574649196,-48.222913435164536,-47.84858022238331,1.3186418016177073,-50,-45.61223647027313,-8.555360574649196,-48.222913435164536,-47.84858022238331,1.3186418016177073,-50,-45.61223647027313
-4.388713040197332,-45.091075131758714,-37.3395281076495,4.121388338455185,-33.762727368195996,-28.515421703943012,-4.388713040197332,-45.091075131758714,-37.3395281076495,4.121388338455185,-33.762727368195996,-28.515421703943012,-9.600141930389011,-48.527183361348406,-47.92298338745486,-0.05917106699922403,-50,-46.921744069021955,-9.600141930389011,-48.527183361348406,-47.92298338745486,-0.05917106699922403,-50,-46.921744069021955
-5.54257105005949,-43.92619843103656,-38.637469388281204,2.906549589855019,-33.100633766469755,-27.955056997531727,-5.54257105005949,-43.92619843103656,-38.637469388281204,2.906549589855019,-33.100633766469755,-27.955056997531727,-10.562450181641037,-48.664965971241486,-47.826976699910105,-1.3732951229457253,-50,-48.17864575848126,-10.562450181641037,-48.664965971241486,-47.826976699910105,-1.3732951229457253,-50,-48.17864575848126
-6.580130137332214,-42.718293081029955,-39.93217492955324,1.5766948140779764,-32.5957714541211,-27.50840468633571,-6.580130137332214,-42.718293081029955,-39.93217492955324,1.5766948140779764,-32.5957714541211,-27.50840468633571,-11.432023153150045,-48.634080617977844,-47.56210048536512,-2.6061839708526398,-50,-49.368502720710886,-11.432023153150045,-48.634080617977844,-47.56210048536512,-2.6061839708526398,-50,-49.368502720710886
-7.487278840419506,-41.48028264000079,-41.20525455290683,0.15243268868739346,-32.25591488386998,-27.17960463976315,-7.487278840419506,-41.48028264000079,-41.20525455290683,0.15243268868739346,-32.25591488386998,-27.17960463976315,-12.199587610254127,-48.435016115413234,-47.13260440213841,-3.7413758808903452,-50,-50,-12.199587610254127,-48.435016115413234,-47.13260440213841,-3.7413758808903452,-50,-50
-8.251679361655162,-40.22541276503909,-42.438625257345294,-1.3441650838703345,-32.086297559529925,-26.971704394388034,-8.251679361655162,-40.22541276503909,-42.438625257345294,-1.3441650838703345,-32.086297559529925,-26.971704394388034,-12.856958149816359,-48.07092300180478,-46.54537925998422,-4.763713588428233,-50,-50,-12.856958149816359,-48.07092300180478,-46.54537925998422,-4.763713588428233,-50,-50
-8.862935369175577,-38.96710949481601,-43.61476807290924,-2.8899058200795946,-32.08953144447455,-26.886630907362964,-8.862935369175577,-38.96710949481601,-43.61476807290924,-2.8899058200795946,-32.08953144447455,-26.886630907362964,-13.397124490384904,-47.5475636771223,-45.809846464348404,-5.659546676265583,-50,-50,-13.397124490384904,-47.5475636771223,-45.809846464348404,-5.659546676265583,-50,-50
-9.31273339362627,-37.718835602407026,-44.71697690257542,-4.460835270943113,-32.265566739610136,-26.925172696104177,-9.31273339362627,-37.718835602407026,-44.71697690257542,-4.460835270943113,-32.265566739610136,-26.925172696104177,-13.814326230709254,-46.8732212031543,-44.937806859896746,-6.416913837193322,-50,-50,-13.814326230709254,-46.8732212031543,-44.937806859896746,-6.416913837193322,-50,-50
-9.594955896617531,-36.49394655508882,-45.729595817995246,-6.032608839504174,-32.61169265023959,-27.086972529789968,-9.594955896617531,-36.49394655508882,-45.729595817995246,-6.032608839504174,-32.61169265023959,-27.086972529789968,-14.104114279377717,-46.05856820980344,-43.94325139846119,-7.025702583288316,-50,-50,-14.104114279377717,-46.05856820980344,-43.94325139846119,-7.025702583288316,-50,-50
-9.705764473126116,-35.30554762221655,-46.63824143849026,-7.580868847565736,-33.122579130008674,-27.370530740412505,-9.705764473126116,-35.30554762221655,-46.63824143849026,-7.580868847565736,-33.122579130008674,-27.370530740412505,-14.263398300483416,-45.1164979823554,-42.842136669036215,-7.477784269475592,-49.79524314161266,-50,-14.263398300483416,-45.1164979823554,-42.842136669036215,-7.477784269475592,-49.79524314161266,-50
-9.643652056237865,-34.16635366000573,-47.4300072346026,-9.081622005130123,-33.7903589591129,-27.773219122694037,-9.643652056237865,-34.16635366000573,-47.4300072346026,-9.081622005130123,-33.7903589591129,-27.773219122694037,-14.290479669351964,-44.06192040305561,-41.652128891208825,-7.767122628502367,-48.596528206551284,-50,-14.290479669351964,-44.06192040305561,-41.652128891208825,-7.767122628502367,-48.596528206551284,-50
-9.409463414213507,-33.08855307340238,-48.09364685424439,-10.511611232935838,-34.60474889283045,-28.291305294033947,-9.409463414213507,-33.08855307340238,-48.09364685424439,-10.511611232935838,-34.60474889283045,-28.291305294033947,-14.185069586886893,-42.91152597656891,-40.39232047937653,-7.889854368147523,-47.3261764558717,-50,-14.185069586886893,-42.91152597656891,-40.39232047937653,-7.889854368147523,-47.3261764558717,-50
-9.006383661104561,-32.08367741053278,-48.61973386745535,-11.848676075983303,-35.55320801479576,-28.919987288702302,-9.006383661104561,-32.08367741053278,-48.61973386745535,-11.848676075983303,-35.55320801479576,-28.919987288702302,-13.94829215935926,-41.68352167402652,-39.08292372518001,-7.8443407545195125,-46.00038472664263,-50,-13.94829215935926,-41.68352167402652,-39.08292372518001,-7.8443407545195125,-46.00038472664263,-50
-8.439894937182254,-31.162477984962173,-49.000795660732265,-13.072096122740627,-36.62113085650746,-29.65343806563839,-8.439894937182254,-31.162477984962173,-49.000795660732265,-13.072096122740627,-36.62113085650746,-29.65343806563839,-13.58267241079816,-40.39734277638106,-37.74494651269168,-7.631189492694414,-44.6360567092033,-50,-13.58267241079816,-40.39734277638106,-37.74494651269168,-7.631189492694414,-44.6360567092033,-50
-7.717701848353187,-30.334810845798295,-49.231419579076004,-14.162912108085692,-37.79207230919359,-30.48485951732608,-7.717701848353187,-30.334810845798295,-49.231419579076004,-14.162912108085692,-37.79207230919359,-30.48485951732608,-13.092109355819359,-39.07334527764628,-36.39985526916621,-7.253246612540185,-43.250587427085115,-50,-13.092109355819359,-39.07334527764628,-36.39985526916621,-7.253246612540185,-43.250587427085115,-50
-6.849626678632722,-29.609531326362116,-49.308329808100154,-15.104219723869612,-39.04800086458134,-31.40654547915608,-6.849626678632722,-29.609531326362116,-49.308329808100154,-15.104219723869612,-39.04800086458134,-31.40654547915608,-12.481834420047052,-37.73248371626736,-35.069230558951354,-6.715558468068954,-41.86164145249347,-50,-12.481834420047052,-37.73248371626736,-35.069230558951354,-6.715558468068954,-41.86164145249347,-50
-5.847475800853255,-28.9943992996648,-49.230433904156584,-15.881431583939591,-40.36957628487778,-32.4099531552631,-5.847475800853255,-28.9943992996648,-49.230433904156584,-15.881431583939591,-40.36957628487778,-32.4099531552631,-11.758355651538281,-36.39597953349689,-33.77442084619037,-6.025304357708041,-40.48692768504737,-50,-11.758355651538281,-36.39597953349689,-33.77442084619037,-6.025304357708041,-40.48692768504737,-50
-4.724879102506152,-28.495996154377018,-48.998838311557805,-16.4825032839634,-41.736447426078634,-33.48578229881493,-4.724879102506152,-28.495996154377018,-48.998838311557805,-16.4825032839634,-41.736447426078634,-33.48578229881493,-10.929388318146373,-35.08498520757352,-32.53619998132562,-5.1917006651548565,-39.14397356539109,-50,-10.929388318146373,-35.08498520757352,-32.53619998132562,-5.1917006651548565,-39.14397356539109,-50
-3.4971046106280905,-28.119654379576662,-48.61683264648727,-16.898120052821774,-43.127565628377894,-34.62406141285929,-3.4971046106280905,-28.119654379576662,-48.61683264648727,-16.898120052821774,-43.127565628377894,-34.62406141285929,-10.003772630942123,-33.82024947936013,-31.374433906671186,-4.225877800742076,-37.84990160234536,-50,-10.003772630942123,-33.82024947936013,-31.374433906671186,-4.225877800742076,-37.84990160234536,-50
-2.1808508369503166,-27.869400511658313,-48.089842970830986,-17.121841103042843,-44.5215088477307,-35.814240172760925,-2.1808508369503166,-27.869400511658313,-48.089842970830986,-17.121841103042843,-44.5215088477307,-35.814240172760925,-8.99137947109975,-32.62178896781949,-30.30776192840937,-3.1407315864120164,-36.62121106292008,-50,-8.99137947109975,-32.62178896781949,-30.30776192840937,-3.1407315864120164,-36.62121106292008,-50
-0.7940196675492288,-27.74791205382394,-47.42535471963582,-17.150199443288813,-45.89681153721852,-37.04528721359698,-0.7940196675492288,-27.74791205382394,-47.42535471963582,-17.150199443288813,-45.89681153721852,-37.04528721359698,-7.903005125588711,-31.508571372579794,-29.353297668664847,-1.9507510686315879,-35.473567608586,-50,-7.903005125588711,-31.508571372579794,-29.353297668664847,-1.9507510686315879,-35.473567608586,-50
0.6445271141575422,-27.7564888290795,-46.63280637694333,-16.98275560610729,-47.23229519832101,-38.30579237615274,0.6445271141575422,-27.7564888290795,-46.63280637694333,-16.98275560610729,-47.23229519832101,-38.30579237615274,-6.750256154222362,-30.498215277452253,-28.526354495563588,-0.6718250583179408,-34.42160355989624,-49.925608871938365,-6.750256154222362,-30.498215277452253,-28.526354495563588,-0.6718250583179408,-34.42160355989624,-49.925608871938365
2.1152243596273728,-27.8950390732361,-45.72345541024238,-16.622104458331336,-48.5073945118857,-39.58407246383304,2.1152243596273728,-27.8950390732361,-45.72345541024238,-16.622104458331336,-48.5073945118857,-39.58407246383304,-5.545425615855862,-29.606711306028828,-27.840199836460442,0.6789700191158792,-33.47873133611943,-48.77384552316601,-5.545425615855862,-29.606711306028828,-27.840199836460442,0.6789700191158792,-33.47873133611943,-48.77384552316601
3.598069653621105,-28.162080416708605,-44.71021836782698,-16.073834988587883,-49.702474026653746,-40.86827953026568,3.598069653621105,-28.162080416708605,-44.71021836782698,-16.073834988587883,-49.702474026653746,-40.86827953026568,-4.301361973673062,-28.84816904255048,-27.305842316119428,2.08359813093452,-32.65697244843884,-47.548200014203026,-4.301361973673062,-28.84816904255048,-27.305842316119428,2.08359813093452,-32.65697244843884,-47.548200014203026
5.072895359735448,-28.554755744607462,-43.60748741033791,-15.346443695085325,-50,-42.14651069391434,5.072895359735448,-28.554755744607462,-43.60748741033791,-15.346443695085325,-50,-42.14651069391434,-3.031332077571724,-28.234593723460463,-26.931855134989192,3.5233044570849312,-31.966804227090456,-46.26275210364258,-3.031332077571724,-28.234593723460463,-26.931855134989192,3.5233044570849312,-31.966804227090456,-46.26275210364258
6.519642913048253,-29.06886376543404,-42.43092588250045,-14.451202915903771,-50,-43.40691846186698,6.519642913048253,-29.06886376543404,-42.43092588250045,-14.451202915903771,-50,-43.40691846186698,-1.7488796848212904,-27.775696233881416,-26.724238521282132,4.9788658075648575,-31.417026236624167,-44.93226853776866,-1.7488796848212904,-27.775696233881416,-26.724238521282132,4.9788658075648575,-31.417026236624167,-44.93226853776866
7.918635629322169,-29.69890396132076,-41.19724582878534,-13.401986142266287,-50,-44.63782054024632,7.918635629322169,-29.69890396132076,-41.19724582878534,-13.401986142266287,-50,-44.63782054024632,-0.4676810277452097,-27.478739416150358,-26.686323463667858,6.430847293541641,-31.01464808247028,-43.57203341568075,-0.4676810277452097,-27.478739416150358,-26.686323463667858,6.430847293541641,-31.01464808247028,-43.57203341568075
9.250846320389488,-30.438135438886516,-39.9239706131925,-12.21505302189969,-50,-45.8278081134455,9.250846320389488,-30.438135438886516,-39.9239706131925,-12.21505302189969,-50,-45.8278081134455,0.7986010313265948,-27.348423122842277,-26.818718269088034,7.859861825108236,-30.76480003929433,-42.197672611262384,0.7986010313265948,-27.348423122842277,-26.818718269088034,7.859861825108236,-30.76480003929433,-42.197672611262384
10.498156075977526,-31.278649051053463,-38.62918601493804,-10.90879738427482,-50,-46.965851588586816,10.498156075977526,-31.278649051053463,-38.62918601493804,-10.90879738427482,-50,-46.965851588586816,2.036462702526412,-27.38680983351684,-27.11929880311576,9.24682897082004,-30.67066764058544,-40.824974268968695,2.036462702526412,-27.38680983351684,-27.11929880311576,9.24682897082004,-30.67066764058544,-40.824974268968695
11.643600692379414,-32.21145201818307,-37.33128333551734,-9.503462192564463,-50,-48.041402825092284,11.643600692379414,-32.21145201818307,-37.33128333551734,-9.503462192564463,-50,-48.041402825092284,3.2327032745488413,-27.593292012430666,-27.58324256944269,10.573229722678985,-30.73345106347868,-39.469707435509825,3.2327032745488413,-27.593292012430666,-27.58324256944269,10.573229722678985,-30.73345106347868,-39.469707435509825
12.67160139638323,-33.22656414315768,-36.04869816608646,-8.02082583968911,-50,-49.04449290183618,12.67160139638323,-33.22656414315768,-36.04869816608646,-8.02082583968911,-50,-49.04449290183618,4.3745658886828656,-27.964601723835813,-28.203106081724577,11.821353764900987,-30.95234982663439,-38.14744091092208,4.3745658886828656,-27.964601723835813,-28.203106081724577,11.821353764900987,-30.95234982663439,-38.14744091092208
13.56817672646715,-34.31312459098771,-34.7996485257478,-6.48386464990368,-50,-49.965824515707624,13.56817672646715,-34.31312459098771,-34.7996485257478,-6.48386464990368,-50,-49.965824515707624,5.44987357954514,-28.494862352685622,-28.968944286435764,12.974535944896095,-31.324572996283827,-36.8733643999986,5.44987357954514,-28.494862352685622,-28.968944286435764,12.974535944896095,-31.324572996283827,-36.8733643999986
14.321132689543298,-35.459508090494,-33.60187609025888,-4.916396816114847,-50,-50,14.321132689543298,-35.459508090494,-33.60187609025888,-4.916396816114847,-50,-50,6.44715913175763,-29.175681612179076,-29.86847012071987,14.017378789061105,-31.84537477030662,-35.66211401862445,6.44715913175763,-29.175681612179076,-29.86847012071987,14.017378789061105,-31.84537477030662,-35.66211401862445
14.920228606997131,-36.653449314806174,-32.47239418678903,-3.34271329081296,-50,-50,14.920228606997131,-36.653449314806174,-32.47239418678903,-3.34271329081296,-50,-50,7.355787367763769,-29.996284366138724,-30.887251645299354,14.935958092318888,-32.50811498666023,-34.527604159534675,7.355787367763769,-29.996284366138724,-30.887251645299354,14.935958092318888,-32.50811498666023,-34.527604159534675
15.35731639441086,-37.882174109911524,-31.427246134240875,-1.7872013506769666,-50,-50,15.35731639441086,-37.882174109911524,-31.427246134240875,-1.7872013506769666,-50,-50,8.16606856268825,-30.943683164080337,-32.008943589655665,15.718008836340466,-33.30434378467275,-33.482867648959136,8.16606856268825,-30.943683164080337,-32.008943589655665,15.718008836340466,-33.30434378467275,-33.482867648959136
15.626451380679145,-39.13253616722118,-30.481277361705637,-0.2739666684492992,-50,-50,15.626451380679145,-39.13253616722118,-30.481277361705637,-0.2739666684492992,-50,-50,8.869361776772356,-32.00288378996223,-33.215549594582576,16.353088954038355,-34.223909339777535,-32.539906030374134,8.869361776772356,-32.00288378996223,-33.215549594582576,16.353088954038355,-34.223909339777535,-32.539906030374134
15.723973159306176,-40.39115767787289,-29.647924541911927,1.1735402511894906,-50,-50,15.723973159306176,-40.39115767787289,-29.647924541911927,1.1735402511894906,-50,-50,9.458167003433577,-33.15712257145316,-34.48771094470881,16.832718753723075,-35.255087298107476,-31.709551695246407,9.458167003433577,-33.15712257145316,-34.48771094470881,16.832718753723075,-35.255087298107476,-31.709551695246407
15.648555372255322,-41.64457246388963,-28.93902473484756,2.53288748264829,-50,-50,15.648555372255322,-41.64457246388963,-28.93902473484756,2.53288748264829,-50,-50,9.926205150271535,-34.38813169388947,-35.805017158582366,17.150494141307778,-36.38473026062842,-31.00134344455869,9.926205150271535,-34.38813169388947,-35.805017158582366,17.150494141307778,-36.38473026062842,-31.00134344455869
15.401223749259637,-42.879370054812554,-28.364647252504,3.78300930559422,-50,-50,15.401223749259637,-42.879370054812554,-28.364647252504,3.78300930559422,-50,-50,10.268485000092882,-35.676428319873736,-37.14633345322764,17.3021721288006,-37.59843541096161,-30.42341691062103,10.268485000092882,-35.676428319873736,-37.14633345322764,17.3021721288006,-37.59843541096161,-30.42341691062103
14.98534215724699,-44.08233916831068,-27.93295063296101,4.9045326591239515,-49.19114797819884,-50,14.98534215724699,-44.08233916831068,-27.93295063296101,4.9045326591239515,-49.19114797819884,-50,10.481356437873984,-37.00162293869754,-38.490139829353346,17.285727487361633,-38.88072814961181,-29.982411097960494,10.481356437873984,-37.00162293869754,-38.490139829353346,17.285727487361633,-38.88072814961181,-29.982411097960494
14.40656684961655,-45.24060905964776,-27.650066755370716,5.880077364894905,-47.958747598165374,-50,14.40656684961655,-45.24060905964776,-27.650066755370716,5.880077364894905,-47.958747598165374,-50,10.562549376043098,-38.34274206543056,-39.81487633694821,17.10137978848345,-40.21525939330253,-29.68339211691243,10.562549376043098,-38.34274206543056,-39.81487633694821,17.10137978848345,-40.21525939330253,-29.68339211691243
13.672769537605266,-46.341787227686495,-27.520013741888647,6.694525466679197,-46.6547761178939,-50,13.672769537605266,-46.341787227686495,-27.520013741888647,6.694525466679197,-46.6547761178939,-50,10.511197962977416,-39.67856018240534,-41.099288981843664,16.75159047223731,-41.585014023904456,-29.529794986034126,10.511197962977416,-39.67856018240534,-41.099288981843664,16.75159047223731,-41.585014023904456,-29.529794986034126
12.793930330023105,-47.37409200409399,-27.544638883704835,7.3352555123998755,-45.299313595597496,-50,12.793930330023105,-47.37409200409399,-27.544638883704835,7.3352555123998755,-45.299313595597496,-50,10.327849816552837,-40.98793566955486,-42.32277072353911,16.241029981730126,-42.97252782919125,-29.52338417189246,10.327849816552837,-40.98793566955486,-42.32277072353911,16.241029981730126,-42.97252782919125,-29.52338417189246
11.782001997443883,-48.32647860715622,-27.72359240186136,7.792338147996711,-43.91323300799774,-50,11.782001997443883,-48.32647860715622,-27.72359240186136,7.792338147996711,-43.91323300799774,-50,10.014460184278528,-42.25014540692516,-43.46569209334076,15.576515402598408,-44.360110169533215,-29.66423331952984,10.014460184278528,-42.25014540692516,-43.46569209334076,15.576515402598408,-44.360110169533215,-29.66423331952984
10.65074740694492,-49.18875731153385,-28.054332415561582,8.058689992014601,-42.51787882413257,-50,10.65074740694492,-49.18875731153385,-28.054332415561582,8.058689992014601,-42.51787882413257,-50,9.574371092293635,-43.44521275370462,-44.509716128396306,14.76691944018618,-45.73006953148664,-29.95072440645749,9.574371092293635,-43.44521275370462,-44.509716128396306,14.76691944018618,-45.73006953148664,-29.95072440645749
9.41555233838697,-49.95170246964287,-28.53216104740051,8.130183406329618,-41.134738318581036,-50,9.41555233838697,-49.95170246964287,-28.53216104740051,8.130183406329618,-41.134738318581036,-50,9.012275705583516,-44.55422371293577,-45.438092568842265,13.823051949759094,-47.06493909252429,-30.379566329894374,9.012275705583516,-44.55422371293577,-45.438092568842265,13.823051949759094,-47.06493909252429,-30.379566329894374
8.093216228050062,-50,-29.1502911526723,8.005710461902934,-39.78511068560352,-50,8.093216228050062,-50,-29.1502911526723,8.005710461902934,-39.78511068560352,-50,8.334168279482784,-45.55962627805981,-46.23592659798227,12.757515601581131,-48.34769942101003,-30.945832713728898,8.334168279482784,-45.55962627805981,-46.23592659798227,12.757515601581131,-48.34769942101003,-30.945832713728898
6.701723685646584,-50,-29.899942724922823,7.687200108288877,-38.48977904955985,-49.62144378791429,6.701723685646584,-50,-29.899942724922823,7.687200108288877,-38.48977904955985,-49.62144378791429,7.547280236188602,-46.44550822362016,-46.89041781384542,11.584537608038097,-49.561995471951334,-31.64301850089073,7.547280236188602,-46.44550822362016,-46.89041781384542,11.584537608038097,-49.561995471951334,-31.64301850089073
5.259999892223332,-50,-30.770467608389076,7.179588280822431,-37.268690422367456,-48.667589205304516,5.259999892223332,-50,-30.770467608389076,7.179588280822431,-37.268690422367456,-48.667589205304516,6.660003047971911,-47.19784894360804,-47.391065598078114,10.319779759613981,-50,-32.463114681020656,6.660003047971911,-47.19784894360804,-47.391065598078114,10.319779759613981,-50,-32.463114681020656
3.7876532056968353,-50,-31.749500745892874,6.490741408733447,-36.140648536384155,-47.635469552879925,3.7876532056968353,-50,-31.749500745892874,6.490741408733447,-36.140648536384155,-47.635469552879925,5.681798749470477,-47.80474135167627,-47.729837587243864,8.980129306149525,-50,-33.39670029499552,5.681798749470477,-47.80474135167627,-47.729837587243864,8.980129306149525,-50,-33.39670029499552
2.304708474750814,-50,-32.82313581384181,5.631334509577092,-35.12302428282972,-46.53465119908316,2.304708474750814,-50,-32.82313581384181,5.631334509577092,-35.12302428282972,-46.53465119908316,4.623099033370758,-48.256580331267415,-47.901298543587146,7.583473475571805,-50,-34.43305065939365,4.623099033370758,-48.256580331267415,-47.901298543587146,7.583473475571805,-50,-34.43305065939365
0.8313346881942607,-50,-33.97612274959444,4.614685759144448,-34.23148821474879,-45.375337257415715,0.8313346881942607,-50,-33.97612274959444,4.614685759144448,-34.23148821474879,-45.375337257415715,3.4951940055357023,-48.54621475310975,-47.90269755766646,6.148460640754718,-50,-35.56026056765874,3.4951940055357023,-48.54621475310975,-47.90269755766646,6.148460640754718,-50,-35.56026056765874
-0.6124293360775868,-50,-35.19208436548243,3.4565501005123798,-33.47976923374464,-44.16827301722535,-0.6124293360775868,-50,-35.19208436548243,3.4565501005123798,-33.47976923374464,-44.16827301722535,2.31011178590688,-48.669060654141845,-47.734012183782646,4.694251323450726,-50,-36.76538105267437,2.31011178590688,-48.669060654141845,-47.734012183782646,4.694251323450726,-50,-36.76538105267437
-2.006947491714497,-50,-36.45374897267471,2.174875090660671,-32.87944317650295,-42.924646349248206,-2.006947491714497,-50,-36.45374897267471,2.174875090660671,-32.87944317650295,-42.924646349248206,1.0804902391331872,-48.62317378661514,-47.397948800096444,3.240262359928596,-50,-38.03456813966898,1.0804902391331872,-48.62317378661514,-47.397948800096444,3.240262359928596,-50,-38.03456813966898
-3.3332534474108986,-50,-37.743195710660444,0.789522768287263,-32.439754556694936,-41.655984009014155,-3.3332534474108986,-50,-37.743195710660444,0.789522768287263,-32.439754556694936,-41.655984009014155,-0.1805577971948622,-48.40928038915974,-46.899899187657255,1.8059076442576667,-50,-39.35324188063629,-0.1805577971948622,-48.40928038915974,-46.899899187657255,1.8059076442576667,-50,-39.35324188063629
-4.573308601040115,-50,-39.04210909765803,-0.6780381469828556,-32.16747420728353,-40.37404479924285,-4.573308601040115,-50,-39.04210909765803,-0.6780381469828556,-32.16747420728353,-40.37404479924285,-1.459584349481171,-48.0307656928085,-46.24785402498701,0.41033891087816876,-50,-40.70625384334213,-1.459584349481171,-48.0307656928085,-46.24785402498701,0.41033891087816876,-50,-40.70625384334213
-5.710247416082634,-50,-40.3320391862794,-2.2050649540229337,-32.06679501542094,-39.09071058147337,-5.710247416082634,-50,-40.3320391862794,-2.2050649540229337,-32.06679501542094,-39.09071058147337,-2.742949718992255,-47.49362034389153,-45.45227468610656,-0.9278099824323265,-50,-42.078061130864356,-2.742949718992255,-47.49362034389153,-45.45227468610656,-0.9278099824323265,-50,-42.078061130864356
-6.728606803619305,-49.64804103035991,-41.59466362916312,-3.7678934124439123,-32.13926735553176,-37.8178761471026,-6.728606803619305,-49.64804103035991,-41.59466362916312,-3.7678934124439123,-32.13926735553176,-37.8178761471026,-4.016967937306671,-46.80634559175053,-44.52592539886971,-2.190671856819221,-50,-43.45290493259765,-4.016967937306671,-46.80634559175053,-44.52592539886971,-2.190671856819221,-50,-43.45290493259765
-7.614536430146684,-48.84286563235203,-42.81204793215794,-5.342304465869719,-32.38377521485784,-36.567338968581595,-7.614536430146684,-48.84286563235203,-42.81204793215794,-5.342304465869719,-32.38377521485784,-36.567338968581595,-5.268052715189283,-45.979818741841214,-43.483668456446544,-3.361384777791203,-50,-44.81499155559422,-5.268052715189283,-45.979818741841214,-43.483668456446544,-3.361384777791203,-50,-44.81499155559422
-8.355987090896656,-47.942057434386655,-43.96690019838602,-6.903899563163142,-32.796553379111074,-35.350689852628335,-8.355987090896656,-47.942057434386655,-43.96690019838602,-6.903899563163142,-32.796553379111074,-35.350689852628335,-6.4828623284751385,-45.02712100365904,-42.34222576757091,-4.424317198477169,-50,-46.148673856618224,-6.4828623284751385,-45.02712100365904,-42.34222576757091,-4.424317198477169,-50,-46.148673856618224
-8.942874586662857,-46.955254316806915,-45.04281674476414,-8.428478761269634,-33.37124541358973,-34.17920550895494,-8.942874586662857,-46.955254316806915,-45.04281674476414,-8.428478761269634,-33.37124541358973,-34.17920550895494,-7.648441895880472,-43.96333045809216,-41.11991057122575,-5.365276674549039,-50,-47.438630990693355,-7.648441895880472,-43.96333045809216,-41.11991057122575,-5.365276674549039,-50,-47.438630990693355
-9.367216875304903,-45.89301423233898,-46.02451510221233,-9.89241575024479,-34.099001546898066,-33.0637440302546,-9.367216875304903,-45.89301423233898,-46.02451510221233,-9.89241575024479,-34.099001546898066,-33.0637440302546,-8.752361531473056,-42.805283420848134,-39.83633362012039,-6.171699364017375,-50,-48.67004441125766,-8.752361531473056,-42.805283420848134,-39.83633362012039,-6.171699364017375,-50,-48.67004441125766
-9.62324263258381,-44.76670224499192,-46.898051089981365,-11.273023988724812,-34.96861494994295,-32.01464425220759,-9.62324263258381,-44.76670224499192,-46.898051089981365,-11.273023988724812,-34.96861494994295,-32.01464425220759,-9.782848898526545,-41.57130797879025,-38.512088546933626,-6.8328177816664635,-50,-49.828768100099964,-9.782848898526545,-41.57130797879025,-38.512088546933626,-6.8328177816664635,-50,-49.828768100099964
-9.70746974583176,-43.58836893355436,-47.65101688074638,-12.54890827586034,-35.96669431162581,-31.04162992630563,-9.70746974583176,-43.58836893355436,-47.65101688074638,-12.54890827586034,-35.96669431162581,-31.04162992630563,-10.728914751188402,-40.280933916427784,-37.16842146128945,-7.339804568245469,-50,-50,-10.728914751188402,-40.280933916427784,-37.16842146128945,-7.339804568245469,-50,-50
-9.618752672892617,-42.37062146066731,-48.27271724312115,-13.700296311427039,-37.0778700537104,-30.153719593683732,-9.618752672892617,-42.37062146066731,-48.27271724312115,-13.700296311427039,-37.0778700537104,-30.153719593683732,-11.58047012516833,-38.95458362347399,-35.82689007843087,-7.685890354786565,-50,-50,-11.58047012516833,-38.95458362347399,-35.82689007843087,-7.685890354786565,-50,-50
-9.35829802222178,-41.12648868692315,-48.754321458220474,-14.709345105943964,-38.28503100933183,-29.35914299530836,-9.35829802222178,-41.12648868692315,-48.754321458220474,-14.709345105943964,-38.28503100933183,-29.35914299530836,-12.32843392771253,-37.61324887539099,-34.50901784851177,-7.866454148306019,-49.34379875808409,-50,-12.32843392771253,-37.61324887539099,-34.50901784851177,-7.866454148306019,-49.34379875808409,-50
-8.92964814224599,-39.86928177315657,-49.08898875242587,-15.560417492383236,-39.569587920497774,-28.665264793288397,-8.92964814224599,-39.86928177315657,-49.08898875242587,-15.560417492383236,-39.569587920497774,-28.665264793288397,-12.964829779509754,-36.27815860242482,-33.2359486356357,-7.8790850320443795,-48.115675949857305,-50,-12.964829779509754,-36.27815860242482,-33.2359486356357,-7.8790850320443795,-48.115675949857305,-50
-8.338632943178228,-38.612451762362966,-49.27196546469082,-16.24032445438405,-40.91175969694326,-28.078516310309375,-8.338632943178228,-38.612451762362966,-49.27196546469082,-16.24032445438405,-40.91175969694326,-28.078516310309375,-13.48287107579545,-34.97044290525905,-32.028107486950915,-7.723614356414167,-46.822047136361135,-50,-13.48287107579545,-34.97044290525905,-32.028107486950915,-7.723614356414167,-46.822047136361135,-50
-7.593290606541403,-37.369445664996995,-49.30065256820701,-16.73852951562723,-42.2908780281947,-27.604335919875915,-7.593290606541403,-37.369445664996995,-49.30065256820701,-16.73852951562723,-42.2908780281947,-27.604335919875915,-13.877033359551838,-33.71079863481506,-30.90487293440209,-7.402117990836231,-45.479405934497535,-50,-13.877033359551838,-33.71079863481506,-30.90487293440209,-7.402117990836231,-45.479405934497535,-50
-6.703758260802122,-36.15356258741589,-49.1746425873445,-17.047312022959893,-43.68570565807494,-27.24711863986463,-6.703758260802122,-36.15356258741589,-49.1746425873445,-17.047312022959893,-43.68570565807494,-27.24711863986463,-14.143113235006606,-32.519161828976536,-29.884266086710035,-6.918888606397939,-44.104870863429944,-50,-14.143113235006606,-32.519161828976536,-29.884266086710035,-6.918888606397939,-44.104870863429944,-50
-5.682134109994614,-34.97781144277056,-48.8957253854926,-17.161886792881738,-45.07476342049115,-27.010175396587822,-5.682134109994614,-34.97781144277056,-48.8957253854926,-17.161886792881738,-45.07476342049115,-27.010175396587822,-14.278273193170019,-31.414392190487987,-28.982661499769364,-6.280378359419629,-42.715967085436425,-50,-14.278273193170019,-31.414392190487987,-28.982661499769364,-6.280378359419629,-42.715967085436425,-50
-4.542312890473093,-33.85477176671686,-48.46786274158998,-17.0804782672392,-46.43666100043045,-26.895702336935894,-4.542312890473093,-33.85477176671686,-48.46786274158998,-17.0804782672392,-46.43666100043045,-26.895702336935894,-14.281071871384778,-30.413974599710006,-28.21452446424227,-5.4951127412277465,-41.33040296213422,-50,-14.281071871384778,-30.413974599710006,-28.21452446424227,-5.4951127412277465,-41.33040296213422,-50
-3.2997968936858033,-32.79645912710024,-47.89713207646267,-16.804348028940762,-47.75042632672483,-26.904760473033566,-3.2997968936858033,-32.79645912710024,-47.89713207646267,-16.804348028940762,-47.75042632672483,-26.904760473033566,-14.151479424197218,-29.533742386303132,-27.592178925290796,-4.573576744425635,-39.96584427494838,-50,-14.151479424197218,-29.533742386303132,-27.592178925290796,-4.573576744425635,-39.96584427494838,-50
-1.9714851251797878,-31.814196567615518,-47.19164012828859,-16.33777525128427,-48.995828524213735,-27.03726584807689,-1.9714851251797878,-31.814196567615518,-47.19164012828859,-16.33777525128427,-48.995828524213735,-27.03726584807689,-13.890877841632955,-28.787626739544088,-27.12560975792961,-3.5280748655893817,-38.63968898841993,-50,-13.890877841632955,-28.787626739544088,-27.12560975792961,-3.5280748655893817,-38.63968898841993,-50
-0.5754434674079976,-30.918493460885344,-46.36140780335511,-15.68799038387199,-50,-27.29199031450048,-0.5754434674079976,-30.918493460885344,-46.36140780335511,-15.68799038387199,-50,-27.29199031450048,-13.50204621148283,-28.187436223285516,-26.82230257028189,-2.3725668136537514,-37.368845428203876,-50,-13.50204621148283,-28.187436223285516,-26.82230257028189,-2.3725668136537514,-37.368845428203876,-50
0.8693410277286837,-30.118933067125464,-45.418227837704684,-14.86506310277819,-50,-27.666572917262528,0.8693410277286837,-30.118933067125464,-45.418227837704684,-14.86506310277819,-50,-27.666572917262528,-12.989131082763969,-27.74266988511594,-26.687123604925382,-1.1224811176374887,-36.16951670187821,-50,-12.989131082763969,-27.74266988511594,-26.687123604925382,-1.1224811176374887,-36.16951670187821,-50
2.3432183748293562,-29.424070001424383,-44.37549729146288,-13.881746261399377,-50,-28.157541776739528,2.3432183748293562,-29.424070001424383,-44.37549729146288,-13.881746261399377,-50,-28.157541776739528,-12.357602246403765,-27.460366917587606,-26.72224166518432,0.20549087755283235,-35.05699411120686,-50,-12.357602246403765,-27.460366917587606,-26.72224166518432,0.20549087755283235,-35.05699411120686,-50
3.826142907255764,-28.84133870664932,-43.248027255123205,-12.753278260270491,-50,-28.760346268405936,3.826142907255764,-28.84133870664932,-43.248027255123205,-12.753278260270491,-50,-28.760346268405936,-11.61419440470679,-27.344995250883162,-26.92709331897717,1.5936178766402356,-34.045462189816945,-50,-11.61419440470679,-27.344995250883162,-26.92709331897717,1.5936178766402356,-34.045462189816945,-50
5.29794591091159,-28.37697391124071,-42.05183247074638,-11.49714689851003,-50,-29.46939920103581,5.29794591091159,-28.37697391124071,-42.05183247074638,-11.49714689851003,-50,-29.46939920103581,-10.766835351649425,-27.398380840133,-27.29839193848763,3.0233653850778817,-33.14781785206067,-50,-10.766835351649425,-27.398380840133,-27.29839193848763,3.0233653850778817,-33.14781785206067,-50
6.73860993154522,-28.035943922929135,-40.803903856324744,-10.132818366474527,-50,-30.278128602491016,6.73860993154522,-28.035943922929135,-40.803903856324744,-10.132818366474527,-50,-30.278128602491016,-9.824561429895589,-27.61967876653369,-27.830180430626893,4.475643184596436,-32.37550595883305,-50,-9.824561429895589,-27.61967876653369,-27.830180430626893,4.475643184596436,-32.37550595883305,-50
8.128541024821894,-27.82189747207493,-39.521967164406774,-8.681435579404821,-50,-31.1790386331114,8.128541024821894,-27.82189747207493,-39.521967164406774,-8.681435579404821,-50,-31.1790386331114,-8.797421166111196,-28.005386609641825,-28.513926812282826,5.931060228862963,-31.738373396943338,-49.46830504868639,-8.797421166111196,-28.005386609641825,-28.513926812282826,5.931060228862963,-31.738373396943338,-49.46830504868639
9.448835246393205,-27.73712467336163,-38.224231203029596,-7.1654905269712446,-50,-32.16377906212048,9.448835246393205,-27.73712467336163,-38.224231203029596,-7.1654905269712446,-50,-32.16377906212048,-7.696368112222135,-28.549399879203555,-29.338661096952315,7.370183555844401,-31.244543532449246,-48.28493374086547,-7.696368112222135,-28.549399879203555,-29.338661096952315,7.370183555844401,-31.244543532449246,-48.28493374086547
10.681535757529158,-27.782532523519734,-36.92912919526301,-5.608475716294172,-50,-33.22322266309433,10.681535757529158,-27.782532523519734,-36.92912919526301,-5.608475716294172,-50,-33.22322266309433,-6.533144035369592,-29.243108629216223,-30.29115129655586,8.77379775983708,-30.9003126386835,-47.03329670910535,-6.533144035369592,-29.243108629216223,-30.29115129655586,8.77379775983708,-30.9003126386835,-47.03329670910535
11.809877049512385,-27.957635197234303,-35.6550569511315,-4.034520110008612,-50,-34.34754981114034,11.809877049512385,-27.957635197234303,-35.6550569511315,-4.034520110008612,-50,-34.34754981114034,-5.320153702240727,-30.075533725137785,-31.356115714671628,10.123161558647894,-30.71006961950608,-45.72777229292172,-5.320153702240727,-30.075533725137785,-31.356115714671628,10.123161558647894,-30.71006961950608,-45.72777229292172
12.818512965189804,-28.26055924506202,-34.42011157095584,-2.4680152012154926,-50,-35.52633949768351,12.818512965189804,-28.26055924506202,-34.42011157095584,-2.4680152012154926,-50,-35.52633949768351,-4.0703325930887235,-31.03350060758113,-32.51646812516891,11.400258030203537,-30.676240051282203,-44.383357870009256,-4.0703325930887235,-31.03350060758113,-32.51646812516891,11.400258030203537,-30.676240051282203,-44.383357870009256
13.693725416441778,-28.688063637744246,-33.24183439160995,-0.9332370200158087,-50,-36.74866591927513,13.693725416441778,-28.688063637744246,-33.24183439160995,-0.9332370200158087,-50,-36.74866591927513,-2.797008956157531,-32.10184780238444,-33.753591902609536,12.588035177386248,-30.799255257071927,-43.01549757195823,-2.797008956157531,-32.10184780238444,-33.753591902609536,12.588035177386248,-30.799255257071927,-43.01549757195823
14.423610958880657,-29.235574442459168,-32.136961826918636,0.5460300706331278,-50,-38.003199745174676,14.423610958880657,-29.235574442459168,-32.136961826918636,0.5460300706331278,-50,-38.003199745174676,-1.5137616735797503,-33.263666877025756,-35.047638706285156,13.670633609036726,-31.07754680730961,-41.639904867830644,-1.5137616735797503,-33.263666877025756,-35.047638706285156,13.670633609036726,-31.07754680730961,-41.639904867830644
14.998242686243586,-29.897233760006557,-31.121187641295364,1.9468619597259602,-50,-39.27831312508964,14.998242686243586,-29.897233760006557,-31.121187641295364,1.9468619597259602,-50,-39.27831312508964,-0.23427545448303655,-34.50057004566017,-36.37784692582157,14.633598297091492,-31.5075665171005,-40.2723820536863,-0.23427545448303655,-34.50057004566017,-36.37784692582157,14.633598297091492,-31.5075665171005,-40.2723820536863
15.409805242612947,-30.665962399339044,-30.208940033317706,3.2475500417452183,-50,-40.56218746379243,15.409805242612947,-30.665962399339044,-30.208940033317706,3.2475500417452183,-50,-40.56218746379243,1.0278051004549091,-35.79298118746779,-37.72287477922749,15.46407158243774,-32.0838316851579,-38.928638721697375,1.0278051004549091,-35.79298118746779,-37.72287477922749,15.46407158243774,-32.0838316851579,-38.928638721697375
15.652701116213441,-31.533535618875717,-29.41317669557744,4.427937633584762,-49.888530346435644,-41.84292296368771,15.652701116213441,-31.533535618875717,-29.41317669557744,4.427937633584762,-49.888530346435644,-41.84292296368771,2.25902100673071,-37.12044567244826,-39.061142719182406,16.15096485244245,-32.79899499761724,-37.624111294212405,2.25902100673071,-37.12044567244826,-39.061142719182406,16.15096485244245,-32.79899499761724,-37.624111294212405
15.723626769122102,-32.49067112423062,-28.745200761802774,5.469732341425971,-48.70828501809128,-43.10864892001657,15.723626769122102,-32.49067112423062,-28.745200761802774,5.469732341425971,-48.70828501809128,-43.10864892001657,3.446242424305119,-38.46195409113361,-40.37117965401743,16.685106597888257,-33.64393820542699,-36.373785695891605,3.446242424305119,-38.46195409113361,-40.37117965401743,16.685106597888257,-33.64393820542699,-36.373785695891605
15.62161756747906,-33.5271283808554,-28.214500255566314,6.356789536838786,-47.44492634701912,-44.347633746409976,15.62161756747906,-33.5271283808554,-28.214500255566314,6.356789536838786,-47.44492634701912,-44.347633746409976,4.576808675855686,-39.796274764641694,-41.63196742863974,17.05936487243688,-34.60788838096489,-35.19202520099184,4.576808675855686,-39.796274764641694,-41.63196742863974,17.05936487243688,-34.60788838096489,-35.19202520099184
15.348060901119817,-34.63181817903504,-27.82861332107133,7.075362549093775,-46.117908988511175,-45.5483937109999,15.348060901119817,-34.63181817903504,-27.82861332107133,7.075362549093775,-46.117908988511175,-45.5483937109999,5.638663261818867,-41.102289772524536,-42.82327803857002,17.268742519521837,-35.67855527161662,-34.09240543342865,5.638663261818867,-41.102289772524536,-42.82327803857002,17.268742519521837,-35.67855527161662,-34.09240543342865
14.906677314193637,-35.792921278985595,-27.593021150297567,7.614315696472252,-44.74766788781865,-46.69979937525131,14.906677314193637,-35.792921278985595,-27.593021150297567,7.614315696472252,-44.74766788781865,-46.69979937525131,6.620482432405952,-42.35932918019478,-43.92599816684959,17.31044389518499,-36.842287999049525,-33.08755841507018,6.620482432405952,-42.35932918019478,-43.92599816684959,17.31044389518499,-36.842287999049525,-33.08755841507018
14.30346990340361,-36.998014866651175,-27.511070127383718,7.965296855239805,-43.3553035992743,-47.791178748968825,14.30346990340361,-36.998014866651175,-27.511070127383718,7.965296855239805,-43.3553035992743,-47.791178748968825,7.51179594548354,-43.547498176204,-44.92243583696717,17.18391219596361,-38.08424910634942,-32.18902745377979,7.51179594548354,-43.547498176204,-44.92243583696717,17.18391219596361,-38.08424910634942,-32.18902745377979
13.546642672084241,-38.234205467231675,-27.583924296119214,8.122866891993613,-41.962257355597366,-48.812416205368905,13.546642672084241,-38.234205467231675,-27.583924296119214,8.122866891993613,-41.962257355597366,-48.812416205368905,8.30309872254195,-44.64799194186484,-45.796604261883516,16.890836893419536,-39.38860373385361,-31.407134538200356,8.30309872254195,-44.64799194186484,-45.796604261883516,16.890836893419536,-39.38860373385361,-31.407134538200356
12.646488950553419,-39.48826689437952,-27.810548825703474,8.084583953577814,-40.5899808910395,-49.754046239408275,12.646488950553419,-39.48826689437952,-27.810548825703474,8.084583953577814,-40.5899808910395,-49.754046239408275,8.985952212038576,-45.64339326986112,-46.53447833509709,16.43513117604372,-40.738721511773946,-30.750861762597097,8.985952212038576,-45.64339326986112,-46.53447833509709,16.43513117604372,-40.738721511773946,-30.750861762597097
11.615251400292104,-40.746781759126584,-28.187724709627282,7.851041308331451,-39.25960610281596,-50,11.615251400292104,-40.746781759126584,-28.187724709627282,7.851041308331451,-39.25960610281596,-50,9.553074379164045,-46.51794822152166,-47.124219648623125,15.82287969973513,-42.11738859548288,-30.227748143907647,9.553074379164045,-46.51794822152166,-47.124219648623125,15.82287969973513,-42.11738859548288,-30.227748143907647
10.466955505983798,-41.996285024516176,-28.710094488891393,7.425858152245533,-37.99161963775674,-50,10.466955505983798,-41.996285024516176,-28.710094488891393,7.425858152245533,-37.99161963775674,-50,9.998417362370217,-47.25781546000498,-47.55636642771111,15.06225734449855,-43.50702714000801,-29.843803016327115,9.998417362370217,-47.25781546000498,-47.55636642771111,15.06225734449855,-43.50702714000801,-29.843803016327115
9.217218820028398,-43.223408070028,-29.370238350103303,6.815623522505762,-36.805547415268045,-50,9.217218820028398,-43.223408070028,-29.370238350103303,6.815623522505762,-36.805547415268045,-50,10.317231968520247,-47.85128531327017,-47.8239853349992,14.163420062134081,-44.88991941554426,-29.603436998317285,10.317231968520247,-47.85128531327017,-47.8239853349992,14.163420062134081,-44.88991941554426,-29.603436998317285
7.8830385539249175,-44.41502172442931,-30.15877951754443,6.029794187588832,-35.7196539446837,-50,7.8830385539249175,-44.41502172442931,-30.15877951754443,6.029794187588832,-35.7196539446837,-50,10.50611831887672,-48.28896509978405,-47.92278270856876,13.138369272338334,-46.248433706425956,-29.50941132506628,10.50611831887672,-48.28896509978405,-47.92278270856876,13.138369272338334,-46.248433706425956,-29.50941132506628
6.482560405415373,-45.558376736722806,-31.064517442203403,5.080548096303959,-34.75066106726512,-50,6.482560405415373,-45.558376736722806,-31.064517442203403,5.080548096303959,-34.75066106726512,-50,10.563062105832751,-48.56392778386711,-47.851173449202186,12.00079161782209,-47.56524911345632,-29.562806128448543,10.563062105832751,-48.56392778386711,-47.851173449202186,12.00079161782209,-47.56524911345632,-29.562806128448543
5.034831765488256,-46.641240182271204,-32.07458689594067,3.982595656870071,-33.91349045398512,-50,5.034831765488256,-46.641240182271204,-32.07458689594067,3.982595656870071,-33.91349045398512,-50,10.487456073739542,-48.671821607951735,-47.61030645162101,10.76587621805916,-48.823576393362515,-29.76300802887242,10.487456073739542,-48.671821607951735,-47.61030645162101,10.76587621805916,-48.823576393362515,-29.76300802887242
3.5595426617807653,-47.65202634467045,-33.17464071098793,2.752951770625333,-33.22103382441225,-50,3.5595426617807653,-47.65202634467045,-33.17464071098793,2.752951770625333,-33.22103382441225,-50,10.280106494756442,-48.610938966633114,-47.204046171686926,9.450111861724816,-50,-30.107717181556353,10.280106494756442,-48.610938966633114,-47.204046171686926,9.450111861724816,-50,-30.107717181556353
2.0767579617163285,-48.57992067304535,-34.3490535691257,1.4106721531493953,-32.68395442512985,-50,2.0767579617163285,-48.57992067304535,-34.3490535691257,1.4106721531493953,-32.68395442512985,-50,9.943224570664032,-48.38224343246283,-46.63891062530056,8.071066845742491,-50,-30.592973696288055,9.943224570664032,-48.38224343246283,-46.63891062530056,8.071066845742491,-50,-30.592973696288055
0.6066444775824604,-49.41499548853135,-35.58114394588793,-0.023441970987982508,-32.31052282475524,-50,0.6066444775824604,-49.41499548853135,-35.58114394588793,-0.023441970987982508,-32.31052282475524,-50,9.480402852332487,-47.9893545057554,-45.92396681373985,6.647154400562216,-50,-31.21320312716666,9.480402852332487,-47.9893545057554,-45.92396681373985,6.647154400562216,-50,-31.21320312716666
-0.8308033149061997,-50,-36.853411057268424,-1.5271662235224714,-32.106489554176235,-50,-0.8308033149061997,-50,-36.853411057268424,-1.5271662235224714,-32.106489554176235,-50,8.896576928310731,-47.438490329768065,-45.070685253228014,5.197386833752188,-50,-31.96128050975903,8.896576928310731,-47.438490329768065,-45.070685253228014,5.197386833752188,-50,-31.96128050975903
-2.21603521415736,-50,-38.147783443304434,-3.077197482317132,-32.07499655323784,-50,-2.21603521415736,-50,-38.147783443304434,-3.077197482317132,-32.07499655323784,-50,8.197972791094545,-46.73836927788522,-44.092755942649546,3.7411216746152203,-50,-32.828612210033924,8.197972791094545,-46.73836927788522,-44.092755942649546,3.7411216746152203,-50,-32.828612210033924
-3.5302111878415428,-50,-39.44587565762058,-4.6495150084104075,-32.21652878752536,-50,-3.5302111878415428,-50,-39.44587565762058,-4.6495150084104075,-32.21652878752536,-50,7.392040442365673,-45.90007197035877,-43.00586872201801,2.2978032093500182,-50,-33.805234644825546,7.392040442365673,-45.90007197035877,-43.00586872201801,2.2978032093500182,-50,-33.805234644825546
-4.755457609280144,-50,-40.729249416880485,-6.219752693929233,-32.528906780304446,-50,-4.755457609280144,-50,-40.729249416880485,-6.219752693929233,-32.528906780304446,-50,6.48737444524448,-44.93686590442802,-41.82746154561092,0.8867028578204685,-50,-34.87992873976229,6.48737444524448,-44.93686590442802,-41.82746154561092,0.8867028578204685,-50,-34.87992873976229
-5.875110350102986,-50,-41.979675500741536,-7.76357666216157,-33.0073201746199,-50,-5.875110350102986,-50,-41.979675500741536,-7.76357666216157,-33.0073201746199,-50,5.493622270796257,-43.86399547334783,-40.57644070846277,-0.47333814153689957,-50,-36.04034880980895,5.493622270796257,-43.86399547334783,-40.57644070846277,-0.47333814153689957,-50,-36.04034880980895
-6.873941422962957,-50,-43.1793926822501,-9.257062368145531,-33.644401808725405,-50,-6.873941422962957,-50,-43.1793926822501,-9.257062368145531,-33.644401808725405,-50,4.421381416196473,-42.6984406976368,-39.272877514885806,-1.7641603029526696,-50,-37.273164381893366,4.421381416196473,-42.6984406976368,-39.272877514885806,-1.7641603029526696,-50,-37.273164381893366
-7.7383660918208665,-50,-44.31136001079241,-10.677065355869548,-34.43034116414506,-49.83632266292656,-7.7383660918208665,-50,-44.31136001079241,-10.677065355869548,-34.43034116414506,-49.83632266292656,3.282086391698444,-41.458648487036776,-37.93768625565092,-2.968528361694519,-50,-38.56421333041103,3.282086391698444,-41.458648487036776,-37.93768625565092,-2.968528361694519,-50,-38.56421333041103
-8.456627632971124,-50,-45.359498864140406,-12.001579926481277,-35.353035439362394,-48.90246273137553,-8.456627632971124,-50,-45.359498864140406,-12.001579926481277,-35.353035439362394,-48.90246273137553,2.087886781589399,-40.16424068642756,-36.59228866034357,-4.070361402088649,-50,-39.89866456644228,2.087886781589399,-40.16424068642756,-36.59228866034357,-4.070361402088649,-50,-39.89866456644228
-9.018957233940215,-50,-46.30892133145014,-13.21008015924818,-36.398275922730335,-47.888160766629014,-9.018957233940215,-50,-46.30892133145014,-13.21008015924818,-36.398275922730335,-47.888160766629014,0.8515176795078738,-38.835703526370416,-35.25827020840146,-5.054947572487379,-50,-41.26118841177215,0.8515176795078738,-38.835703526370416,-35.25827020840146,-5.054947572487379,-50,-41.26118841177215
-9.417706855531362,-50,-47.14614168322954,-14.283838000486456,-37.54996679461617,-46.80281799100075,-9.417706855531362,-50,-47.14614168322954,-14.283838000486456,-37.54996679461617,-46.80281799100075,-0.41383612018411653,-37.49406339326204,-33.957033812959224,-5.909140520274693,-50,-42.63613270051821,-0.41383612018411653,-37.49406339326204,-33.957033812959224,-5.909140520274693,-50,-42.63613270051821
-9.647453250008077,-50,-47.85926792452562,-15.206213491056193,-38.79037298941392,-45.656494080085395,-9.647453250008077,-50,-47.85926792452562,-15.206213491056193,-38.79037298941392,-45.656494080085395,-1.6946807266926616,-36.16055405059192,-32.709456433776104,-6.621534924076455,-50,-44.00770258537479,-1.6946807266926616,-36.16055405059192,-32.709456433776104,-6.621534924076455,-50,-44.00770258537479
-9.70507172070274,-50,-48.43817071048397,-15.962912634782924,-40.100393300558714,-44.45981392302316,-9.70507172070274,-50,-48.43817071048397,-15.962912634782924,-40.100393300558714,-44.45981392302316,-2.9773570533273075,-34.85628057810159,-31.53555412852844,-7.182618779442819,-50,-45.360141982929875,-2.9773570533273075,-34.85628057810159,-31.53555412852844,-7.182618779442819,-50,-45.360141982929875
-9.589778619872854,-49.43052679713172,-48.87462722497952,-16.54220891163649,-41.45985452295669,-43.223869143991074,-9.589778619872854,-49.43052679713172,-48.87462722497952,-16.54220891163649,-41.45985452295669,-43.223869143991074,-4.2481864797056375,-33.60188534758445,-30.454160916364316,-7.584900404658555,-50,-46.677914573676816,-4.2481864797056375,-33.60188534758445,-30.454160916364316,-7.584900404658555,-50,-46.677914573676816
-9.30314200680741,-48.59738300823549,-49.16243797864665,-16.935125002889464,-42.84782210328581,-41.96011529768515,-9.30314200680741,-48.59738300823549,-49.16243797864665,-16.935125002889464,-42.84782210328581,-41.96011529768515,-5.493616722267583,-32.41722132183577,-29.482626606014364,-7.8230084708800085,-50,-47.9458822774586,-5.493616722267583,-32.41722132183577,-29.482626606014364,-7.8230084708800085,-50,-47.9458822774586
-8.849060321226005,-47.671232874339594,-49.29751486729302,-17.13557191207279,-44.24292251441568,-40.68026569165274,-8.849060321226005,-47.671232874339594,-49.29751486729302,-17.13557191207279,-44.24292251441568,-40.68026569165274,-6.700366357518517,-31.321037847358284,-28.63653843648671,-7.893763720980299,-50,-49.14947915408868,-6.700366357518517,-31.321037847358284,-28.63653843648671,-7.893763720980299,-50,-49.14947915408868
-8.233709362026453,-46.661985412913424,-49.27793923990325,-17.14044332577908,-45.6236723896528,-39.39618281960159,-8.233709362026453,-46.661985412913424,-49.27793923990325,-17.14044332577908,-45.6236723896528,-39.39618281960159,-7.855566456785969,-30.330683913693786,-27.929470996326526,-7.796221419500782,-48.88034351461345,-50,-7.855566456785969,-30.330683913693786,-27.929470996326526,-7.796221419500782,-48.88034351461345,-50
-7.465458292502939,-45.580438712042564,-49.10398915142622,-16.949663752010125,-46.968809348422276,-38.11976841195229,-7.465458292502939,-45.580438712042564,-49.10398915142622,-16.949663752010125,-46.968809348422276,-38.11976841195229,-8.946897822080945,-29.461833575813998,-27.372768433720044,-7.531683966910608,-47.62512999517467,-50,-8.946897822080945,-29.461833575813998,-27.372768433720044,-7.531683966910608,-47.62512999517467,-50
-6.55475581441781,-44.43816440008479,-48.77813541324371,-16.566189690071738,-48.257619418949815,-36.862853122718974,-6.55475581441781,-44.43816440008479,-48.77813541324371,-16.566189690071738,-48.257619418949815,-36.862853122718974,-9.962722359562216,-28.728237885231948,-26.975362451652295,-7.103683509746515,-46.31066487433468,-50,-9.962722359562216,-28.728237885231948,-26.975362451652295,-7.103683509746515,-46.31066487433468,-50
-5.513988059031075,-43.24738383910425,-48.305006497419996,-15.99596381388621,-49.47025601591264,-35.637086875173594,-5.513988059031075,-43.24738383910425,-48.305006497419996,-15.99596381388621,-49.47025601591264,-35.637086875173594,-10.892207189621034,-28.141507255952504,-26.74362900819267,-6.51793477882533,-44.95370742949077,-50,-10.892207189621034,-28.141507255952504,-26.74362900819267,-6.51793477882533,-44.95370742949077,-50
-4.357310127859893,-42.02083736670842,-47.69132279323743,-15.247822878740278,-50,-34.45383088264152,-4.357310127859893,-42.02083736670842,-47.69132279323743,-15.247822878740278,-50,-34.45383088264152,-11.7254401700611,-27.710927709693955,-26.68128602100081,-5.78225878524043,-43.57155871023383,-50,-11.7254401700611,-27.710927709693955,-26.68128602100081,-5.78225878524043,-43.57155871023383,-50
-3.1004535743213024,-40.77164798528886,-46.94580114984733,-14.333360778632944,-50,-33.324052345253065,-3.1004535743213024,-40.77164798528886,-46.94580114984733,-14.333360778632944,-50,-33.324052345253065,-12.453535600419277,-27.443313908617313,-26.789333717275575,-4.906478392966294,-42.181840951973435,-50,-12.453535600419277,-27.443313908617313,-26.789333717275575,-4.906478392966294,-42.181840951973435,-50
-1.760512444628791,-39.51318095707479,-46.079031060925495,-13.266748876413798,-50,-32.25822279866967,-1.760512444628791,-39.51318095707479,-46.079031060925495,-13.266748876413798,-50,-32.25822279866967,-13.068728980184224,-27.34290130157236,-27.06603858616905,-3.902287162401432,-40.80227289448059,-50,-13.068728980184224,-27.34290130157236,-27.06603858616905,-3.902287162401432,-40.80227289448059,-50
-0.35571078792266597,-38.25890080721273,-45.103324250023476,-12.06451639104602,-50,-31.266221056956894,-0.35571078792266597,-38.25890080721273,-45.103324250023476,-12.06451639104602,-50,-31.266221056956894,-13.564459810398498,-27.411279090832316,-27.50696119113203,-2.7830932160727127,-39.45044387003864,-50,-13.564459810398498,-27.411279090832316,-27.50696119113203,-2.7830932160727127,-39.45044387003864,-50
1.0948452023551825,-37.022227264817474,-44.03253979312544,-10.745294245317895,-50,-30.357241649193618,1.0948452023551825,-37.022227264817474,-44.03253979312544,-10.745294245317895,-50,-30.357241649193618,-13.935441555638107,-27.647365080233513,-28.105027395971447,-1.5638402112310343,-38.14358954146925,-50,-13.935441555638107,-27.647365080233513,-28.105027395971447,-1.5638402112310343,-38.14358954146925,-50
2.5714270448097127,-35.81639168330274,-42.88188726239489,-9.329526343579468,-50,-29.539709598487345,2.5714270448097127,-35.81639168330274,-42.88188726239489,-9.329526343579468,-50,-29.539709598487345,-14.177718020285639,-28.047422802791623,-28.85064186187297,-0.2608078097401201,-36.8983721494584,-50,-14.177718020285639,-28.047422802791623,-28.85064186187297,-0.2608078097401201,-36.8983721494584,-50
4.0539522899506935,-34.65429547617067,-41.66771068728459,-7.839152753816373,-50,-28.821202333280965,4.0539522899506935,-34.65429547617067,-41.66771068728459,-7.839152753816373,-50,-28.821202333280965,-14.28870553789408,-28.605120656720658,-29.73184199444941,1.1086056905816992,-35.7306680709201,-50,-14.28870553789408,-28.605120656720658,-29.73184199444941,1.1086056905816992,-35.7306680709201,-50
5.522257654242114,-33.54837208287799,-40.40725640165698,-6.297269703766758,-50,-28.208379454727854,5.522257654242114,-33.54837208287799,-40.40725640165698,-6.297269703766758,-50,-28.208379454727854,-14.267220523728115,-29.311632113925,-30.73448987089745,2.5261156608276836,-34.65536539703321,-50,-14.267220523728115,-29.311632113925,-30.73448987089745,2.5261156608276836,-34.65536539703321,-50
6.956373253545882,-32.510453941625556,-39.118428074446086,-4.727771660103052,-50,-27.70692101109811,6.956373253545882,-32.510453941625556,-39.118428074446086,-4.727771660103052,-50,-27.70692101109811,-14.113492096659439,-30.155775414993403,-31.842499067994822,3.972795280303097,-33.686174111827455,-50,-14.113492096659439,-30.155775414993403,-31.842499067994822,3.972795280303097,-33.686174111827455,-50
8.336794206210262,-31.551645892349264,-37.81953240344046,-3.1549810373527447,-50,-27.32147485132986,8.336794206210262,-31.551645892349264,-37.81953240344046,-3.1549810373527447,-50,-27.32147485132986,-13.829159635814463,-31.12419053978033,-33.038092751722985,5.429328250473424,-32.8354512914558,-50,-13.829159635814463,-31.12419053978033,-33.038092751722985,5.429328250473424,-32.8354512914558,-50
9.644745911830409,-30.682206364392705,-36.5290190843875,-1.6032712749390177,-50,-27.055613545687066,9.644745911830409,-30.682206364392705,-36.5290190843875,-1.6032712749390177,-50,-27.055613545687066,-13.417255298030847,-32.20155065271197,-34.302088887740666,6.8762667092841365,-32.11404355292842,-50,-13.417255298030847,-32.20155065271197,-34.302088887740666,6.8762667092841365,-32.11404355292842,-50
10.862439397720758,-29.911437620052073,-35.2652187489355,-0.09668912349029224,-50,-26.91180127281264,10.862439397720758,-29.911437620052073,-35.2652187489355,-0.09668912349029224,-50,-26.91180127281264,-12.882171682558624,-33.370804676329634,-35.6142079968079,8.294290902136359,-31.53114876100293,-50,-12.882171682558624,-33.370804676329634,-35.6142079968079,8.294290902136359,-31.53114876100293,-50
11.973313260224641,-29.247586228293947,-34.046082593778166,1.3414180061727556,-50,-26.89137098008885,11.973313260224641,-29.247586228293947,-34.046082593778166,1.3414180061727556,-50,-26.89137098008885,-12.229614987833763,-34.61344715392847,-36.953398517551825,9.664467142352564,-31.09419875647707,-50,-12.229614987833763,-34.61344715392847,-36.953398517551825,9.664467142352564,-31.09419875647707,-50
12.962258910307366,-28.69775483349236,-32.88892739934629,2.6887638564251573,-50,-26.994512028998304,12.962258910307366,-28.69775483349236,-32.88892739934629,2.6887638564251573,-50,-26.994512028998304,-11.466544159866155,-35.909811130249544,-38.298174556471906,10.968500616800485,-30.80876460108938,-50,-11.466544159866155,-35.909811130249544,-38.298174556471906,10.968500616800485,-30.80876460108938,-50
13.815826059948936,-28.26782616318468,-31.810189559837344,3.9244686915998095,-50,-27.22026843999625,13.815826059948936,-28.26782616318468,-31.810189559837344,3.9244686915998095,-50,-27.22026843999625,-10.601096681170905,-37.239379414884944,-39.62696060634434,12.188979661174955,-30.67848554711949,-48.997528017079865,-10.601096681170905,-37.239379414884944,-39.62696060634434,12.188979661174955,-30.67848554711949,-48.997528017079865
14.522405654590766,-27.962400087898093,-30.825191618373594,5.029382869964751,-49.42785535447366,-27.566547753162148,14.522405654590766,-27.962400087898093,-30.825191618373594,5.029382869964751,-49.42785535447366,-27.566547753162148,-9.642501791639823,-38.581109302117696,-40.9184377023838,13.309608243335513,-30.70502263735245,-47.78478619040028,-9.642501791639823,-38.581109302117696,-40.9184377023838,13.309608243335513,-30.70502263735245,-47.78478619040028
15.072387763640423,-27.784744406453633,-29.947924623457006,5.986383604542329,-48.21212400147891,-28.03014042250389,15.072387763640423,-27.784744406453633,-29.947924623457006,5.986383604542329,-48.21212400147891,-28.03014042250389,-8.60098206677551,-39.91376560794456,-42.1518854624534,14.315423550543503,-30.88803752697438,-46.509524148348596,-8.60098206677551,-39.91376560794456,-42.1518854624534,14.315423550543503,-30.88803752697438,-46.509524148348596
15.458292281621885,-27.736759883302497,-29.190849398159614,6.7806403138840246,-46.92091976587951,-28.606749564155514,15.458292281621885,-27.736759883302497,-29.190849398159614,6.7806403138840246,-46.92091976587951,-28.606749564155514,-7.487644402870808,-41.21625675340007,-43.30751452365006,15.19299577533979,-31.22519679743116,-45.186391625749025,-7.487644402870808,-41.21625675340007,-43.30751452365006,15.19299577533979,-31.22519679743116,-45.186391625749025
15.674870662353982,-27.81895991196563,-28.564719544850426,7.399844450678268,-45.57412610111593,-29.291030782742475,15.674870662353982,-27.81895991196563,-28.564719544850426,7.399844450678268,-45.57412610111593,-29.291030782742475,-6.314361571681053,-42.46796857508252,-44.366784041672396,15.93060743249043,-31.712201707237526,-43.830588275657085,-6.314361571681053,-42.46796857508252,-44.366784041672396,15.93060743249043,-31.712201707237526,-43.830588275657085
15.719177302507042,-28.03046502216041,-28.078428699523357,7.834400246549793,-44.192482490833925,-30.076641706776996,15.719177302507042,-28.03046502216041,-28.078428699523357,7.834400246549793,-44.192482490833925,-30.076641706776996,-5.093645607704417,-43.64909057975853,-45.31269915902993,16.518409812730248,-32.342843000439174,-42.457689061412395,-5.093645607704417,-43.64909057975853,-45.31269915902993,16.518409812730248,-32.342843000439174,-42.457689061412395
15.590609603676157,-28.369012289383456,-27.738884205348,8.077573417091381,-42.79726507837237,-30.956300773957466,15.590609603676157,-28.369012289383456,-27.738884205348,8.077573417091381,-42.79726507837237,-30.956300773957466,-3.8385143782854287,-44.740929479503116,-46.13008366953147,16.94855448431045,-33.10908007389915,-41.08346533726675,-3.8385143782854287,-44.740929479503116,-46.13008366953147,16.94855448431045,-33.10908007389915,-41.08346533726675
15.29091616810174,-28.830979546275103,-27.550908999801216,8.125595522654605,-41.409959032146354,-31.921854721509725,15.29091616810174,-28.830979546275103,-27.550908999801216,8.125595522654605,-41.409959032146354,-31.921854721509725,-2.562352759453086,-45.72620504514478,-46.80582350443953,17.215298086519148,-34.00114349405365,-39.723703672948375,-2.562352759453086,-45.72620504514478,-46.80582350443953,17.215298086519148,-34.00114349405365,-39.723703672948375
14.824173016570011,-29.411424136724555,-27.517173108988935,7.977722367626905,-40.05192769222045,-32.9643541560259,14.824173016570011,-29.411424136724555,-27.517173108988935,7.977722367626905,-40.05192769222045,-32.9643541560259,-1.2787698979330722,-46.58932359562343,-47.329077133813406,17.315079015955643,-35.00765955605795,-38.39402450343473,-1.2787698979330722,-46.58932359562343,-47.329077133813406,17.315079015955643,-35.00765955605795,-38.39402450343473
14.196728151945482,-30.10413579807959,-27.638155722221846,7.636245533185205,-38.74408359293567,-34.07413650236912,14.196728151945482,-30.10413579807959,-27.638155722221846,7.636245533185205,-38.74408359293567,-34.07413650236912,-0.001454081508749372,-47.3166247948236,-47.69144950737434,17.246564981630936,-36.11579529718364,-37.10970268721948,-0.001454081508749372,-47.3166247948236,-47.69144950737434,17.246564981630936,-36.11579529718364,-37.10970268721948
13.417115222305942,-30.90170310566681,-27.91213838554346,7.106456864803585,-37.50656642756333,-35.240915562818515,13.417115222305942,-30.90170310566681,-27.91213838554346,7.106456864803585,-37.50656642756333,-35.240915562818515,1.2559732345870733,-47.89659784989664,-47.88712674419554,17.01067079393082,-37.31142211562503,-35.88549203443479,1.2559732345870733,-47.89659784989664,-47.88712674419554,17.01067079393082,-37.31142211562503,-35.88549203443479
12.495937457916886,-31.795592768721896,-28.33522941089046,6.396566464849723,-36.35843291405802,-36.45387685636196,12.495937457916886,-31.795592768721896,-28.33522941089046,6.396566464849723,-36.35843291405802,-36.45387685636196,2.4801026885705983,-48.32006368936294,-47.91296941026393,16.610546149920765,-38.57929590851315,-34.73545582058132,2.4801026885705983,-48.32006368936294,-47.91296941026393,16.610546149920765,-38.57929590851315,-34.73545582058132
11.445723460575381,-32.77624092933153,-28.901419154174075,5.517575461134337,-35.31736333771459,-37.70177785446754,11.445723460575381,-32.77624092933153,-28.901419154174075,5.517575461134337,-35.31736333771459,-37.70177785446754,3.6578800112140577,-48.580320237711085,-47.76856288737371,16.051533578084985,-39.90325143245803,-33.672805232862686,3.6578800112140577,-48.580320237711085,-47.76856288737371,16.051533578084985,-39.90325143245803,-33.672805232862686
10.280756806679875,-33.83315548756588,-29.60266537710517,4.483105523110668,-34.399389289724326,-38.97305218428322,10.280756806679875,-33.83315548756588,-29.60266537710517,4.483105523110668,-34.399389289724326,-38.97305218428322,4.776745238201416,-48.67324848727439,-47.45622402523638,15.341097104028576,-41.26640840852727,-32.70974760499392,4.776745238201416,-48.67324848727439,-47.45622402523638,15.341097104028576,-41.26640840852727,-32.70974760499392
9.016881781533076,-34.95502835800989,-30.42900748027143,3.309187767702163,-33.61864679422626,-40.25591683344018,9.016881781533076,-34.95502835800989,-30.42900748027143,3.309187767702163,-33.61864679422626,-40.25591683344018,5.824766651155204,-48.597377688614124,-46.98096397008096,14.488722589609052,-42.651386743816985,-31.857346183903097,5.824766651155204,-48.597377688614124,-46.98096397008096,14.488722589609052,-42.651386743816985,-31.857346183903097
7.6712878870133885,-36.129856456644156,-31.368707984884537,2.0140143260706465,-32.9871586254882,-41.53848136281415,7.6712878870133885,-36.129856456644156,-31.368707984884537,2.0140143260706465,-32.9871586254882,-41.53848136281415,6.790768018969521,-48.35390862765997,-46.35040776612032,13.505791076186288,-44.04052812564772,-31.12539303927549,6.790768018969521,-48.35390862765997,-46.35040776612032,13.505791076186288,-44.04052812564772,-31.12539303927549
6.262276053447691,-37.34507012361882,-32.40841925356992,0.6176564212797819,-32.514649167349106,-42.808858114990066,6.262276053447691,-37.34507012361882,-32.40841925356992,0.6176564212797819,-32.514649167349106,-42.808858114990066,7.664447782533273,-47.94669462120659,-45.57467201979287,12.405426823130787,-45.4161211629754,-30.522296575909003,7.664447782533273,-47.94669462120659,-45.57467201979287,12.405426823130787,-45.4161211629754,-30.522296575909003
4.809009735353216,-38.587667607906276,-33.53337308207474,-0.8582466742121659,-32.208394665930264,-44.05527239694296,4.809009735353216,-38.587667607906276,-33.53337308207474,-0.8582466742121659,-32.208394665930264,-44.05527239694296,8.43648891184175,-47.382180531545586,-44.66620258952727,11.202322070605662,-46.760627204572536,-30.05498494109468,8.43648891184175,-47.382180531545586,-44.66620258952727,11.202322070605662,-46.760627204572536,-30.05498494109468
3.331254276302171,-39.844354174961005,-34.72759046890616,-2.3908229810256207,-32.073111181597675,-45.26617161569066,3.331254276302171,-39.844354174961005,-34.72759046890616,-2.3908229810256207,-32.073111181597675,-45.26617161569066,9.098658263967002,-46.66930076543072,-43.639574905125954,9.912540866417505,-48.056903954796496,-29.72882643664389,9.098658263967002,-46.66930076543072,-43.639574905125954,9.912540866417505,-48.056903954796496,-29.72882643664389
1.8491080877147958,-41.101684349054224,-35.974108583303305,-3.9563222585149465,-32.11088196562007,-46.430332355376116,1.8491080877147958,-41.101684349054224,-35.974108583303305,-3.9563222585149465,-32.11088196562007,-46.430332355376116,9.643894382321431,-45.819337871719,-42.51126012043156,8.553304576270547,-49.288424035844464,-29.547567849839176,9.643894382321431,-45.819337871719,-42.51126012043156,8.553304576270547,-49.288424035844464,-29.547567849839176
0.3827292977175798,-42.346205768410044,-37.25522170765708,-5.530484060785801,-32.32112537986089,-47.53696440331775,0.3827292977175798,-42.346205768410044,-37.25522170765708,-5.530484060785801,-32.32112537986089,-47.53696440331775,10.066382800911587,-44.84574397562236,-41.29936085110894,7.142761941327634,-50,-29.513291411738777,10.066382800911587,-44.84574397562236,-41.29936085110894,7.142761941327634,-50,-29.513291411738777
-1.0479384121836013,-43.56460311401681,-38.55273273199927,-7.088913699330413,-32.70060385351374,-48.57581076084673,-1.0479384121836013,-43.56460311401681,-38.55273273199927,-7.088913699330413,-32.70060385351374,-48.57581076084673,10.361618050529179,-43.76392787568123,-40.02332073735025,5.699746753303982,-50,-29.62639087728273,10.361618050529179,-43.76392787568123,-40.02332073735025,5.699746753303982,-50,-29.62639087728273
-2.4234370538195007,-44.743840572197584,-39.8482116282971,-8.607460286013794,-33.24347373895534,-49.53724271196283,-2.4234370538195007,-44.743840572197584,-39.8482116282971,-8.607460286013794,-33.24347373895534,-49.53724271196283,10.526451705636779,-42.59101117301533,-38.70361249126175,4.2435263826567935,-50,-29.88556700198295,10.526451705636779,-42.59101117301533,-38.70361249126175,4.2435263826567935,-50,-29.88556700198295
-3.7250589733369415,-45.87130130671157,-41.12325723314892,-10.06259099789925,-33.941375298977675,-50,-3.7250589733369415,-45.87130130671157,-41.12325723314892,-10.06259099789925,-33.941375298977675,-50,10.559125959570585,-41.345557292527516,-37.36140943388185,2.793544517561935,-50,-30.28784246715935,10.559125959570585,-41.345557292527516,-37.36140943388185,2.793544517561935,-50,-30.28784246715935
-4.935101287155635,-46.93492244815398,-42.359758620481934,-11.431755763956474,-34.783561439672454,-50,-4.935101287155635,-46.93492244815398,-42.359758620481934,-11.431755763956474,-34.783561439672454,-50,10.459292370009996,-40.04727768476459,-36.01824579167069,1.3691615486672317,-50,-30.828596082266927,10.459292370009996,-40.04727768476459,-36.01824579167069,1.3691615486672317,-50,-30.828596082266927
-6.037106652411387,-47.923324156382584,-43.540152351679055,-12.693736722123827,-35.757063206590004,-50,-6.037106652411387,-47.923324156382584,-43.540152351679055,-12.693736722123827,-35.757063206590004,-50,10.228015574809978,-38.71671985829799,-34.69567120265462,-0.010603933950942945,-50,-31.5016158714093,10.228015574809978,-38.71671985829799,-34.69567120265462,-0.010603933950942945,-50,-31.5016158714093
-7.016087097256381,-48.82593137511307,-44.64767194911694,-13.828977031209494,-36.846889495671604,-50,-7.016087097256381,-48.82593137511307,-44.64767194911694,-13.828977031209494,-36.846889495671604,-50,9.867761938570165,-37.37494218004676,-33.41490497530843,-1.3273290800562911,-50,-32.29917043420156,9.867761938570165,-37.37494218004676,-33.41490497530843,-1.3273290800562911,-50,-32.29917043420156
-7.858727866781692,-49.63308697601272,-45.666586049559,-14.819883942055634,-38.03625790357645,-50,-7.858727866781692,-49.63308697601272,-45.666586049559,-14.819883942055634,-38.03625790357645,-50,9.382373251015087,-36.043180590389234,-32.19649564722517,-2.563432764106344,-50,-33.21209776121545,9.382373251015087,-36.043180590389234,-32.19649564722517,-2.563432764106344,-50,-33.21209776121545
-8.553568512127702,-50,-46.58242185463833,-15.651101431288149,-39.30685316250242,-50,-8.553568512127702,-50,-46.58242185463833,-15.651101431288149,-39.30685316250242,-50,8.777025757669067,-34.74251250786808,-31.0599913055948,-3.7024103312630228,-50,-34.22991048372664,8.777025757669067,-34.74251250786808,-31.0599913055948,-3.7024103312630228,-50,-34.22991048372664
-9.091158759857127,-50,-47.38217070450976,-16.309748172665675,-40.63910917982366,-50,-9.091158759857127,-50,-47.38217070450976,-16.309748172665675,-40.63910917982366,-50,8.058174959728333,-33.49352324277735,-30.023625958849166,-4.729053970194272,-50,-35.34091634869705,8.058174959728333,-33.49352324277735,-30.023625958849166,-4.729053970194272,-50,-35.34091634869705
-9.464187041666683,-50,-48.05447285467354,-16.785617158198697,-42.01251033937276,-50,-9.464187041666683,-50,-48.05447285467354,-16.785617158198697,-42.01251033937276,-50,7.233486771790707,-32.315980199208035,-29.104026991309567,-5.629655770211929,-50,-36.53235253501712,7.233486771790707,-32.315980199208035,-29.104026991309567,-5.629655770211929,-50,-36.53235253501712
-9.667579936353118,-50,-48.58977883137447,-17.07133387552409,-43.40590742458257,-50,-9.667579936353118,-50,-48.58977883137447,-17.07133387552409,-43.40590742458257,-50,6.31175577158591,-31.22852002186774,-28.315948394416154,-6.392190751496404,-50,-37.7905322680361,6.31175577158591,-31.22852002186774,-28.315948394416154,-6.392190751496404,-50,-37.7905322680361
-9.698571171559076,-50,-48.980485073662706,-17.16247059026883,-44.79784329853852,-50,-9.698571171559076,-50,-48.980485073662706,-17.16247059026883,-44.79784329853852,-50,5.3028114135014555,-30.24835363911204,-27.67203405456196,-7.006477424557534,-50,-39.10100204812636,5.3028114135014555,-30.24835363911204,-27.67203405456196,-7.006477424557534,-50,-39.10100204812636
-9.55673924683142,-50,-49.221041935436716,-17.057614962377027,-46.16688332574375,-50,-9.55673924683142,-50,-49.221041935436716,-17.057614962377027,-46.16688332574375,-50,4.217413206054391,-29.39099387039115,-27.182614895327525,-7.464313735116766,-50,-40.44870768709668,4.217413206054391,-29.39099387039115,-27.182614895327525,-7.464313735116766,-50,-40.44870768709668
-9.244013166294794,-50,-49.308032513392604,-16.758391933056753,-47.49194544738165,-50,-9.244013166294794,-50,-49.308032513392604,-16.758391933056753,-47.49194544738165,-50,3.067135971150458,-28.67000990919088,-26.855543128754046,-7.759586579252877,-50,-41.81816724509339,3.067135971150458,-28.67000990919088,-26.855543128754046,-7.759586579252877,-50,-41.81816724509339
-8.764646202972068,-50,-49.24022118119637,-16.26943854316625,-48.75262482719547,-50,-8.764646202972068,-50,-49.24022118119637,-16.26943854316625,-48.75262482719547,-50,1.8642464087388726,-28.096812567199205,-26.69606627491786,-7.888353426546811,-50,-43.193648881353084,1.8642464087388726,-28.096812567199205,-26.69606627491786,-7.888353426546811,-50,-43.193648881353084
-8.125158051574005,-50,-49.01857114049321,-15.598332073277195,-49.929508068713304,-50,-8.125158051574005,-50,-49.01857114049321,-15.598332073277195,-49.929508068713304,-50,0.6215722831936499,-27.68047367857825,-26.706742971028724,-7.848894961380797,-50,-44.55935157572224,0.6215722831936499,-27.68047367857825,-26.706742971028724,-7.848894961380797,-50,-44.55935157572224
-7.334246156516233,-50,-48.646230739456676,-14.755472619024532,-50,-50,-7.334246156516233,-50,-48.646230739456676,-14.755472619024532,-50,-50,-0.647634373566063,-27.427582522579804,-26.887401920805765,-7.641738039516531,-49.61648335203502,-45.899586644885424,-0.647634373566063,-27.427582522579804,-26.887401920805765,-7.641738039516531,-49.61648335203502,-45.899586644885424
-6.402667421159631,-50,-48.128488753210846,-13.753921921464588,-50,-50,-6.402667421159631,-50,-48.128488753210846,-13.753921921464588,-50,-50,-1.9298385833981349,-27.342141536864034,-27.235144642744896,-7.269648653432476,-48.40575183584618,-47.19895796810984,-1.9298385833981349,-27.342141536864034,-27.235144642744896,-7.269648653432476,-48.40575183584618,-47.19895796810984
-5.343091907102604,-49.965745326639734,-47.47269926132901,-12.60920095007862,-50,-49.1327600296205,-5.343091907102604,-49.965745326639734,-47.47269926132901,-12.60920095007862,-50,-49.1327600296205,-3.2113667606325507,-27.425502972036902,-27.744391973184598,-6.7375950003481755,-47.125815880583325,-48.4425388521384,-3.2113667606325507,-27.425502972036902,-27.744391973184598,-6.7375950003481755,-47.125815880583325,-48.4425388521384
-4.169930513307912,-49.20485257025709,-46.68817718945897,-11.339049375264489,-50,-48.13681057413031,-4.169930513307912,-49.20485257025709,-46.68817718945897,-11.339049375264489,-50,-48.13681057413031,-4.478552528895348,-27.676347489957777,-28.40697357807771,-6.052681146057358,-45.792994520799,-49.61604350347662,-4.478552528895348,-27.676347489957777,-28.40697357807771,-6.052681146057358,-45.792994520799,-49.61604350347662
-2.8991389787379056,-48.34445406204863,-45.78606599881658,-9.96315065775672,-50,-47.06751565667827,-2.8991389787379056,-48.34445406204863,-45.78606599881658,-9.96315065775672,-50,-47.06751565667827,-5.717882461051294,-28.090705044535508,-29.212259037347597,-5.224052170301105,-44.424281073806895,-50,-5.717882461051294,-28.090705044535508,-29.212259037347597,-5.224052170301105,-44.424281073806895,-50
-1.5480008741855258,-47.39375533310103,-44.77917940290418,-8.502827015248204,-50,-45.93478621068202,-1.5480008741855258,-47.39375533310103,-44.77917940290418,-8.502827015248204,-50,-45.93478621068202,-6.9161401880767945,-28.66201771453847,-30.1473283987191,-4.26277206019466,-43.037126476852315,-50,-6.9161401880767945,-28.66201771453847,-30.1473283987191,-4.26277206019466,-43.037126476852315,-50
-0.13489253475017549,-46.362928049938525,-43.68181935973239,-6.980708993295061,-50,-44.74912112277813,-0.13489253475017549,-46.362928049938525,-43.68181935973239,-6.980708993295061,-50,-44.74912112277813,-8.060547340068453,-29.38124349398158,-31.197179464668423,-3.181675982095621,-41.64921678971439,-50,-8.060547340068453,-29.38124349398158,-31.197179464668423,-3.181675982095621,-41.64921678971439,-50
1.320966869973215,-45.26300118635596,-42.50957292480843,-5.420384761146507,-50,-43.52150992218836,1.320966869973215,-45.26300118635596,-42.50957292480843,-5.420384761146507,-50,-43.52150992218836,-9.138899816373538,-30.236999397428143,-32.34496848679311,-1.9951989044017235,-40.27824769946756,-50,-9.138899816373538,-30.236999397428143,-32.34496848679311,-1.9951989044017235,-40.27824769946756,-50
2.7997767287895075,-44.10574302279446,-41.27909085042008,-3.8460345673379344,-50,-42.263330922484705,2.7997767287895075,-44.10574302279446,-41.27909085042008,-3.8460345673379344,-50,-42.263330922484705,-10.139697931642345,-31.215741615319914,-33.572280405914874,-0.7191828595355148,-38.94169890255188,-50,-10.139697931642345,-31.215741615319914,-33.572280405914874,-0.7191828595355148,-38.94169890255188,-50
4.281424289773234,-42.90353523576615,-40.00785107602148,-2.2820560198691715,-50,-40.98624575984445,4.281424289773234,-42.90353523576615,-40.00785107602148,-2.2820560198691715,-50,-40.98624575984445,-11.052269049907393,-32.30197986806601,-34.85942430219988,0.6293345814156339,-37.6566112406709,-50,-11.052269049907393,-32.30197986806601,-34.85942430219988,0.6293345814156339,-37.6566112406709,-50
5.74575820644945,-41.66924042446257,-38.71391046913746,-0.7526859979750853,-50,-39.702091305283254,5.74575820644945,-41.66924042446257,-38.71391046913746,-0.7526859979750853,-50,-39.702091305283254,-11.866881398905221,-33.478522566369975,-36.185749315111785,2.0323477970845105,-36.43936943203731,-50,-11.866881398905221,-33.478522566369975,-36.185749315111785,2.0323477970845105,-36.43936943203731,-50
7.172862608886281,-40.416064491901,-37.41564834309187,0.7183749452987129,-50,-38.42276995269573,7.172862608886281,-40.416064491901,-37.41564834309187,0.7183749452987129,-50,-38.42276995269573,-12.57484785090962,-34.72674889770919,-37.52997596459668,3.4711235297705927,-35.305493168140764,-50,-12.57484785090962,-34.72674889770919,-37.52997596459668,3.4711235297705927,-35.305493168140764,-50
8.54332797215581,-39.15741535301183,-36.131505394671116,2.1083298691071315,-50,-37.16013929958706,8.54332797215581,-39.15741535301183,-36.131505394671116,2.1083298691071315,-50,-37.16013929958706,-13.168618563345841,-36.02690353273196,-38.87053755780238,4.926451014904958,-34.26943923945709,-50,-13.168618563345841,-36.02690353273196,-38.87053755780238,4.926451014904958,-34.26943923945709,-50
9.838515098182693,-37.90675948137067,-34.87972176988799,3.3956387275941884,-50,-35.92590224300621,9.838515098182693,-37.90675948137067,-34.87972176988799,3.3956387275941884,-50,-35.92590224300621,-13.641861491253698,-37.35840928733431,-40.18592620382285,6.378898486262722,-33.34441721307117,-50,-13.641861491253698,-37.35840928733431,-40.18592620382285,6.378898486262722,-33.34441721307117,-50
11.040808620658993,-36.67747782940286,-33.67807797839747,4.560352174656586,-50,-34.731498509346444,11.040808620658993,-36.67747782940286,-33.67807797839747,4.560352174656586,-50,-34.731498509346444,-13.989529913005049,-38.700192792003435,-41.45503788502769,7.809072632025044,-32.542221012227934,-50,-13.989529913005049,-38.700192792003435,-41.45503788502769,7.809072632025044,-32.542221012227934,-50
12.133856585196973,-35.48272266359134,-32.54364233665081,5.584420717732325,-48.95210939249149,-33.58799862338525,12.133856585196973,-35.48272266359134,-32.54364233665081,5.584420717732325,-48.95210939249149,-33.58799862338525,-14.207916249172966,-40.031018014148124,-42.65751104867269,9.197877537392628,-31.873078545180427,-50,-14.207916249172966,-40.031018014148124,-42.65751104867269,9.197877537392628,-31.873078545180427,-50
13.102792846279273,-34.335276846429416,-31.492528527142085,6.451974429674838,-47.70388739478061,-32.506001299329334,13.102792846279273,-34.335276846429416,-31.492528527142085,6.451974429674838,-47.70388739478061,-32.506001299329334,-14.294691600621208,-41.32982235485238,-43.774053286447625,10.526769656305149,-31.345521300559362,-50,-14.294691600621208,-41.32982235485238,-43.774053286447625,10.526769656305149,-31.345521300559362,-50
13.93443925626605,-33.24741707068145,-30.53966671740837,7.149568884037139,-46.38801892846485,-31.495535204912855,13.93443925626605,-33.24741707068145,-30.53966671740837,7.149568884037139,-46.38801892846485,-31.495535204912855,-14.24893058417526,-42.5760500007434,-44.786750860734074,11.778005407845894,-30.966275571869275,-50,-14.24893058417526,-42.5760500007434,-44.786750860734074,11.778005407845894,-30.966275571869275,-50
14.617484896559924,-32.230782509228405,-29.698591489842656,7.666393502520119,-45.024767255282775,-30.565966009063086,14.617484896559924,-32.230782509228405,-29.698591489842656,7.666393502520119,-45.024767255282775,-30.565966009063086,-14.071121201023951,-43.7499772551053,-45.679356111552096,12.934878091382515,-30.74017669804001,-50,-14.071121201023951,-43.7499772551053,-45.679356111552096,12.934878091382515,-30.74017669804001,-50
15.142639913272584,-31.296250285833395,-28.98124959459261,7.994439085839012,-43.635125298293424,-29.72590957467883,15.142639913272584,-31.296250285833395,-28.98124959459261,7.994439085839012,-43.635125298293424,-29.72590957467883,-13.763159632613906,-44.83302469931615,-46.437548133055934,13.98194095711583,-30.670107413414797,-50,-13.763159632613906,-44.83302469931615,-46.437548133055934,13.98194095711583,-30.670107413414797,-50
15.50276186512887,-30.453819099182958,-28.39783025625094,8.128621931791246,-42.24049236861191,-28.9831521011073,15.50276186512887,-30.453819099182958,-28.39783025625094,8.128621931791246,-42.24049236861191,-28.9831521011073,-13.328330019533933,-45.808051244114324,-47.049162537300305,14.905213453563487,-30.75696109322336,-50,-13.328330019533933,-45.808051244114324,-47.049162537300305,14.905213453563487,-30.75696109322336,-50
15.692952865197956,-29.71250224532902,-27.95662044468429,8.066862617076538,-40.86234463411287,-28.344577956492245,15.692952865197956,-29.71250224532902,-27.95662044468429,8.066862617076538,-40.86234463411287,-28.344577956492245,-12.771269439030148,-46.65962541682893,-47.50438661896095,15.692367898127353,-30.99963036314959,-49.68308818432032,-12.771269439030148,-46.65962541682893,-47.50438661896095,15.692367898127353,-30.99963036314959,-49.68308818432032
15.71062619526178,-29.080231183099244,-27.663887165754645,7.810118221991669,-39.52190440460409,-27.816105868891114,15.71062619526178,-29.080231183099244,-27.663887165754645,7.810118221991669,-39.52190440460409,-27.816105868891114,-12.097918454635609,-47.374269590985335,-47.79591678979865,16.332894078291087,-31.39502121822739,-48.51416789118873,-12.097918454635609,-47.374269590985335,-47.79591678979865,16.332894078291087,-31.39502121822739,-48.51416789118873
15.555541486823218,-28.563770674244203,-27.523788443891515,7.362367498616113,-38.23981332620045,-27.40263406758356,15.555541486823218,-28.563770674244203,-27.523788443891515,7.362367498616113,-38.23981332620045,-27.40263406758356,-11.315457765259623,-47.94067329293361,-47.91907575699674,16.818239585664813,-31.93809247104335,-47.274348517675065,-11.315457765259623,-47.94067329293361,-47.91907575699674,16.818239585664813,-31.93809247104335,-47.274348517675065
15.22980799027016,-28.168646406249366,-27.53831426093153,6.730549212335964,-37.035814517427376,-27.107994883038884,15.22980799027016,-28.168646406249366,-27.53831426093153,6.730549212335964,-37.035814517427376,-27.107994883038884,-10.432231629318732,-48.34987220955423,-47.87188756537044,17.141924009114927,-32.621920026289956,-45.97787264644365,-10.432231629318732,-48.34987220955423,-47.87188756537044,17.141924009114927,-32.621920026289956,-45.97787264644365
14.737855887732463,-27.899085872186177,-27.707258290138185,5.924454612224279,-35.92844854188952,-26.93491922633934,14.737855887732463,-27.899085872186177,-27.707258290138185,5.924454612224279,-35.92844854188952,-26.93491922633934,-9.457658880523624,-48.595390063937124,-47.655109299474994,17.299625462254106,-33.43778516217892,-44.639633708878186,-9.457658880523624,-48.595390063937124,-47.655109299474994,17.299625462254106,-33.43778516217892,-44.639633708878186
14.086376039795534,-27.75797314013749,-28.028220826895627,4.956575696656866,-34.93476789926834,-26.885011277287667,14.086376039795534,-27.75797314013749,-28.028220826895627,4.956575696656866,-34.93476789926834,-26.885011277287667,-8.402132484261653,-48.67334111360647,-47.2722189369858,17.289238289962064,-34.375285693116275,-43.2750048948965,-8.402132484261653,-48.67334111360647,-47.2722189369858,17.289238289962064,-34.375285693116275,-43.2750048948965
13.284228985553074,-27.74681799612597,-28.496642874448565,3.8419116255831316,-34.070074431245885,-26.9587336158064,13.284228985553074,-27.74681799612597,-28.496642874448565,3.8419116255831316,-34.070074431245885,-26.9587336158064,-7.276908705717008,-48.58249164908116,-46.72935954823035,17.110901183430855,-35.42246859637847,-41.89966255147657,-7.276908705717008,-48.58249164908116,-46.72935954823035,17.110901183430855,-35.42246859637847,-41.89966255147657
12.342324433655957,-27.86573979068976,-29.10587090052983,2.597736279467602,-33.347683686081474,-27.155402934440744,12.342324433655957,-27.86573979068976,-29.10587090052983,2.597736279467602,-33.347683686081474,-27.155402934440744,-6.0939870716545395,-48.32427951945002,-46.03524073713124,16.766995328337728,-36.5659824117492,-40.52940609862717,-6.0939870716545395,-48.32427951945002,-46.03524073713124,16.766995328337728,-36.5659824117492,-40.52940609862717
11.273472883356114,-28.113466161933403,-29.84725134506295,1.2433305670285701,-32.778719870427594,-27.47319637170463,11.273472883356114,-28.113466161933403,-29.84725134506295,1.2433305670285701,-32.778719870427594,-27.47319637170463,-4.865982405968854,-47.90279137593598,-45.20099890483603,16.262112610871803,-37.79124747108723,-39.179976531543176,-4.865982405968854,-47.90279137593598,-45.20099890483603,16.262112610871803,-37.79124747108723,-39.179976531543176
10.092211393591963,-28.48734664871626,-30.710253536539717,-0.2003163698170889,-32.37194454595355,-27.909168407568103,10.092211393591963,-28.48734664871626,-30.710253536539717,-0.2003163698170889,-32.37194454595355,-27.909168407568103,-3.6059903036288903,-47.32469799360925,-44.24001857795594,15.602994306132295,-39.08264178740477,-37.866875593921606,-3.6059903036288903,-47.32469799360925,-44.24001857795594,15.602994306132295,-39.08264178740477,-37.866875593921606
8.814605869768048,-28.983381048328827,-31.68261927115075,-1.7108324233938936,-32.133621708704304,-28.45927816448762,8.814605869768048,-28.983381048328827,-31.68261927115075,-1.7108324233938936,-32.133621708704304,-28.45927816448762,-2.327447477618951,-46.599148694894104,-43.16771766801264,14.798441067541365,-40.423700233363455,-36.60518769970979,-2.327447477618951,-46.599148694894104,-43.16771766801264,14.798441067541365,-40.423700233363455,-36.60518769970979
7.458032557252514,-29.596262215254058,-32.75053693002687,-3.2648092194420744,-32.06742132885773,-29.118426860934974,7.458032557252514,-29.596262215254058,-32.75053693002687,-3.2648092194420744,-32.06742132885773,-29.118426860934974,-1.0439884681550688,-45.73762654579978,-42.00130010737776,13.859195419106488,-41.79732446976402,-35.40940664898354,-1.0439884681550688,-45.73762654579978,-42.00130010737776,13.859195419106488,-41.79732446976402,-35.40940664898354
6.040941713420017,-30.3194328431034,-33.898837661404556,-4.838164875252587,-32.174362836287244,-29.88050507028132,6.040941713420017,-30.3194328431034,-33.898837661404556,-4.838164875252587,-32.174362836287244,-29.88050507028132,0.23069975775290974,-44.753766616643155,-40.75947983039952,12.79779831951534,-43.18600094736181,-34.293269128575794,0.23069975775290974,-44.753766616643155,-40.75947983039952,12.79779831951534,-43.18600094736181,-34.293269128575794
4.582606672450954,-31.145155622209124,-35.111210841117824,-6.406517195119713,-32.45279942220363,-30.73844934700886,4.582606672450954,-31.145155622209124,-35.111210841117824,-6.406517195119713,-32.45279942220363,-30.73844934700886,1.483023765825541,-43.66314018360109,-39.46218052814704,11.628421713242268,-44.57202420258764,-33.26959691013987,1.483023765825541,-43.66314018360109,-39.46218052814704,11.628421713242268,-44.57202420258764,-33.26959691013987
3.1028617157634244,-32.06459602224659,-36.370435750984605,-7.945561519727081,-32.89844339861799,-31.68430769540163,3.1028617157634244,-32.06459602224659,-36.370435750984605,-7.945561519727081,-32.89844339861799,-31.68430769540163,2.699628616592422,-42.48300828647362,-38.13021599388923,10.366679304470049,-45.937722600154416,-32.350149558418586,2.699628616592422,-42.48300828647362,-38.13021599388923,10.366679304470049,-45.937722600154416,-32.350149558418586
1.621832313206975,-33.06791681418284,-37.65862618429625,-9.431447373955706,-33.50443222511123,-32.709313273907895,1.621832313206975,-33.06791681418284,-37.65862618429625,-9.431447373955706,-33.50443222511123,-32.709313273907895,3.8675402841333044,-41.232048543029954,-36.784956187827035,9.02941808040515,-47.26568364432974,-31.545489341748823,3.8675402841333044,-41.232048543029954,-36.784956187827035,9.02941808040515,-47.26568364432974,-31.545489341748823
0.1596614039099098,-34.144383320246945,-38.95748450399836,-10.841148076228396,-34.26143418615388,-33.8039656520331,0.1596614039099098,-34.144383320246945,-38.95748450399836,-10.841148076228396,-34.26143418615388,-33.8039656520331,4.974304012709148,-39.93005954357164,-35.44798437871558,7.6344933676001325,-48.53897598626418,-30.864859896661052,4.974304012709148,-39.93005954357164,-35.44798437871558,7.6344933676001325,-48.53897598626418,-30.864859896661052
-1.26376456046801,-35.282478265837916,-40.24856154488652,-12.152817581576324,-35.1577920916347,-34.95811886662159,-1.26376456046801,-35.282478265837916,-40.24856154488652,-12.152817581576324,-35.1577920916347,-34.95811886662159,6.008117135831183,-38.59764750417569,-34.14075086317723,6.200530424766381,-49.74136529669766,-30.316080040430208,6.008117135831183,-38.59764750417569,-34.14075086317723,6.200530424766381,-49.74136529669766,-30.316080040430208
-2.6290860840892956,-36.47002500455145,-41.51351866812867,-13.346129028452,-36.17970278773162,-36.161075461361875,-2.6290860840892956,-36.47002500455145,-41.51351866812867,-13.346129028452,-36.17970278773162,-36.161075461361875,6.957954941369218,-37.25590013787133,-32.88422881841132,4.746675755330309,-50,-29.905453951417925,6.957954941369218,-37.25590013787133,-32.88422881841132,4.746675755330309,-50,-29.905453951417925
-3.917733928359988,-37.69431779792353,-42.73438824585577,-14.402589742851474,-37.31142971380928,-37.401685637895994,-3.917733928359988,-37.69431779792353,-42.73438824585577,-14.402589742851474,-37.31142971380928,-37.401685637895994,7.813688240456868,-35.92605290529789,-31.69857780977972,3.2923414602451473,-50,-29.637698749022082,7.813688240456868,-35.92605290529789,-31.69857780977972,3.2923414602451473,-50,-29.637698749022082
-5.11218166535118,-38.942257756008274,-43.893828875860244,-15.305827818143998,-38.53554523214637,-38.66845059953456,-5.11218166535118,-38.942257756008274,-43.893828875860244,-15.305827818143998,-38.53554523214637,-38.66845059953456,8.56619138642572,-34.6291529270037,-30.60282035193265,1.8569460445027968,-50,-29.51589030516839,8.56619138642572,-34.6291529270037,-30.60282035193265,1.8569460445027968,-50,-29.51589030516839
-6.196184048333443,-40.200492984341814,-44.975371701298215,-16.04184582950132,-39.83319899882085,-39.949629129718964,-6.196184048333443,-40.200492984341814,-44.975371701298215,-16.04184582950132,-39.83319899882085,-39.949629129718964,9.207439591839847,-33.38572587654984,-29.614536712708826,0.4596551381379177,-50,-29.541427909840394,9.207439591839847,-33.38572587654984,-29.614536712708826,0.4596551381379177,-50,-29.541427909840394
-7.154997957435192,-41.45556143783887,-45.96365433663498,-16.599237751127824,-41.18440824306707,-41.23334641739249,-7.154997957435192,-41.45556143783887,-45.96365433663498,-16.599237751127824,-41.18440824306707,-41.23334641739249,9.730594505830435,-32.215451126410805,-28.749582856358135,-0.8808744063418139,-50,-29.714018196557987,9.730594505830435,-32.215451126410805,-28.749582856358135,-0.8808744063418139,-50,-29.714018196557987
-7.975582915423008,-42.69403495320722,-46.84463907711765,-16.9693657147402,-42.568365485049014,-42.50770412061264,-7.975582915423008,-42.69403495320722,-46.84463907711765,-16.9693657147402,-42.568365485049014,-42.50770412061264,10.130077139122372,-31.136850288044787,-28.021836051389116,-2.1467436232449515,-50,-30.03167851246213,10.130077139122372,-31.136850288044787,-28.021836051389116,-2.1467436232449515,-50,-30.03167851246213
-8.646778446461791,-43.90266291885584,-47.6058122922961,-17.14649387008005,-43.963758953455866,-43.76089064826387,-8.646778446461791,-43.90266291885584,-47.6058122922961,-17.14649387008005,-43.963758953455866,-43.76089064826387,10.401627359072133,-30.166994075525245,-27.442972224493843,-3.321050423560333,-50,-30.490759694291526,10.401627359072133,-30.166994075525245,-27.442972224493843,-3.321050423560333,-50,-30.490759694291526
-9.159455865664205,-45.06851404515113,-48.23636217138006,-17.12787727303222,-45.34910076875985,-44.98129063770614,-9.159455865664205,-45.06851404515113,-48.23636217138006,-17.12787727303222,-45.34910076875985,-44.98129063770614,10.542349320253777,-29.321232132118844,-27.022278632670748,-4.388115274362816,-50,-31.085987988609766,10.542349320253777,-29.321232132118844,-27.022278632670748,-4.388115274362816,-50,-31.085987988609766
-9.506642434994502,-46.17911471819984,-48.727332295711385,-16.913804423854685,-46.70305783839171,-46.157592613647616,-9.506642434994502,-46.17911471819984,-48.727332295711385,-16.913804423854685,-46.70305783839171,-46.157592613647616,10.550742346115861,-28.612950095771094,-26.766504859022646,-5.3336905544539555,-50,-31.810525634717976,10.550742346115861,-28.612950095771094,-26.766504859022646,-5.3336905544539555,-50,-31.810525634717976
-9.683616196927654,-47.2225824568923,-49.07174885698724,-16.50759279630785,-48.00478036832794,-47.278893830389045,-9.683616196927654,-47.2225824568923,-49.07174885698724,-16.50759279630785,-48.00478036832794,-47.278893830389045,10.426716932383425,-28.053357748354568,-26.679754522844718,-6.145150790888071,-50,-32.65604941430019,10.426716932383425,-28.053357748354568,-26.679754522844718,-6.145150790888071,-50,-32.65604941430019
-9.687970196066484,-48.18775304532753,-49.26471971420828,-15.915537426967878,-49.23422293228904,-48.33480132569065,-9.687970196066484,-48.18775304532753,-49.26471971420828,-15.915537426967878,-49.23422293228904,-48.33480132569065,10.171595701542735,-27.65131160158399,-26.763419441399243,-6.811661236313471,-50,-33.61284626545226,10.171595701542735,-27.65131160158399,-26.763419441399243,-6.811661236313471,-50,-33.61284626545226
-9.519645215261427,-49.06429998041305,-49.303503882333644,-15.146813361432724,-50,-49.31552824962887,-9.519645215261427,-49.06429998041305,-49.303503882333644,-15.146813361432724,-50,-49.31552824962887,9.788099298230092,-27.413174727479714,-27.016157299681808,-7.324322536258933,-50,-34.669924862714566,9.788099298230092,-27.413174727479714,-27.016157299681808,-7.324322536258933,-50,-34.669924862714566
-9.180930581001402,-49.84284495665097,-49.18755046561573,-14.213333469205278,-50,-50,-9.180930581001402,-49.84284495665097,-49.18755046561573,-14.213333469205278,-50,-50,9.280317375937969,-27.342716051805137,-27.433913186443746,-7.6762895547431285,-50,-35.81514188132076,9.280317375937969,-27.342716051805137,-27.433913186443746,-7.6762895547431285,-50,-35.81514188132076
-8.676433027121579,-50,-48.918506482600435,-13.12956383068865,-50,-50,-8.676433027121579,-50,-48.918506482600435,-13.12956383068865,-50,-50,8.653664984439967,-27.441050704331758,-28.00998465094849,-7.862862771629175,-50,-37.03534149518527,8.653664984439967,-27.441050704331758,-28.00998465094849,-7.862862771629175,-50,-37.03534149518527
-8.013014040301815,-50,-48.50019347164541,-11.912299557228614,-50,-50,-8.013014040301815,-50,-48.50019347164541,-11.912299557228614,-50,-50,7.914824823024237,-27.706622369991926,-28.73512923669463,-7.881551031372101,-50,-38.31650650612693,7.914824823024237,-27.706622369991926,-28.73512923669463,-7.881551031372101,-50,-38.31650650612693
-7.199696539496294,-50,-47.938553209254835,-10.580404518307798,-50,-50,-7.199696539496294,-50,-47.938553209254835,-10.580404518307798,-50,-50,7.0716759753547365,-28.135227920242368,-29.597712766841376,-7.732104805327539,-50,-39.643919368215464,7.0716759753547365,-28.135227920242368,-29.597712766841376,-7.732104805327539,-50,-39.643919368215464
-6.247542158513328,-50,-47.2415633122551,-9.154519009321842,-50,-50,-6.247542158513328,-50,-47.2415633122551,-9.154519009321842,-50,-50,6.133209885939843,-28.72008393480536,-30.583896002253603,-7.416519523498273,-50,-41.00233125745185,6.133209885939843,-28.72008393480536,-30.583896002253603,-7.416519523498273,-50,-41.00233125745185
-5.169500800780748,-50,-46.41912392260964,-7.656739890192501,-50,-50,-5.169500800780748,-50,-46.41912392260964,-7.656739890192501,-50,-50,5.109434474246316,-29.451934060965844,-31.677856677435937,-6.939008931232436,-49.16013974992414,-42.376137244571474,5.109434474246316,-29.451934060965844,-31.677856677435937,-6.939008931232436,-49.16013974992414,-42.376137244571474
-3.980234512446139,-50,-45.48291708441831,-6.110278151690792,-50,-50,-3.980234512446139,-50,-45.48291708441831,-6.110278151690792,-50,-50,4.011267408997527,-30.319195511279464,-32.86204335202445,-6.305948826619273,-47.9209191581233,-43.749555558653306,4.011267408997527,-30.319195511279464,-32.86204335202445,-6.305948826619273,-47.9209191581233,-43.749555558653306
-2.6959180692511593,-50,-44.446240810529304,-4.539099216141765,-50,-50,-2.6959180692511593,-50,-44.446240810529304,-4.539099216141765,-50,-50,2.850419680791724,-31.308142381112432,-34.1174570050577,-5.525791929809229,-46.61867568749267,-45.10680888222017,2.850419680791724,-31.308142381112432,-34.1174570050577,-5.525791929809229,-46.61867568749267,-45.10680888222017
-1.3340189893234022,-50,-43.323820195704826,-2.967551546751297,-50,-50,-1.3340189893234022,-50,-43.323820195704826,-2.967551546751297,-50,-50,1.639270714637612,-32.403122884699314,-35.4239558541452,-4.6089550209377705,-45.27001279081581,-46.43230559517784,1.639270714637612,-32.403122884699314,-35.4239558541452,-4.6089550209377705,-45.27001279081581,-46.43230559517784
0.08694003614812962,-50,-42.131598259316355,-1.419989320970541,-50,-50,0.08694003614812962,-50,-42.131598259316355,-1.419989320970541,-50,-50,0.39073635422121455,-33.586807071582314,-36.760578509032705,-3.567679853604373,-43.89212576315366,-47.71081888553351,0.39073635422121455,-33.586807071582314,-36.760578509032705,-3.567679853604373,-43.89212576315366,-47.71081888553351
1.5476330632595867,-50,-40.88650948846775,0.07960498469151212,-50,-50,1.5476330632595867,-50,-40.88650948846775,0.07960498469151212,-50,-50,-0.881868874262493,-34.84046110289493,-38.10588027490757,-2.415869701013225,-42.502582503854725,-48.92766166933476,-0.881868874262493,-34.84046110289493,-38.10588027490757,-2.415869701013225,-42.502582503854725,-48.92766166933476
3.0281937404859223,-50,-39.606239298172504,1.5079922496302673,-50,-50,3.0281937404859223,-50,-39.606239298172504,1.5079922496302673,-50,-50,-2.164973749878487,-36.14424374659423,-39.43827720981384,-1.1689037172375656,-41.11909952784856,-50,-2.164973749878487,-36.14424374659423,-39.43827720981384,-1.1689037172375656,-41.11909952784856,-50
4.508485503660941,-49.76112187883066,-38.308972825245405,2.843036844365792,-50,-50,4.508485503660941,-49.76112187883066,-38.308972825245405,2.843036844365792,-50,-50,-3.44489508214446,-37.47752039909698,-40.73639241614029,0.15656840771501823,-39.75931608216311,-50,-3.44489508214446,-37.47752039909698,-40.73639241614029,0.15656840771501823,-39.75931608216311,-50
5.96837544601973,-48.97121166244307,-37.01313662407675,4.064049665029961,-50,-50,5.96837544601973,-48.97121166244307,-37.01313662407675,4.064049665029961,-50,-50,-4.707983630281673,-38.81918966338409,-41.979399010301236,1.5428487572359804,-38.44056924757128,-50,-4.707983630281673,-38.81918966338409,-41.979399010301236,1.5428487572359804,-38.44056924757128,-50
7.388008138499452,-48.08429545291071,-35.73713693327669,5.152108751135168,-49.66077392111848,-50,7.388008138499452,-48.08429545291071,-35.73713693327669,5.152108751135168,-49.66077392111848,-50,-5.940769660421509,-40.148017314915016,-43.14735426802491,2.97142749354021,-37.179672892822666,-50,-5.940769660421509,-40.148017314915016,-43.14735426802491,2.97142749354021,-37.179672892822666,-50
8.748075676166088,-47.109862498134646,-34.49909823088824,6.090352518030272,-48.462464627271544,-50,8.748075676166088,-47.109862498134646,-34.49909823088824,6.090352518030272,-48.462464627271544,-50,-7.1301065885279336,-41.442972369765535,-44.221519584241825,4.423230003991542,-35.992703299792645,-50,-7.1301065885279336,-41.442972369765535,-44.221519584241825,4.423230003991542,-35.992703299792645,-50
10.03008027796669,-46.05833840063687,-33.31660579176636,6.864241059840026,-47.18482741686018,-49.35835966878054,10.03008027796669,-46.05833840063687,-33.31660579176636,6.864241059840026,-47.18482741686018,-49.35835966878054,-8.263311177210241,-42.68355993613444,-45.18466111415645,5.878871588392705,-34.89479419272795,-50,-8.263311177210241,-42.68355993613444,-45.18466111415645,5.878871588392705,-34.89479419272795,-50
11.216585868283007,-44.940973572494556,-32.20645590387526,7.461781473490618,-45.84753682260876,-48.381287867205906,11.216585868283007,-44.940973572494556,-32.20645590387526,7.461781473490618,-45.84753682260876,-48.381287867205906,-9.32829879134854,-43.85014558126857,-46.02132627203347,7.318916286615065,-33.89994378504329,-50,-9.32829879134854,-43.85014558126857,-46.02132627203347,7.318916286615065,-33.89994378504329,-50
12.291455218617228,-43.76972286551476,-31.184417291465063,7.873713711990238,-44.47118598891239,-47.3286046262162,12.291455218617228,-43.76972286551476,-31.184417291465063,7.873713711990238,-44.47118598891239,-47.3286046262162,-10.313712270150756,-44.92426608014364,-46.71809165156936,8.724136390657872,-33.02083630372328,-50,-10.313712270150756,-44.92426608014364,-46.71809165156936,8.724136390657872,-33.02083630372328,-50
13.24006942413385,-42.55711766450412,-30.26500713390759,8.093654086807092,-43.07696955482595,-46.21006691121072,13.24006942413385,-42.55711766450412,-30.26500713390759,8.093654086807092,-43.07696955482595,-46.21006691121072,-11.209043041332238,-45.88892162776759,-47.26377839022912,10.075769176092997,-32.26868026690094,-50,-11.209043041332238,-45.88892162776759,-47.26377839022912,10.075769176092997,-32.26868026690094,-50
14.049526730036753,-41.316131812126585,-29.4612848616503,8.118194195497264,-41.68635727454394,-45.036042070465214,14.049526730036753,-41.316131812126585,-29.4612848616503,8.118194195497264,-41.68635727454394,-45.036042070465214,-12.00474318584167,-46.728844890343495,-47.64963152225551,11.35576742497344,-31.653065576566778,-50,-12.00474318584167,-46.728844890343495,-47.64963152225551,11.35576742497344,-31.653065576566778,-50
14.708818003616237,-40.060042799839,-28.784666658240294,7.946953741507681,-40.3207634013397,-43.81741174368198,14.708818003616237,-40.060042799839,-28.784666658240294,7.946953741507681,-40.3207634013397,-43.81741174368198,-12.692327258061292,-47.43074263709607,-47.86946044282186,12.547040395184514,-31.181841248415697,-50,-12.692327258061292,-47.43074263709607,-47.86946044282186,12.547040395184514,-31.181841248415697,-50
15.20897646543597,-38.80228971004326,-28.24476330325659,7.582586427608254,-39.00121692617232,-42.56547100374722,15.20897646543597,-38.80228971004326,-28.24476330325659,7.582586427608254,-39.00121692617232,-42.56547100374722,-13.26446277565736,-47.98350612852006,-47.91973822972966,13.633682018776835,-30.861015337822415,-50,-13.26446277565736,-47.98350612852006,-47.91973822972966,13.633682018776835,-30.861015337822415,-50
15.543199643219992,-37.5563294293529,-27.849243659453066,7.030738831623442,-37.74803774900663,-41.29182366651549,15.543199643219992,-37.5563294293529,-27.849243659453066,7.030738831623442,-37.74803774900663,-41.29182366651549,-13.71504841408682,-48.378386931296504,-47.79965822913973,14.601183282338935,-30.694678337830993,-50,-13.71504841408682,-48.378386931296504,-47.79965822913973,14.601183282338935,-30.694678337830993,-50
15.706941889789563,-36.335492671370304,-27.603725743159423,6.299962901763703,-36.58052376953567,-40.008274738959834,15.706941889789563,-36.335492671370304,-27.603725743159423,6.299962901763703,-36.58052376953567,-40.008274738959834,-14.039279071883414,-48.60913537730207,-47.51114699747871,15.436625953673516,-30.684951025844548,-50,-14.039279071883414,-48.60913537730207,-47.51114699747871,15.436625953673516,-30.684951025844548,-50
15.69797620674773,-35.15284134940668,-27.511696925191764,5.4015834276103725,-35.51665371584285,-38.726721002549866,15.69797620674773,-35.15284134940668,-27.511696925191764,5.4015834276103725,-35.51665371584285,-38.726721002549866,-14.233697112859224,-48.672099475360355,-47.058833391881684,16.128855068108077,-30.83195742395958,-50,-14.233697112859224,-48.672099475360355,-47.058833391881684,16.128855068108077,-30.83195742395958,-50
15.516424533069795,-34.02102882513711,-27.574464395749747,4.349522540549163,-34.572810287191544,-37.459040746002096,15.516424533069795,-34.02102882513711,-27.574464395749747,4.349522540549163,-34.572810287191544,-37.459040746002096,-14.296229238768435,-48.56628271028557,-46.44997430508211,16.668627871373673,-31.13382321769842,-50,-14.296229238768435,-48.56628271028557,-46.44997430508211,16.668627871373673,-31.13382321769842,-50
15.164756086655972,-32.952164528409604,-27.791136596904188,3.1600839633572573,-33.763527874308906,-36.216983669434285,15.164756086655972,-32.952164528409604,-27.791136596904188,3.1600839633572573,-33.763527874308906,-36.216983669434285,-14.22620859921841,-48.29335981444993,-45.694338236254076,17.048737230344102,-31.586699653301622,-50,-14.22620859921841,-48.29335981444993,-45.694338236254076,17.048737230344102,-31.586699653301622,-50
14.6477537814019,-31.957684396661417,-28.158635886410636,1.851700352416021,-33.10126874205834,-35.01206198036361,14.6477537814019,-31.957684396661417,-28.158635886410636,1.851700352416021,-33.10126874205834,-35.01206198036361,-14.024381903045548,-47.857650262262524,-44.80404856578934,17.264107863834283,-32.184812608890354,-50,-14.024381903045548,-47.857650262262524,-44.80404856578934,17.264107863834283,-32.184812608890354,-50
13.972449176536504,-31.04822852013048,-28.671742252970123,0.4446476479694006,-32.5962311210982,-33.85544369094356,13.972449176536504,-31.04822852013048,-28.671742252970123,0.4446476479694006,-32.5962311210982,-33.85544369094356,-13.692901455319097,-47.26604990705465,-43.79338904849938,17.311864108569466,-32.920536213852,-49.218478960056146,-13.692901455319097,-47.26604990705465,-43.79338904849938,17.311864108569466,-32.920536213852,-49.218478960056146
13.148026842957128,-30.233527301953835,-29.323167461999624,-1.0392691408730257,-32.256192163752836,-32.757849105431795,13.148026842957128,-30.233527301953835,-29.323167461999624,-1.0392691408730257,-32.256192163752836,-32.757849105431795,-13.235302204891262,-46.52792184233616,-42.67857464589836,17.19136831550299,-33.78449007779111,-48.019138576365286,-13.235302204891262,-46.52792184233616,-42.67857464589836,17.19136831550299,-33.78449007779111,-48.019138576365286
12.185699447240372,-29.52229735114318,-30.10365857873524,-2.5770538470188367,-32.08638818244279,-31.729451457310432,12.185699447240372,-29.52229735114318,-30.10365857873524,-2.5770538470188367,-32.08638818244279,-31.729451457310432,-12.656464047261732,-45.65494821473072,-41.477491374319314,16.90422936380872,-34.76565888943364,-46.754585824476386,-12.656464047261732,-45.65494821473072,-41.477491374319314,16.90422936380872,-34.76565888943364,-46.754585824476386
11.09855525226607,-28.922148222293842,-31.002129398211657,-4.1448755155790336,-32.0894340149012,-30.779782617021418,11.09855525226607,-28.922148222293842,-31.002129398211657,-4.1448755155790336,-32.0894340149012,-30.779782617021418,-11.962559784763146,-44.66094533390595,-40.20940934272638,16.454281178867987,-35.85153286055317,-45.439347414882015,-11.962559784763146,-44.66094533390595,-40.20940934272638,16.454281178867987,-35.85153286055317,-45.439347414882015
9.901380108541218,-28.439500999833136,-32.00581791526752,-5.718437710707693,-32.26528275788362,-29.91764474427889,9.901380108541218,-28.439500999833136,-32.00581791526752,-5.718437710707693,-32.26528275788362,-29.91764474427889,-11.160989299026877,-43.56164500570045,-38.8946735842263,15.847531541082361,-37.028267224318476,-44.088532316011026,-11.160989299026877,-43.56164500570045,-38.8946735842263,15.847531541082361,-37.028267224318476,-44.088532316011026
8.610456357256496,-28.079519597886716,-33.100467597851534,-7.273355035972358,-32.61122648943837,-29.151028703823762,8.610456357256496,-28.079519597886716,-33.100467597851534,-7.273355035972358,-32.61122648943837,-29.151028703823762,-10.260300637722118,-42.374445549228994,-37.5543776415607,15.092081869025378,-38.280858754465434,-42.71765818803245,-10.260300637722118,-42.374445549228994,-37.5543776415607,15.092081869025378,-38.280858754465434,-42.71765818803245
7.243341380119798,-27.84605551079661,-34.27052988879722,-8.785531033340108,-33.12193796861491,-28.487040000797762,7.243341380119798,-27.84605551079661,-34.27052988879722,-8.785531033340108,-33.12193796861491,-28.487040000797762,-9.270098857108774,-41.11813643854802,-36.21002514355408,14.198019048000836,-39.593337054666435,-41.34247312176274,-9.270098857108774,-41.11813643854802,-36.21002514355408,14.198019048000836,-39.593337054666435,-41.34247312176274
5.818628807830041,-27.7416066054127,-35.49938505970351,-10.23153160450482,-33.789552670469924,-27.931832922215904,5.818628807830041,-27.7416066054127,-35.49938505970351,-10.23153160450482,-33.789552670469924,-27.931832922215904,-8.20094359251949,-39.812600926899286,-34.883184802164855,13.17728074833119,-40.948968179256234,-39.97877473046994,-8.20094359251949,-39.812600926899286,-34.883184802164855,13.17728074833119,-40.948968179256234,-39.97877473046994
4.355695634908262,-27.767290396045272,-36.76957827988061,-11.588948167664906,-34.603789893101606,-27.490553494959094,4.355695634908262,-27.767290396045272,-36.76957827988061,-11.588948167664906,-34.603789893101606,-27.490553494959094,-7.064236449090731,-38.47850136001738,-33.59514436534654,12.043496031666546,-42.33046798907293,-38.64222867278257,-7.064236449090731,-38.47850136001738,-33.59514436534654,12.043496031666546,-42.33046798907293,-38.64222867278257
2.8744386802832036,-27.92283208801392,-38.0630675472062,-12.836744921935058,-35.55211107176597,-27.167291788989083,2.8744386802832036,-27.92283208801392,-38.0630675472062,-12.836744921935058,-35.55211107176597,-27.167291788989083,-5.872099413623124,-37.13695215895735,-32.366569077678776,10.811803373565569,-43.72022252222681,-37.34818869144567,-5.872099413623124,-37.13695215895735,-32.366569077678776,10.811803373565569,-43.72022252222681,-37.34818869144567
1.3950039779352565,-28.206567517716508,-39.361479959246786,-13.955584837858053,-36.61991286217187,-26.965044007871455,1.3950039779352565,-28.206567517716508,-39.361479959246786,-13.955584837858053,-36.61991286217187,-26.965044007871455,-4.637245584201885,-35.809185648052576,-31.217170128405613,9.498648532139702,-45.10051257007128,-36.11152023524863,-4.637245584201885,-35.809185648052576,-31.217170128405613,9.498648532139702,-45.10051257007128,-36.11152023524863
-0.062487221941541105,-28.615460957762046,-40.646372684532665,-14.928129322158773,-37.79075201963515,-26.885684717976844,-0.062487221941541105,-28.615460957762046,-40.646372684532665,-14.928129322158773,-37.79075201963515,-26.885684717976844,-3.372843596132327,-34.51621601685111,-30.165388406281277,8.12156496165006,-46.45373959502998,-34.946429690292014,-3.372843596132327,-34.51621601685111,-30.165388406281277,8.12156496165006,-46.45373959502998,-34.946429690292014
-1.478212114703104,-29.145137596667794,-41.89949492711545,-15.739306912856586,-39.0465986111428,-26.92994947375835,-1.478212114703104,-29.145137596667794,-41.89949492711545,-15.739306912856586,-39.0465986111428,-26.92994947375835,-2.092377189970463,-33.27850673440885,-29.228098635041746,6.698939703011893,-47.76265010993725,-33.86630118232224,-2.092377189970463,-33.27850673440885,-29.228098635041746,6.698939703011893,-47.76265010993725,-33.86630118232224
-2.832915943970127,-29.789930345615154,-43.10304716342577,-16.376546840783565,-40.368113661076414,-27.09742800014579,-2.832915943970127,-29.789930345615154,-43.10304716342577,-16.376546840783565,-40.368113661076414,-27.09742800014579,-0.8095014192310628,-32.11564667968356,-28.4203386363353,5.2497678770717835,-49.01055565797046,-32.883542824885055,-0.8095014192310628,-32.11564667968356,-28.4203386363353,5.2497678770717835,-49.01055565797046,-32.883542824885055
-4.108173878525413,-30.5429404714726,-44.2399339691954,-16.829973838019868,-41.73494695508424,-27.386567995246743,-4.108173878525413,-30.5429404714726,-44.2399339691954,-16.829973838019868,-41.73494695508424,-27.386567995246743,0.46210296880663915,-31.04604011382103,-27.755068063801495,3.7933990587048014,-50,-32.0094441795435,0.46210296880663915,-31.04604011382103,-27.755068063801495,3.7933990587048014,-50,-32.0094441795435
-5.286641601703922,-31.39611140736323,-45.29400684525372,-17.092561174312973,-43.12605041617498,-27.794689518108527,-5.286641601703922,-31.39611140736323,-45.29400684525372,-17.092561174312973,-43.12605041617498,-27.794689518108527,1.7088754262947492,-30.08661540105722,-27.242960479154767,2.3492789181846008,-50,-31.25404656560505,1.7088754262947492,-30.08661540105722,-27.242960479154767,2.3492789181846008,-50,-31.25404656560505
-6.352291205098439,-32.34031495106716,-46.25029359306845,-17.160239549883357,-44.520002227306065,-28.31800982818553,-6.352291205098439,-32.34031495106716,-46.25029359306845,-17.160239549883357,-44.520002227306065,-28.31800982818553,2.917520216191205,-29.252557088227036,-26.892232106191532,0.9366895794714245,-50,-30.626027709189128,2.917520216191205,-29.252557088227036,-26.892232106191532,0.9366895794714245,-50,-30.626027709189128
-7.290629178278914,-33.36544892900921,-47.09521098194717,-17.031960157112657,-45.89533670925277,-28.95167844628385,-7.290629178278914,-33.36544892900921,-47.09521098194717,-17.031960157112657,-45.89533670925277,-28.95167844628385,4.075148199657943,-28.55706558318513,-26.708510010181765,-0.4255078378019297,-50,-30.132602056744947,4.075148199657943,-28.55706558318513,-26.708510010181765,-0.4255078378019297,-50,-30.132602056744947
-8.088893529726077,-34.46054528091042,-47.81675768714575,-16.70971093385078,-47.23087487391777,-29.689822112014497,-8.088893529726077,-34.46054528091042,-47.81675768714575,-16.70971093385078,-47.23087487391777,-29.689822112014497,5.169414287445949,-28.011148235639226,-26.69474181756653,-1.7191250550280905,-50,-29.77943789818133,5.169414287445949,-28.011148235639226,-26.69474181756653,-1.7191250550280905,-50,-29.77943789818133
-8.73622735800928,-35.61388740868956,-48.404684758362954,-16.19848575646541,-48.5060505628398,-30.525599221060162,-8.73622735800928,-35.61388740868956,-48.404684758362954,-16.19848575646541,-48.5060505628398,-30.525599221060162,6.188649089467109,-27.623445126902336,-26.851148424413743,-2.926889487440806,-50,-29.570592251665463,6.188649089467109,-27.623445126902336,-26.851148424413743,-2.926889487440806,-50,-29.570592251665463
-9.223826512531504,-36.81313553408158,-48.85064119726394,-15.50620705004744,-49.701227148644094,-31.451263237694853,-9.223826512531504,-36.81313553408158,-48.85064119726394,-15.50620705004744,-49.701227148644094,-31.451263237694853,7.121983358626331,-27.400092325739745,-27.17522045237473,-4.032674870439552,-50,-29.508464258110948,7.121983358626331,-27.400092325739745,-27.17522045237473,-4.032674870439552,-50,-29.508464258110948
-9.545059335561023,-38.04545872375321,-49.14829257622833,-14.643603015077517,-50,-32.45823449480673,-9.545059335561023,-38.04545872375321,-49.14829257622833,-14.643603015077517,-50,-32.45823449480673,7.959463901828267,-27.344624774523552,-27.661758509002027,-5.021716580063934,-50,-29.593767620741744,7.959463901828267,-27.344624774523552,-27.661758509002027,-5.021716580063934,-50,-29.593767620741744
-9.695556856982098,-39.29767216935887,-49.29341101344601,-13.624041373163433,-50,-33.53717971593505,-9.695556856982098,-39.29767216935887,-49.29341101344601,-13.624041373163433,-50,-33.53717971593505,8.692159722070606,-27.45792034268748,-28.302956606494238,-5.880808772622649,-50,-29.825522406335473,8.692159722070606,-27.45792034268748,-28.302956606494238,-5.880808772622649,-50,-29.825522406335473
-9.673272215059468,-40.55637825375877,-49.28393522634148,-12.46332220828188,-50,-34.67809852225696,-9.673272215059468,-40.55637825375877,-49.28393522634148,-12.46332220828188,-50,-34.67809852225696,9.3122572597103,-27.738185932932566,-29.088527400502706,-6.598480711238995,-50,-30.201066302331085,9.3122572597103,-27.738185932932566,-29.088527400502706,-6.598480711238995,-50,-30.201066302331085
-9.478508495055951,-41.808109894108846,-49.11999981031983,-11.179433113849871,-50,-35.87041612272102,-9.478508495055951,-41.808109894108846,-49.11999981031983,-11.179433113849871,-50,-35.87041612272102,9.813143717238459,-28.18098586007715,-30.00586723967537,-7.165149924970988,-50,-30.716085200482645,9.813143717238459,-28.18098586007715,-30.00586723967537,-7.165149924970988,-50,-30.716085200482645
-9.113914607080739,-43.039474628175,-48.80393332695488,-9.79227044009788,-50,-37.103081328213825,-9.113914607080739,-43.039474628175,-48.80393332695488,-9.79227044009788,-50,-37.103081328213825,10.189477578978165,-28.779312053406752,-31.04025837789405,-7.573250155501713,-50,-31.36466275572623,10.189477578978165,-28.779312053406752,-31.04025837789405,-7.573250155501713,-50,-31.36466275572623
-8.584449259231882,-44.237297902270356,-48.34022522877481,-8.323330961554738,-50,-38.364668981298735,-8.584449259231882,-44.237297902270356,-48.34022522877481,-8.323330961554738,-50,-38.364668981298735,10.437245573673884,-29.52369497145097,-32.17510510492228,-7.817332383035296,-50,-32.13934835094634,10.437245573673884,-29.52369497145097,-32.17510510492228,-7.817332383035296,-50,-32.13934835094634
-7.897313516021525,-45.3887640277566,-47.73546209045075,-6.7953787428569985,-50,-39.643485852141694,-7.897313516021525,-45.3887640277566,-47.73546209045075,-6.7953787428569985,-50,-39.643485852141694,10.553805472517006,-30.40235347377036,-33.39220000699877,-7.89413758248388,-50,-33.03124268688663,10.553805472517006,-30.40235347377036,-33.39220000699877,-7.89413758248388,-50,-33.03124268688663
-7.061852859331687,-46.48155329799512,-46.99823405216909,-5.2320923654417095,-50,-40.92767901910863,-7.061852859331687,-46.48155329799512,-46.99823405216909,-5.2320923654417095,-50,-40.92767901910863,10.537914266203485,-31.401381277773748,-34.672016085506804,-7.802640238493842,-50,-34.03010001398159,10.537914266203485,-31.401381277773748,-34.672016085506804,-7.802640238493842,-50,-34.03010001398159
-6.08943008393366,-47.50397379871313,-46.13901280407903,-3.6576979820270474,-50,-42.20534572949261,-6.08943008393366,-47.50397379871313,-46.13901280407903,-3.6576979820270474,-50,-42.20534572949261,10.389741420540155,-32.504967049567504,-35.994020046985,-7.544062038291427,-50,-35.12444583170768,10.389741420540155,-32.504967049567504,-35.994020046985,-7.544062038291427,-50,-35.12444583170768
-4.993270756273258,-48.445086501526426,-45.170002844941195,-2.096593885416265,-50,-43.46464372210846,-4.993270756273258,-48.445086501526426,-45.170002844941195,-2.096593885416265,-50,-43.46464372210846,10.110867069240172,-33.69564464551853,-37.33700173807306,-7.121855559518844,-50,-36.30170870336597,10.110867069240172,-33.69564464551853,-37.33700173807306,-7.121855559518844,-50,-36.30170870336597
-3.7882833383795207,-49.2948223022244,-44.10496812772084,-0.5729724096563049,-50,-44.69390098921136,-3.7882833383795207,-49.2948223022244,-44.10496812772084,-0.5729724096563049,-50,-44.69390098921136,9.704265163180015,-34.95456954402916,-38.67941443995769,-6.541658170863178,-49.884647623007844,-37.54836467205965,9.704265163180015,-34.95456954402916,-38.67941443995769,-6.541658170863178,-49.884647623007844,-37.54836467205965
-2.4908564233260737,-50,-42.95903655447506,0.8895549770723896,-50,-45.88172396039481,-2.4908564233260737,-50,-42.95903655447506,0.8895549770723896,-50,-45.88172396039481,9.174271755816253,-36.26181709251419,-39.99972056265468,-5.811216761004669,-48.69213180669574,-38.8500926188687,9.174271755816253,-36.26181709251419,-39.99972056265468,-5.811216761004669,-48.69213180669574,-38.8500926188687
-1.1186358399723826,-50,-41.748485097516244,2.268323577925239,-50,-47.017103105745946,-1.1186358399723826,-50,-41.748485097516244,2.268323577925239,-50,-47.017103105745946,8.526538762970498,-37.59669784931055,-41.27673719282873,-4.940284300915504,-47.4267602399861,-40.191938778523046,8.526538762970498,-37.59669784931055,-41.27673719282873,-4.940284300915504,-47.4267602399861,-40.191938778523046
0.3097153415001688,-50,-40.49050859902191,3.541966700804192,-50,-48.08951497945979,0.3097153415001688,-50,-40.49050859902191,3.541966700804192,-50,-48.08951497945979,7.7679736900939655,-38.93808502968871,-42.48997595120194,-3.940489620625291,-46.10466626317614,-41.558488522682524,7.7679736900939655,-38.93808502968871,-42.48997595120194,-3.940489620625291,-46.10466626317614,-41.558488522682524
1.7747706391780895,-50,-39.202975533091,4.690746776668949,-50,-49.08901975810398,1.7747706391780895,-50,-39.202975533091,4.690746776668949,-50,-49.08901975810398,6.906665969767303,-40.26474887357134,-43.61997170689907,-2.8251821392159844,-44.74270642068882,-42.93404343744011,6.906665969767303,-40.26474887357134,-43.61997170689907,-2.8251821392159844,-44.74270642068882,-42.93404343744011
3.2566043718901216,-50,-37.90417419943948,5.696861231429745,-49.192439637483965,-50,3.2566043718901216,-50,-37.90417419943948,5.696861231429745,-49.192439637483965,-50,5.951800694982574,-41.55569264301324,-44.64859487485593,-1.60925362123474,-43.35824554211408,-44.30280166084619,5.951800694982574,-41.55569264301324,-44.64859487485593,-1.60925362123474,-43.35824554211408,-44.30280166084619
4.735062661108106,-50,-36.61255295383423,6.544718371341077,-47.960127470165425,-50,4.735062661108106,-50,-36.61255295383423,6.544718371341077,-47.960127470165425,-50,4.913560668165389,-42.79048493170647,-45.55934228580975,-0.30893933946305907,-41.96893534261847,-45.64903940880712,4.913560668165389,-42.79048493170647,-45.55934228580975,-0.30893933946305907,-41.96893534261847,-45.64903940880712
6.190037536475804,-50,-35.34645816506687,7.221179006519712,-46.656222953746855,-50,6.190037536475804,-50,-35.34645816506687,7.221179006519712,-46.656222953746855,-50,3.803017810499501,-43.94958302713827,-46.337601962170666,1.0583987010515958,-40.592489365651645,-46.95729160405431,3.803017810499501,-43.94958302713827,-46.337601962170666,1.0583987010515958,-40.592489365651645,-46.95729160405431
7.601740416958278,-50,-34.12387362056707,7.715760068160865,-45.30080511525459,-50,7.601740416958278,-50,-34.12387362056707,7.715760068160865,-45.30080511525459,-50,2.63201508957758,-45.01464220764132,-46.97088755172587,2.474503583275118,-39.24645713732228,-48.21252953318419,2.63201508957758,-45.01464220764132,-46.97088755172587,2.474503583275118,-39.24645713732228,-48.21252953318419
8.95097124809394,-50,-32.962165082170024,8.020797064010344,-43.91474624331743,-50,8.95097124809394,-50,-32.962165082170024,8.020797064010344,-43.91474624331743,-50,1.4130402245176583,-45.96880607917711,-47.44903865793593,3.9204672474733617,-37.94800041197633,-49.400333490915244,1.4130402245176583,-45.96880607917711,-47.44903865793593,3.9204672474733617,-37.94800041197633,-49.400333490915244
10.219379634911096,-50,-31.877833620407465,8.131562854528676,-42.51939047257046,-50,10.219379634911096,-50,-31.877833620407465,8.131562854528676,-42.51939047257046,-50,0.15909251536810354,-46.79697335677478,-47.76438385273583,5.37698295466188,-36.71367436184587,-50,0.15909251536810354,-46.79697335677478,-47.76438385273583,5.37698295466188,-36.71367436184587,-50
11.389714418937853,-50,-30.886281230994587,8.04634090908151,-41.136225102029364,-50,11.389714418937853,-50,-30.886281230994587,8.04634090908151,-41.136225102029364,-50,-1.1164557830499016,-47.48603686834816,-47.91186375647317,6.824603073284159,-35.559216500497385,-50,-1.1164557830499016,-47.48603686834816,-47.91186375647317,6.824603073284159,-35.559216500497385,-50
12.446058304897292,-50,-30.001592062728413,7.766451906909204,-39.786549708854345,-50,12.446058304897292,-50,-30.001592062728413,7.766451906909204,-39.786549708854345,-50,-2.4000020645360953,-48.025090998245965,-47.88911221029591,8.243998747110085,-34.49934603138538,-50,-2.4000020645360953,-48.025090998245965,-47.88911221029591,8.243998747110085,-34.49934603138538,-50
13.374044346018115,-49.54805524938752,-29.236332364269174,7.296233270641913,-38.49114815287189,-50,13.374044346018115,-49.54805524938752,-29.236332364269174,7.296233270641913,-38.49114815287189,-50,-3.6778584314011593,-48.405604287383106,-47.69649423866518,9.616217977228068,-33.54757617971502,-50,-3.6778584314011593,-48.405604287383106,-47.69649423866518,9.616217977228068,-33.54757617971502,-50
14.161051343621951,-48.72980421066143,-28.60137199138729,6.642971949528139,-37.26996852270735,-50,14.161051343621951,-48.72980421066143,-28.60137199138729,6.642971949528139,-37.26996852270735,-50,-4.936397663914942,-48.621554458260036,-47.33710019292429,10.922938672176437,-32.71604190038947,-50,-4.936397663914942,-48.621554458260036,-47.33710019292429,10.922938672176437,-32.71604190038947,-50
14.79637550342997,-47.81713003287584,-28.105730010011484,5.8167914940312855,-36.14181595208745,-50,14.79637550342997,-47.81713003287584,-28.105730010011484,5.8167914940312855,-36.14181595208745,-50,-6.162198542678236,-48.66952372786565,-46.81669616988464,12.146713287450737,-32.0153451587591,-50,-6.162198542678236,-48.66952372786565,-46.81669616988464,12.146713287450737,-32.0153451587591,-50
15.271376013952747,-46.819797552249646,-27.756446588155317,4.830495171791146,-35.124063036681626,-50,15.271376013952747,-46.819797552249646,-27.756446588155317,4.830495171791146,-35.124063036681626,-50,-7.342188974180881,-48.54875289997405,-46.14363150090956,13.271201787918748,-31.454419756776424,-50,-7.342188974180881,-48.54875289997405,-46.14363150090956,13.271201787918748,-31.454419756776424,-50
15.579592567006808,-45.74847737672392,-27.558482996386477,3.6993675561740123,-34.23238231081832,-50,15.579592567006808,-45.74847737672392,-27.558482996386477,3.6993675561740123,-34.23238231081832,-50,-8.463785393237846,-48.261153380731,-45.32870479573571,14.281389822592699,-31.040417428074203,-50,-8.463785393237846,-48.261153380731,-45.32870479573571,14.281389822592699,-31.040417428074203,-50
15.716833222002908,-44.61463171954688,-27.514651137245483,2.4409376621802936,-33.48050490370826,-50,15.716833222002908,-44.61463171954688,-27.514651137245483,2.4409376621802936,-33.48050490370826,-50,-9.515026955698673,-47.81127692736315,-44.38499069021731,15.163789198654504,-30.778616654189804,-50,-9.515026955698673,-47.81127692736315,-44.38499069021731,15.163789198654504,-30.778616654189804,-50
15.681231418996513,-43.43039176335684,-27.625573604589,1.0747073003791359,-32.88000909166536,-50,15.681231418996513,-43.43039176335684,-27.625573604589,1.0747073003791359,-32.88000909166536,-50,-10.484703090381347,-47.2062436087881,-43.3276300776418,15.90661797797145,-30.672355364539477,-50,-10.484703090381347,-47.2062436087881,-43.3276300776418,15.90661797797145,-30.672355364539477,-50
15.473271365086832,-42.20842786686168,-27.889674840179545,-0.3781511414498464,-32.44014200244114,-50,15.473271365086832,-42.20842786686168,-27.889674840179545,-0.3781511414498464,-32.44014200244114,-50,-11.362473050002404,-46.455629118273315,-42.17358718913356,16.49995779142575,-30.722988378207624,-50,-11.362473050002404,-46.455629118273315,-42.17358718913356,16.49995779142575,-30.722988378207624,-50
15.09578144889308,-40.96181400279465,-28.303203513135138,-1.895122805505737,-32.16767721727666,-49.57914269458038,15.09578144889308,-40.96181400279465,-28.303203513135138,-1.895122805505737,-32.16767721727666,-49.57914269458038,-12.138976186196055,-45.57131322161442,-40.941377420533215,16.9358862705712,-30.929870130158477,-50,-12.138976186196055,-45.57131322161442,-40.941377420533215,16.9358862705712,-30.929870130158477,-50
14.553895772675665,-39.703887877543266,-28.860285804357485,-3.4526992753305543,-32.06681046347874,-48.621463737763044,14.553895772675665,-39.703887877543266,-28.860285804357485,-3.4526992753305543,-32.06681046347874,-48.621463737763044,-12.805931772636223,-44.56729173940196,-39.650770272481765,17.208582828368776,-31.290362902117565,-50,-12.805931772636223,-44.56729173940196,-39.650770272481765,17.208582828368776,-31.290362902117565,-50
13.854984325289369,-38.44810822905317,-29.553008839080142,-5.026742884292415,-32.13909500376722,-47.58594723250977,13.854984325289369,-38.44810822905317,-29.553008839080142,-5.026742884292415,-32.13909500376722,-47.58594723250977,-13.35622731173541,-43.45945503907919,-38.322472169722346,17.3144063765991,-31.799870453172158,-50,-13.35622731173541,-43.45945503907919,-38.322472169722346,17.3144063765991,-31.799870453172158,-50
13.008552745660982,-37.207910829797136,-30.371533082448153,-6.592860775518158,-32.3834177173424,-46.4821910315449,13.008552745660982,-37.207910829797136,-30.371533082448153,-6.592860775518158,-32.3834177173424,-46.4821910315449,-13.783994383206101,-42.26533654253717,-36.97779424844551,17.251943942256897,-32.45189662131123,-50,-13.783994383206101,-42.26533654253717,-36.97779424844551,17.251943942256897,-32.45189662131123,-50
12.026113040071628,-35.99656473545527,-31.304232101646722,-8.126782916494461,-32.79601624100417,-45.32042547828302,12.026113040071628,-35.99656473545527,-31.304232101646722,-8.126782916494461,-32.79601624100417,-45.32042547828302,-14.08467122562708,-41.003835229545736,-35.63831044168139,17.022029533793415,-33.23812814872444,-50,-14.08467122562708,-41.003835229545736,-35.63831044168139,17.022029533793415,-33.23812814872444,-50
10.921027011570072,-34.827030317322766,-32.33785770937945,-9.604738210266373,-33.37053690636401,-44.11141858523159,10.921027011570072,-34.827030317322766,-32.33785770937945,-9.604738210266373,-33.37053690636401,-44.11141858523159,-14.255051383636333,-39.69491652888215,-34.32551134839411,16.627733005301792,-34.14854067488804,-50,-14.255051383636333,-39.69491652888215,-34.32551134839411,16.627733005301792,-34.14854067488804,-50
9.708324530978048,-33.71182059737767,-33.457728142972435,-11.003822874663964,-34.09813258096574,-42.86637622892003,9.708324530978048,-33.71182059737767,-33.457728142972435,-11.003822874663964,-34.09813258096574,-42.86637622892003,-14.293317901971117,-38.359296331068045,-33.06045943958318,16.074319067332205,-35.17152654598565,-49.894858386034045,-14.293317901971117,-38.359296331068045,-33.06045943958318,16.074319067332205,-35.17152654598565,-49.894858386034045
8.40449912111484,-32.66286736960513,-34.647936606185226,-12.302355380803572,-34.96759890664461,-41.59683828641505,8.40449912111484,-32.66286736960513,-34.647936606185226,-12.302355380803572,-34.96759890664461,-41.59683828641505,-14.199062701705508,-37.0181131237593,-31.863451133244666,15.369176991631457,-36.29404281114664,-48.740868882080186,-14.199062701705508,-37.0181131237593,-31.863451133244666,15.369176991631457,-36.29404281114664,-48.740868882080186
7.027283634427024,-31.691393539966466,-35.891577211568645,-13.480212450405267,-35.965546837169136,-40.31457167609827,7.027283634427024,-31.691393539966466,-35.891577211568645,-13.480212450405267,-35.965546837169136,-40.31457167609827,-13.973290932055042,-35.69259343880847,-30.753691159841413,14.521721948400334,-37.50177751855771,-47.51337604129241,-13.973290932055042,-35.69259343880847,-30.753691159841413,14.521721948400334,-37.50177751855771,-47.51337604129241
5.595409074949217,-30.80779305086542,-37.17098511405378,-14.519140904998007,-37.07660881823177,-39.03146129407365,5.595409074949217,-30.80779305086542,-37.17098511405378,-14.519140904998007,-37.07660881823177,-39.03146129407365,-13.61841025134005,-34.40371590587707,-29.748984442743453,13.54326929342938,-38.779332191164094,-46.22648084372283,-13.61841025134005,-34.40371590587707,-29.748984442743453,13.54326929342938,-38.779332191164094,-46.22648084372283
4.128349844770364,-30.021519674819082,-38.46798742488246,-15.40304053430169,-38.283675434791164,-37.75939985708022,4.128349844770364,-30.021519674819082,-38.46798742488246,-15.40304053430169,-38.283675434791164,-37.75939985708022,-13.138205151416978,-33.17187922952515,-28.865450437090647,12.446883483652286,-40.11041815549013,-44.89496666154905,-13.138205151416978,-33.17187922952515,-28.865450437090647,12.446883483652286,-40.11041815549013,-44.89496666154905
2.6460588798141624,-29.340985867145285,-39.76416134186001,-16.118213600194597,-39.56815888159678,-36.51017767291747,2.6460588798141624,-29.340985867145285,-39.76416134186001,-16.118213600194597,-39.56815888159678,-36.51017767291747,-12.537796599384903,-32.016579344614854,-28.117264510207907,11.247203638418762,-41.47806422031236,-43.53412943320646,-12.537796599384903,-32.016579344614854,-28.117264510207907,11.247203638418762,-41.47806422031236,-43.53412943320646
1.1686962772576228,-28.77347275985707,-41.04109582941341,-16.65357710971719,-40.91027919967268,-35.29537336006465,1.1686962772576228,-28.77347275985707,-41.04109582941341,-16.65357710971719,-40.91027919967268,-35.29537336006465,-11.823587426953665,-30.956100859597004,-27.516430512850302,9.960248075623248,-42.86483305737841,-42.15960194935045,-11.823587426953665,-30.956100859597004,-27.516430512850302,9.960248075623248,-42.86483305737841,-42.15960194935045
-0.2836448945765744,-28.325052259752756,-42.28065313151619,-17.00083456753199,-42.28936887096065,-34.12624652937734,-0.2836448945765744,-28.325052259752756,-42.28065313151619,-17.00083456753199,-42.28936887096065,-34.12624652937734,-11.003194049847536,-30.00722767112235,-27.072588190131597,8.603200432552615,-44.25304352531958,-40.78717426918754,-11.003194049847536,-30.00722767112235,-27.072588190131597,8.603200432552615,-44.25304352531958,-40.78717426918754
-1.691211874691902,-28.000522084185683,-43.46522640291026,-17.154604546200517,-43.68419108062275,-33.013633422556964,-1.691211874691902,-28.000522084185683,-43.46522640291026,-17.154604546200517,-43.68419108062275,-33.013633422556964,-10.085365245397679,-29.184977329999647,-26.79285852202384,7.194180227202236,-45.62499610212444,-39.43261233016235,-10.085365245397679,-29.184977329999647,-26.79285852202384,7.194180227202236,-45.62499610212444,-39.43261233016235
-3.0348608594943753,-27.8033544295756,-44.57798979919905,-17.112504081833016,-45.07326674603285,-31.96784647468698,-3.0348608594943753,-27.8033544295756,-44.57798979919905,-17.112504081833016,-45.07326674603285,-31.96784647468698,-9.079888854489212,-28.502363362614744,-26.681729474775914,5.752000923563415,-46.96319855201934,-38.11147683474651,-9.079888854489212,-28.502363362614744,-26.681729474775914,5.752000923563415,-46.96319855201934,-38.11147683474651
-4.296317370662871,-27.735658821864824,-45.60313747349383,-16.875185602733104,-46.43520527648724,-30.99857873175518,-4.296317370662871,-27.735658821864824,-45.60313747349383,-16.875185602733104,-46.43520527648724,-30.99857873175518,-7.997487402804534,-27.970189309485328,-26.740983996248467,4.295918731230772,-48.25058894941756,-36.83894449489191,-7.997487402804534,-27.970189309485328,-26.740983996248467,4.295918731230772,-48.25058894941756,-36.83894449489191
-5.458424799642804,-27.798159546387748,-46.52610808487279,-16.446326818756525,-47.74903397021454,-30.114814009084377,-5.458424799642804,-27.798159546387748,-46.52610808487279,-16.446326818756525,-47.74903397021454,-30.114814009084377,-6.849703754472041,-27.59687774064382,-26.96967141040397,2.8453754934009563,-49.47075321649166,-35.62963368762228,-6.849703754472041,-27.59687774064382,-26.96967141040397,2.8453754934009563,-49.47075321649166,-35.62963368762228
-6.5053777484036726,-27.99018789863471,-47.33379162970452,-15.832573728067915,-48.994520976249454,-29.324743623382833,-6.5053777484036726,-27.99018789863471,-47.33379162970452,-15.832573728067915,-48.994520976249454,-29.324743623382833,-5.6487780175226305,-27.3883369539752,-27.36412266989675,1.4197390962608503,-50,-34.497436524568315,-5.6487780175226305,-27.3883369539752,-27.36412266989675,1.4197390962608503,-50,-34.497436524568315
-7.422936992875714,-28.30968933882063,-48.01471565797247,-15.043437624516825,-50,-28.63569047019608,-7.422936992875714,-28.30968933882063,-48.01471565797247,-15.043437624516825,-50,-28.63569047019608,-4.407517013850661,-27.347867466237076,-27.918009222051644,0.03804486586164835,-50,-33.45535926457027,-4.407517013850661,-27.347867466237076,-27.918009222051644,0.03804486586164835,-50,-33.45535926457027
-8.19862314542763,-28.75324547371049,-48.55920822955905,-14.091147701702257,-50,-28.054041150461792,-8.19862314542763,-28.75324547371049,-48.55920822955905,-14.091147701702257,-50,-28.054041150461792,-3.1391577056670514,-27.476109776703407,-28.62244454378873,-1.2812585946099055,-50,-32.51537290262559,-3.1391577056670514,-27.476109776703407,-28.62244454378873,-1.2812585946099055,-50,-32.51537290262559
-8.821886382452641,-29.31611063051492,-48.95953529583611,-12.99046153791284,-50,-27.585186775262812,-8.821886382452641,-29.31611063051492,-48.95953529583611,-12.99046153791284,-50,-27.585186775262812,-1.8572260348832559,-27.77103423016148,-29.46612671647401,-2.5205557335440893,-50,-31.688275651561774,-1.8572260348832559,-27.77103423016148,-29.46612671647401,-2.5205557335440893,-50,-31.688275651561774
-9.284249928660254,-29.99226263154631,-49.21001055517284,-11.7584363988447,-50,-27.233472997439442,-9.284249928660254,-29.99226263154631,-49.21001055517284,-11.7584363988447,-50,-27.233472997439442,-0.5753926807787886,-28.227973139697653,-30.435519753233443,-3.6632992565806752,-50,-30.983568896194505,-0.5753926807787886,-28.227973139697653,-30.435519753233443,-3.6632992565806752,-50,-30.983568896194505
-9.579425346595873,-30.774467226389945,-49.307076221959306,-10.414164902205984,-50,-27.00215973320118,-9.579425346595873,-30.774467226389945,-49.307076221959306,-10.414164902205984,-50,-27.00215973320118,0.6926727258281713,-28.839694660874027,-31.515070769525675,-4.694231068739965,-50,-30.40934804496132,0.6926727258281713,-28.839694660874027,-31.515070769525675,-4.694231068739965,-50,-30.40934804496132
-9.703398063378417,-31.65435549222077,-49.2493535618909,-8.978479140595192,-50,-26.893390947064294,-9.703398063378417,-31.65435549222077,-49.2493535618909,-8.978479140595192,-50,-26.893390947064294,1.9334473772292529,-29.596517248109464,-32.68745951270168,-5.5995860029566416,-50,-29.97220953288791,1.9334473772292529,-29.596517248109464,-32.68745951270168,-5.5995860029566416,-50,-29.97220953288791
-9.654481971437438,-32.62251337414841,-49.03766247570313,-7.473627847845454,-50,-26.908174780169016,-9.654481971437438,-32.62251337414841,-49.03766247570313,-7.473627847845454,-50,-26.908174780169016,3.133699497734832,-30.48646288179627,-33.93387624711372,-6.367275614799915,-50,-29.677175044202613,3.133699497734832,-30.48646288179627,-33.93387624711372,-6.367275614799915,-50,-29.677175044202613
-9.43334236064545,-33.66858240758466,-48.675009853186936,-5.922931611767026,-50,-27.046374206159786,-9.43334236064545,-33.66858240758466,-48.675009853186936,-5.922931611767026,-50,-27.046374206159786,4.280629448980355,-31.495446641069094,-35.23432353640152,-6.9870495893249505,-50,-29.527633825100217,4.280629448980355,-31.495446641069094,-35.23432353640152,-6.9870495893249505,-50,-29.527633825100217
-9.042986869953591,-34.78137054499083,-48.166546862905534,-4.350421476433136,-50,-27.306708301236284,-9.042986869953591,-34.78137054499083,-48.166546862905534,-4.350421476433136,-50,-27.306708301236284,5.362006226867173,-32.607499621912275,-36.567937081178286,-7.450632604923165,-50,-29.525303749345394,5.362006226867173,-32.607499621912275,-36.567937081178286,-7.450632604923165,-50,-29.525303749345394
-8.488724581594663,-35.94897190125198,-47.519495784276074,-2.780466534570568,-50,-27.686764116603392,-8.488724581594663,-35.94897190125198,-47.519495784276074,-2.780466534570568,-50,-27.686764116603392,6.366297894516176,-33.8050216725411,-37.91332046461601,-7.751834826745023,-50,-29.670211583979622,6.366297894516176,-33.8050216725411,-37.91332046461601,-7.751834826745023,-50,-29.670211583979622
-7.778093814197691,-37.15889413650537,-46.7430474213025,-1.2373962812300632,-50,-28.18301904327869,-7.778093814197691,-37.15889413650537,-46.7430474213025,-1.2373962812300632,-50,-28.18301904327869,7.282794560281429,-35.06905994608614,-39.24888843529137,-7.886634554368689,-50,-29.96069268183122,7.282794560281429,-35.06905994608614,-39.24888843529137,-7.886634554368689,-50,-29.96069268183122
-6.920759596873877,-38.3981921135351,-45.848230555110305,0.254876418899487,-50,-28.79087346196522,-6.920759596873877,-38.3981921135351,-45.848230555110305,0.254876418899487,-50,-28.79087346196522,8.101722589371144,-36.37960886200477,-40.553213219682846,-7.853231920189668,-50,-30.39341010436155,8.101722589371144,-36.37960886200477,-40.553213219682846,-7.853231920189668,-50,-30.39341010436155
-5.928382218691345,-39.65360639971271,-44.847755289597615,1.6732259076835483,-50,-29.50469337536915,-5.928382218691345,-39.65360639971271,-44.847755289597615,1.6732259076835483,-50,-29.50469337536915,8.814348831108164,-37.71592672881364,-41.80536830810171,-7.652072921542123,-50,-30.96339295517047,8.814348831108164,-37.71592672881364,-41.80536830810171,-7.652072921542123,-50,-30.96339295517047
-4.814458641348493,-40.91170513163088,-43.755832515341226,2.995672110441329,-50,-30.31786262781781,-4.814458641348493,-40.91170513163088,-43.755832515341226,2.995672110441329,-50,-30.31786262781781,9.413073750338645,-39.05686401704476,-42.985264198375134,-7.285843465670778,-50,-31.66409348380067,9.413073750338645,-39.05686401704476,-42.985264198375134,-7.285843465670778,-50,-31.66409348380067
-3.594138931935979,-42.15902772459974,-42.58797205612059,4.201721159809097,-50,-31.222844228171624,-3.594138931935979,-42.15902772459974,-42.58797205612059,4.201721159809097,-50,-31.222844228171624,9.891512469823029,-40.38119808693797,-44.073970710631556,-6.759433507066213,-50,-32.487462303853796,9.891512469823029,-40.38119808693797,-44.073970710631556,-6.759433507066213,-50,-32.487462303853796
-2.284020212415811,-43.3822288894362,-41.36076236521106,5.272682987941531,-49.88975940681977,-32.21125020764963,-2.284020212415811,-43.3822288894362,-41.36076236521106,5.272682987941531,-49.88975940681977,-32.21125020764963,10.244562859363535,-41.66796907323041,-45.05402070198624,-6.07987175600735,-50,-33.42404086133941,10.244562859363535,-41.66796907323041,-45.05402070198624,-6.07987175600735,-50,-33.42404086133941
-0.901920928237053,-44.56822141568989,-40.09163490067423,6.191960965341508,-48.709614412890076,-33.27391936507867,-0.901920928237053,-44.56822141568989,-40.09163490067423,6.191960965341508,-48.709614412890076,-33.27391936507867,10.468459945557235,-42.896811611086605,-45.909690308348694,-5.256231830093759,-49.43572639444302,-34.46307009101656,10.468459945557235,-42.896811611086605,-45.909690308348694,-5.256231830093759,-49.43572639444302,-34.46307009101656
0.5333614938225515,-45.70431619364596,-38.79861652649049,6.9453090978055805,-47.44633560467683,-34.40100217897279,0.5333614938225515,-45.70431619364596,-38.79861652649049,6.9453090978055805,-47.44633560467683,-34.40100217897279,10.560816061942086,-44.04827715303788,-46.627251217168016,-4.299511101846251,-48.21334253680647,-35.592614012524,10.560816061942086,-44.04827715303788,-46.627251217168016,-4.299511101846251,-48.21334253680647,-35.592614012524
2.00230630258171,-46.77835797698996,-37.500073456461315,7.521052795718505,-46.119376407651416,-35.58205209942114,2.00230630258171,-46.77835797698996,-37.500073456461315,7.521052795718505,-46.119376407651416,-35.58205209942114,10.520646311369974,-45.10414177570798,-47.19519092366745,-3.222483860023746,-46.92420743627437,-36.79969684647105,10.520646311369974,-45.10414177570798,-47.19519092366745,-3.222483860023746,-46.92420743627437,-36.79969684647105
3.4849349170522204,-47.77885543358841,-36.21445037794051,7.910269794450061,-44.74917087142745,-36.80612237363026,3.4849349170522204,-47.77885543358841,-36.21445037794051,7.910269794450061,-44.74917087142745,-36.80612237363026,10.348379069072864,-46.04769460475627,-47.60439743679003,-2.039530745268843,-45.58475741543072,-38.0704520753533,10.348379069072864,-46.04769460475627,-47.60439743679003,-2.039530745268843,-45.58475741543072,-38.0704520753533
4.961082647809545,-48.69510409295349,-34.960008460916235,8.106928422140205,-43.35681900267478,-38.06186750767876,4.961082647809545,-48.69510409295349,-34.960008460916235,8.106928422140205,-43.35681900267478,-38.06186750767876,10.045851414415765,-46.86400229321597,-47.848305471444135,-0.7664467374850981,-44.212070306257495,-39.39028173693571,10.045851414415765,-46.86400229321597,-47.848305471444135,-0.7664467374850981,-44.212070306257495,-39.39028173693571
6.410672949557931,-49.51730087495842,-33.75456597379782,8.107981072146513,-41.96376184285869,-39.33764842406805,6.410672949557931,-49.51730087495842,-33.75456597379782,8.107981072146513,-41.96376184285869,-39.33764842406805,9.616289540053371,-47.54014536740435,-47.92300178154914,0.5797697412698044,-42.82364770973091,-40.744024120198404,9.616289540053371,-47.54014536740435,-47.92300178154914,0.5797697412698044,-42.82364770973091,-40.744024120198404
7.81399047487859,-50,-32.61524519024073,7.913411431616662,-40.59145129432996,-40.621640340400425,7.81399047487859,-50,-32.61524519024073,7.913411431616662,-40.59145129432996,-40.621640340400425,9.064274347408748,-48.06542269982218,-47.82728794392407,1.981143792445291,-41.43719185246602,-42.11612793742076,9.064274347408748,-48.06542269982218,-47.82728794392407,1.981143792445291,-41.43719185246602,-42.11612793742076
9.151949215457705,-50,-31.558229181976206,7.5262347342877,-39.261019779168194,-41.90194236929321,9.151949215457705,-50,-31.558229181976206,7.5262347342877,-39.261019779168194,-41.90194236929321,8.395692595369477,-48.431520872908564,-47.56269958571823,3.418964044728484,-40.070379885375594,-43.49083097157484,8.395692595369477,-48.431520872908564,-47.56269958571823,3.418964044728484,-40.070379885375594,-43.49083097157484
10.406352083904286,-50,-30.598531952197852,6.952451033594409,-37.992954817750274,-43.1666878236838,10.406352083904286,-50,-30.598531952197852,6.952451033594409,-37.992954817750274,-43.1666878236838,7.61767412315592,-48.63264575317749,-47.133481746900046,4.874032491278112,-38.740638502073935,-44.85234114679777,7.61767412315592,-48.63264575317749,-47.133481746900046,4.874032491278112,-38.740638502073935,-44.85234114679777
11.560138405678112,-50,-29.74978517456099,6.200952220211025,-36.80678353825995,-44.404154205144465,11.560138405678112,-50,-29.74978517456099,6.200952220211025,-36.80678353825995,-44.404154205144465,6.738515816826363,-48.66561419334971,-46.54652077308691,6.326920824594149,-37.46492175052727,-46.18501794187134,6.738515816826363,-48.66561419334971,-46.54652077308691,6.326920824594149,-37.46492175052727,-46.18501794187134
12.597615955083837,-50,-29.024044566983154,5.2833842249686604,-35.720771975425116,-45.60287185576037,12.597615955083837,-50,-29.024044566983154,5.2833842249686604,-35.720771975425116,-45.60287185576037,5.767593130249354,-48.52990441113505,-45.81123383142346,7.758229846397934,-36.25949487093622,-47.47355206269664,5.767593130249354,-48.52990441113505,-45.81123383142346,7.758229846397934,-36.25949487093622,-47.47355206269664
13.504674379492135,-50,-28.43161865054133,4.213966542582648,-34.75164378902798,-46.75173026651487,13.504674379492135,-50,-28.43161865054133,4.213966542582648,-34.75164378902798,-46.75173026651487,4.715260104093019,-48.22766424733493,-44.93941782210888,9.148848488843072,-35.139726915809575,-48.70314130975685,4.715260104093019,-48.22766424733493,-44.93941782210888,9.148848488843072,-35.139726915809575,-48.70314130975685
14.268977109084084,-50,-27.980922325797188,3.0092718730184265,-33.914322733685275,-47.84008105684487,14.268977109084084,-50,-27.980922325797188,3.0092718730184265,-33.914322733685275,-47.84008105684487,3.5927389490446107,-47.76367717256633,-43.94506010962795,10.480208988560761,-34.11989479632848,-49.85966062026629,3.5927389490446107,-47.76367717256633,-43.94506010962795,10.480208988560761,-34.11989479632848,-49.85966062026629
14.880129142024373,-50,-27.678357346372316,1.6879692953813414,-33.22170284564601,-48.85783667088332,14.880129142024373,-50,-27.678357346372316,1.6879692953813414,-33.22170284564601,-48.85783667088332,2.412000370754588,-47.14528658060881,-42.84411411030263,11.734534806417418,-33.21300125340548,-50,2.412000370754588,-47.14528658060881,-42.84411411030263,11.734534806417418,-33.21300125340548,-50
15.329818423078933,-50,-27.528221387544995,0.2705349543466271,-32.6844498855359,-49.79556387560772,15.329818423078933,-50,-27.528221387544995,0.2705349543466271,-32.6844498855359,-49.79556387560772,1.1856359127384195,-46.38227956656321,-41.65424333662419,12.895077982719217,-32.43060907422561,-50,1.1856359127384195,-46.38227956656321,-41.65424333662419,12.895077982719217,-32.43060907422561,-50
15.611928892837101,-50,-27.532647001469257,-1.2210652573932705,-32.310837094662276,-50,15.611928892837101,-50,-27.532647001469257,-1.2210652573932705,-32.310837094662276,-50,-0.07327632141393159,-45.48673202923232,-40.394538004903666,13.946342758658158,-31.782693668071563,-50,-0.07327632141393159,-45.48673202923232,-40.394538004903666,13.946342758658158,-31.782693668071563,-50
15.722623669998654,-50,-27.69157132610608,-2.763716103214456,-32.10661779409342,-50,15.722623669998654,-50,-27.69157132610608,-2.763716103214456,-32.10661779409342,-50,-1.35131113456759,-44.4728175492448,-39.08520875297054,14.874292478172258,-31.277515881011254,-50,-1.35131113456759,-44.4728175492448,-39.08520875297054,14.874292478172258,-31.277515881011254,-50
15.660397235392725,-50,-28.002736978124425,-4.333511217961057,-32.07493678837888,-50,15.660397235392725,-50,-28.002736978124425,-4.333511217961057,-32.07493678837888,-50,-2.6348394040186576,-43.35658306775558,-37.74726238189488,15.666537007630211,-30.921516671070165,-50,-2.6348394040186576,-43.35658306775558,-37.74726238189488,15.666537007630211,-30.921516671070165,-50
15.426095907993352,-49.32672795134029,-28.46172411708987,-5.906123583413129,-32.21628193821856,-50,15.426095907993352,-49.32672795134029,-28.46172411708987,-5.906123583413129,-32.21628193821856,-50,-3.910173424160406,-42.15569491599156,-36.40216482411357,16.312498170884936,-30.719234986770807,-50,-3.910173424160406,-42.15569491599156,-36.40216482411357,16.312498170884936,-30.719234986770807,-50
15.022906334444556,-48.48083700471095,-29.062013225496212,-7.45718252259022,-32.52847664782038,-50,15.022906334444556,-48.48083700471095,-29.062013225496212,-7.45718252259022,-32.52847664782038,-50,-5.163712873883107,-40.88915921516422,-35.071496745279994,16.803550990779797,-30.673249896058415,-50,-5.163712873883107,-40.88915921516422,-35.071496745279994,16.803550990779797,-30.673249896058415,-50
14.45631214864523,-47.543186656037214,-29.79507771290354,-8.962651370630997,-33.00671338263515,-50,14.45631214864523,-47.543186656037214,-29.79507771290354,-8.962651370630997,-33.00671338263515,-50,-6.382089852094698,-39.57702107189993,-33.7766073053408,17.133138851228075,-30.78414770349093,-50,-6.382089852094698,-39.57702107189993,-33.7766073053408,17.133138851228075,-30.78414770349093,-50
13.734019390850355,-46.52380896528966,-30.650505028821602,-10.399199969509409,-33.643627701323446,-50,13.734019390850355,-46.52380896528966,-30.650505028821602,-10.399199969509409,-33.643627701323446,-50,-7.552311434687094,-38.24004732993916,-32.53827163387656,17.296861042203922,-31.050514474922373,-50,-7.552311434687094,-38.24004732993916,-32.53827163387656,17.296861042203922,-31.050514474922373,-50
12.865851700636451,-45.433610405378204,-31.616144564032922,-11.744566214056153,-34.429411661925286,-50,12.865851700636451,-45.433610405378204,-31.616144564032922,-11.744566214056153,-34.429411661925286,-50,-8.661898232698622,-36.89939789910265,-31.376357515151653,17.29253151872888,-31.468954065000716,-50,-8.661898232698622,-36.89939789910265,-31.376357515151653,17.29253151872888,-31.468954065000716,-50
11.863616709173428,-44.28425517218178,-32.678280239544826,-12.977901046431816,-35.35196485587307,-50,11.863616709173428,-44.28425517218178,-32.678280239544826,-12.977901046431816,-35.35196485587307,-50,-9.699017474076063,-35.576290863312025,-30.30950663055868,17.120208089295467,-32.03413141761878,-50,-9.699017474076063,-35.576290863312025,-30.30950663055868,17.120208089295467,-32.03413141761878,-50
10.74094544795189,-43.088040387590034,-33.821825331694356,-14.08009155269172,-36.39708074405196,-50,10.74094544795189,-43.088040387590034,-33.821825331694356,-14.08009155269172,-36.39708074405196,-50,-10.652609189831638,-34.291666667904266,-29.354835472584924,16.782191643998843,-32.738840587269166,-50,-10.652609189831638,-34.291666667904266,-29.354835472584924,16.782191643998843,-32.738840587269166,-50
9.513106958110937,-41.85776453077349,-35.03053676607987,-15.034057154437116,-37.548665425489936,-50,9.513106958110937,-41.85776453077349,-35.03053676607987,-15.034057154437116,-37.548665425489936,-50,-11.512504158931858,-33.065856701055395,-28.5276607288193,16.282995432683062,-33.5740966140052,-50,-11.512504158931858,-33.065856701055395,-28.5276607288193,16.282995432683062,-33.5740966140052,-50
8.196800621794734,-40.60659050536038,-36.28724583646221,-15.825014305486262,-38.78898546982387,-50,8.196800621794734,-40.60659050536038,-36.28724583646221,-15.825014305486262,-38.78898546982387,-50,-12.269532354140285,-31.91826151458016,-27.841253541922626,15.629284803304314,-34.52925008063656,-50,-12.269532354140285,-31.91826151458016,-27.841253541922626,15.629284803304314,-34.52925008063656,-50
6.809929039964894,-39.34790480757964,-37.57410207146859,-16.44070559157898,-40.098940997133305,-50,6.809929039964894,-39.34790480757964,-37.57410207146859,-16.44070559157898,-40.098940997133305,-50,-12.915620732331167,-30.86704377682019,-27.30662658820006,14.829788205135099,-35.592122891564316,-50,-12.915620732331167,-30.86704377682019,-27.30662658820006,14.829788205135099,-35.592122891564316,-50
5.371354545673757,-38.09517430215623,-38.87282678518366,-16.87158968277114,-41.45835979994066,-50,5.371354545673757,-38.09517430215623,-38.87282678518366,-16.87158968277114,-41.45835979994066,-50,-13.443879326429391,-29.928840817167135,-26.932357390873406,13.895180645108203,-36.749163542065794,-50,-13.443879326429391,-29.928840817167135,-26.932357390873406,13.895180645108203,-36.749163542065794,-50
3.9006426643727607,-36.86180213832928,-40.16497271016131,-17.11098919483684,-42.84630797814974,-50,3.9006426643727607,-36.86180213832928,-40.16497271016131,-17.11098919483684,-42.84630797814974,-50,-13.848674720878313,-29.11850131169979,-26.72445070280623,12.837941153410199,-37.98561989842928,-50,-13.848674720878313,-29.11850131169979,-26.72445070280623,12.837941153410199,-37.98561989842928,-50
2.4177960103573355,-35.66098434757436,-41.4321860249906,-17.155194168280616,-44.241412303406385,-49.7949926924508,2.4177960103573355,-35.66098434757436,-41.4321860249906,-17.155194168280616,-44.241412303406385,-49.7949926924508,-14.125690127086656,-28.448850277336362,-26.686242166604018,11.67218616146749,-39.28572728592624,-49.4366076644526,-14.125690127086656,-28.448850277336362,-26.686242166604018,11.67218616146749,-39.28572728592624,-49.4366076644526
0.9429822385281086,-34.50556865730677,-42.656467054541245,-17.00351956135129,-45.62218934874285,-48.85721154576484,0.9429822385281086,-34.50556865730677,-42.656467054541245,-17.00351956135129,-45.62218934874285,-48.85721154576484,-14.271971418200357,-27.930486093875853,-26.81834479776154,10.413481017086834,-40.63290948658463,-48.251160983934355,-14.271971418200357,-27.930486093875853,-26.81834479776154,10.413481017086834,-40.63290948658463,-48.251160983934355
-0.5037402485065714,-33.40791703114391,-43.820425939867285,-16.658315866091836,-46.96737631518761,-47.839407783838475,-0.5037402485065714,-33.40791703114391,-43.820425939867285,-16.658315866091836,-46.96737631518761,-47.839407783838475,-14.285958632279913,-27.571612766402396,-27.11863914947848,9.078632153433007,-42.00999008404553,-46.9978365483158,-14.285958632279913,-27.571612766402396,-27.11863914947848,9.078632153433007,-42.00999008404553,-46.9978365483158
-1.9026951074267622,-32.37977340642499,-44.90752964619414,-16.124932682908806,-48.256258460890606,-46.75101508596072,-1.9026951074267622,-32.37977340642499,-44.90752964619414,-16.124932682908806,-48.256258460890606,-46.75101508596072,-14.167502607929249,-27.377910082789242,-27.58230731693856,7.685462686834912,-43.3994114608517,-45.691032081378495,-14.167502607929249,-27.377910082789242,-27.58230731693856,7.685462686834912,-43.3994114608517,-45.691032081378495
-3.2348556649484514,-31.43213804408536,-45.90233680045753,-15.411635818144564,-49.468988090632244,-45.60212139642538,-3.2348556649484514,-31.43213804408536,-45.90233680045753,-15.411635818144564,-49.468988090632244,-45.60212139642538,-13.91786657497143,-27.352443721283272,-28.20191023548942,6.252574439674953,-44.7834586560612,-44.34575966556284,-13.91786657497143,-27.352443721283272,-28.20191023548942,6.252574439674953,-44.7834586560612,-44.34575966556284
-4.482103692647373,-30.575149835236385,-46.79071702272534,-14.529479189385086,-50,-44.40337542278274,-4.482103692647373,-30.575149835236385,-46.79071702272534,-14.529479189385086,-50,-44.40337542278274,-13.539712683208151,-27.49561673087189,-28.96750703255587,4.799099565870016,-46.14448522891684,-42.97747328876219,-13.539712683208151,-27.49561673087189,-28.96750703255587,4.799099565870016,-46.14448522891684,-42.97747328876219
-5.627475826355001,-29.817977823666524,-47.560051636089845,-13.492133523580074,-50,-43.16588793656591,-5.627475826355001,-29.817977823666524,-47.560051636089845,-13.492133523580074,-50,-43.16588793656591,-13.03707361292208,-27.805163152339453,-29.866814518411466,3.3444450952815368,-47.46513824891892,-41.601891314671825,-13.03707361292208,-27.805163152339453,-29.866814518411466,3.3444450952815368,-47.46513824891892,-41.601891314671825
-6.655394278669881,-29.16872310488462,-48.19941290411976,-12.315674502629111,-50,-41.90112879130275,-6.655394278669881,-29.16872310488462,-48.19941290411976,-12.315674502629111,-50,-41.90112879130275,-12.415309569871464,-28.2761838809706,-30.885404256947957,1.9080338079360448,-48.728579543675565,-40.23481591608886,-12.415309569871464,-28.2761838809706,-30.885404256947957,1.9080338079360448,-48.728579543675565,-40.23481591608886
-7.551878706745402,-28.634332151298235,-48.69971924995625,-11.018333639529828,-50,-40.620820612317104,-7.551878706745402,-28.634332151298235,-48.69971924995625,-11.018333639529828,-50,-40.620820612317104,-11.681051123386617,-28.901224203311397,-32.0069340546507,0.5090448979487645,-49.91870038362229,-38.89195154544289,-11.681051123386617,-28.901224203311397,-32.0069340546507,0.5090448979487645,-49.91870038362229,-38.89195154544289
-8.304736353818686,-28.220522490877126,-49.053864252300485,-9.620215745742913,-50,-39.3368301436745,-8.304736353818686,-28.220522490877126,-49.053864252300485,-9.620215745742913,-50,-39.3368301436745,-10.842128497151995,-29.670391780836415,-33.21341015378481,-0.8338421101554907,-50,-37.58872452790174,-10.842128497151995,-29.670391780836415,-33.21341015378481,-0.8338421101554907,-50,-37.58872452790174
-8.903727878435024,-27.931721534473986,-49.25681758601588,-8.142987368167384,-50,-38.06105825933955,-8.903727878435024,-27.931721534473986,-49.25681758601588,-8.142987368167384,-50,-38.06105825933955,-9.907488066723207,-30.57151321322613,-34.485475923179834,-2.1026967734527995,-50,-36.34010584950111,-9.907488066723207,-30.57151321322613,-34.485475923179834,-2.1026967734527995,-50,-36.34010584950111
-9.340706615985626,-27.77101920630038,-49.30569647356945,-6.609541023998156,-50,-36.805329657994825,-9.340706615985626,-27.77101920630038,-49.30569647356945,-6.609541023998156,-50,-36.805329657994825,-8.887096954262123,-31.590326703372313,-35.802722414875404,-3.2805771407720545,-50,-35.16043917603876,-8.887096954262123,-31.590326703372313,-35.802722414875404,-3.2805771407720545,-50,-35.16043917603876
-9.609729378512368,-27.74013488436958,-49.19980663240723,-5.043640436795846,-50,-35.581283263903046,-9.609729378512368,-27.74013488436958,-49.19980663240723,-5.043640436795846,-50,-35.581283263903046,-7.791836737903053,-32.710707774855194,-37.14401580407499,-4.351755964347861,-50,-34.063276078389805,-7.791836737903053,-32.710707774855194,-37.14401580407499,-4.351755964347861,-50,-34.063276078389805
-9.70713728583347,-27.839399004616727,-48.94065213664061,-3.469552271526882,-50,-34.40026434964884,-9.70713728583347,-27.839399004616727,-48.94065213664061,-3.469552271526882,-50,-34.40026434964884,-6.63338740924486,-33.91492446952673,-38.48783645898091,-5.301930692556969,-50,-33.0612203571145,-6.63338740924486,-33.91492446952673,-38.48783645898091,-5.301930692556969,-50,-33.0612203571145
-9.631605528634287,-28.067749525515662,-48.53191405296748,-1.911670075550595,-50,-33.273219380639574,-9.631605528634287,-28.067749525515662,-48.53191405296748,-1.911670075550595,-50,-33.273219380639574,-5.424102816464475,-35.183917986256944,-39.812624200494,-6.118414439883894,-50,-32.1657832546965,-5.424102816464475,-35.183917986256944,-39.812624200494,-6.118414439883894,-50,-32.1657832546965
-9.384161386714217,-28.422743291018705,-47.97939815428594,-0.39413625331873536,-50,-32.210594556014726,-9.384161386714217,-28.422743291018705,-47.97939815428594,-0.39413625331873536,-50,-32.210594556014726,-4.1768789213374955,-36.497604319253966,-41.09712421245174,-6.790305384253191,-50,-31.3872512186812,-4.1768789213374955,-36.497604319253966,-41.09712421245174,-6.790305384253191,-50,-31.3872512186812
-8.9681702573298,-28.90058217024483,-47.29095245368417,1.0595320669806068,-50,-31.222238986354387,-8.9681702573298,-28.90058217024483,-47.29095245368417,1.0595320669806068,-50,-31.222238986354387,-2.905016275093284,-37.835192122011044,-42.32072805264154,-7.308632329907711,-50,-30.734567734802617,-2.905016275093284,-37.835192122011044,-42.32072805264154,-7.308632329907711,-50,-30.734567734802617
-8.389289883657911,-29.496153694244992,-46.4763557301654,2.426807476909559,-50,-30.317313405600284,-8.389289883657911,-29.496153694244992,-46.4763557301654,2.426807476909559,-50,-30.317313405600284,-1.6220781796777337,-39.17551176613879,-43.463804293428616,-7.6664744922551105,-50,-30.215230587553645,-1.6220781796777337,-39.17551176613879,-43.463804293428616,-7.6664744922551105,-50,-30.215230587553645
-7.655393405900362,-30.203085755064116,-45.54717862950289,3.6865013936420272,-50,-29.504205263306623,-7.655393405900362,-30.203085755064116,-45.54717862950289,3.6865013936420272,-50,-29.504205263306623,-0.3417460470080247,-40.49735038715768,-44.508013487219706,-7.859053905294472,-50,-29.835205728433422,-0.3417460470080247,-40.49735038715768,-44.508013487219706,-7.859053905294472,-50,-29.835205728433422
-6.776462281584131,-31.013814781868692,-44.516619313170075,4.819092418126328,-50,-28.79045098420346,-6.776462281584131,-31.013814781868692,-44.516619313170075,4.819092418126328,-50,-28.79045098420346,0.9223265013105193,-41.77978761457674,-45.436602403475476,-7.8837992177855085,-50,-29.59885874132147,0.9223265013105193,-41.77978761457674,-45.436602403475476,-7.8837992177855085,-50,-29.59885874132147
-5.764450531408844,-31.919666664710682,-43.399315989808684,5.80702885700496,-49.4291268909118,-28.18266611562138,-5.764450531408844,-31.919666664710682,-43.399315989808684,5.80702885700496,-49.4291268909118,-28.18266611562138,2.156659237908231,-43.00252667275162,-46.23467281655036,-7.740380026343111,-50,-29.50890469227764,2.156659237908231,-43.00252667275162,-46.23467281655036,-7.740380026343111,-50,-29.50890469227764
-4.633122156984296,-32.9109495601156,-42.21113899206644,6.635000720125168,-48.21348785636167,-27.686484010217747,-4.633122156984296,-32.9109495601156,-42.21113899206644,6.635000720125168,-48.21348785636167,-27.686484010217747,3.3480890844788505,-44.14621561228063,-46.88942053194351,-7.430711287036482,-50,-29.566376939875617,3.3480890844788505,-44.14621561228063,-46.88942053194351,-7.430711287036482,-50,-29.566376939875617
-3.3978639416790104,-33.97705758555064,-40.968965352173306,7.290176978513296,-46.9223549369949,-27.30650361233382,-3.3978639416790104,-33.97705758555064,-40.968965352173306,7.290176978513296,-46.9223549369949,-27.30650361233382,4.483910484487553,-45.19275358790115,-47.39034081603805,-6.958927746588161,-50,-29.770615264365034,4.483910484487553,-45.19275358790115,-47.39034081603805,-6.958927746588161,-50,-29.770615264365034
-2.0754761806091118,-35.1065842933332,-39.69043907821481,7.7624044060411705,-45.575610488042365,-27.04624683193282,-2.0754761806091118,-35.1065842933332,-39.69043907821481,7.7624044060411705,-45.575610488042365,-27.04624683193282,5.552010896812224,-46.12557733550916,-47.72939693342583,-6.331328734572022,-50,-30.119273452029663,5.552010896812224,-46.12557733550916,-47.72939693342583,-6.331328734572022,-50,-30.119273452029663
-0.6839441859696378,-36.28744470990478,-38.393720536174236,8.044364923345755,-44.193993235267804,-26.90812590120621,-0.6839441859696378,-36.28744470990478,-38.393720536174236,8.044364923345755,-44.193993235267804,-26.90812590120621,6.540999965392688,-46.92992331431206,-47.90114908781493,-5.556294053753483,-50,-30.60834624761595,6.540999965392688,-46.92992331431206,-47.90114908781493,-5.556294053753483,-50,-30.60834624761595
0.7578063246172748,-37.50700463475204,-37.09722849755518,8.13168900565446,-42.798778916126835,-26.89342101640824,0.7578063246172748,-37.50700463475204,-37.09722849755518,8.13168900565446,-42.798778916126835,-26.89342101640824,7.440330987408517,-47.5930613652631,-47.90284169779963,-4.644172091617548,-50,-31.23221536521163,7.440330987408517,-47.5930613652631,-47.90284169779963,-4.644172091617548,-50,-31.23221536521163
2.2301666298643688,-38.75221581559087,-35.81937851657447,8.023023397041438,-41.41145265140002,-27.002268472149304,2.2301666298643688,-38.75221581559087,-35.81937851657447,8.023023397041438,-41.41145265140002,-27.002268472149304,8.240413384634689,-48.10449618773189,-47.734447607245414,-3.607141647038187,-48.97462086137503,-31.98371402901944,8.240413384634689,-48.10449618773189,-47.734447607245414,-3.607141647038187,-48.97462086137503,-31.98371402901944
3.713111695865135,-40.009755553548985,-34.57832135305539,7.720052081751392,-40.053378092499756,-27.23365939812716,3.713111695865135,-40.009755553548985,-34.57832135305539,7.720052081751392,-40.053378092499756,-27.23365939812716,8.932714978563395,-48.456133445694434,-47.39866852098052,-2.4590493169998817,-47.72467529639154,-32.85420930260551,8.932714978563395,-48.456133445694434,-47.39866852098052,-2.4590493169998817,-47.72467529639154,-32.85420930260551
5.186472529253532,-41.266169244696016,-33.391685156497346,7.227470187599309,-38.7454684393027,-27.585449110005072,5.186472529253532,-41.266169244696016,-33.391685156497346,7.227470187599309,-38.7454684393027,-27.585449110005072,9.50985297862097,-48.64240787452765,-46.90089165880336,-1.2152246146121364,-46.41420893900002,-33.83370126085354,9.50985297862097,-48.64240787452765,-46.90089165880336,-1.2152246146121364,-46.41420893900002,-33.83370126085354
6.630210488305448,-42.508014332842514,-32.27632507337426,6.552911225864117,-37.507864394555014,-28.054376987766503,6.630210488305448,-42.508014332842514,-32.27632507337426,6.552911225864117,-37.507864394555014,-28.054376987766503,9.965672713167297,-48.66037136089736,-46.249103323246786,0.10772471301071818,-45.05993008281287,-34.91093786537599,9.965672713167297,-48.66037136089736,-46.249103323246786,0.10772471301071818,-45.05993008281287,-34.91093786537599
8.024689821174258,-43.72200413344122,-31.248083834278187,5.706828795234163,-36.35962401408019,-28.636096697300697,8.024689821174258,-43.72200413344122,-31.248083834278187,5.706828795234163,-36.35962401408019,-28.636096697300697,10.295313263681965,-48.50973960172439,-45.45376076781261,1.4921344340554352,-43.67910562573762,-36.07354422373601,10.295313263681965,-48.50973960172439,-45.45376076781261,1.4921344340554352,-43.67910562573762,-36.07354422373601
9.350944724568585,-44.89514998979192,-30.321566721557577,4.702334583032306,-35.318429228834034,-29.32521647510559,9.350944724568585,-44.89514998979192,-30.321566721557577,4.702334583032306,-35.318429228834034,-29.32521647510559,10.495259302206243,-48.19289660376986,-44.527624421415055,2.919519687668218,-42.289340919006385,-37.30816474759653,10.495259302206243,-48.19289660376986,-44.527624421415055,2.919519687668218,-42.289340919006385,-37.30816474759653
10.590937290705595,-46.01490024060397,-29.50993411384487,3.55499517420475,-34.400313558119095,-30.115349102722323,10.590937290705595,-46.01490024060397,-29.50993411384487,3.55499517420475,-34.400313558119095,-30.115349102722323,10.56337857923866,-47.71485695262629,-43.48555316081396,4.370821796785481,-40.908355300961,-38.600616576739554,10.56337857923866,-47.71485695262629,-43.48555316081396,4.370821796785481,-40.908355300961,-38.600616576739554
11.727802834295344,-47.06927451208015,-28.8247145541983,2.2825908169133227,-33.61941520694458,-30.999171107706054,11.727802834295344,-47.06927451208015,-28.8247145541983,2.2825908169133227,-33.61941520694458,-30.999171107706054,10.498944662309967,-47.0831864482729,-42.34426591567501,5.826662742649079,-39.55375617762796,-39.936052506476415,10.498944662309967,-47.0831864482729,-42.34426591567501,5.826662742649079,-39.55375617762796,-39.936052506476415
12.746079262956775,-48.046991897709404,-28.275640997063554,0.9048398831238869,-32.98775934962399,-31.96849064241823,12.746079262956775,-48.046991897709404,-28.275640997063554,0.9048398831238869,-32.98775934962399,-31.96849064241823,10.302644682749458,-46.307882363273144,-41.1220734310511,7.267603903223949,-38.24281453025152,-41.29913154679802,10.302644682749458,-46.307882363273144,-41.1220734310511,7.267603903223949,-38.24281453025152,-41.29913154679802
13.631917371479826,-48.93759165435782,-27.870512560028168,-0.5569067057891792,-32.51507295225858,-33.014323411495475,13.631917371479826,-48.93759165435782,-27.870512560028168,-0.5569067057891792,-32.51507295225858,-33.014323411495475,9.976572008030905,-45.40121521873563,-39.83858449087182,8.674405600800437,-36.99224471236824,-42.67419515394836,9.976572008030905,-45.40121521873563,-39.83858449087182,8.674405600800437,-36.99224471236824,-42.67419515394836
14.373269199799322,-49.73154512330778,-27.615083744064734,-2.0799963529569574,-32.20863498568414,-34.126975944248784,14.373269199799322,-49.73154512330778,-27.615083744064734,-2.0799963529569574,-32.20863498568414,-34.126975944248784,9.5242039178404,-44.37753458220509,-38.514391315773935,10.028283993259201,-35.817991343708655,-44.04544710993697,9.5242039178404,-44.37753458220509,-38.514391315773935,10.028283993259201,-35.817991343708655,-44.04544710993697
14.96005189289248,-50,-27.51298269579411,-3.6408258319139484,-32.07316433547496,-35.296135440168875,14.96005189289248,-50,-27.51298269579411,-3.6408258319139484,-32.07316433547496,-35.296135440168875,8.950364521932293,-43.25304196106708,-37.17073918273158,11.311161878947846,-34.73502601812426,-45.39713498360012,8.950364521932293,-43.25304196106708,-37.17073918273158,11.311161878947846,-34.73502601812426,-45.39713498360012
15.384284834001928,-50,-27.565659672783692,-5.215207064346078,-32.11074713509601,-36.510965354791296,15.384284834001928,-50,-27.565659672783692,-5.215207064346078,-32.11074713509601,-36.510965354791296,8.261173315220496,-42.045534385817135,-35.829185567089105,12.505910066378869,-33.75715641757135,-46.713731088656864,8.261173315220496,-42.045534385817135,-35.829185567089105,12.505910066378869,-33.75715641757135,-46.713731088656864
15.640198186084403,-50,-27.772366443885986,-6.778741961250237,-32.320804641211545,-37.76020583996651,15.640198186084403,-50,-27.772366443885986,-6.778741961250237,-32.320804641211545,-37.76020583996651,7.46397991872132,-40.774122741432585,-34.511254275701845,13.59657608594456,-32.89685026570306,-47.98011085997966,7.46397991872132,-40.774122741432585,-34.511254275701845,13.59657608594456,-32.89685026570306,-47.98011085997966
15.724311365254009,-50,-28.13016691721859,-8.307200518616504,-32.700102145843125,-39.032278107589256,15.724311365254009,-50,-28.13016691721859,-8.307200518616504,-32.700102145843125,-39.032278107589256,6.567285702278369,-39.458929304736124,-33.23809012025207,14.568597189852385,-32.16507636589988,-49.18172659895792,6.567285702278369,-39.458929304736124,-33.23809012025207,14.568597189852385,-32.16507636589988,-49.18172659895792
15.635480378930342,-50,-28.633978844823663,-9.776896308309198,-33.24279878813734,-40.315391749474706,15.635480378930342,-50,-28.633978844823663,-9.776896308309198,-33.24279878813734,-40.315391749474706,5.580653124893051,-38.120769274743175,-32.030119671141065,15.408994796270994,-31.571164750274264,-50,5.580653124893051,-38.120769274743175,-32.030119671141065,15.408994796270994,-31.571164750274264,-50
15.374913384863131,-50,-29.276646011628856,-11.165053545184282,-33.94053749868419,-41.5976540186691,15.374913384863131,-50,-29.276646011628856,-11.165053545184282,-33.94053749868419,-41.5976540186691,4.51460375946968,-36.780821336324124,-30.9067235348019,16.106547781439186,-31.1226877228367,-50,4.51460375946968,-36.780821336324124,-30.9067235348019,16.106547781439186,-31.1226877228367,-50
14.946154259420485,-50,-30.049039883326877,-12.450160042029452,-34.78257369131959,-42.86718005930485,14.946154259420485,-50,-30.049039883326877,-12.450160042029452,-34.78257369131959,-42.86718005930485,3.380506089448371,-35.46029247107598,-29.88592541239615,16.651942305911355,-30.825363313530772,-50,3.380506089448371,-35.46029247107598,-29.88592541239615,16.651942305911355,-30.825363313530772,-50
14.355034398623003,-50,-30.940189269352985,-13.612300582604005,-35.75594072066715,-44.112203063315036,14.355034398623003,-50,-30.940189269352985,-13.612300582604005,-35.75594072066715,-44.112203063315036,2.19045427387959,-34.18008232035112,-28.984102928618626,17.03789617443717,-30.682982373987883,-50,2.19045427387959,-34.18008232035112,-28.984102928618626,17.03789617443717,-30.682982373987883,-50
13.609593407459561,-50,-31.93743615921062,-14.633465546519355,-36.84564955751288,-45.32118333300253,13.609593407459561,-50,-31.93743615921062,-14.633465546519355,-36.84564955751288,-45.32118333300253,0.9571391738036272,-32.96045241247335,-28.215724870055485,17.25925606900168,-30.697360244629575,-50,0.9571391738036272,-32.96045241247335,-28.215724870055485,17.25925606900168,-30.697360244629575,-50
12.719969756160864,-50,-33.02661551862176,-15.497830003216576,-38.03491960718107,-46.48291523860124,12.719969756160864,-50,-33.02661551862176,-15.497830003216576,-38.03491960718107,-46.48291523860124,-0.30628698467609494,-31.820705489191432,-27.5931190488281,17.313066356754696,-30.868313609275482,-50,-0.30628698467609494,-31.820705489191432,-27.5931190488281,17.313066356754696,-30.868313609275482,-50
11.698262890574592,-50,-34.19225649165544,-16.191998949940523,-39.30543711650326,-47.58663107947216,11.698262890574592,-50,-34.19225649165544,-16.191998949940523,-39.30543711650326,-47.58663107947216,-1.5863508673717965,-30.778880006578344,-27.126274515904583,17.198608554095287,-31.193662832413082,-50,-1.5863508673717965,-30.778880006578344,-27.126274515904583,17.198608554095287,-31.193662832413082,-50
10.558368672028669,-49.871780490185486,-35.41780215092849,-16.705214893273187,-40.63763719013177,-48.622100886285075,10.558368672028669,-49.871780490185486,-35.41780215092849,-16.705214893273187,-40.63763719013177,-48.622100886285075,-2.869401713329346,-29.851464645428113,-26.8226812973569,16.917410919980025,-31.669259749284308,-50,-2.869401713329346,-29.851464645428113,-26.8226812973569,16.917410919980025,-31.669259749284308,-50
9.315790384804036,-49.097329573813475,-36.685844674516936,-17.029524557346317,-42.01100507338473,-49.57972723914767,9.315790384804036,-49.097329573813475,-36.685844674516936,-17.029524557346317,-42.01100507338473,-49.57972723914767,-4.141756908245716,-29.05313734951214,-26.68721022482564,16.473228050364085,-32.28904055452443,-50,-4.141756908245716,-29.05313734951214,-26.68721022482564,16.473228050364085,-32.28904055452443,-50
7.987427881637234,-48.224523310081665,-37.97837260909377,-17.15990213526786,-43.404392062121836,-50,7.987427881637234,-48.224523310081665,-37.97837260909377,-17.15990213526786,-43.404392062121836,-50,-5.389847897574519,-28.396533021864947,-26.72203478818527,15.871990746233196,-33.045103114951495,-50,-5.389847897574519,-28.396533021864947,-26.72203478818527,15.871990746233196,-33.045103114951495,-50
6.591347735004939,-47.26269998249076,-39.277026707130304,-17.094327173741824,-44.796341174905635,-50,6.591347735004939,-47.26269998249076,-39.277026707130304,-17.094327173741824,-44.796341174905635,-50,-6.6003648832858035,-27.892043555703907,-26.926596264201137,15.121726824597042,-33.927807720851796,-50,-6.6003648832858035,-27.892043555703907,-26.926596264201137,15.121726824597042,-33.927807720851796,-50
5.146537520280781,-46.22215028129395,-40.563360704214915,-16.833815883908677,-46.16541757237255,-50,5.146537520280781,-46.22215028129395,-40.563360704214915,-16.833815883908677,-46.16541757237255,-50,-7.7603987612115075,-27.547653364839498,-27.297612680652037,14.232453929787283,-34.92589999118364,-50,-7.7603987612115075,-27.547653364839498,-27.297612680652037,14.232453929787283,-34.92589999118364,-50
3.672647572668714,-45.11400720187651,-41.81910333237321,-16.38240539318374,-47.49053863563466,-50,3.672647572668714,-45.11400720187651,-41.81910333237321,-16.38240539318374,-47.49053863563466,-50,-8.857578785344101,-27.368813016588906,-27.829131472098368,13.216045776262465,-36.02665436557478,-50,-8.857578785344101,-27.368813016588906,-27.829131472098368,13.216045776262465,-36.02665436557478,-50
2.1897237301814956,-43.950126931190205,-43.02641784771288,-15.747091182142496,-48.751298620784056,-50,2.1897237301814956,-43.950126931190205,-43.02641784771288,-15.747091182142496,-48.751298620784056,-50,-9.880204491014931,-27.358352967170237,-28.512624982489946,12.086073608866233,-37.21603635380063,-50,-9.880204491014931,-27.358352967170237,-28.512624982489946,12.086073608866233,-37.21603635380063,-50
0.717934697531923,-42.74296199665171,-44.1681553860278,-14.93771867598861,-49.92828289009475,-50,0.717934697531923,-42.74296199665171,-44.1681553860278,-14.93771867598861,-49.92828289009475,-50,-10.817370470108896,-27.51643876486274,-29.337127282375278,10.857624997387262,-38.47888147384253,-50,-10.817370470108896,-27.51643876486274,-29.337127282375278,10.857624997387262,-38.47888147384253,-50
-0.7227022610427594,-41.505428034708466,-45.228098547664324,-13.966830670606063,-50,-50,-0.7227022610427594,-41.505428034708466,-45.228098547664324,-13.966830670606063,-50,-50,-11.65908266769806,-27.840568429920552,-30.289410105625127,9.54710238490584,-39.79908859729344,-50,-11.65908266769806,-27.840568429920552,-30.289410105625127,9.54710238490584,-39.79908859729344,-50
-2.112593569269041,-40.25076560452991,-46.19119175173266,-12.849472957623567,-50,-50,-2.112593569269041,-40.25076560452991,-46.19119175173266,-12.849472957623567,-50,-50,-12.396364959889844,-28.325612052706973,-31.354195082951396,8.17200407973964,-41.15982523690684,-50,-12.396364959889844,-28.325612052706973,-31.354195082951396,8.17200407973964,-41.15982523690684,-50
-3.4328358239003585,-38.99239852530479,-47.04375508768415,-11.602961160708801,-50,-50,-3.4328358239003585,-38.99239852530479,-47.04375508768415,-11.602961160708801,-50,-50,-13.021354876331895,-28.963892983340905,-32.5143988671609,6.750690615222428,-42.54374215877636,-50,-13.021354876331895,-28.963892983340905,-32.5143988671609,6.750690615222428,-42.54374215877636,-50
-4.6654728929902145,-37.74379025281079,-47.77367862667319,-10.246612396414031,-50,-50,-4.6654728929902145,-37.74379025281079,-47.77367862667319,-10.246612396414031,-50,-50,-13.527387446577569,-29.74530932788913,-33.75140721736682,5.3021395969151595,-43.93319458313689,-48.9649436658339,-13.527387446577569,-29.74530932788913,-33.75140721736682,5.3021395969151595,-43.93319458313689,-48.9649436658339
-5.793740130673285,-36.51829983190629,-48.37059443267987,-8.801445918010991,-50,-50,-5.793740130673285,-36.51829983190629,-48.37059443267987,-8.801445918010991,-50,-50,-13.909066276161658,-30.6574938282192,-35.045373644768546,3.845692310569639,-45.310467153177065,-47.75028117291886,-13.909066276161658,-30.6574938282192,-35.045373644768546,3.845692310569639,-45.310467153177065,-47.75028117291886
-6.802292386981799,-35.32903896613186,-48.826023830123525,-7.2898573814170895,-50,-50,-6.802292386981799,-35.32903896613186,-48.826023830123525,-7.2898573814170895,-50,-50,-14.162321094424781,-31.686009595137847,-36.37553782854406,2.400795474176745,-46.65799980381184,-46.47349484540628,-14.162321094424781,-31.686009595137847,-36.37553782854406,2.400795474176745,-46.65799980381184,-46.47349484540628
-7.677412711616665,-34.18873173365055,-49.133497836155975,-5.735271781095532,-50,-50,-7.677412711616665,-34.18873173365055,-49.133497836155975,-5.735271781095532,-50,-50,-14.284451160387238,-32.81457859700231,-37.720558693209206,0.9867415822647025,-47.95861165050182,-45.1492519285439,-14.284451160387238,-32.81457859700231,-37.720558693209206,0.9867415822647025,-47.95861165050182,-45.1492519285439
-8.40719891317069,-33.109578450452105,-49.28864904699854,-4.161780434357703,-50,-50,-8.40719891317069,-33.109578450452105,-49.28864904699854,-4.161780434357703,-50,-50,-14.27415406378782,-34.025339287578014,-39.058856803570436,-0.377588690584429,-49.19572004345811,-43.79276483118197,-14.27415406378782,-34.025339287578014,-39.058856803570436,-0.377588690584429,-49.19572004345811,-43.79276483118197
-8.981725436479907,-32.10312513736381,-49.289273673156224,-2.5937676397029086,-50,-50,-8.981725436479907,-32.10312513736381,-49.289273673156224,-2.5937676397029086,-50,-50,-14.131539614149395,-35.299129295740514,-40.36896058390657,-1.6739785875331243,-50,-42.419616371293785,-14.131539614149395,-35.299129295740514,-40.36896058390657,-1.6739785875331243,-50,-42.419616371293785
-9.393178356468733,-31.18013998746457,-49.13536284235173,-1.0555327948467461,-50,-50,-9.393178356468733,-31.18013998746457,-49.13536284235173,-1.0555327948467461,-50,-50,-13.858128669756464,-36.615788702968196,-41.62985080665965,-2.885118502550416,-50,-41.0455807663727,-13.858128669756464,-36.615788702968196,-41.62985080665965,-2.885118502550416,-50,-41.0455807663727
-9.635961652486104,-30.350498155590984,-48.829102725548594,0.42908616954992596,-50,-49.08840698600537,-9.635961652486104,-30.350498155590984,-48.829102725548594,0.42908616954992596,-50,-49.08840698600537,-13.456836919032586,-37.95447910873967,-42.821297823678556,-3.9948371010499777,-50,-39.68644242510289,-13.456836919032586,-37.95447910873967,-42.821297823678556,-3.9948371010499777,-50,-39.68644242510289
-9.706773317735555,-29.62307610259391,-48.37484348427301,1.8370822048237017,-50,-48.088852635413296,-9.706773317735555,-29.62307610259391,-48.37484348427301,1.8370822048237017,-50,-48.088852635413296,-12.931943787275209,-39.2940134340753,-43.92418612949734,-4.9883172421466195,-50,-38.357814621959065,-12.931943787275209,-39.2940134340753,-43.92418612949734,-4.9883172421466195,-50,-38.357814621959065
-9.604650268661677,-29.005656624768555,-47.77903748031141,3.1466356831252416,-50,-47.0163973287946,-9.604650268661677,-29.005656624768555,-47.77903748031141,3.1466356831252416,-50,-47.0163973287946,-12.289046800330677,-40.613191243516795,-44.920821049374226,-5.852293819499581,-50,-37.07496013773058,-12.289046800330677,-40.613191243516795,-44.920821049374226,-5.852293819499581,-50,-37.07496013773058
-9.33098144349729,-28.504845584563874,-47.05014762546109,4.337452534847733,-50,-45.88098129214678,-9.33098144349729,-28.504845584563874,-47.05014762546109,4.337452534847733,-50,-45.88098129214678,-11.535001891879675,-41.89113427849449,-45.79521263160652,-6.575230879142163,-50,-35.85261592638635,-11.535001891879675,-41.89113427849449,-45.79521263160652,-6.575230879142163,-50,-35.85261592638635
-8.889488911822466,-28.126001233482278,-46.19852717314764,5.391078744574713,-50,-44.693128313207964,-8.889488911822466,-28.126001233482278,-46.19852717314764,5.391078744574713,-50,-44.693128313207964,-10.67785029090576,-43.107616891692,-46.53333218936987,-7.14747564939119,-50,-34.70482382244374,-10.67785029090576,-43.107616891692,-46.53333218936987,-7.14747564939119,-50,-34.70482382244374
-8.286177252057955,-27.873176883352574,-45.236272659365866,6.291186331819997,-48.95342027210849,-43.46384820002241,-8.286177252057955,-27.873176883352574,-45.236272659365866,6.291186331819997,-48.95342027210849,-43.46384820002241,-9.726732769025524,-44.24338615271402,-47.123337376139936,-7.561387426203941,-50,-33.644769233608926,-9.726732769025524,-44.24338615271402,-47.123337376139936,-7.561387426203941,-50,-33.644769233608926
-7.529251885390499,-27.74907753934673,-44.17705208179024,7.023826384735504,-47.70528234941335,-42.20453473474969,-7.529251885390499,-27.74907753934673,-44.17705208179024,7.023826384735504,-47.70528234941335,-42.20453473474969,-8.691792162159864,-45.280466558836665,-47.555762183599484,-7.8114395930856215,-50,-32.684629671729326,-8.691792162159864,-45.280466558836665,-47.555762183599484,-7.8114395930856215,-50,-32.684629671729326
-6.6290074768409255,-27.755030958728568,-43.035910757625494,7.577645225539765,-46.389476476991504,-40.92686006854491,-6.6290074768409255,-27.755030958728568,-43.035910757625494,7.577645225539765,-46.389476476991504,-40.92686006854491,-7.584065206066716,-46.2024445282656,-47.82366881371593,-7.894293413359762,-50,-31.835434862079012,-7.584065206066716,-46.2024445282656,-47.82366881371593,-7.894293413359762,-50,-31.835434862079012
-5.597687921291097,-27.890973444982265,-41.829057617816275,7.94406035776287,-45.026264952688464,-39.64266653633334,-5.597687921291097,-27.890973444982265,-41.829057617816275,7.94406035776287,-45.026264952688464,-39.64266653633334,-6.415364839212899,-46.994728173308744,-47.922758988362595,-7.808842609516413,-50,-31.106940037987048,-6.415364839212899,-46.994728173308744,-47.922758988362595,-7.808842609516413,-50,-31.106940037987048
-4.449319818748715,-28.155450529310812,-40.573634973125706,8.117393468665853,-43.6366400813045,-38.363856894207416,-4.449319818748715,-28.155450529310812,-40.573634973125706,8.117393468665853,-43.6366400813045,-38.363856894207416,-5.198154228125647,-47.64477824210538,-47.8514429106387,-7.556228134407068,-50,-30.507513876354217,-5.198154228125647,-47.64477824210538,-47.8514429106387,-7.556228134407068,-50,-30.507513876354217
-3.1995217036911203,-28.545632532212977,-39.2874750223566,8.09495842570344,-42.242000910850905,-37.10228399680031,-3.1995217036911203,-28.545632532212977,-39.2874750223566,8.09495842570344,-42.242000910850905,-37.10228399680031,-3.945413858628689,-48.14230657386126,-47.610864771476855,-7.139822937058954,-50,-30.044042361413872,-3.945413858628689,-48.14230657386126,-47.610864771476855,-7.139822937058954,-50,-30.044042361413872
-1.8652916230921193,-29.057344838643726,-37.98884656130518,7.877102903354833,-40.863823705304796,-35.869640937181146,-1.8652916230921193,-29.057344838643726,-37.98884656130518,7.877102903354833,-40.863823705304796,-35.869640937181146,-2.6705031103223362,-48.47943892669505,-47.20488439231137,-6.565186926518338,-50,-29.72184968111231,-2.6705031103223362,-48.47943892669505,-47.20488439231137,-6.565186926518338,-50,-29.72184968111231
-0.4647759522026229,-29.68511256283862,-36.69619549023126,7.467202995233528,-39.52333122830322,-34.677352667523394,-0.4647759522026229,-29.68511256283862,-36.69619549023126,7.467202995233528,-39.52333122830322,-34.677352667523394,-1.3870177904931764,-48.65083960106399,-46.64001529833148,-5.839992735052034,-50,-29.54463706482285,-1.3870177904931764,-48.65083960106399,-46.64001529833148,-5.839992735052034,-50,-29.54463706482285
0.9829774076608797,-30.422219124927672,-35.42788280571204,6.871610894972756,-38.24116593052814,-33.5364701050834,0.9829774076608797,-30.422219124927672,-35.42788280571204,6.871610894972756,-38.24116593052814,-33.5364701050834,-0.10864514672763659,-48.65379588638966,-45.925320215868524,-4.973923271929753,-50,-29.51444026500317,-0.10864514672763659,-48.65379588638966,-45.925320215868524,-4.973923271929753,-50,-29.51444026500317
2.4582780926540244,-31.260778112618667,-34.20192379847799,6.099556456671644,-37.037072073420845,-32.45756770498046,2.4582780926540244,-31.260778112618667,-34.20192379847799,6.099556456671644,-37.037072073420845,-32.45756770498046,1.1509820956025898,-48.48826099437028,-45.07226567055071,-3.978542435664986,-50,-29.631606171229905,1.1509820956025898,-48.48826099437028,-45.07226567055071,-3.978542435664986,-50,-29.631606171229905
3.941061077840998,-32.191817659089686,-33.03573216170534,5.163004160414829,-35.92959168424979,-31.450645449143483,3.941061077840998,-32.191817659089686,-33.03573216170534,5.163004160414829,-35.92959168424979,-31.450645449143483,2.3784311144260437,-48.15685479948612,-44.09453801904422,-2.86714071098538,-49.70691579649758,-29.8947888252607,2.3784311144260437,-48.15685479948612,-44.09453801904422,-2.86714071098538,-49.70691579649758,-29.8947888252607
5.411159574257617,-33.20537643432215,-31.945872644482,4.076467699461215,-34.93577902456967,-30.525036159857187,5.411159574257617,-33.20537643432215,-31.945872644482,4.076467699461215,-34.93577902456967,-30.525036159857187,3.5606122402614924,-47.664822374978144,-43.0078238659564,-1.6545577121475237,-48.50220101513086,-30.300964882900523,3.5606122402614924,-47.664822374978144,-43.0078238659564,-1.6545577121475237,-48.50220101513086,-30.300964882900523
6.848579310031524,-34.29061022284517,-30.947825763795624,2.85678506243386,-34.070937969013585,-29.68931899698408,6.848579310031524,-34.29061022284517,-30.947825763795624,2.85678506243386,-34.070937969013585,-29.68931899698408,4.684918546085964,-47.019950980539406,-41.82955838887933,-0.3569840420241652,-47.22705207887768,-30.845468345052396,4.684918546085964,-47.019950980539406,-41.82955838887933,-0.3569840420241652,-47.22705207887768,-30.845468345052396
8.23377046515963,-35.435907947604306,-30.05576791710583,1.5228575960464878,-33.3483863385641,-28.951239940629165,8.23377046515963,-35.435907947604306,-30.05576791710583,1.5228575960464878,-33.3483863385641,-28.951239940629165,5.7393602891785624,-46.232446815532185,-40.57864560943182,1.0082548874241088,-45.89772698833937,-31.522044158975504,5.7393602891785624,-46.232446815532185,-40.57864560943182,1.0082548874241088,-45.89772698833937,-31.522044158975504
9.547893561458448,-36.62901589859371,-29.282370018811562,0.09535709209794252,-32.77925081737105,-28.317639996267474,9.547893561458448,-36.62901589859371,-29.282370018811562,0.09535709209794252,-32.77925081737105,-28.317639996267474,6.712692771231531,-45.31477348832219,-39.27515509825478,2.4229301868309823,-44.531174483813516,-32.32292007399816,6.712692771231531,-45.31477348832219,-39.27515509825478,2.4229301868309823,-44.531174483813516,-32.32292007399816
10.773075691415048,-37.85716883711577,-28.638617520811493,-1.4035945620125623,-32.37229561122387,-27.79439178777418,10.773075691415048,-37.85716883711577,-28.638617520811493,-1.4035945620125623,-32.37229561122387,-27.79439178777418,7.5945362532170115,-44.281454758231966,-37.93999998000681,3.8681528844819413,-43.14481795079725,-33.23889592623614,7.5945362532170115,-44.281454758231966,-37.93999998000681,3.8681528844819413,-43.14481795079725,-33.23889592623614
11.892653601064623,-39.107226572959725,-28.133654373609236,-2.950768204811441,-32.13378748619313,-27.38634512605801,11.892653601064623,-39.107226572959725,-28.133654373609236,-2.950768204811441,-32.13378748619313,-27.38634512605801,8.375486646218581,-43.14884467206029,-36.59460140442982,5.324626134896394,-41.756333273814015,-34.25944932664419,8.375486646218581,-43.14884467206029,-36.59460140442982,5.324626134896394,-41.756333273814015,-34.25944932664419
12.891400320811185,-40.36581455324356,-27.774653144361217,-4.522187381636586,-32.06739926573192,-27.09728205780192,12.891400320811185,-40.36581455324356,-27.774653144361217,-4.522187381636586,-32.06739926573192,-27.09728205780192,9.047215797808523,-41.93486873315387,-35.260544866688754,6.7729028734075785,-40.38342347101964,-35.37285653829806,9.047215797808523,-41.93486873315387,-35.260544866688754,6.7729028734075785,-40.38342347101964,-35.37285653829806
13.755732261871453,-41.619466958736986,-27.566713136730122,-6.093499906278218,-32.17415327230028,-26.929881810949606,13.755732261871453,-41.619466958736986,-27.566713136730122,-6.093499906278218,-32.17415327230028,-26.929881810949606,9.602560304505088,-40.658740199474025,-33.95923389096455,8.193645476491385,-39.043592982691486,-36.56632715431332,9.602560304505088,-40.658740199474025,-33.95923389096455,8.193645476491385,-39.043592982691486,-36.56632715431332
14.47389396169673,-42.85477077665479,-27.512787959662568,-7.64035524530834,-32.45240558446372,-26.885695961846956,14.47389396169673,-42.85477077665479,-27.512787959662568,-7.64035524530834,-32.45240558446372,-26.885695961846956,10.035597903200266,-39.34065600073228,-32.71154663357807,9.56788396082036,-37.75392449172819,-37.82615102926952,10.035597903200266,-39.34065600073228,-32.71154663357807,9.56788396082036,-37.75392449172819,-37.82615102926952
15.036117965718695,-44.05850930846881,-27.613643573914455,-9.13878187679876,-32.8978713518933,-26.96513405420479,15.036117965718695,-44.05850930846881,-27.613643573914455,-9.13878187679876,-32.8978713518933,-26.96513405420479,10.341710626913013,-38.00147708722719,-31.53750091508507,10.877269273526757,-36.530861121394864,-39.13785577624897,10.341710626913013,-38.00147708722719,-31.53750091508507,10.877269273526757,-36.530861121394864,-39.13785577624897
15.434757670926205,-45.21780357732188,-27.86784741223736,-10.565558775519442,-33.50369077843763,-27.167459803176598,15.434757670926205,-45.21780357732188,-27.86784741223736,-10.565558775519442,-33.50369077843763,-27.167459803176598,10.517634051365025,-36.66239826941377,-30.455933055547245,12.104318291701615,-35.38999678738635,-40.486373020221855,10.517634051365025,-36.66239826941377,-30.455933055547245,12.104318291701615,-35.38999678738635,-40.486373020221855
15.664391324515224,-46.32025012211027,-28.27178872776408,-11.898575267736803,-34.2605347571832,-27.490797919734,15.664391324515224,-46.32025012211027,-28.27178872776408,-11.898575267736803,-34.2605347571832,-27.490797919734,10.561492107208531,-35.34461277356006,-29.484195665727366,13.232647259859608,-34.3458773772829,-41.85621149791886,10.561492107208531,-35.34461277356006,-29.484195665727366,13.232647259859608,-34.3458773772829,-41.85621149791886
15.721895763165682,-47.35405370394999,-28.819729881562097,-13.117173678962303,-35.15674853081258,-27.932151492087577,15.721895763165682,-47.35405370394999,-28.819729881562097,-13.117173678962303,-35.15674853081258,-27.932151492087577,10.472817086664026,-34.06897682247761,-28.63787924282861,14.247190548471936,-33.41181529210269,-43.23163501568783,10.472817086664026,-34.06897682247761,-28.63787924282861,14.247190548471936,-33.41181529210269,-43.23163501568783
15.606488890043218,-48.30815350518605,-29.503887840859058,-14.202469464662743,-36.17853116501233,-28.487429763049597,15.606488890043218,-48.30815350518605,-29.503887840859058,-14.202469464662743,-36.17853116501233,-28.487429763049597,10.25255463121424,-32.85567954991082,-27.930562037479625,15.134401812670655,-32.599719714797736,-44.596843221019306,10.25255463121424,-32.85567954991082,-27.930562037479625,15.134401812670655,-32.599719714797736,-44.596843221019306
15.319740311812174,-49.1723414707179,-30.31454473032905,-15.137643862883404,-37.31014807119195,-29.151486045881178,15.319740311812174,-49.1723414707179,-30.31454473032905,-15.137643862883404,-37.31014807119195,-29.151486045881178,9.903053647165548,-31.723923472758507,-27.37359220508462,15.882434865220208,-31.919944769526936,-45.93615311110355,9.903053647165548,-31.723923472758507,-27.37359220508462,15.882434865220208,-31.919944769526936,-45.93615311110355
14.865549990989376,-49.937371525493546,-31.24018586615251,-15.908204533566044,-38.534173305843666,-29.918165427192783,14.865549990989376,-49.937371525493546,-31.24018586615251,-15.908204533566044,-38.534173305843666,-29.918165427192783,9.428041256617808,-30.691620578205253,-26.975905736689302,16.481301848710878,-31.38115750776543,-47.23417919331952,9.428041256617808,-30.691620578205253,-26.975905736689302,16.481301848710878,-31.38115750776543,-47.23417919331952
14.250095203980782,-50,-32.26766331219503,-16.50221014545094,-39.831757915337796,-30.780361814757676,14.250095203980782,-50,-32.26766331219503,-16.50221014545094,-39.831757915337796,-30.780361814757676,8.832583050969637,-29.775108835704657,-26.74388309046911,16.923006595034963,-30.99022740444168,-48.47601022803775,8.832583050969637,-29.775108835704657,-26.74388309046911,16.923006595034963,-30.99022740444168,-48.47601022803775
13.481746526204708,-50,-33.382382635131606,-16.910455430151586,-41.182920193870935,-31.730083801480994,13.481746526204708,-50,-33.382382635131606,-16.910455430151586,-41.182920193870935,-31.730083801480994,8.123029070819316,-28.988893620502644,-26.681246824035668,17.201651391506687,-30.752138772896824,-49.64738052338012,8.123029070819316,-28.988893620502644,-26.681246824035668,17.201651391506687,-30.752138772896824,-49.64738052338012
12.570953986957598,-50,-34.56851020581749,-17.126613835632106,-42.56685338483904,-32.75852873505199,12.570953986957598,-50,-34.56851020581749,-17.126613835632106,-42.56685338483904,-32.75852873505199,7.306946088339696,-28.345418141116532,-26.789001869942645,17.31351572806893,-30.669927215494194,-50,7.306946088339696,-28.345418141116532,-26.789001869942645,17.31351572806893,-30.669927215494194,-50
11.530104942388316,-50,-35.809198102371596,-17.147335568394492,-43.96224608729672,-33.85616430675614,11.530104942388316,-50,-35.809198102371596,-17.147335568394492,-43.96224608729672,-33.85616430675614,6.393036914276076,-27.85486650415113,-27.065419412607312,17.257105974140796,-30.74464092002723,-50,6.393036914276076,-27.85486650415113,-27.065419412607312,17.257105974140796,-30.74464092002723,-50
10.373355599598735,-50,-37.08682342041459,-16.97229950502227,-45.34761043351116,-35.01281690322394,10.373355599598735,-50,-37.08682342041459,-16.97229950502227,-45.34761043351116,-35.01281690322394,5.3910475900857735,-27.525002533288827,-27.506064625325486,17.033175321812976,-30.97532729545445,-50,5.3910475900857735,-27.525002533288827,-27.506064625325486,17.033175321812976,-30.97532729545445,-50
9.116438483248842,-50,-38.38323859126653,-16.604218168610213,-46.70161298395614,-36.217765902217266,9.116438483248842,-50,-38.38323859126653,-16.604218168610213,-46.70161298395614,-36.217765902217266,4.311663454937045,-27.361046893421943,-28.103867822368855,16.644713729105973,-31.359045117317148,-50,4.311663454937045,-27.361046893421943,-28.103867822368855,16.644713729105973,-31.359045117317148,-50
7.776448463244826,-50,-39.680029152551086,-16.04879569296093,-48.00340324424211,-37.459843038456455,7.776448463244826,-50,-39.680029152551086,-16.04879569296093,-48.00340324424211,-37.459843038456455,3.1663951959180894,-27.365594464648225,-28.849237884604626,16.096907997570618,-31.890902028023817,-50,3.1663951959180894,-27.365594464648225,-28.849237884604626,16.096907997570618,-31.890902028023817,-50
6.371610253666391,-50,-40.958775309793715,-15.314639425974887,-49.23293474509941,-38.72753591849765,6.371610253666391,-50,-40.958775309793715,-15.314639425974887,-49.23293474509941,-38.72753591849765,1.96745609663416,-27.538573273828607,-29.730216138843563,15.397072517281064,-32.564116913821934,-50,1.96745609663416,-27.538573273828607,-29.730216138843563,15.397072517281064,-32.564116913821934,-50
4.92103054509751,-50,-42.20131357375775,-14.413126542109698,-50,-40.00909472522056,4.92103054509751,-50,-42.20131357375775,-14.413126542109698,-50,-40.00909472522056,0.7276317932279213,-27.877245633685988,-30.732668222085266,14.5545516039241,-33.3701063632137,-50,0.7276317932279213,-27.877245633685988,-30.732668222085266,14.5545516039241,-33.3701063632137,-50
3.444438141517379,-50,-43.38999475718654,-13.35822773100828,-50,-41.292641122913366,3.444438141517379,-50,-43.38999475718654,-13.35822773100828,-50,-41.292641122913366,-0.5398560732407582,-28.376251471416758,-31.840510852402094,13.580594731996381,-34.29859410447876,-50,-0.5398560732407582,-28.376251471416758,-31.840510852402094,13.580594731996381,-34.29859410447876,-50
1.9619156360537886,-50,-44.507934666326115,-12.166290694582285,-50,-42.56627835355492,1.9619156360537886,-50,-44.507934666326115,-12.166290694582285,-50,-42.56627835355492,-1.8214908540233385,-29.027693161065393,-33.03596986816308,12.488206330014304,-35.337742026895725,-50,-1.8214908540233385,-29.027693161065393,-33.03596986816308,12.488206330014304,-35.337742026895725,-50
0.49362627498149036,-49.66321382510125,-45.53925392637532,-10.85578680768158,-50,-43.81820150384702,0.49362627498149036,-49.66321382510125,-45.53925392637532,-10.85578680768158,-50,-43.81820150384702,-3.103605035912495,-29.821260517043275,-34.29986539563177,11.291972143297059,-36.4743011153361,-50,-3.103605035912495,-29.821260517043275,-34.29986539563177,11.291972143297059,-36.4743011153361,-50
-0.9404602752151741,-48.860056619624416,-46.469303534345656,-9.447024868336214,-50,-45.0368069209672,-0.9404602752151741,-48.860056619624416,-46.469303534345656,-9.447024868336214,-50,-45.0368069209672,-4.372525993307688,-30.744393970555446,-35.611919569725956,10.007864482753387,-37.69378037361005,-50,-4.372525993307688,-30.744393970555446,-35.611919569725956,10.007864482753387,-37.69378037361005,-50
-2.320839527970839,-47.9610826852707,-47.28487293554784,-7.961836373563726,-50,-46.21079976290886,-2.320839527970839,-47.9610826852707,-47.28487293554784,-7.961836373563726,-50,-46.21079976290886,-5.614721794799936,-31.782483346386115,-36.95108187088558,8.653028960021924,-38.98063158300436,-50,-5.614721794799936,-31.782483346386115,-36.95108187088558,8.653028960021924,-38.98063158300436,-50
-3.628737450025942,-46.97591027732541,-47.97437766815871,-6.423237198005021,-50,-47.32929868655555,-3.628737450025942,-46.97591027732541,-47.97437766815871,-6.423237198005021,-50,-47.32929868655555,-6.8169455093778994,-32.919099094059305,-38.29586685836344,7.2455555565126275,-40.318447540296475,-50,-6.8169455093778994,-32.919099094059305,-38.29586685836344,7.2455555565126275,-40.318447540296475,-50
-4.846365800185206,-45.915079901310506,-48.52802391053651,-4.855070918331433,-50,-48.38193670317554,-4.846365800185206,-45.915079901310506,-48.52802391053651,-4.855070918331433,-50,-48.38193670317554,-7.9663764733516045,-34.13625231374344,-39.624698881365596,5.804237083069791,-41.69017124761403,-50,-7.9663764733516045,-34.13625231374344,-39.624698881365596,5.804237083069791,-41.69017124761403,-50
-5.957164060679597,-44.78994153855565,-48.937947594032906,-3.2816393108059057,-50,-49.35895726653915,-5.957164060679597,-44.78994153855565,-48.937947594032906,-3.2816393108059057,-50,-49.35895726653915,-9.050757011510797,-35.41467946154175,-40.916258237516566,4.348318255345223,-43.07831338725904,-50,-9.050757011510797,-35.41467946154175,-40.916258237516566,4.348318255345223,-43.07831338725904,-50
-6.946024670709596,-43.612533211066356,-49.19832610532418,-1.7273257481533895,-50,-50,-6.946024670709596,-43.612533211066356,-49.19832610532418,-1.7273257481533895,-50,-50,-10.058523154502186,-36.73414722821952,-42.14982322490308,2.8972387352651006,-44.465175308397995,-50,-10.058523154502186,-36.73414722821952,-42.14982322490308,2.8972387352651006,-44.465175308397995,-50
-7.799498498853739,-42.39545218494287,-49.30546099162481,-0.2162173319342493,-50,-50,-7.799498498853739,-42.39545218494287,-49.30546099162481,-0.2162173319342493,-50,-50,-10.97892795844107,-38.07377276613492,-43.30560259983406,1.4703735695428342,-45.8330746828345,-50,-10.97892795844107,-38.07377276613492,-43.30560259983406,1.4703735695428342,-45.8330746828345,-50
-8.505977759785088,-41.151720190365346,-49.25783049402811,1.228268383784525,-50,-50,-8.505977759785088,-41.151720190365346,-49.25783049402811,1.228268383784525,-50,-50,-11.802156111662702,-39.41235419623364,-44.36505310638318,0.08677449094551637,-47.164570952669905,-49.65182460099294,-11.802156111662702,-39.41235419623364,-44.36505310638318,0.08677449094551637,-47.164570952669905,-49.65182460099294
-9.055853887513162,-39.89464410017246,-49.056111162782535,2.5837462928229007,-50,-50,-9.055853887513162,-39.89464410017246,-49.056111162782535,2.5837462928229007,-50,-50,-12.519428606429512,-40.72870616426358,-45.311176983290906,-1.235084463501674,-48.442687695311974,-48.4807581812665,-12.519428606429512,-40.72870616426358,-45.311176983290906,-1.235084463501674,-48.442687695311974,-48.4807581812665
-9.441648217975306,-38.637673557659156,-48.70316824747742,3.829210637499111,-50,-50,-9.441648217975306,-38.637673557659156,-48.70316824747742,3.829210637499111,-50,-50,-13.123096359365766,-42.00199513545761,-46.128794675040155,-2.4775536208230102,-49.651129070973184,-47.239176479447764,-13.123096359365766,-42.00199513545761,-46.128794675040155,-2.4775536208230102,-49.651129070973184,-47.239176479447764
-9.658113703610423,-37.39425707684944,-48.20401499863702,4.9453605335637665,-50,-50,-9.658113703610423,-37.39425707684944,-48.20401499863702,4.9453605335637665,-50,-50,-13.606721782236626,-43.21206912106622,-46.80478837174728,-3.6240433333595146,-50,-45.94134232317144,-13.606721782236626,-43.21206912106622,-46.80478837174728,-3.6240433333595146,-50,-45.94134232317144
-9.702306276533733,-36.17769815485413,-47.565741458808986,5.9148990748139365,-49.662024547111585,-50,-9.702306276533733,-36.17769815485413,-47.565741458808986,5.9148990748139365,-49.662024547111585,-50,-13.96514743319216,-44.33977661825259,-47.328312470527926,-4.6592454864079755,-50,-44.602164747293884,-13.96514743319216,-44.33977661825259,-47.328312470527926,-4.6592454864079755,-50,-44.602164747293884
-9.573624889727009,-35.0010129357833,-46.797413754608876,6.722801382183107,-48.463811620256266,-50,-9.573624889727009,-35.0010129357833,-46.797413754608876,6.722801382183107,-48.463811620256266,-50,-14.194551016371118,-45.36726971557596,-47.69096758170814,-5.569337894625592,-50,-43.237027724459345,-14.194551016371118,-45.36726971557596,-47.69096758170814,-5.569337894625592,-50,-43.237027724459345
-9.27381969165926,-33.876790949093625,-45.90994532018943,7.35654744336745,-47.18625003428352,-50,-9.27381969165926,-33.876790949093625,-45.90994532018943,7.35654744336745,-47.18625003428352,-50,-14.292486143340511,-46.27828656689947,-47.88693528813551,-6.3421688580685025,-50,-41.86161343975958,-14.292486143340511,-46.27828656689947,-47.88693528813551,-6.3421688580685025,-50,-41.86161343975958
-8.806968223157453,-32.817060412347324,-44.91594188129593,7.806316134685012,-45.8490131573653,-50,-8.806968223157453,-32.817060412347324,-44.91594188129593,7.806316134685012,-45.8490131573653,-50,-14.257908421687343,-47.0584087630844,-47.91307149551977,-6.967419413639778,-50,-40.49172213963852,-14.257908421687343,-47.0584087630844,-47.91307149551977,-6.967419413639778,-50,-40.49172213963852
-8.17941996026556,-31.833159539530392,-43.829522401775336,8.065137418424742,-44.4726933066952,-50,-8.17941996026556,-31.833159539530392,-43.829522401775336,8.065137418424742,-44.4726933066952,-50,-14.091186592549438,-47.69528952812285,-47.76895687609563,-7.436741115541482,-50,-39.14309062455211,-14.091186592549438,-47.69528952812285,-47.76895687609563,-7.436741115541482,-50,-39.14309062455211
-7.3997099573434575,-30.935615231822645,-42.66611853583858,8.129000357091554,-43.078484644215706,-50,-7.3997099573434575,-30.935615231822645,-42.66611853583858,8.129000357091554,-43.078484644215706,-50,-13.794098598314083,-48.1788491281112,-47.456903596292626,-7.743867505063269,-50,-37.83121147047359,-13.794098598314083,-48.1788491281112,-47.456903596292626,-7.743867505063269,-50,-37.83121147047359
-6.4784427649148135,-30.13403044872164,-41.442255434687205,7.9969152706578654,-41.68785680444513,-50,-6.4784427649148135,-30.13403044872164,-41.442255434687205,7.9969152706578654,-41.68785680444513,-50,-13.369812622418387,-48.501434400382514,-46.981918220473695,-7.884697781345007,-50,-36.57115505595704,-13.369812622418387,-48.501434400382514,-46.981918220473695,-7.884697781345007,-50,-36.57115505595704
-5.428148201054677,-29.436981464557523,-40.17531702095391,7.670929073573889,-40.322224280259874,-50,-5.428148201054677,-29.436981464557523,-40.17531702095391,7.670929073573889,-40.322224280259874,-50,-12.822853303446147,-48.65793987797316,-46.35162138591269,-7.8573515559284335,-50,-35.37739643924738,-12.822853303446147,-48.65793987797316,-46.35162138591269,-7.8573515559284335,-50,-35.37739643924738
-4.263110937917521,-28.85192610966275,-38.883299065034926,7.156093553860442,-39.00261665781128,-50,-4.263110937917521,-28.85192610966275,-38.883299065034926,7.156093553860442,-39.00261665781128,-50,-12.15905348381709,-48.64588859242194,-45.57612553774073,-7.662193960005572,-50,-34.26364907420968,-12.15905348381709,-48.64588859242194,-45.57612553774073,-7.662193960005572,-50,-34.26364907420968
-2.999176221136177,-28.38512397794139,-37.58455357065122,6.460387085861324,-37.74935477868068,-50,-2.999176221136177,-28.38512397794139,-37.58455357065122,6.460387085861324,-37.74935477868068,-50,-11.385492007627686,-48.46547127605773,-44.66787268547462,-7.301830769128479,-50,-33.24270727528403,-11.385492007627686,-48.46547127605773,-44.66787268547462,-7.301830769128479,-50,-33.24270727528403
-1.6535343644331855,-28.041569454546142,-36.297528100420436,5.59459098986712,-36.58173781610146,-49.314928153652986,-1.6535343644331855,-28.041569454546142,-36.297528100420436,5.59459098986712,-36.58173781610146,-49.314928153652986,-10.51041823097488,-48.11954334333231,-43.64143478415221,-6.781073610475666,-50,-32.32629924117162,-10.51041823097488,-48.11954334333231,-43.64143478415221,-6.781073610475666,-50,-32.32629924117162
-0.24448695045169888,-27.82493828021225,-35.04050374409827,4.572122454658675,-35.51774608400982,-48.33415025984488,-0.24448695045169888,-27.82493828021225,-35.04050374409827,4.572122454658675,-35.51774608400982,-48.33415025984488,-9.543164049792786,-47.61357969897361,-42.51327994274764,-6.106875717233798,-50,-31.52495232566195,-9.543164049792786,-47.61357969897361,-42.51327994274764,-6.106875717233798,-50,-31.52495232566195
1.2088020823750008,-27.737548223962555,-33.83133545142353,3.4088266121592827,-34.573764155413585,-47.278197829182965,1.2088020823750008,-27.737548223962555,-33.83133545142353,3.4088266121592827,-34.573764155413585,-47.278197829182965,-8.49404438335041,-46.95558808819852,-41.301508210805075,-5.288239087911522,-50,-30.847872103317513,-8.49404438335041,-46.95558808819852,-41.301508210805075,-5.288239087911522,-50,-30.847872103317513
2.6865670815395832,-27.780334284953653,-32.687198417914246,2.1227309864003603,-33.76432855382193,-46.15685812808116,2.6865670815395832,-27.780334284953653,-32.687198417914246,2.1227309864003603,-33.76432855382193,-46.15685812808116,-7.3742471746660945,-46.15598236036681,-40.02556118231449,-4.3360942902103865,-50,-30.3028366192655,-7.3742471746660945,-46.15598236036681,-40.02556118231449,-4.3360942902103865,-50,-30.3028366192655
4.1687095058706625,-27.952838688781245,-31.624344125989925,0.733766122092181,-33.101903903074884,-44.98052447547809,4.1687095058706625,-27.952838688781245,-31.624344125989925,0.733766122092181,-33.101903903074884,-44.98052447547809,-6.195714080886249,-45.2274176518977,-38.705910075927626,-3.2631545143300196,-50,-29.896107037916188,-6.195714080886249,-45.2274176518977,-38.705910075927626,-3.2631545143300196,-50,-29.896107037916188
5.63507127843793,-28.25321578527644,-30.657869506641642,-0.7365432778003922,-32.596690982675675,-43.76009991067306,5.63507127843793,-28.25321578527644,-30.657869506641642,-0.7365432778003922,-32.596690982675675,-43.76009991067306,-4.971013125964849,-44.18459009696145,-37.363727295936876,-2.0837458244113956,-50,-29.632355717040472,-4.971013125964849,-44.18459009696145,-37.363727295936876,-2.0837458244113956,-50,-29.632355717040472
7.065708949183174,-28.67825179539009,-29.801502500513596,-2.2654119190535074,-32.25646964441178,-42.50689613673863,7.065708949183174,-28.67825179539009,-29.801502500513596,-2.2654119190535074,-32.25646964441178,-42.50689613673863,-3.7132046736868105,-43.04400423587074,-36.020546743473155,-0.8136158746290727,-49.2530266482423,-29.514612533465982,-3.7132046736868105,-43.04400423587074,-36.020546743473155,-0.8136158746290727,-49.2530266482423,-29.514612533465982
8.441164938488807,-29.22339919589124,-29.067407064314743,-3.829147018486724,-32.08647900921569,-41.232528676165074,8.441164938488807,-29.22339919589124,-29.067407064314743,-3.829147018486724,-32.08647900921569,-41.232528676165074,-2.4357021503195515,-41.82371180233281,-34.69791832786993,0.5302763560164072,-48.019358194349344,-29.544230076982068,-2.4357021503195515,-41.82371180233281,-34.69791832786993,0.5302763560164072,-48.019358194349344,-29.544230076982068
9.74273217260047,-29.88282537399128,-28.466010392276093,-5.403515469564395,-32.08933678913254,-39.94880921050519,9.74273217260047,-29.88282537399128,-28.466010392276093,-5.403515469564395,-32.08933678913254,-39.94880921050519,-1.1521290021622765,-40.54302602370491,-33.41706222119253,1.9299870027082195,-46.72141177535425,-29.720868112292454,-1.1521290021622765,-40.54302602370491,-33.41706222119253,1.9299870027082195,-46.72141177535425,-29.720868112292454
10.952708511693775,-30.64947503133275,-28.00585480682608,-6.964119381354739,-32.26499897676802,-38.66763610188886,10.952708511693775,-30.64947503133275,-28.00585480682608,-6.964119381354739,-32.26499897676802,-38.66763610188886,0.1238265865863386,-39.222215955940776,-32.19852840305277,3.3668269041772003,-45.37573605714178,-30.04249748751161,0.1238265865863386,-39.222215955940776,-32.19852840305277,3.3668269041772003,-45.37573605714178,-30.04249748751161
12.054637510203008,-31.5151456696708,-27.69347642224836,-8.48677417114418,-32.610760522965116,-37.40088411112185,12.054637510203008,-31.5151456696708,-27.69347642224836,-8.48677417114418,-32.610760522965116,-37.40088411112185,1.3785576663308694,-37.88218569090643,-31.061866957951565,4.821611143383718,-43.99948824861177,-30.50542344430486,1.3785576663308694,-37.88218569090643,-31.061866957951565,4.821611143383718,-43.99948824861177,-30.50542344430486
13.033532234916443,-32.47057535061778,-27.533312304800145,-9.947883351425578,-33.12129699227364,-36.160294334540126,13.033532234916443,-32.47057535061778,-27.533312304800145,-9.947883351425578,-33.12129699227364,-36.160294334540126,2.598683628288547,-36.544143513159206,-30.025314414879638,6.274915207609286,-42.61021534922639,-31.10432806189442,2.598683628288547,-36.544143513159206,-30.025314414879638,6.274915207609286,-42.61021534922639,-31.10432806189442
13.87607909677318,-33.50554179049316,-27.52763744800294,-11.324804203212299,-33.788746554754326,-34.95736537975309,13.87607909677318,-33.50554179049316,-27.52763744800294,-11.324804203212299,-33.788746554754326,-34.95736537975309,3.771192896970228,-35.229266242354925,-29.10550116152507,7.707334347669929,-41.22563042688543,-31.832331347350696,3.771192896970228,-35.229266242354925,-29.10550116152507,7.707334347669929,-41.22563042688543,-31.832331347350696
14.570818924117559,-34.60897173005114,-27.676532458316238,-12.596198668859332,-34.602831051512084,-33.80324678893296,14.570818924117559,-34.60897173005114,-27.676532458316238,-12.596198668859332,-34.602831051512084,-33.80324678893296,4.883581687244356,-33.95836407363979,-28.31718462731694,9.099742673241886,-39.86338677828231,-32.6810702703852,4.883581687244356,-33.95836407363979,-28.31718462731694,9.099742673241886,-39.86338677828231,-32.6810702703852
15.10830281470091,-35.769059408922026,-27.977882410192223,-13.742364026629472,-35.55101426965225,-32.70863569747555,15.10830281470091,-35.769059408922026,-27.977882410192223,-13.742364026629472,-35.55101426965225,-32.70863569747555,5.923987346262767,-32.751551220507444,-27.673012516100496,10.433548524819926,-38.54085285150232,-33.64079483472429,5.923987346262767,-32.751551220507444,-27.673012516100496,10.433548524819926,-38.54085285150232,-33.64079483472429
15.481220646744765,-36.97339287719015,-28.42740688677383,-14.745538222558087,-36.61869498935909,-31.683677685864083,15.481220646744765,-36.97339287719015,-28.42740688677383,-14.745538222558087,-36.61869498935909,-31.683677685864083,6.881314858269514,-31.627927572762268,-27.183319887124718,11.690942712539984,-37.27489080029495,-34.70048008243129,6.881314858269514,-31.627927572762268,-27.183319887124718,11.690942712539984,-37.27489080029495,-34.70048008243129
15.684500501232664,-38.20908679268575,-29.01872077953457,-15.590175127909818,-37.78943183033477,-30.737872743711655,15.684500501232664,-38.20908679268575,-29.01872077953457,-15.590175127909818,-37.78943183033477,-30.737872743711655,7.745355163234189,-30.605276407901066,-26.85596333996327,12.855136307340771,-36.08164149354587,-35.84795274451154,7.745355163234189,-30.605276407901066,-26.85596333996327,12.855136307340771,-36.08164149354587,-35.84795274451154
15.715377643225615,-39.46292028316823,-29.743424983252865,-16.26318545657783,-39.04519643515381,-29.87998721756579,15.715377643225615,-39.46292028316823,-29.743424983252865,-16.26318545657783,-39.04519643515381,-29.87998721756579,8.506894027541366,-29.69978294014861,-26.696194963695326,13.91058480944088,-34.976318721145574,-37.07003108288782,8.506894027541366,-29.69978294014861,-26.696194963695326,13.91058480944088,-34.976318721145574,-37.07003108288782
15.573432124010553,-40.72147839839794,-30.591225698076855,-16.754139608945103,-40.36665109072343,-29.117972558602915,15.573432124010553,-40.72147839839794,-30.591225698076855,-16.754139608945103,-40.36665109072343,-29.117972558602915,9.157810305727233,-28.925778161595243,-26.7065780726993,14.843195700994809,-33.97301521986185,-38.35267631729281,9.157810305727233,-28.925778161595243,-26.7065780726993,14.843195700994809,-33.97301521986185,-38.35267631729281
15.260594492669167,-41.97129563867453,-31.550080644097456,-17.05542929874705,-41.73344651271402,-28.458891623313995,15.260594492669167,-41.97129563867453,-31.550080644097456,-17.05542929874705,-41.73344651271402,-28.458891623313995,9.691162545388778,-28.295512029589496,-26.886946080988494,15.64051661165385,-33.08452299264887,-39.68115389754102,9.691162545388778,-28.295512029589496,-26.886946080988494,15.64051661165385,-33.08452299264887,-39.68115389754102
14.781119539386122,-43.19900002421422,-32.60637011157597,-17.16238545821517,-43.1245352073313,-27.908853210272436,14.781119539386122,-43.19900002421422,-32.60637011157597,-17.16238545821517,-43.1245352073313,-27.908853210272436,10.101263011697549,-27.818959590086116,-27.23440517490684,16.291901584614145,-32.32217021206668,-41.04020276854771,10.101263011697549,-27.818959590086116,-27.23440517490684,16.291901584614145,-32.32217021206668,-41.04020276854771
14.14152842760395,-44.391456163941015,-33.745090417205375,-17.07335059433296,-44.518495584923926,-27.47295543974417,14.14152842760395,-44.391456163941015,-33.745090417205375,-17.07335059433296,-44.518495584923926,-27.47295543974417,10.383738342114064,-27.503663105381264,-27.743380741304016,16.788653223141118,-31.695676787384492,-42.414210683639716,10.383738342114064,-27.503663105381264,-27.743380741304016,16.788653223141118,-31.695676787384492,-42.414210683639716
13.350520002064933,-45.53590579298209,-34.95006701852701,-16.789704474902926,-45.89386183435091,-27.155238500932505,13.350520002064933,-45.53590579298209,-34.95006701852701,-16.789704474902926,-45.89386183435091,-27.155238500932505,10.535576184471283,-27.354612684834407,-28.405706806299076,17.124138819606756,-31.213030436908113,-43.78739355222276,10.535576184471283,-27.354612684834407,-28.405706806299076,17.124138819606756,-31.213030436908113,-43.78739355222276
12.418852479005672,-46.62010427523392,-36.204184259392385,-16.31584274636994,-47.22945447832258,-26.958647204828992,12.418852479005672,-46.62010427523392,-36.204184259392385,-16.31584274636994,-47.22945447832258,-26.958647204828992,10.55515732107397,-27.374167307802097,-29.210757049682396,17.293878916467065,-30.880384845460675,-45.143976761529224,10.55515732107397,-27.374167307802097,-29.210757049682396,17.293878916467065,-30.880384845460675,-45.143976761529224
11.359197127593573,-47.63245161053663,-37.489628483137615,-15.659108814759158,-48.50470651944242,-26.885003689755273,11.359197127593573,-47.63245161053663,-37.489628483137615,-15.659108814759158,-48.50470651944242,-26.885003689755273,10.442272936238334,-27.56201748873084,-30.145615292968536,17.295607116698086,-30.70198120564686,-46.468376389488185,10.442272936238334,-27.56201748873084,-30.145615292968536,17.295607116698086,-30.70198120564686,-46.468376389488185
10.185965932630332,-48.56211654479514,-38.788141060253224,-14.82968004536483,-49.69998015457637,-26.934990532578226,10.185965932630332,-48.56211654479514,-38.788141060253224,-14.82968004536483,-49.69998015457637,-26.934990532578226,10.198126843128488,-27.91519017529837,-31.19528272579987,17.129300345092886,-30.680094143123306,-47.745378227010214,10.198126843128488,-27.91519017529837,-31.19528272579987,17.129300345092886,-30.680094143123306,-47.745378227010214
8.915115582418114,-49.39915245517003,-40.08127773651055,-13.84041004474711,-50,-27.108144422135627,8.915115582418114,-49.39915245517003,-40.08127773651055,-13.84041004474711,-50,-27.108144422135627,9.825322646142634,-28.42809580208211,-32.34291854597278,16.797179156365367,-30.81500271539111,-48.96031255314894,9.825322646142634,-28.42809580208211,-32.34291854597278,16.797179156365367,-30.81500271539111,-48.96031255314894
7.5639304476799465,-50,-41.350670617728944,-12.706629469183206,-50,-27.40286045351074,7.5639304476799465,-50,-41.350670617728944,-12.706629469183206,-50,-27.40286045351074,9.327835975750872,-29.092616755049153,-33.57011015227204,16.303678085947425,-31.10498685384323,-50,9.327835975750872,-29.092616755049153,-33.57011015227204,16.303678085947425,-31.10498685384323,-50
6.150787503155749,-50,-42.57828906991279,-11.445908446430494,-50,-27.816407003354097,6.150787503155749,-50,-42.57828906991279,-11.445908446430494,-50,-27.816407003354097,8.710972091876123,-29.898235846765346,-34.85716855515562,15.65538643935966,-31.54634929444777,-50,8.710972091876123,-29.898235846765346,-34.85716855515562,15.65538643935966,-31.54634929444777,-50
4.694906389091528,-50,-43.74669582889776,-10.077784292539107,-50,-28.344951048377332,4.694906389091528,-50,-43.74669582889776,-10.077784292539107,-50,-28.344951048377332,7.981309307939874,-30.832202768981603,-36.18344426573824,14.860960310746366,-32.13346271742115,-50,7.981309307939874,-30.832202768981603,-36.18344426573824,14.860960310746366,-32.13346271742115,-50
3.2160880119433135,-50,-44.83929468169038,-8.623458743268028,-50,-28.98359369235186,3.2160880119433135,-50,-44.83929468169038,-8.623458743268028,-50,-28.98359369235186,7.14662883890778,-31.87973588820024,-37.52765859496965,13.931007005316792,-32.85884149490257,-50,7.14662883890778,-31.87973588820024,-37.52765859496965,13.931007005316792,-32.85884149490257,-50
1.73444523949111,-50,-45.840566201397145,-7.10546939209236,-50,-29.726415572322836,1.73444523949111,-50,-45.840566201397145,-7.10546939209236,-50,-29.726415572322836,6.215831821441762,-33.02425619045757,-38.86824504766309,12.87794340890291,-33.71323713186122,-50,6.215831821441762,-33.02425619045757,-38.86824504766309,12.87794340890291,-33.71323713186122,-50
0.2701293530827984,-50,-46.736288187335234,-5.5473404265042,-50,-30.566531723185165,0.2701293530827984,-50,-46.736288187335234,-5.5473404265042,-50,-30.566531723185165,5.1988443910683255,-34.2476496727454,-40.18369533406837,11.71583019570688,-34.68575618328897,-50,5.1988443910683255,-34.2476496727454,-40.18369533406837,11.71583019570688,-34.68575618328897,-50
-1.156944022572648,-50,-47.51373767915938,-3.9732180751282433,-50,-31.49615539210002,-1.156944022572648,-50,-47.51373767915938,-3.9732180751282433,-50,-31.49615539210002,4.106511828631329,-35.530554028274466,-41.4529044476004,10.460184087920972,-35.763999144411635,-50,4.106511828631329,-35.530554028274466,-41.4529044476004,10.460184087920972,-35.763999144411635,-50
-2.5273657845313036,-50,-48.161871675569586,-2.4074964151043488,-50,-32.50667021127588,-2.5273657845313036,-50,-48.161871675569586,-2.4074964151043488,-50,-32.50667021127588,2.9504829048631045,-36.85266508829435,-42.65550927231648,9.127770673962239,-36.93421854288035,-50,2.9504829048631045,-36.85266508829435,-42.65550927231648,9.127770673962239,-36.93421854288035,-50
-3.822497327723382,-50,-48.67148399064639,-0.8744393385753004,-50,-33.58871006017236,-3.822497327723382,-50,-48.67148399064639,-0.8744393385753004,-50,-33.58871006017236,1.7430856564403596,-38.19305817049814,-43.77221528754396,7.736380551644255,-38.18149421746518,-50,1.7430856564403596,-38.19305817049814,-43.77221528754396,7.736380551644255,-38.18149421746518,-50
-5.02472404180245,-50,-49.03533601980266,0.6021954633547661,-50,-34.73224587690692,-5.02472404180245,-50,-49.03533601980266,0.6021954633547661,-50,-34.73224587690692,0.49719591826347465,-39.530519248122395,-44.78510612802863,6.304591785258761,-39.489923548408626,-50,0.49719591826347465,-39.530519248122395,-44.78510612802863,6.304591785258761,-39.489923548408626,-50
-6.117694881017719,-50,-49.248259557935405,1.999524672096653,-50,-35.9266786142424,-6.117694881017719,-50,-49.248259557935405,1.999524672096653,-50,-35.9266786142424,-0.7738999860545266,-40.843880698420996,-45.67793103303912,4.851521848279358,-40.842824213906724,-50,-0.7738999860545266,-40.843880698420996,-45.67793103303912,4.851521848279358,-40.842824213906724,-50
-7.08654474880503,-50,-49.30723020933395,3.2958939629544224,-50,-37.16093747857638,-7.08654474880503,-50,-49.30723020933395,3.2958939629544224,-50,-37.16093747857638,-2.0566469311993156,-42.11235631671488,-46.43636557261079,3.3965723637854444,-42.222946887855024,-50,-2.0566469311993156,-42.11235631671488,-46.43636557261079,3.3965723637854444,-42.222946887855024,-50
-7.918096672528021,-49.44628784649309,-49.21141034661943,4.4712135808626154,-50,-38.42358254138655,-7.918096672528021,-49.44628784649309,-49.21141034661943,4.4712135808626154,-50,-38.42358254138655,-3.337365543704048,-43.31587029384602,-47.04824146785279,1.9591700508767578,-43.61269516667509,-50,-3.337365543704048,-43.31587029384602,-47.04824146785279,1.9591700508767578,-43.61269516667509,-50
-8.601041018662531,-48.615112336958134,-48.962161008521214,5.50726967008266,-50,-39.70291077206555,-8.601041018662531,-48.615112336958134,-48.962161008521214,5.50726967008266,-50,-39.70291077206555,-4.602398080494222,-44.43537495039857,-47.50374181809485,0.5585073360009432,-44.99434992144565,-50,-4.602398080494222,-44.43537495039857,-47.50374181809485,0.5585073360009432,-44.99434992144565,-50
-9.126089310984907,-47.69074079370916,-48.56302256749244,6.388006533203841,-49.193731189951535,-40.9870645093575,-9.126089310984907,-47.69074079370916,-48.56302256749244,6.388006533203841,-49.193731189951535,-40.9870645093575,-5.838254076763331,-45.4531521989987,-47.79555860266092,-0.7867139074057565,-46.350295214768934,-50,-5.838254076763331,-45.4531521989987,-47.79555860266092,-0.7867139074057565,-46.350295214768934,-50
-9.486100559739564,-46.683063204811084,-48.01966444176478,7.099775445296917,-47.961507257729004,-42.264141366015636,-9.486100559739564,-46.683063204811084,-48.01966444176478,7.099775445296917,-47.961507257729004,-42.264141366015636,-7.031754209973929,-46.35309396353204,-47.91900993032061,-2.058532069334434,-47.66324290184658,-50,-7.031754209973929,-46.35309396353204,-47.91900993032061,-2.058532069334434,-47.66324290184658,-50
-9.676178383627992,-45.602860862050484,-47.33980456613883,7.6315461673644265,-46.65766972884464,-43.52230454801001,-9.676178383627992,-45.602860862050484,-47.33980456613883,7.6315461673644265,-46.65766972884464,-43.52230454801001,-8.17017084579616,-47.12095711716387,-47.87211515527523,-3.239965629504966,-48.91645305240132,-50,-8.17017084579616,-47.12095711716387,-47.87211515527523,-3.239965629504966,-48.91645305240132,-50
-9.69373760369994,-44.46169101029889,-46.533099765358955,7.975077881274753,-45.30229659877341,-44.74989256577197,-9.69373760369994,-44.46169101029889,-46.533099765358955,7.975077881274753,-45.30229659877341,-44.74989256577197,-9.241363767189394,-47.74458890432714,-47.655626654521726,-4.315239897350404,-50,-50,-9.241363767189394,-47.74458890432714,-47.655626654521726,-4.315239897350404,-50,-50
-9.538539403426558,-43.27176319483679,-45.61100858722462,8.125046897213197,-43.91625946767223,-45.935527320603605,-9.538539403426558,-43.27176319483679,-45.61100858722462,8.125046897213197,-43.91625946767223,-45.935527320603605,-10.23390963919091,-48.214119278989074,-47.2730177567607,-5.269997638218113,-50,-49.18630027265031,-10.23390963919091,-48.214119278989074,-47.2730177567607,-5.269997638218113,-50,-49.18630027265031
-9.212694576756636,-42.045808629621355,-44.58662854377433,8.079129154575405,-42.5209021353857,-47.06821956443013,-9.212694576756636,-42.045808629621355,-44.58662854377433,8.079129154575405,-42.5209021353857,-47.06821956443013,-11.137223828784824,-48.522117115111556,-46.73042701651614,-6.091490773471911,-50,-47.98496667663615,-11.137223828784824,-48.522117115111556,-46.73042701651614,-6.091490773471911,-50,-47.98496667663615
-8.72063481998034,-40.79694398414123,-43.47451007239404,7.838036237791268,-41.137711924975875,-48.1374707554291,-8.72063481998034,-40.79694398414123,-43.47451007239404,7.838036237791268,-41.137711924975875,-48.1374707554291,-11.941673280750098,-48.66370781700678,-46.036559727529934,-6.768750594884251,-50,-46.71881326646649,-11.941673280750098,-48.66370781700678,-46.036559727529934,-6.768750594884251,-50,-46.71881326646649
-8.069052457848858,-39.53853104622788,-42.29044985936891,7.405504348944813,-39.787988796115954,-49.1333703654689,-8.069052457848858,-39.53853104622788,-42.29044985936891,7.405504348944813,-39.787988796115954,-49.1333703654689,-12.638679245762317,-48.63665046820079,-45.20254825554368,-7.292734220590043,-50,-45.402385140398884,-12.638679245762317,-48.63665046820079,-45.20254825554368,-7.292734220590043,-50,-45.402385140398884
-7.266809423713948,-38.28403376230786,-41.051266461542674,6.788236408080818,-38.492517343721595,-50,-7.266809423713948,-38.28403376230786,-41.051266461542674,6.788236408080818,-38.492517343721595,-50,-13.220808765247638,-48.44137329779243,-44.24177343128145,-7.656445337096663,-50,-44.0508049338814,-13.220808765247638,-48.44137329779243,-44.24177343128145,-7.656445337096663,-50,-44.0508049338814
-6.324816731613986,-37.046874184645134,-39.77456141318482,5.995798178465366,-37.27124673276381,-50,-6.324816731613986,-37.046874184645134,-39.77456141318482,5.995798178465366,-37.27124673276381,-50,-13.68185393737999,-48.08096690299113,-43.16964986919306,-7.855027615185037,-50,-42.67959909635498,-13.68185393737999,-48.08096690299113,-43.16964986919306,-7.855027615185037,-50,-42.67959909635498
-5.255886079563448,-35.84028886681694,-38.47846921133552,5.0404700265416675,-36.14298349799658,-50,-5.255886079563448,-35.84028886681694,-38.47846921133552,5.0404700265416675,-36.14298349799658,-50,-14.016898118920587,-47.561135335098335,-42.00337865629163,-7.885829552397016,-50,-41.30451952919108,-14.016898118920587,-47.561135335098335,-42.00337865629163,-7.885829552397016,-50,-41.30451952919108
-4.074555602335008,-34.67718724386503,-37.18139973087424,3.9370566138479717,-35.12510193922355,-50,-4.074555602335008,-34.67718724386503,-37.18139973087424,3.9370566138479717,-35.12510193922355,-50,-14.22236835691524,-46.89010582308157,-40.76167137893102,-7.748439876321886,-50,-39.94136263372342,-14.22236835691524,-46.89010582308157,-40.76167137893102,-7.748439876321886,-50,-39.94136263372342
-2.7968921436061223,-33.570013512339244,-35.90177672808297,2.702657470088761,-34.233276571772464,-50,-2.7968921436061223,-33.570013512339244,-35.90177672808297,2.702657470088761,-34.233276571772464,-50,-14.296073491110093,-46.07849856352046,-39.46444991522117,-7.444693035971641,-50,-38.6057878480789,-14.296073491110093,-46.07849856352046,-39.46444991522117,-7.444693035971641,-50,-38.6057878480789
-1.4402727366964427,-32.53061348799409,-34.6577761470347,1.3564020027764077,-33.48124075221215,-50,-1.4402727366964427,-32.53061348799409,-34.6577761470347,1.3564020027764077,-33.48124075221215,-50,-14.237227520758188,-45.13915863772301,-38.13252680959407,-6.978644707923243,-50,-37.31313775739095,-14.237227520758188,-45.13915863772301,-38.13252680959407,-6.978644707923243,-50,-37.31313775739095
-0.023148265893782938,-31.570107865652464,-33.467067945942595,-0.08084695001927855,-32.88057519627416,-50,-0.023148265893782938,-31.570107865652464,-33.467067945942595,-0.08084695001927855,-32.88057519627416,-50,-14.046457986629335,-44.08695271621346,-36.78727135757204,-6.356517644273849,-50,-36.07826184390347,-14.046457986629335,-44.08695271621346,-36.78727135757204,-6.356517644273849,-50,-36.07826184390347
1.4352074772734227,-30.698773237243376,-32.346565110602974,-1.5868164297871408,-32.44052964562255,-50,1.4352074772734227,-30.698773237243376,-32.346565110602974,-1.5868164297871408,-32.44052964562255,-50,-13.725799278837206,-42.93853376809155,-35.4502667580543,-5.586618585455698,-50,-34.91534590165526,-13.725799278837206,-42.93853376809155,-35.4502667580543,-5.586618585455698,-50,-34.91534590165526
2.9149599298239592,-29.925932141023615,-31.312183419979,-3.138168520242063,-32.167880429653444,-50,2.9149599298239592,-29.925932141023615,-31.312183419979,-3.138168520242063,-32.167880429653444,-50,-13.27867094184911,-41.7120774991443,-34.14296383375057,-4.679227347304659,-50,-33.837749075367185,-13.27867094184911,-41.7120774991443,-34.14296383375057,-4.679227347304659,-50,-33.837749075367185
4.3959835199599695,-29.259853318359575,-30.378615376251688,-4.710862013575948,-32.066826115752136,-50,4.3959835199599695,-29.259853318359575,-30.378615376251688,-4.710862013575948,-32.066826115752136,-50,-12.709841208037503,-40.42699469002917,-32.88633687545029,-3.646459563308259,-50,-32.85785039556988,-12.709841208037503,-40.42699469002917,-32.88633687545029,-3.646459563308259,-50,-32.85785039556988
5.858135387605753,-28.70766324523833,-29.559121510463452,-6.280524975574019,-32.138922854905445,-50,5.858135387605753,-28.70766324523833,-29.559121510463452,-6.280524975574019,-32.138922854905445,-50,-12.025376148654653,-39.103623987273174,-31.700547131741878,-2.502104914722639,-50,-31.986906572916347,-12.025376148654653,-39.103623987273174,-31.700547131741878,-2.502104914722639,-50,-31.986906572916347
7.281529340079902,-28.27526988504605,-28.865342028081272,-7.822832435979518,-32.38306041829237,-50,7.281529340079902,-28.27526988504605,-28.865342028081272,-7.822832435979518,-32.38306041829237,-50,-11.232574984492093,-37.762910009196695,-30.604619343132924,-1.2614430085344859,-50,-31.234922685286996,-11.232574984492093,-37.762910009196695,-30.604619343132924,-1.2614430085344859,-50,-31.234922685286996
8.646806316927211,-27.96729947839202,-28.307131469890663,-9.313883351059046,-32.795479293869136,-50,8.646806316927211,-27.96729947839202,-28.307131469890663,-9.313883351059046,-32.795479293869136,-50,-10.33989224607979,-36.42607186129246,-29.616136510238814,0.058960638304659696,-49.97352329857335,-30.61053724318635,-10.33989224607979,-36.42607186129246,-29.616136510238814,0.058960638304659696,-49.97352329857335,-30.61053724318635
9.935397685418177,-27.787047046275525,-27.892418736719804,-10.730570996605723,-33.369828579675826,-50,9.935397685418177,-27.787047046275525,-27.892418736719804,-10.730570996605723,-33.369828579675826,-50,-9.356847613516932,-35.114267307371996,-28.750957793160893,1.4414757843195707,-48.78729790442483,-30.120922953755013,-9.356847613516932,-35.114267307371996,-28.750957793160893,1.4414757843195707,-48.78729790442483,-30.120922953755013
11.129777785730012,-27.7364411361678,-27.627094466223756,-12.0509410514206,-34.09726378235648,-50,11.129777785730012,-27.7364411361678,-27.627094466223756,-12.0509410514206,-34.09726378235648,-50,-8.293924397416587,-33.848257911550434,-28.022964068059906,2.8676428653269075,-47.52700340319192,-29.771704323384462,-8.293924397416587,-33.848257911550434,-28.022964068059906,2.8676428653269075,-47.52700340319192,-29.771704323384462
12.213702291035398,-27.816023188197157,-27.514927361443444,-13.254531822077224,-34.96658301487824,-50,12.213702291035398,-27.816023188197157,-27.514927361443444,-13.254531822077224,-34.96658301487824,-50,-7.162457743572454,-32.64808045077186,-27.443835223199933,4.318419469499116,-46.20870840318687,-29.566893045485244,-7.162457743572454,-32.64808045077186,-27.443835223199933,4.318419469499116,-46.20870840318687,-29.566893045485244
13.172429140648445,-28.024941742200777,-27.557510659620505,-14.322691336523919,-35.96439949611985,-49.53665560852842,13.172429140648445,-28.024941742200777,-27.557510659620505,-14.322691336523919,-35.96439949611985,-49.53665560852842,-5.974513753550223,-31.53272979834015,-27.02286276751193,5.7744345947044415,-44.849221012336976,-29.508841915648663,-5.974513753550223,-31.53272979834015,-27.02286276751193,5.7744345947044415,-44.849221012336976,-29.508841915648663
13.992919041399876,-28.36096154762306,-27.754239501632803,-15.238866392546266,-37.07534769598159,-48.57517131649606,13.992919041399876,-28.36096154762306,-27.754239501632803,-15.238866392546266,-37.07534769598159,-48.57517131649606,-4.742760810275566,-30.51985829736666,-26.766800758174092,7.2162472932374655,-43.4658745367287,-29.598217803608403,-4.742760810275566,-30.51985829736666,-26.766800758174092,7.2162472932374655,-43.4658745367287,-29.598217803608403
14.664012810293354,-28.820487478792614,-28.102319523497982,-15.988859081722035,-38.2823199515564,-47.53627854484468,14.664012810293354,-28.820487478792614,-28.102319523497982,-15.988859081722035,-38.2823199515564,-47.53627854484468,-3.4803344808168744,-29.62549638206892,-26.67975743891794,8.624606250473274,-42.07630648304791,-29.833993992489713,-3.4803344808168744,-29.62549638206892,-26.67975743891794,8.624606250473274,-42.07630648304791,-29.833993992489713
15.176583146471227,-29.398602999704096,-28.596806547910298,-16.56104681353427,-39.566729910673104,-46.42960643977101,15.176583146471227,-29.398602999704096,-28.596806547910298,-16.56104681353427,-39.566729910673104,-46.42960643977101,-2.2006974370605015,-28.86379886856696,-26.763129327608937,9.980706831512062,-40.69823368233292,-30.213461973349936,-2.2006974370605015,-28.86379886856696,-26.763129327608937,9.980706831512062,-40.69823368233292,-30.213461973349936
15.523658768294853,-30.08912276676523,-29.230676812026182,-16.94656242994035,-40.90879874600403,-45.26541237122033,15.523658768294853,-30.08912276676523,-29.230676812026182,-16.94656242994035,-40.90879874600403,-45.26541237122033,-0.9174958880968747,-28.24682093056439,-27.01557881059644,11.266442163682589,-39.34922640251732,-30.732262559519523,-0.9174958880968747,-28.24682093056439,-27.01557881059644,11.266442163682589,-39.34922640251732,-30.732262559519523
15.700519227195631,-30.8846588067045,-29.994926733974257,-17.13943161917411,-42.287859732281724,-44.05448686078769,15.700519227195631,-30.8846588067045,-29.994926733974257,-17.13943161917411,-42.287859732281724,-44.05448686078769,0.3555859446553189,-27.78432730548265,-27.433055603308006,12.464644902413179,-38.046484329522954,-31.384435963312768,0.3555859446553189,-27.78432730548265,-27.433055603308006,12.464644902413179,-38.046484329522954,-31.384435963312768
15.704759108769455,-31.77669956159082,-30.878700800991155,-17.136665499287588,-43.68267649639314,-42.80805356801915,15.704759108769455,-31.77669956159082,-30.878700800991155,-17.136665499287588,-43.68267649639314,-42.80805356801915,1.6049717576931504,-27.483637750690406,-28.008861732775465,13.559316452372691,-36.806617273234735,-32.16249025984655,1.6049717576931504,-27.483637750690406,-28.008861732775465,13.559316452372691,-36.806617273234735,-32.16249025984655
15.536320747938031,-32.755700955253495,-31.86944576264247,-16.9383069366703,-45.07177003956902,-41.537665262101896,15.536320747938031,-32.755700955253495,-31.86944576264247,-16.9383069366703,-45.07177003956902,-41.537665262101896,2.8173379448249225,-27.349511195749173,-28.733758999517075,14.535840583283328,-35.64543339442831,-33.05748745148021,2.8173379448249225,-27.349511195749173,-28.733758999517075,14.535840583283328,-35.64543339442831,-33.05748745148021
15.197495013230517,-33.81118850676591,-32.95308893894812,-16.547429881751498,-46.43374949580333,-40.25509674314824,15.197495013230517,-33.81118850676591,-32.95308893894812,-16.547429881751498,-46.43374949580333,-40.25509674314824,3.979755681768393,-27.384070424164715,-29.596117194663517,15.381178588174649,-34.5777376524799,-34.05914614419909,3.979755681768393,-27.384070424164715,-29.596117194663517,15.381178588174649,-34.5777376524799,-34.05914614419909
14.692890149518744,-34.931869398469594,-34.114238110695766,-15.970091732179808,-47.747641533101984,-38.97223570555181,14.692890149518744,-34.931869398469594,-34.114238110695766,-15.970091732179808,-47.747641533101984,-38.97223570555181,5.079828800745551,-27.586768476685855,-30.582100694341083,16.084043378291767,-33.617143043922965,-35.15595965643548,5.079828800745551,-27.586768476685855,-30.582100694341083,16.084043378291767,-33.617143043922965,-35.15595965643548
14.029369102964193,-36.105753299501934,-35.33640015267582,-15.215239461704682,-48.99321332506226,-37.70097255496195,14.029369102964193,-36.105753299501934,-35.33640015267582,-15.215239461704682,-48.99321332506226,-37.70097255496195,6.105825984763528,-27.9543973078757,-31.67589043760271,16.635050190116626,-32.77589703829397,-36.33532820353647,6.105825984763528,-27.9543973078757,-31.67589043760271,16.635050190116626,-32.77589703829397,-36.33532820353647
13.215956180598168,-37.32028065212341,-36.60221530433794,-14.2945709694752,-50,-36.45309020013131,13.215956180598168,-37.32028065212341,-36.60221530433794,-14.2945709694752,-50,-36.45309020013131,7.0468058718414746,-28.481138558950143,-32.85993772650623,17.02684189223718,-32.064725424303944,-37.583703639390976,7.0468058718414746,-28.481138558950143,-32.85993772650623,17.02684189223718,-32.064725424303944,-37.583703639390976
12.263714314022815,-38.56245704828509,-37.89370375025698,-13.222353798417782,-50,-35.240154841113885,12.263714314022815,-38.56245704828509,-37.89370375025698,-13.222353798417782,-50,-35.240154841113885,7.892733735060867,-29.158655643316777,-34.11524577638562,17.25418721894698,-31.49269555732461,-38.88674509248086,7.892733735060867,-29.158655643316777,-34.11524577638562,17.25418721894698,-31.49269555732461,-38.88674509248086
11.185594596525393,-39.81899225872568,-39.192521007946524,-12.01520403200145,-50,-34.07340876606287,11.185594596525393,-39.81899225872568,-39.192521007946524,-12.01520403200145,-50,-34.07340876606287,8.634588494144873,-29.976225687401225,-35.42167449914129,17.314050618945032,-31.067100751616675,-40.22948370846618,8.634588494144873,-29.976225687401225,-35.42167449914129,17.314050618945032,-31.067100751616675,-40.22948370846618
9.996260139996267,-41.076442427103494,-40.48021849545287,-10.691828795815999,-50,-32.96366615026028,9.996260139996267,-41.076442427103494,-40.48021849545287,-10.691828795815999,-50,-32.96366615026028,9.264458917383708,-30.920909238571035,-36.758263629621695,17.205632786503873,-30.793367291456217,-41.596494606801045,9.264458917383708,-30.920909238571035,-36.758263629621695,17.205632786503873,-30.793367291456217,-41.596494606801045
8.711886647307416,-42.32135390780567,-41.738505577592534,-9.27273635439851,-50,-31.92121282317757,8.711886647307416,-42.32135390780567,-41.738505577592534,-9.27273635439851,-50,-31.92121282317757,9.775627987997325,-31.97775505423636,-38.103569010877806,16.930381333928043,-30.67498524662205,-42.97207407601121,9.775627987997325,-31.97775505423636,-38.103569010877806,16.930381333928043,-30.67498524662205,-42.97207407601121
7.349942412495786,-43.54040720849679,-42.949509368693064,-7.7799182959214495,-50,-30.9557109325976,7.349942412495786,-43.54040720849679,-42.949509368693064,-7.7799182959214495,-50,-30.9557109325976,10.162644535239728,-33.130036730989204,-39.4360066429487,16.49197146280212,-30.713463974414637,-44.34041997207469,10.162644535239728,-33.130036730989204,-39.4360066429487,16.49197146280212,-30.713463974414637,-44.34041997207469
5.928950740885606,-44.72055949733894,-44.09602860155996,-6.236508729904097,-50,-30.0761093894299,5.928950740885606,-44.72055949733894,-44.09602860155996,-6.236508729904097,-50,-30.0761093894299,10.421381366364454,-34.35951742871587,-40.73419897528026,15.896256892109374,-30.908312875529543,-45.685813247560574,10.421381366364454,-34.35951742871587,-40.73419897528026,15.896256892109374,-30.908312875529543,-45.685813247560574
4.468238020388829,-45.84918415018291,-45.16177795668092,-4.666425779342652,-50,-29.29056092327771,4.468238020388829,-45.84918415018291,-45.16177795668092,-4.666425779342652,-50,-29.29056092327771,10.549079279522681,-35.64673849996973,-41.97731788688172,15.151191698435783,-31.257047649144006,-46.99279852618521,10.549079279522681,-35.64673849996973,-41.97731788688172,15.151191698435783,-31.257047649144006,-46.99279852618521
2.987670870372943,-46.914205844688965,-46.13161938118249,-3.0940009230307735,-50,-28.606346517541823,2.987670870372943,-46.914205844688965,-46.13161938118249,-3.0940009230307735,-50,-28.606346517541823,10.544376488236018,-36.97132745654639,-43.1454188514669,14.266724111862699,-31.75522196745562,-48.246361648410925,10.544376488236018,-36.97132745654639,-43.1454188514669,14.266724111862699,-31.75522196745562,-48.246361648410925
1.5073859430385474,-47.90422975599051,-46.99177711184893,-1.5436019321318506,-50,-28.02980792444424,1.5073859430385474,-47.90422975599051,-46.99177711184893,-1.5436019321318506,-50,-28.02980792444424,10.407323143657498,-38.31232039916269,-44.21976092625415,13.254663685601626,-32.39648416584396,-49.43210214851295,10.407323143657498,-38.31232039916269,-44.21976092625415,13.254663685601626,-32.39648416584396,-49.43210214851295
0.047516052178248724,-48.80866347161209,-47.73003334799018,-0.03925524432885741,-50,-27.566288885468666,0.047516052178248724,-48.80866347161209,-47.73003334799018,-0.03925524432885741,-50,-27.566288885468666,10.139380799753424,-39.64849380723204,-45.18310743054384,12.128523612943638,-33.17265822587651,-50,10.139380799753424,-39.64849380723204,-45.18310743054384,12.128523612943638,-33.17265822587651,-50
-1.3720836458578551,-49.617830321260044,-48.33590179479096,1.3957263724002331,-50,-27.22008560202621,-1.3720836458578551,-49.617830321260044,-48.33590179479096,1.3957263724002331,-50,-27.22008560202621,9.743406827109437,-40.95870043759458,-46.02000249000391,10.903340296933687,-34.07384801855409,-50,9.743406827109437,-40.95870043759458,-46.02000249000391,10.903340296933687,-34.07384801855409,-50
-2.7321056948811915,-50,-48.80077661210859,2.7391050963116585,-50,-26.994406915415052,-2.7321056948811915,-50,-48.80077661210859,2.7391050963116585,-50,-26.994406915415052,9.223623941574068,-42.22220401602479,-46.71701900980343,9.595472581902296,-35.08856347885393,-50,9.223623941574068,-42.22220401602479,-46.71701900980343,9.595472581902296,-35.08856347885393,-50
-4.014052932513282,-50,-49.118054653030235,3.9700626700509325,-50,-26.89134456515471,-4.014052932513282,-50,-49.118054653030235,3.9700626700509325,-50,-26.89134456515471,8.585575172690358,-43.419007424450236,-47.26297409812786,8.222383327550311,-36.203867102674266,-50,8.585575172690358,-43.419007424450236,-47.26297409812786,8.222383327550311,-36.203867102674266,-50
-5.20049006332466,-50,-49.28322925589473,5.06952301990434,-50,-26.911853801358703,-5.20049006332466,-50,-49.28322925589473,5.06952301990434,-50,-26.911853801358703,7.836064752136695,-44.53016918975082,-47.64910848383383,6.802406242042476,-37.40553889852486,-50,7.836064752136695,-44.53016918975082,-47.64910848383383,6.802406242042476,-37.40553889852486,-50
-6.275280789910562,-50,-49.29395425754507,6.020447876538785,-49.89098834772174,-27.055744530843995,-6.275280789910562,-50,-49.29395425754507,6.020447876538785,-49.89098834772174,-27.055744530843995,6.983085552551945,-45.53810326516119,-47.86922704967724,5.354501087392677,-38.67825769079706,-50,6.983085552551945,-45.53810326516119,-47.86922704967724,5.354501087392677,-38.67825769079706,-50
-7.223807276768229,-50,-49.15007731855801,6.808100816011956,-48.71094370964032,-27.321683079040447,-7.223807276768229,-50,-49.15007731855801,6.808100816011956,-48.71094370964032,-27.321683079040447,6.035733850543711,-46.42685735971886,-47.91979822640792,3.8980005256774675,-40.00579646290196,-50,6.035733850543711,-46.42685735971886,-47.91979822640792,3.8980005256774675,-40.00579646290196,-50
-8.033168962130818,-50,-48.85364208709463,7.42027562922728,-47.4477447872294,-27.707204551370086,-8.033168962130818,-50,-48.85364208709463,7.42027562922728,-47.4477447872294,-27.707204551370086,5.0041123228599265,-47.18236541071532,-47.80001065305771,2.4523519862290177,-41.37122924992556,-50,5.0041123228599265,-47.18236541071532,-47.80001065305771,2.4523519862290177,-41.37122924992556,-50
-8.692358013788681,-50,-48.40885917063589,7.84748548080419,-46.12084377578638,-28.208735679522185,-8.692358013788681,-50,-48.40885917063589,7.84748548080419,-46.12084377578638,-28.208735679522185,3.8992223101840215,-47.792670203340606,-47.511786194367915,1.0368580004354322,-42.75714694263935,-50,3.8992223101840215,-47.792670203340606,-47.511786194367915,1.0368580004354322,-42.75714694263935,-50
-9.19240904258842,-50,-47.82204632792519,8.083109925981725,-44.75067382891643,-28.821627940870307,-9.19240904258842,-50,-47.82204632792519,8.083109925981725,-44.75067382891643,-28.821627940870307,2.7328464974642577,-48.248112614180485,-47.05974910650503,-0.3295815287565267,-44.14587925164927,-50,2.7328464974642577,-48.248112614180485,-47.05974910650503,-0.3295815287565267,-44.14587925164927,-50
-9.526521037411342,-50,-47.101538730640016,8.123497507243583,-43.35833440524345,-29.5402006440588,-9.526521037411342,-50,-47.101538730640016,8.123497507243583,-43.35833440524345,-29.5402006440588,1.5174232618925574,-48.54148448346375,-46.45115184576835,-1.628721681380017,-45.51972000156432,-50,1.5174232618925574,-48.54148448346375,-46.45115184576835,-1.628721681380017,-45.51972000156432,-50
-9.690149863237458,-50,-46.257570569447346,7.968022340730148,-41.96526635458867,-30.357793581411535,-9.690149863237458,-50,-46.257570569447346,7.968022340730148,-41.96526635458867,-30.357793581411535,0.2659140284971446,-48.66814269659265,-45.69575871061009,-2.8432161295487646,-46.86115288259576,-50,0.2659140284971446,-48.66814269659265,-45.69575871061009,-2.8432161295487646,-46.86115288259576,-50
-9.68107006426384,-50,-45.302129686128524,7.6190938155221435,-40.592921747012774,-31.266828760148094,-9.68107006426384,-50,-45.302129686128524,7.6190938155221435,-40.592921747012774,-31.266828760148094,-1.008334952110658,-48.62608266942039,-44.80568918380858,-3.9568487484112556,-48.15307478155705,-50,-1.008334952110658,-48.62608266942039,-44.80568918380858,-3.9568487484112556,-48.15307478155705,-50
-9.499405131514843,-49.97998967035645,-44.24878729659855,7.0821192554865995,-39.262433529075885,-32.25888064023847,-9.499405131514843,-49.97998967035645,-44.24878729659855,7.0821192554865995,-39.262433529075885,-32.25888064023847,-2.291734929817568,-48.41597007424411,-43.79522348820346,-4.954750136454047,-49.37901384449181,-50,-2.291734929817568,-48.41597007424411,-43.79522348820346,-4.954750136454047,-49.37901384449181,-50
-9.147625823285853,-49.2211883733123,-43.112505223456665,6.365420122311651,-37.99429009432967,-33.32475422788805,-9.147625823285853,-49.2211883733123,-43.112505223456665,6.365420122311651,-37.99429009432967,-33.32475422788805,-3.5705995671361985,-48.04113030439544,-42.68057347564511,-5.823596154137345,-50,-50,-3.5705995671361985,-48.04113030439544,-42.68057347564511,-5.823596154137345,-50,-50
-8.630516561263615,-48.36270654526558,-41.909423376166856,5.4801030583272485,-36.80801977938078,-34.45457030082981,-8.630516561263615,-48.36270654526558,-41.909423376166856,5.4801030583272485,-36.80801977938078,-34.45457030082981,-4.83129089201422,-47.507495844169675,-41.47962252500252,-6.551785829945407,-50,-50,-4.83129089201422,-47.507495844169675,-41.47962252500252,-6.551785829945407,-50,-50
-7.955110359356796,-47.413729210458264,-40.65663049752595,4.439887767553342,-35.721890144019426,-35.63785697549758,-7.955110359356796,-47.413729210458264,-40.65663049752595,4.439887767553342,-35.721890144019426,-35.63785697549758,-6.060364734871124,-46.823512377054286,-40.211638622290536,-7.12959625842074,-50,-50,-6.060364734871124,-46.823512377054286,-40.211638622290536,-7.12959625842074,-50,-50
-7.130593170246925,-46.38440961796339,-39.3719214327716,3.260894402290993,-34.7526266662449,-36.86364676737905,-7.130593170246925,-46.38440961796339,-39.3719214327716,3.260894402290993,-34.7526266662449,-36.86364676737905,-7.244714098899458,-46.00000511825649,-38.89696522624193,-7.549312421958458,-50,-49.86404143551455,-7.244714098899458,-46.00000511825649,-38.89696522624193,-7.549312421958458,-50,-49.86404143551455
-6.1681789506060785,-45.285760610570165,-38.073544369112625,1.9613937501152767,-33.91515518404674,-38.120578244924076,-6.1681789506060785,-45.285760610570165,-38.073544369112625,1.9613937501152767,-33.91515518404674,-38.120578244924076,-8.371708934713642,-45.05000748704696,-37.55669487905888,-7.805330202960354,-50,-48.707835931929296,-8.371708934713642,-45.05000748704696,-37.55669487905888,-7.805330202960354,-50,-48.707835931929296
-5.0809571441744055,-44.129536796747324,-36.77994163592514,0.5615240926051577,-33.222372050120335,-39.39700133481671,-5.0809571441744055,-44.129536796747324,-36.77994163592514,0.5615240926051577,-33.222372050120335,-39.39700133481671,-9.429330828773526,-43.98855483047542,-36.21233079891344,-7.8942312109124835,-50,-47.478506561724096,-9.429330828773526,-43.98855483047542,-36.21233079891344,-7.8942312109124835,-50,-47.478506561724096
-3.883714657024224,-42.92810878634543,-35.509487747327604,-0.9170208763653145,-32.684945538940035,-40.681085302570324,-3.883714657024224,-42.92810878634543,-35.509487747327604,-0.9170208763653145,-32.684945538940035,-40.681085302570324,-10.406301169244662,-42.83244646313358,-34.88544188358705,-7.814828425284189,-50,-46.19017540231672,-10.406301169244662,-42.83244646313358,-34.88544188358705,-7.814828425284189,-50,-46.19017540231672
-2.5927347462591532,-41.694330835610806,-34.280228408013265,-2.4513282364659523,-32.311151564352905,-41.96092840760824,-2.5927347462591532,-41.694330835610806,-34.280228408013265,-2.4513282364659523,-32.311151564352905,-41.96092840760824,-11.29220142252314,-41.59997978909779,-33.5973166603509,-7.568182044816741,-50,-44.85764232167841,-11.29220142252314,-41.59997978909779,-33.5973166603509,-7.568182044816741,-50,-44.85764232167841
-1.2255755573916947,-40.4414033175926,-33.109624189536135,-4.017620921025106,-32.1067462375032,-43.224668216478634,-1.2255755573916947,-40.4414033175926,-33.109624189536135,-4.017620921025106,-32.1067462375032,-43.224668216478634,-12.077584237777318,-40.3106607140275,-32.36862173409273,-7.157585331579691,-50,-43.49621496297021,-12.077584237777318,-40.3106607140275,-32.36862173409273,-7.157585331579691,-50,-43.49621496297021
0.1991686775714938,-39.18273148939756,-32.01430251791216,-5.591626188767936,-32.07487722758792,-44.46059155174211,0.1991686775714938,-39.18273148939756,-32.01430251791216,-5.591626188767936,-32.07487722758792,-44.46059155174211,-12.754074194675558,-38.9848949306468,-31.219070213531072,-6.588520638806822,-50,-42.12153289604563,-12.754074194675558,-38.9848949306468,-31.219070213531072,-6.588520638806822,-50,-42.12153289604563
1.6621205334770206,-37.93178206735719,-31.009821495333863,-7.148951776992435,-32.21603529041266,-45.657243057457706,1.6621205334770206,-37.93178206735719,-31.009821495333863,-7.148951776992435,-32.21603529041266,-45.657243057457706,-13.31445711991425,-37.64366496354831,-30.167105435264883,-5.868586209635707,-50,-40.74938795590329,-13.31445711991425,-37.64366496354831,-30.167105435264883,-5.868586209635707,-50,-40.74938795590329
3.1433829372958026,-36.70193914463636,-30.110448910711725,-8.665463906963437,-32.52804671116723,-46.80353137500831,3.1433829372958026,-36.70193914463636,-30.110448910711725,-8.665463906963437,-32.52804671116723,-46.80353137500831,-13.75275702006162,-36.308198084638676,-29.229605059972048,-5.007394724145479,-50,-39.3955428319759,-13.75275702006162,-36.308198084638676,-29.229605059972048,-5.007394724145479,-50,-39.3955428319759
4.622809780934601,-35.50636099283663,-29.3289595780055,-10.117661283594883,-33.00610677779564,-47.88883194515625,4.622809780934601,-35.50636099283663,-29.3289595780055,-10.117661283594883,-33.00610677779564,-47.88883194515625,-14.06429981029718,-34.99963035503835,-28.421610288219824,-4.016444949309024,-50,-38.07554999223106,-14.06429981029718,-34.99963035503835,-28.421610288219824,-4.016444949309024,-50,-38.07554999223106
6.080279921083253,-34.35783927970046,-28.676453880979707,-11.483039293572002,-33.6428537694992,-48.90308548349553,6.080279921083253,-34.35783927970046,-28.676453880979707,-11.483039293572002,-33.6428537694992,-48.90308548349553,-14.245763159435807,-33.738672110548,-27.756084540332623,-2.908968205610808,-50,-36.804573022217845,-14.245763159435807,-33.738672110548,-27.756084540332623,-2.908968205610808,-50,-36.804573022217845
7.495970839523239,-33.26866220916274,-28.162200101800742,-12.740438757958943,-34.428482321011984,-49.83689121656019,7.495970839523239,-33.26866220916274,-28.162200101800742,-12.740438757958943,-34.428482321011984,-49.83689121656019,-14.295211919681664,-32.54528018495149,-27.24370547204314,-1.6997517003308378,-50,-35.597212431451226,-14.295211919681664,-32.54528018495149,-27.24370547204314,-1.6997517003308378,-50,-35.597212431451226
8.850628241947401,-32.2504830480363,-27.79350277306105,-13.870373834691007,-35.350894416935084,-50,8.850628241947401,-32.2504830480363,-27.79350277306105,-13.870373834691007,-35.350894416935084,-50,-14.212118763285975,-31.4383420587833,-26.892693662815347,-0.4049410863795382,-50,-34.46733792820236,-14.212118763285975,-31.4383420587833,-26.892693662815347,-0.4049410863795382,-50,-34.46733792820236
10.125827928573209,-31.314195445985085,-27.575598923176322,-14.855333989469395,-36.39588569094372,-50,10.125827928573209,-31.314195445985085,-27.575598923176322,-14.855333989469395,-36.39588569094372,-50,-13.997369806035753,-30.435376932452463,-26.70868072535385,0.9581751170521047,-50,-33.42792908946128,-13.997369806035753,-30.435376932452463,-26.70868072535385,0.9581751170521047,-50,-33.42792908946128
11.304226374944113,-30.46981688275172,-27.511583688901837,-15.68005535543246,-37.54736416101868,-50,11.304226374944113,-30.46981688275172,-27.511583688901837,-15.68005535543246,-37.54736416101868,-50,-13.653255157604672,-29.552258454752867,-26.69461895234276,2.371396363576515,-49.5271595960326,-32.49092625639705,-13.653255157604672,-29.552258454752867,-26.69461895234276,2.371396363576515,-49.5271595960326,-32.49092625639705
12.369796614861782,-29.726381489658863,-27.602366351577086,-16.33175727636112,-38.78759803236229,-50,12.369796614861782,-29.726381489658863,-27.602366351577086,-16.33175727636112,-38.78759803236229,-50,-13.18344449953753,-28.802963495059778,-26.850733950036506,3.8158530962261783,-48.31060827920527,-31.667093368170217,-13.18344449953753,-28.802963495059778,-26.850733950036506,3.8158530962261783,-48.31060827920527,-31.667093368170217
13.308046217289686,-29.091843392099122,-27.84665742156647,-16.800340367720793,-40.09748875204515,-50,13.308046217289686,-29.091843392099122,-27.84665742156647,-16.800340367720793,-40.09748875204515,-50,-12.59294795130877,-28.19935093532323,-27.174521018646416,5.272258696808697,-47.02606559256998,-30.965894309813052,-12.59294795130877,-28.19935093532323,-27.174521018646416,5.272258696808697,-47.02606559256998,-30.965894309813052
14.10621439260672,-28.572991607170035,-28.240986954350326,-17.078543026201498,-41.45686511057234,-50,14.10621439260672,-28.572991607170035,-28.240986954350326,-17.078543026201498,-41.45686511057234,-50,-11.8880626417829,-27.750973982857563,-27.660785337595996,6.721167003928549,-45.68990930599371,-30.395384194647832,-11.8880626417829,-27.750973982857563,-27.660785337595996,6.721167003928549,-45.68990930599371,-30.395384194647832
14.753445547438664,-28.17537740697385,-28.779753838102273,-17.162053962337488,-42.84479386145367,-50,14.753445547438664,-28.17537740697385,-28.779753838102273,-17.162053962337488,-42.84479386145367,-50,-11.07630555584674,-27.464928974398603,-28.301725310914968,8.143231961256168,-44.319175256697505,-29.962116830148126,-11.07630555584674,-27.464928974398603,-28.301725310914968,8.143231961256168,-44.319175256697505,-29.962116830148126
15.240936927612571,-27.90325492473557,-29.455305352664837,-17.04957901229434,-44.239902075499415,-50,15.240936927612571,-27.90325492473557,-29.455305352664837,-17.04957901229434,-44.239902075499415,-50,-10.16633337234512,-27.345743064365188,-29.087057735583546,9.519465929178107,-42.93134014438731,-29.67106943024223,-10.16633337234512,-27.345743064365188,-29.087057735583546,9.519465929178107,-42.93134014438731,-29.67106943024223
15.562058341196114,-27.759535639201,-30.258045869856403,-16.742861193446252,-45.620706265857756,-50,15.562058341196114,-27.759535639201,-30.258045869856403,-16.742861193446252,-45.620706265857756,-50,-9.167850148176802,-27.395302574851026,-30.00418278463343,10.83149321080883,-41.54409870533402,-29.525585438935757,-9.167850148176802,-27.395302574851026,-30.00418278463343,10.83149321080883,-41.54409870533402,-29.525585438935757
15.712442333312792,-27.745757224294678,-31.17657315111623,-16.24665369294325,-46.965943215546794,-50,15.712442333312792,-27.745757224294678,-31.17657315111623,-16.24665369294325,-46.965943215546794,-50,-8.091503833021962,-27.61282314133218,-31.038386158026384,12.061795407246642,-40.17513810651011,-29.527336122073343,-8.091503833021962,-27.61282314133218,-31.038386158026384,12.061795407246642,-40.17513810651011,-29.527336122073343
15.690043586297813,-27.862067097318608,-32.19784030649528,-15.568646207862482,-48.25489741301678,-50,15.690043586297813,-27.862067097318608,-32.19784030649528,-15.568646207862482,-48.25489741301678,-50,-6.9487727182773655,-27.99486212658512,-32.1730751580137,13.193945326047604,-38.84191243634545,-29.676301368459892,-6.9487727182773655,-27.99486212658512,-32.1730751580137,13.193945326047604,-38.84191243634545,-29.676301368459892
15.495166737315634,-28.10722084171282,-33.307341114505085,-14.719345778446142,-49.46772005351181,-50,15.495166737315634,-28.10722084171282,-33.307341114505085,-14.719345778446142,-49.46772005351181,-50,-5.7518430311251745,-28.535373106344217,-33.39004490139741,14.212826319736509,-37.561420167042755,-29.970769920890483,-5.7518430311251745,-28.535373106344217,-33.39004490139741,14.212826319736509,-37.561420167042755,-29.970769920890483
15.13046223510127,-28.47859552125233,-34.4893160705172,-13.7119139611463,-50,-50,15.13046223510127,-28.47859552125233,-34.4893160705172,-13.7119139611463,-50,-50,-4.513478979086371,-29.22580156436871,-34.66977039759944,15.104834125710937,-36.34998742610962,-30.40735903443496,-4.513478979086371,-29.22580156436871,-34.66977039759944,15.104834125710937,-36.34998742610962,-30.40735903443496
14.600890292176693,-28.972217743230615,-35.726976236969655,-12.561962864794511,-50,-50,14.600890292176693,-28.972217743230615,-35.726976236969655,-12.561962864794511,-50,-50,-3.246886630918053,-30.055220282381242,-35.9917198064556,15.858058512539186,-35.22305984009719,-30.98105333615061,-3.246886630918053,-30.055220282381242,-35.9917198064556,15.858058512539186,-35.22305984009719,-30.98105333615061
13.913653422814537,-29.582806170376315,-37.00274171578485,-11.287313210713062,-50,-50,13.913653422814537,-29.582806170376315,-37.00274171578485,-11.287313210713062,-50,-50,-1.9655730854498723,-31.01050228209788,-37.334683849844616,16.46244230728312,-34.19500560463355,-31.68526243981608,-1.9655730854498723,-31.01050228209788,-37.334683849844616,16.46244230728312,-34.19500560463355,-31.68526243981608
13.078098484276618,-30.303828026663552,-38.29849135569979,-9.907718166093865,-50,-49.753472438083506,13.078098484276618,-30.303828026663552,-38.29849135569979,-9.907718166093865,-50,-49.753472438083506,-0.6832024301956829,-32.076528582245516,-38.67711609209182,16.909915680485383,-33.27893229166189,-32.51189665383095,-0.6832024301956829,-32.076528582245516,-38.67711609209182,16.909915680485383,-33.27893229166189,-32.51189665383095
12.10558955362725,-31.127568992449632,-39.59582014763215,-8.44455723038357,-50,-48.81178871967985,12.10558955362725,-31.127568992449632,-39.59582014763215,-8.44455723038357,-50,-48.81178871967985,0.5865499741800124,-33.23642748245324,-39.99747862970862,17.194503895828014,-32.48651972935735,-33.45145991257686,0.5865499741800124,-33.23642748245324,-39.99747862970862,17.194503895828014,-32.48651972935735,-33.45145991257686
11.009353369078262,-32.04521574112441,-40.87630065200404,-6.920504918496336,-50,-47.790503394868544,11.009353369078262,-32.04521574112441,-40.87630065200404,-6.920504918496336,-50,-47.790503394868544,1.830143329613895,-34.47184158694032,-41.27458764424203,17.312407085770957,-31.827871085729875,-34.49315886367775,1.830143329613895,-34.47184158694032,-41.27458764424203,17.312407085770957,-31.827871085729875,-34.49315886367775
9.804299437961198,-33.04695023419636,-42.121744744670075,-5.35917937525319,-50,-46.69908241236877,9.804299437961198,-33.04695023419636,-42.121744744670075,-5.35917937525319,-50,-46.69908241236877,3.0343158014050227,-35.76321834188919,-42.48795327420499,17.26205098799346,-31.31138405438039,-35.62502685800767,3.0343158014050227,-35.76321834188919,-42.48795327420499,17.26205098799346,-31.31138405438039,-35.62502685800767
8.506817257971553,-34.12205476594106,-43.31446196357578,-3.7847763664458913,-50,-45.5476417846218,8.506817257971553,-34.12205476594106,-43.31446196357578,-3.7847763664458913,-50,-45.5476417846218,4.186225944073361,-37.09011948825128,-43.61810835320196,17.044107965197433,-30.94364378487654,-36.834061418094414,4.186225944073361,-37.09011948825128,-43.61810835320196,17.044107965197433,-30.94364378487654,-36.834061418094414
7.134553409606959,-35.25902663372273,-44.437510786555436,-2.2216943185452287,-50,-44.34685382588812,7.134553409606959,-35.25902663372273,-44.437510786555436,-2.2216943185452287,-50,-44.34685382588812,5.273589644137737,-38.43154453236135,-44.64692073999516,16.66148802761259,-30.729338922887642,-38.106373605731434,5.273589644137737,-38.43154453236135,-44.64692073999516,16.66148802761259,-30.729338922887642,-38.106373605731434
5.706171551480555,-36.44570120711261,-45.47493927108088,-0.6941562177874672,-50,-43.10784823417066,5.706171551480555,-36.44570120711261,-45.47493927108088,-0.6941562177874672,-50,-43.10784823417066,6.284811119434108,-39.766263114883365,-45.557884229506094,16.119299978072732,-30.671201830474338,-39.42734757292156,6.284811119434108,-39.766263114883365,-45.557884229506094,16.119299978072732,-30.671201830474338,-39.42734757292156
4.2410985827276955,-37.669382079072975,-46.412011637884845,0.7741657719510702,-50,-41.84210893380459,4.2410985827276955,-37.669382079072975,-46.412011637884845,0.7741657719510702,-50,-41.84210893380459,7.209106577982958,-41.07315101777473,-46.336383377393105,15.424783198460018,-30.76997374880519,-40.78180846328948,7.209106577982958,-41.07315101777473,-46.336383377393105,15.424783198460018,-30.76997374880519,-40.78180846328948
2.759260424857375,-38.91697690669545,-47.23541758002985,2.1605171552192965,-50,-40.56136763484004,2.759260424857375,-38.91697690669545,-47.23541758002985,2.1605171552192965,-50,-40.56136763484004,8.036619217693357,-42.33152449138268,-46.9699279893765,14.587210988316212,-31.024395347407186,-42.15419673517233,8.036619217693357,-42.33152449138268,-46.9699279893765,14.587210988316212,-31.024395347407186,-42.15419673517233
1.280811016583071,-40.175137488118445,-47.93346132436903,3.44341373000708,-50,-39.27749509578554,1.280811016583071,-40.175137488118445,-47.93346132436903,3.44341373000708,-50,-39.27749509578554,8.758524340529254,-43.52146761036987,-47.448353513176315,13.617766746257903,-31.431222780494593,-43.52874690383308,8.758524340529254,-43.52146761036987,-47.448353513176315,13.617766746257903,-31.431222780494593,-43.52874690383308
-0.17414179252589257,-41.43040257691467,-48.49622775994398,4.602974527100038,-50,-38.00239109755637,-0.17414179252589257,-41.43040257691467,-48.49622775994398,4.602974527100038,-50,-38.00239109755637,9.367123460191193,-44.62414747750029,-47.76398411798798,12.529394647443088,-31.985269045608096,-44.88966864947121,9.367123460191193,-44.62414747750029,-47.76398411798798,12.529394647443088,-31.985269045608096,-44.88966864947121
-1.585809721549599,-42.66934190596209,-48.915723273607,5.621229904235397,-50,-36.74787414842407,-1.585809721549599,-42.66934190596209,-48.915723273607,5.621229904235397,-50,-36.74787414842407,9.855926399734305,-45.622112286640814,-47.91175584505772,11.33662681086627,-32.67947011731876,-46.2213282105276,9.855926399734305,-45.622112286640814,-47.91175584505772,11.33662681086627,-32.67947011731876,-46.2213282105276
-2.934993191388286,-43.87869987985993,-49.18598929242,6.4824000205410695,-49.430398316233806,-35.52557194225646,-2.934993191388286,-43.87869987985993,-49.18598929242,6.4824000205410695,-49.430398316233806,-35.52557194225646,10.219720503624877,-46.49956752762048,-47.889297853537244,10.055389264172467,-33.504975012702474,-47.50842797850847,10.219720503624877,-46.49956752762048,-47.889297853537244,10.055389264172467,-33.504975012702474,-47.50842797850847
-4.2033424512141035,-45.04553739850795,-49.30318692005802,7.173139375758549,-48.214851622206524,-34.34681358534917,-4.2033424512141035,-45.04553739850795,-49.30318692005802,7.173139375758549,-48.214851622206524,-34.34681358534917,10.454626226149765,-47.24262596152909,-47.6969704581141,8.702789296779883,-34.45125864035133,-48.73618223120812,10.454626226149765,-47.24262596152909,-47.6969704581141,8.702789296779883,-34.45125864035133,-48.73618223120812
-5.373607146719447,-46.15737029445552,-49.26565146502925,7.682743624638146,-46.923790042521745,-33.22252459076723,-5.373607146719447,-46.15737029445552,-49.26565146502925,7.682743624638146,-46.923790042521745,-33.22252459076723,10.558138503375506,-47.839527410167534,-47.33785934814413,7.296887040604216,-35.50625599409239,-49.89048698557136,10.558138503375506,-47.839527410167534,-47.33785934814413,7.296887040604216,-35.50625599409239,-49.89048698557136
-6.429870935876098,-47.20230290285723,-49.073916086185854,8.003315461518005,-45.57709483383955,-32.16312561345417,-6.429870935876098,-47.20230290285723,-49.073916086185854,8.003315461518005,-45.57709483383955,-32.16312561345417,10.529153467462928,-48.280824881101516,-46.81772608103397,5.856454328278476,-36.6565159803578,-50,10.529153467462928,-48.280824881101516,-46.81772608103397,5.856454328278476,-36.6565159803578,-50
-7.357767961279929,-48.16915533495441,-48.730704219661014,8.129887004383967,-44.19550396366515,-31.178435864700717,-7.357767961279929,-48.16915533495441,-48.730704219661014,8.129887004383967,-44.19550396366515,-31.178435864700717,10.367980218451336,-48.55953408257115,-46.14491564415479,4.400724048629836,-37.887372918130474,-50,10.367980218451336,-48.55953408257115,-46.14491564415479,4.400724048629836,-37.887372918130474,-50
-8.144678234922859,-49.04758309335983,-48.24089089480141,8.060496781830938,-42.80029276318444,-30.277582101192934,-8.144678234922859,-49.04758309335983,-48.24089089480141,8.060496781830938,-42.80029276318444,-30.277582101192934,10.076337527977278,-48.67124396192503,-45.3302225683586,2.9491333460601137,-39.183133524608635,-50,10.076337527977278,-48.67124396192503,-45.3302225683586,2.9491333460601137,-39.183133524608635,-50
-8.779899278033076,-49.82818774936856,-47.611433488568444,7.7962201298644995,-41.412946305153234,-29.468914032186106,-8.779899278033076,-49.82818774936856,-47.611433488568444,7.7962201298644995,-41.412946305153234,-29.468914032186106,9.657335510079223,-48.6141865181179,-44.386717741163665,1.5210640926739205,-40.52727700276152,-50,9.657335510079223,-48.6141865181179,-44.386717741163665,1.5210640926739205,-40.52727700276152,-50
-9.25479168157374,-50,-46.85127290198299,7.341152527485184,-40.05482855194374,-28.759926928870847,-9.25479168157374,-50,-46.85127290198299,7.341152527485184,-40.05482855194374,-28.759926928870847,9.11544245455342,-48.38926478336924,-43.329538698208395,0.13558409840961438,-41.90266567960462,-50,9.11544245455342,-48.38926478336924,-43.329538698208395,0.13558409840961438,-41.90266567960462,-50
-9.562896607684877,-50,-45.971206562317356,6.702346129302448,-38.74685336858848,-28.15719215323563,-9.562896607684877,-50,-45.971206562317356,6.702346129302448,-38.74685336858848,-28.15719215323563,8.456437176554305,-48.00003853112462,-42.17564675752492,-1.1888074854194919,-43.29176350946087,-50,8.456437176554305,-48.00003853112462,-42.17564675752492,-1.1888074854194919,-43.29176350946087,-50
-9.700023633974526,-50,-44.98373505492789,5.889700478729072,-37.50916246694263,-27.666296250331907,-9.700023633974526,-50,-44.98373505492789,5.889700478729072,-37.50916246694263,-27.666296250331907,7.687347390588137,-47.45266793651601,-40.94355489315589,-2.4344271697635698,-44.676859656591006,-50,7.687347390588137,-47.45266793651601,-40.94355489315589,-2.4344271697635698,-44.676859656591006,-50
-9.664307745920576,-50,-43.90288456319267,4.915809095366406,-36.36081524035245,-27.291789168475546,-9.664307745920576,-50,-43.90288456319267,4.915809095366406,-36.36081524035245,-27.291789168475546,6.816374766089403,-46.755816080991586,-39.65303071409396,-3.584643240621171,-46.0402943062116,-50,6.816374766089403,-46.755816080991586,-39.65303071409396,-3.584643240621171,-46.0402943062116,-50
-9.4562347022512,-50,-42.74400763864186,3.7957643140071244,-35.319495265113616,-27.03714208731214,-9.4562347022512,-50,-42.74400763864186,3.7957643140071244,-35.319495265113616,-27.03714208731214,5.852807463793963,-45.92051184414604,-38.32477931393238,-4.624097828354133,-47.364683825113644,-50,5.852807463793963,-45.92051184414604,-38.32477931393238,-4.624097828354133,-47.364683825113644,-50
-9.078634428318052,-50,-41.52356513116799,2.546923399651707,-34.40123798834867,-26.90471524462575,-9.078634428318052,-50,-41.52356513116799,2.546923399651707,-34.40123798834867,-26.90471524462575,4.806921085634374,-44.959975352725266,-36.98011107956816,-5.538911968429453,-48.63314240099513,-50,4.806921085634374,-44.959975352725266,-36.98011107956816,-5.538911968429453,-48.63314240099513,-50
-8.536642527316843,-50,-40.25889237681325,1.1886395630419164,-33.62018379568028,-26.895736060091853,-8.536642527316843,-50,-40.25889237681325,1.1886395630419164,-33.62018379568028,-26.895736060091853,3.6898690944393246,-43.889408749374304,-35.64059978861516,-6.316870915581321,-49.82949733453069,-50,3.6898690944393246,-43.889408749374304,-35.64059978861516,-6.316870915581321,-49.82949733453069,-50
-7.837630432826655,-50,-38.967952964231216,-0.25803795485369996,-32.98836026124917,-27.010287758739018,-7.837630432826655,-50,-38.967952964231216,-0.25803795485369996,-32.98836026124917,-27.010287758739018,2.513563872013407,-42.725755592574174,-34.327736480992215,-6.947587237051067,-50,-50,2.513563872013407,-42.725755592574174,-34.327736480992215,-6.947587237051067,-50,-50
-6.991105152638767,-50,-37.669083577362045,-1.770690081631754,-32.51549693324227,-27.247308599564207,-6.991105152638767,-50,-37.669083577362045,-1.770690081631754,-32.51549693324227,-27.247308599564207,1.2905496840125137,-41.4874326956756,-33.062584657949834,-7.4226395072570295,-50,-50,1.2905496840125137,-41.4874326956756,-33.062584657949834,-7.4226395072570295,-50,-50
-6.008579967421216,-50,-36.38073353861002,-3.325875340437792,-32.208875507077764,-27.60460171645162,-6.008579967421216,-50,-36.38073353861002,-3.325875340437792,-32.208875507077764,-27.60460171645162,0.03386890632866901,-40.19403864914087,-31.865442340502103,-7.735684752020717,-50,-50,0.03386890632866901,-40.19403864914087,-31.865442340502103,-7.735684752020717,-50,-50
-4.903417842800158,-50,-35.12120275208732,-4.899493121089839,-32.07321769345242,-28.078855480182526,-4.903417842800158,-50,-35.12120275208732,-4.899493121089839,-32.07321769345242,-28.078855480182526,-1.243077060433277,-38.866043639128776,-30.755516409178174,-7.882543140976715,-50,-50,-1.243077060433277,-38.866043639128776,-30.755516409178174,-7.882543140976715,-50,-50
-3.690649684552853,-49.77597422435031,-33.9083817692174,-6.467157165749471,-32.110612507989565,-28.665674192807934,-3.690649684552853,-49.77597422435031,-33.9083817692174,-6.467157165749471,-32.110612507989565,-28.665674192807934,-2.5266707051631996,-37.524465471578885,-29.750614449967145,-7.861253797338511,-50,-50,-2.5266707051631996,-37.524465471578885,-29.750614449967145,-7.861253797338511,-50,-50
-2.3867699087560545,-48.988108225931235,-32.75949766884117,-8.004573481258824,-32.32048410216479,-29.359618829888518,-2.3867699087560545,-48.988108225931235,-32.75949766884117,-8.004573481258824,-32.32048410216479,-29.359618829888518,-3.8032236250844145,-36.190536929269115,-28.86685905046179,-7.672100979840234,-50,-50,-3.8032236250844145,-36.190536929269115,-28.86685905046179,-7.672100979840234,-50,-50
-1.0095121072676543,-48.103055455531646,-31.6908693613792,-9.487916821655901,-32.699600630886344,-30.154257452974367,-1.0095121072676543,-48.103055455531646,-31.6908693613792,-9.487916821655901,-32.699600630886344,-30.154257452974367,-5.059122500587346,-34.88536972649641,-28.118429130016892,-7.317610287268385,-50,-49.40484784838546,-5.059122500587346,-34.88536972649641,-28.118429130016892,-7.317610287268385,-50,-49.40484784838546
0.42239214036960826,-47.13028522384159,-30.717675792747094,-10.89419990654353,-33.24212402017682,-31.042224825070797,0.42239214036960826,-47.13028522384159,-30.717675792747094,-10.89419990654353,-33.24212402017682,-31.042224825070797,-6.280974269369555,-33.629620379873685,-27.51733245400581,-6.802514936261311,-50,-48.21733622755547,-6.280974269369555,-33.629620379873685,-27.51733245400581,-6.802514936261311,-50,-48.21733622755547
1.8894680282891687,-46.08020534366221,-29.853740340484215,-12.20162965355904,-33.93969986857595,-32.01529067653154,1.8894680282891687,-46.08020534366221,-29.853740340484215,-12.20162965355904,-33.93969986857595,-32.01529067653154,-7.455748951722599,-32.44316328341337,-27.073212981943072,-6.133692562641027,-50,-46.962335417813705,-7.455748951722599,-32.44316328341337,-27.073212981943072,-6.133692562641027,-50,-46.962335417813705
3.371762394011136,-44.96405077517594,-29.111334464566497,-13.389944904428873,-34.78158609785904,-33.064435988648505,3.371762394011136,-44.96405077517594,-29.111334464566497,-13.389944904428873,-34.78158609785904,-33.064435988648505,-8.570918603860882,-31.344776162047445,-26.793196140368423,-5.3200733901151835,-50,-45.654262400503036,-8.570918603860882,-31.344776162047445,-26.793196140368423,-5.3200733901151835,-50,-45.654262400503036
4.849115094105928,-43.79376342144222,-28.501003401873124,-14.440730410890875,-35.75481837195851,-34.17993658789034,4.849115094105928,-43.79376342144222,-28.501003401873124,-14.440730410890875,-35.75481837195851,-34.17993658789034,-9.614590917478363,-30.35184288182121,-26.68177450292484,-4.372520992496666,-50,-44.30814383069756,-9.614590917478363,-30.35184288182121,-26.68177450292484,-4.372520992496666,-50,-44.30814383069756
6.301433194930982,-42.58186436020892,-28.031416380166725,-15.33770221466209,-36.84440973677726,-35.351453275981285,6.301433194930982,-42.58186436020892,-28.031416380166725,-15.33770221466209,-36.84440973677726,-35.351453275981285,-10.575636040806875,-29.48007832030357,-26.740735711772814,-3.303687241521917,-50,-42.93944341659163,-10.575636040806875,-29.48007832030357,-26.740735711772814,-3.303687241521917,-50,-42.93944341659163
7.708964249269947,-41.341319879045585,-27.709243479170283,-16.066959998938152,-38.03358140660945,-36.568127660439124,7.708964249269947,-41.341319879045585,-27.709243479170283,-16.066959998938152,-38.03358140660945,-36.568127660439124,-11.44380526874505,-28.74327965161075,-26.969133796765163,-2.127843377028178,-50,-41.56388427818724,-11.44380526874505,-28.74327965161075,-26.969133796765163,-2.127843377028178,-50,-41.56388427818724
9.052564942142336,-40.08540274711322,-27.539060887822032,-16.61720250074635,-39.30402114325293,-37.81868279734623,9.052564942142336,-40.08540274711322,-27.539060887822032,-16.61720250074635,-39.30402114325293,-37.81868279734623,-12.209840336327716,-28.15310798238726,-27.363304352536225,-0.8606894550686217,-50,-40.19726832595365,-12.209840336327716,-28.15310798238726,-27.363304352536225,-0.8606894550686217,-50,-40.19726832595365
10.31396145202758,-38.82755020784052,-27.523285903447654,-16.979902645921833,-40.636165248993485,-39.091527713534305,10.31396145202758,-38.82755020784052,-27.523285903447654,-16.979902645921833,-40.636165248993485,-39.091527713534305,-12.865572150018357,-27.718903794729016,-27.91692333000472,0.4808552817574814,-50,-38.85529473437158,-12.865572150018357,-27.718903794729016,-27.91692333000472,0.4808552817574814,-50,-38.85529473437158
11.47599798642663,-37.58122021186544,-27.662142596131165,-17.14943969265118,-42.00949983100742,-40.37486483940021,11.47599798642663,-37.58122021186544,-27.662142596131165,-17.14943969265118,-42.00949983100742,-40.37486483940021,-13.404007903942517,-27.44753911698357,-28.62110849904318,1.878878312747656,-50,-37.55337959567166,-13.404007903942517,-27.44753911698357,-28.62110849904318,1.878878312747656,-50,-37.55337959567166
12.522870111520522,-36.35974742842914,-27.953658625992063,-17.123186335761893,-43.40287669796534,-41.656799356592465,12.522870111520522,-36.35974742842914,-27.953658625992063,-17.123186335761893,-43.40287669796534,-41.656799356592465,-13.819405652041397,-27.34330876207766,-29.464561954452705,3.314713009948525,-50,-36.30647882551459,-13.819405652041397,-27.34330876207766,-29.464561954452705,3.314713009948525,-50,-36.30647882551459
13.440339702492478,-35.17620057577311,-28.39369325857689,-16.90154942190888,-44.79483902429663,-42.9254494470664,13.440339702492478,-35.17620057577311,-28.39369325857689,-16.90154942190888,-44.79483902429663,-42.9254494470664,-14.107335540901579,-27.407862354713107,-30.43375137888569,4.769187877969222,-49.06843907731235,-35.128916355008336,-14.107335540901579,-27.407862354713107,-30.43375137888569,4.769187877969222,-49.06843907731235,-35.128916355008336
14.215928591055663,-34.04324259698829,-28.97599618043019,-16.487963644697018,-46.163951767160256,-44.16905642164096,14.215928591055663,-34.04324259698829,-28.97599618043019,-16.487963644697018,-46.163951767160256,-44.16905642164096,-14.264727050264234,-27.64017822321759,-31.513127154544915,6.222882534865001,-47.823857167226905,-34.03421958272955,-14.264727050264234,-27.64017822321759,-31.513127154544915,6.222882534865001,-47.823857167226905,-34.03421958272955
14.839088276455252,-32.97299517730991,-29.692296279421218,-15.888838317445744,-47.48913174797993,-45.37609370731768,14.839088276455252,-32.97299517730991,-29.692296279421218,-15.888838317445744,-47.48913174797993,-45.37609370731768,-14.289901737436272,-28.036579569256748,-32.68537184033169,7.656387016195849,-46.51748990741632,-33.0349639770122,-14.289901737436272,-28.036579569256748,-32.68537184033169,7.656387016195849,-46.51748990741632,-33.0349639770122
15.301343391768457,-31.97690905241285,-30.532419128777146,-15.113458048455305,-48.74997231556717,-46.53537368319298,15.301343391768457,-31.97690905241285,-30.532419128777146,-15.113458048455305,-48.74997231556717,-46.53537368319298,-14.182591136412736,-28.59079265949408,-33.93167801184653,9.050560939987118,-45.16599332847568,-32.14262861365615,-14.182591136412736,-28.59079265949408,-33.93167801184653,9.050560939987118,-45.16599332847568,-32.14262861365615
15.596406974269634,-31.065641495293352,-31.484431506063387,-14.173838858003593,-49.927057591294705,-47.6361513747363,15.596406974269634,-31.065641495293352,-31.484431506063387,-14.173838858003593,-49.927057591294705,-47.6361513747363,-13.943939620831749,-29.2940461182151,-35.23205000659372,10.386789072182697,-43.78659885460119,-31.36746430858539,-13.943939620831749,-29.2940461182151,-35.23205000659372,10.386789072182697,-43.78659885460119,-31.36746430858539
15.720265972110598,-30.24894229252758,-32.53481089434438,-13.08454196682033,-50,-48.6682240453311,15.720265972110598,-30.24894229252758,-32.53481089434438,-13.08454196682033,-50,-48.6682240453311,-13.576492200231204,-30.135209749440136,-36.56562473320763,11.64722988023884,-42.39689360490548,-30.718375860296547,-13.576492200231204,-30.135209749440136,-36.56562473320763,11.64722988023884,-42.39689360490548,-30.718375860296547
15.671235824370585,-29.535549429860392,-33.668637557904866,-11.8624481417455,-50,-49.622025761993264,15.671235824370585,-29.535549429860392,-33.668637557904866,-11.8624481417455,-50,-49.622025761993264,-13.084167379749479,-31.100970691425747,-37.91100639765656,12.815053756130407,-41.01459615966011,-30.20281975485392,-13.084167379749479,-31.100970691425747,-37.91100639765656,12.815053756130407,-41.01459615966011,-30.20281975485392
15.44998337215327,-28.93309560320129,-34.869806464261906,-10.526496095525467,-50,-50,15.44998337215327,-28.93309560320129,-34.869806464261906,-10.526496095525467,-50,-50,-12.472215372698027,-32.17604411560756,-39.246609776096555,13.874667727980052,-39.657330650535805,-29.82671850855847,-12.472215372698027,-32.17604411560756,-39.246609776096555,13.874667727980052,-39.657330650535805,-29.82671850855847
15.059517789124794,-28.448026555280933,-36.12125604229935,-9.097388994748364,-50,-50,15.059517789124794,-28.448026555280933,-36.12125604229935,-9.097388994748364,-50,-50,-11.747162111631168,-33.34341513531099,-40.551006526925995,14.811923659921439,-38.3424020548855,-29.594392632288567,-11.747162111631168,-33.34341513531099,-40.551006526925995,14.811923659921439,-38.3424020548855,-29.594392632288567
14.505149654843613,-28.085532111694214,-37.4052105272087,-7.597273624145547,-50,-50,14.505149654843613,-28.085532111694214,-37.4052105272087,-7.597273624145547,-50,-50,-10.916739654987234,-34.584608095607656,-41.803268985830755,15.614307160280875,-37.0865755593725,-29.508510999082002,-10.916739654987234,-34.584608095607656,-41.803268985830755,15.614307160280875,-37.0865755593725,-29.508510999082002
13.794418727510292,-27.849490654188017,-38.703432449939235,-6.049397179233076,-50,-50,13.794418727510292,-27.849490654188017,-38.703432449939235,-6.049397179233076,-50,-50,-9.989803731453108,-35.879978982343985,-42.98330592799255,16.271104675744127,-35.90586280575579,-29.5700601851179,-9.989803731453108,-35.879978982343985,-42.98330592799255,16.271104675744127,-35.90586280575579,-29.5700601851179
12.936991398474742,-27.74242762528,-39.997481684758284,-4.477747005954119,-50,-50,12.936991398474742,-27.74242762528,-39.997481684758284,-4.477747005954119,-50,-50,-8.976239301367757,-37.20902632246356,-44.072184910511524,16.77354654043996,-34.81531774429365,-29.778333136297256,-8.976239301367757,-37.20902632246356,-44.072184910511524,16.77354654043996,-34.81531774429365,-29.778333136297256
11.944529223183286,-27.76548850817531,-41.26897737537531,-2.906678870256811,-50,-50,11.944529223183286,-27.76548850817531,-41.26897737537531,-2.906678870256811,-50,-50,-7.886855142272897,-38.55071565509269,-45.05243602340027,17.114924069927227,-33.82884469769331,-30.13093729061694,-7.886855142272897,-38.55071565509269,-45.05243602340027,17.114924069927227,-33.82884469769331,-30.13093729061694
10.830530316629027,-27.91842657107193,-42.49985901919596,-1.360539518288192,-50,-50,10.830530316629027,-27.91842657107193,-42.49985901919596,-1.360539518288192,-50,-50,-6.733268582759752,-39.883812438074365,-45.90833217578627,17.29067913662626,-32.9590210825442,-30.62382206302972,-6.733268582759752,-39.883812438074365,-45.90833217578627,17.29067913662626,-32.9590210825442,-30.62382206302972
9.610145770427557,-28.199605506980788,-43.672643001225985,0.13671062363093078,-50,-50,9.610145770427557,-28.199605506980788,-43.672643001225985,0.13671062363093078,-50,-50,-5.527781613827893,-41.18721812113427,-46.62614142042764,17.29846503067015,-32.2169370487767,-31.25132537705489,-5.527781613827893,-41.18721812113427,-46.62614142042764,17.29846503067015,-32.2169370487767,-31.25132537705489
8.299973588362494,-28.606016940816772,-44.770670933783144,1.5618687622566174,-50,-50,8.299973588362494,-28.606016940816772,-44.770670933783144,1.5618687622566174,-50,-50,-4.2832496989188655,-42.440304066739756,-47.194347268262376,17.13817779355161,-31.612054081512202,-32.006238708601984,-4.2832496989188655,-42.440304066739756,-47.194347268262376,17.13817779355161,-31.612054081512202,-32.006238708601984
6.917832943007104,-29.13331261644914,-45.77834627456626,2.8928493096808126,-50,-50,6.917832943007104,-29.13331261644914,-45.77834627456626,2.8928493096808126,-50,-50,-3.012944681648956,-43.623238033782044,-47.60383345827768,16.811957606193772,-31.15208436821832,-32.87988989480711,-3.012944681648956,-43.623238033782044,-47.60383345827768,16.811957606193772,-31.15208436821832,-32.87988989480711
5.482521823677514,-29.775850919338012,-46.68135586212207,4.1090261423263605,-50,-50,5.482521823677514,-29.775850919338012,-46.68135586212207,4.1090261423263605,-50,-50,-1.7304132532143366,-44.717298056914,-47.848030218262394,16.324160212910783,-30.842892469246742,-33.86224275660652,-1.7304132532143366,-44.717298056914,-47.848030218262394,16.324160212910783,-30.842892469246742,-33.86224275660652
4.013561371855909,-30.52675723700434,-47.46687322199287,5.191552242714147,-50,-50,4.013561371855909,-30.52675723700434,-47.46687322199287,5.191552242714147,-50,-50,-0.44933248878476384,-45.70516875386491,-47.92301966984378,15.681298762810485,-30.688420545341586,-34.94201239061985,-0.44933248878476384,-45.70516875386491,-47.92301966984378,15.681298762810485,-30.688420545341586,-34.94201239061985
2.530930381286419,-31.37799751152647,-48.12374075575299,6.123651770531831,-50,-50,2.530930381286419,-31.37799751152647,-48.12374075575299,6.123651770531831,-50,-50,0.8166360065319478,-46.571215371156754,-47.827598686696355,14.89195684518189,-30.69063809556878,-36.106794805911555,0.8166360065319478,-46.571215371156754,-47.827598686696355,14.89195684518189,-30.69063809556878,-36.106794805911555
1.0547935737100351,-32.32046419711672,-48.642628225096885,6.890880036798789,-48.95473104924899,-50,1.0547935737100351,-32.32046419711672,-48.642628225096885,6.890880036798789,-48.95473104924899,-50,2.05399178675079,-47.30173123097877,-47.56329819742949,13.966673880032811,-30.849516846418936,-37.3432094164139,2.05399178675079,-47.30173123097877,-47.56329819742949,13.966673880032811,-30.849516846418936,-37.3432094164139
-0.3947726541400365,-33.34407370310189,-49.01616527984926,7.48134735232119,-47.70667722423807,-50,-0.3947726541400365,-33.34407370310189,-49.01616527984926,7.48134735232119,-47.70667722423807,-50,3.249539535451154,-47.88515466294683,-47.134358623459406,12.917804394062372,-31.163031112300825,-38.637052752111025,3.249539535451154,-47.88515466294683,-47.134358623459406,12.917804394062372,-31.163031112300825,-38.637052752111025
-1.798053282265112,-34.43787427975457,-49.23904614744929,7.885903281473391,-46.390933969607595,-49.96526431904668,-1.798053282265112,-34.43787427975457,-49.23904614744929,7.885903281473391,-46.390933969607595,-49.96526431904668,4.390529782276126,-48.31225198743041,-46.54766184593872,11.759353061036393,-31.627183622785008,-39.97346162320532,4.390529782276126,-48.31225198743041,-46.54766184593872,11.759353061036393,-31.627183622785008,-39.97346162320532
-3.135962804176793,-35.59016319268455,-49.30810499688603,8.098278445935149,-45.02776261894203,-49.04387770566967,-3.135962804176793,-35.59016319268455,-49.30810499688603,8.098278445935149,-45.02776261894203,-49.04387770566967,5.464794864876242,-48.576263654419506,-45.812620793262276,10.506787709135335,-32.2360564873569,-41.33708386290016,5.464794864876242,-48.576263654419506,-45.812620793262276,10.506787709135335,-32.2360564873569,-41.33708386290016
-4.390304801888853,-36.788611932128795,-49.222360906604976,8.115181680861639,-43.6381548584016,-48.040738331465796,-4.390304801888853,-36.788611932128795,-49.222360906604976,8.115181680861639,-43.6381548584016,-48.040738331465796,6.46087868637837,-48.67301122503399,-44.94102842060108,9.176832792029089,-32.98188664780942,-42.712254687368215,6.46087868637837,-48.67301122503399,-44.94102842060108,9.176832792029089,-32.98188664780942,-42.712254687368215
-5.544019428741697,-38.02039811750243,-48.983031797654874,7.936351037862128,-42.24350947250492,-46.96514395646717,-5.544019428741697,-38.02039811750243,-48.983031797654874,7.936351037862128,-42.24350947250492,-46.96514395646717,7.368158884631727,-48.60096350250806,-43.946868504426604,7.7872460812863835,-33.85516485633846,-44.083176646945915,7.368158884631727,-48.60096350250806,-43.946868504426604,7.7872460812863835,-33.85516485633846,-44.083176646945915
-6.581415434136657,-39.27234268594842,-48.593517134166866,7.564557844398228,-40.86530282094198,-45.82706390163584,-6.581415434136657,-39.27234268594842,-48.593517134166866,7.564557844398228,-40.86530282094198,-45.82706390163584,8.176960110404112,-48.361260766013736,-42.846091287628546,6.356581561758596,-34.84475691737226,-45.434101101345256,8.176960110404112,-48.361260766013736,-42.846091287628546,6.356581561758596,-34.84475691737226,-45.434101101345256
-7.488383574494518,-40.531050897083794,-48.05934963689049,7.00556375669276,-39.52475812079345,-44.637046646594655,-7.488383574494518,-40.531050897083794,-48.05934963689049,7.00556375669276,-39.52475812079345,-44.637046646594655,8.878657206512273,-47.95769672378091,-41.6563575747613,4.903941695794277,-35.93804564721857,-46.74950913416167,8.878657206512273,-47.95769672378091,-41.6563575747613,4.903941695794277,-35.93804564721857,-46.74950913416167
-8.252588507916702,-41.783055645309865,-47.38811669565475,6.268031471698148,-38.24251862693372,-43.406122059332056,-8.252588507916702,-41.783055645309865,-47.38811669565475,6.268031471698148,-38.24251862693372,-43.406122059332056,9.46576718757506,-47.39665847113734,-40.396755383140366,3.448722364095759,-37.1210917417523,-48.01428982839797,9.46576718757506,-47.39665847113734,-40.396755383140366,3.448722364095759,-37.1210917417523,-48.01428982839797
-8.863636562657891,-43.014961546371275,-46.58935259702162,5.363390481815115,-37.03832974336076,-42.14569916408239,-8.863636562657891,-43.014961546371275,-46.58935259702162,5.363390481815115,-37.03832974336076,-42.14569916408239,9.932029039502751,-46.68702540373555,-39.08749369582155,2.0103538888059775,-38.37881150086246,-49.21391385504489,9.932029039502751,-46.68702540373555,-39.08749369582155,2.0103538888059775,-38.37881150086246,-49.21391385504489
-9.31321709765332,-44.21358825655496,-45.67440309794653,4.305659952753233,-35.93073496067041,-40.867460394932465,-9.31321709765332,-44.21358825655496,-45.67440309794653,4.305659952753233,-35.93073496067041,-40.867460394932465,10.27247048773235,-45.84002868583931,-37.74957822987227,0.6080415967276318,-39.6951691438978,-50,10.27247048773235,-45.84002868583931,-37.74957822987227,0.6080415967276318,-39.6951691438978,-50
-9.595215532507755,-45.36611149114122,-44.656264269060394,3.1112314693826644,-34.93679030198081,-39.58325331528724,-9.595215532507755,-45.36611149114122,-44.656264269060394,3.1112314693826644,-34.93679030198081,-39.58325331528724,10.4834610221843,-44.86907349782481,-36.40447442188937,-0.739490613282892,-41.05338126403929,-50,10.4834610221843,-44.86907349782481,-36.40447442188937,-0.739490613282892,-41.05338126403929,-50
-9.705796509666783,-46.46020023332427,-43.549397896664225,1.7986150163531045,-34.07180167459821,-38.30498080680572,-9.705796509666783,-46.46020023332427,-43.549397896664225,1.7986150163531045,-34.07180167459821,-38.30498080680572,10.562750613474574,-43.789526876136875,-35.07376303780409,-2.0142502748200863,-42.436130814710225,-50,10.562750613474574,-43.789526876136875,-35.07376303780409,-2.0142502748200863,-42.436130814710225,-50
-9.643456057711699,-47.48414866558883,-42.36952606549516,0.3881521300020978,-33.34908917198653,-37.04449074561078,-9.643456057711699,-47.48414866558883,-42.36952606549516,0.3881521300020978,-33.34908917198653,-37.04449074561078,10.509493707508994,-42.61847450349706,-33.77879393235,-3.199216592228649,-43.82578789999248,-50,10.509493707508994,-42.61847450349706,-33.77879393235,-3.199216592228649,-43.82578789999248,-50
-9.409042046324755,-48.42700141198456,-41.13340784003536,-1.0982993331817883,-32.77978195559085,-35.813466188328235,-9.409042046324755,-48.42700141198456,-41.13340784003536,-1.0982993331817883,-32.77978195559085,-35.813466188328235,10.32425824257743,-41.374450298578004,-32.540343513256474,-4.278567704999826,-45.20463455367177,-50,10.32425824257743,-41.374450298578004,-32.540343513256474,-4.278567704999826,-45.20463455367177,-50
-9.005742654723727,-49.27867075131668,-39.85860121641694,-2.6377039264142947,-32.37264687516158,-34.62331708578061,-9.005742654723727,-49.27867075131668,-39.85860121641694,-2.6377039264142947,-32.37264687516158,-34.62331708578061,10.009019592789162,-40.07714308485077,-31.378281405792052,-5.237891943793134,-46.55509064127968,-50,10.009019592789162,-40.07714308485077,-31.378281405792052,-5.237891943793134,-46.55509064127968,-50
-8.439043010402724,-50,-38.563213726190064,-4.206205591516012,-32.13395346668111,-33.485074528006336,-8.439043010402724,-50,-38.563213726190064,-4.206205591516012,-32.13395346668111,-33.485074528006336,9.567139502436708,-38.747084981077975,-30.31125166567194,-6.064380257358637,-47.85993800479552,-50,9.567139502436708,-38.747084981077975,-30.31125166567194,-6.064380257358637,-47.85993800479552,-50
-7.716650587919361,-50,-37.265645234411764,-5.779497354776131,-32.06737740681101,-32.40928850081331,-7.716650587919361,-50,-37.265645234411764,-5.779497354776131,-32.06737740681101,-32.40928850081331,9.00333023593559,-37.40532644520722,-29.3563736549309,-6.746997241046355,-49.10253999208342,-50,9.00333023593559,-37.40532644520722,-29.3563736549309,-6.746997241046355,-49.10253999208342,-50
-6.848390382353193,-50,-35.984326585390086,-7.333198010628212,-32.173943910579375,-31.40593010152257,-6.848390382353193,-50,-35.984326585390086,-7.333198010628212,-32.173943910579375,-31.40593010152257,8.323604325648294,-36.073103114655886,-28.52896737989142,-7.27662848330033,-50,-50,8.323604325648294,-36.073103114655886,-28.52896737989142,-7.27662848330033,-50,-50
-5.846071283141461,-50,-34.73745780839466,-8.843229955690816,-32.45201194393629,-30.48429912023626,-5.846071283141461,-50,-34.73745780839466,-8.843229955690816,-32.45201194393629,-30.48429912023626,7.535210453489114,-34.771499715810734,-27.84230769788845,-7.646202262745097,-50,-50,7.535210453489114,-34.771499715810734,-27.84230769788845,-7.646202262745097,-50,-50
-4.723325465693732,-50,-33.54274960189496,-10.286192317903833,-32.89729949429063,-29.65293784322376,-4.723325465693732,-50,-33.54274960189496,-10.286192317903833,-32.89729949429063,-29.65293784322376,6.646556150076201,-33.52111636195577,-27.30741133624354,-7.8507839709448355,-50,-50,6.646556150076201,-33.52111636195577,-27.30741133624354,-7.8507839709448355,-50,-50
-3.4954229851609524,-50,-32.41717176832306,-11.63972359840272,-33.50294950988326,-28.919551877355318,-3.4954229851609524,-50,-32.41717176832306,-11.63972359840272,-33.50294950988326,-28.919551877355318,5.6671181357753015,-32.34174252103532,-26.932860140543347,-7.887642000087334,-50,-50,5.6671181357753015,-32.34174252103532,-26.932860140543347,-7.887642000087334,-50,-50
-2.179064094001446,-50,-31.376712172627222,-12.882848206288614,-34.25963549258608,-28.29093872943541,-2.179064094001446,-50,-31.376712172627222,-12.882848206288614,-34.25963549258608,-28.29093872943541,4.607341259772352,-31.25204381327522,-26.724663388016666,-7.756284215850201,-50,-50,4.607341259772352,-31.25204381327522,-26.724663388016666,-7.756284215850201,-50,-50
-0.7921521079557032,-50,-30.436149648401546,-13.996301516069037,-35.15570511808713,-27.77292480240734,-0.7921521079557032,-50,-30.436149648401546,-13.996301516069037,-35.15570511808713,-27.77292480240734,3.478527114897693,-30.269266595626448,-26.68616137504602,-7.4584645284572115,-50,-50,3.478527114897693,-30.269266595626448,-26.68616137504602,-7.4584645284572115,-50,-50
0.6464500904008221,-50,-29.608844077267904,-14.962828410372287,-36.17735967183225,-27.37031139239297,0.6464500904008221,-50,-29.608844077267904,-14.962828410372287,-36.17735967183225,-27.37031139239297,2.29271351603042,-29.40896500849343,-26.817971825650076,-6.998159474187478,-50,-50,2.29271351603042,-29.40896500849343,-26.817971825650076,-6.998159474187478,-50,-50
2.1171765988240128,-50,-28.90654662324833,-15.767450681439472,-37.30886653756165,-27.086830187100347,2.1171765988240128,-50,-28.90654662324833,-15.767450681439472,-37.30886653756165,-27.086830187100347,1.062546127339128,-28.684754804699995,-27.117979980756054,-6.381515120024533,-50,-50,1.062546127339128,-28.684754804699995,-27.117979980756054,-6.381515120024533,-50,-50
3.6000246040799415,-50,-28.339232817588403,-16.397699147487216,-38.532801466297585,-26.925108678070746,3.6000246040799415,-50,-28.339232817588403,-16.397699147487216,-38.532801466297585,-26.925108678070746,-0.1988563926595195,-28.10809785677409,-27.58137252726916,-5.616765000383593,-50,-50,-0.1988563926595195,-28.10809785677409,-27.58137252726916,-5.616765000383593,-50,-50
5.074826432890253,-50,-27.914960864916587,-16.843806886850057,-39.83031689504484,-26.88664580734726,5.074826432890253,-50,-27.914960864916587,-16.843806886850057,-39.83031689504484,-26.88664580734726,-1.4780422901115107,-27.688120753094317,-28.20071482258321,-4.71412018163775,-50,-50,-1.4780422901115107,-27.688120753094317,-28.20071482258321,-4.71412018163775,-50,-50
6.5215238450795905,-49.56350287418028,-27.639757183378414,-17.098860595363803,-41.18143218332499,-26.971798074287143,6.5215238450795905,-49.56350287418028,-27.639757183378414,-17.098860595363803,-41.18143218332499,-26.971798074287143,-2.761370167006373,-27.431470353925537,-28.966070175546804,-3.6856329223207105,-50,-48.9323010335786,-2.761370167006373,-27.431470353925537,-28.966070175546804,-3.6856329223207105,-50,-48.9323010335786
7.920440838361627,-48.7472470609739,-27.517530804550724,-17.158907721414742,-42.565341298144475,-27.179776231289733,7.920440838361627,-48.7472470609739,-27.517530804550724,-17.158907721414742,-42.565341298144475,-27.179776231289733,-4.035154454748774,-27.34220859341908,-29.86515927014841,-2.545035749435887,-50,-47.71572856392388,-4.035154454748774,-27.34220859341908,-29.86515927014841,-2.545035749435887,-50,-47.71572856392388
9.252551254449203,-47.836381485068905,-27.550017849010455,-17.023017718388353,-43.960733209310064,-27.508652599065826,9.252551254449203,-47.836381485068905,-27.550017849010455,-17.023017718388353,-43.960733209310064,-27.508652599065826,-5.285811358768127,-27.42174819251592,-30.88355717413613,-1.3075580995510112,-50,-46.437429187159765,-5.285811358768127,-27.42174819251592,-30.88355717413613,-1.3075580995510112,-50,-46.437429187159765
10.499737546873032,-46.84065163218452,-27.736756866235147,-16.69329646529299,-45.34612006127419,-27.955378933646074,10.499737546873032,-46.84065163218452,-27.736756866235147,-16.69329646529299,-45.34612006127419,-27.955378933646074,-6.500003717799916,-27.668830300207034,-32.00492477177748,0.010277027083277268,-50,-45.11208752987959,-6.500003717799916,-27.668830300207034,-32.00492477177748,0.010277027083277268,-50,-45.11208752987959
11.645037191103512,-45.77071096351033,-28.075095389110658,-16.174853632082524,-46.700168067941114,-28.515814679524418,11.645037191103512,-45.77071096351033,-28.075095389110658,-16.174853632082524,-46.700168067941114,-28.515814679524418,-7.664783233036915,-28.079544417016624,-33.21127090766576,1.390873684286357,-50,-43.75492862285437,-7.664783233036915,-28.079544417016624,-33.21127090766576,1.390873684286357,-50,-43.75492862285437
12.672873385642331,-44.63800693274668,-28.560227609945066,-15.475723495415755,-48.00202603493389,-29.184765347068996,12.672873385642331,-44.63800693274668,-28.560227609945066,-15.475723495415755,-48.00202603493389,-29.184765347068996,-8.767728550402719,-28.647390285384567,-34.48324103575331,2.8157979238453477,-50,-42.38154300155577,-8.767728550402719,-28.647390285384567,-34.48324103575331,2.8157979238453477,-50,-42.38154300155577
13.569266906400653,-43.45465850810127,-29.185262642833216,-14.606740431965706,-49.23164645035685,-29.956030658491535,13.569266906400653,-43.45465850810127,-29.185262642833216,-14.606740431965706,-49.23164645035685,-29.956030658491535,-9.797077723422486,-29.36338076742655,-35.80042774254293,4.266023928551243,-50,-41.007707607899,-9.797077723422486,-29.36338076742655,-35.80042774254293,4.266023928551243,-50,-41.007707607899
14.322026233012764,-42.23332650965437,-29.941322402763383,-13.581371018751947,-50,-30.822462016128064,14.322026233012764,-42.23332650965437,-29.941322402763383,-13.581371018751947,-50,-30.822462016128064,-10.741853644086437,-30.216184081853722,-37.14169816242374,5.722188047964938,-49.796833042934644,-39.64920455061642,-10.741853644086437,-30.216184081853722,-37.14169816242374,5.722188047964938,-49.796833042934644,-39.64920455061642
14.92091336124465,-40.98707814936803,-30.817667711178775,-12.415505342425249,-50,-31.776028760376562,14.92091336124465,-40.98707814936803,-30.817667711178775,-12.415505342425249,-50,-31.776028760376562,-11.591981104100268,-31.19230314890906,-38.48553303211644,7.164847344985889,-48.59822723379717,-38.321639806276636,-11.591981104100268,-31.19230314890906,-38.48553303211644,7.164847344985889,-48.59822723379717,-38.321639806276636
15.357783046344403,-39.72924722305107,-31.801850836771315,-11.12721075157355,-50,-32.80789260316741,15.357783046344403,-39.72924722305107,-31.801850836771315,-11.12721075157355,-50,-32.80789260316741,-12.338394238162962,-32.27628920487731,-39.810371944460684,8.574739201070788,-47.32796294665423,-37.04026394364586,-12.338394238162962,-32.27628920487731,-39.810371944460684,8.574739201070788,-47.32796294665423,-37.04026394364586
15.626693583536458,-38.473291450101236,-32.879892304797444,-9.736451868134036,-50,-33.90848954707133,15.626693583536458,-38.473291450101236,-32.879892304797444,-9.736451868134036,-50,-33.90848954707133,-12.97313320348523,-33.45098630535113,-41.094959262312145,9.933038513808125,-46.002235903399225,-35.81979693083995,-12.97313320348523,-33.45098630535113,-41.094959262312145,9.933038513808125,-46.002235903399225,-35.81979693083995
15.72398761897482,-37.23264848737337,-34.03647946349307,-8.264781196875601,-50,-35.067618530760136,15.72398761897482,-37.23264848737337,-34.03647946349307,-8.264781196875601,-50,-35.067618530760136,-13.489429064546814,-34.69780284756864,-42.31868514272766,11.221609052708022,-44.63794896964532,-34.67425903781891,-13.489429064546814,-34.69780284756864,-42.31868514272766,11.221609052708022,-44.63794896964532,-34.67425903781891
15.64834189207462,-36.0205921576968,-35.25518398711955,-6.735005127560285,-50,-36.274535979198994,15.64834189207462,-36.0205921576968,-35.25518398711955,-6.735005127560285,-50,-36.274535979198994,-13.881775977868726,-35.997005814516754,-43.461916200066256,12.423245617063523,-43.25249664512583,-33.61680977675444,-13.881775977868726,-35.997005814516754,-43.461916200066256,12.423245617063523,-43.25249664512583,-33.61680977675444
15.400785232695435,-34.850090431279945,-36.51869522620071,-5.170830505725309,-50,-37.51805538221522,15.400785232695435,-34.850090431279945,-36.51869522620071,-5.170830505725309,-50,-37.51805538221522,-14.145989907015585,-37.32803308387634,-44.50631050286709,13.521903762552046,-41.86354328581104,-32.65959673046037,-14.145989907015585,-37.32803308387634,-44.50631050286709,13.521903762552046,-41.86354328581104,-32.65959673046037
14.984684568402665,-33.733666679475625,-37.80906609040835,-3.59649724915845,-50,-38.78665097848134,14.984684568402665,-33.733666679475625,-37.80906609040835,-3.59649724915845,-50,-38.78665097848134,-14.2792532416819,-38.669818858986744,-45.43511185071283,14.502914029232686,-40.48879788550201,-31.813616005490587,-14.2792532416819,-38.669818858986744,-45.43511185071283,14.502914029232686,-40.48879788550201,-31.813616005490587
14.405699132117459,-32.68326568537545,-39.10796797154248,-2.0364027033837884,-50,-40.068564583905285,14.405699132117459,-32.68326568537545,-39.10796797154248,-2.0364027033837884,-50,-40.068564583905285,-14.280144845039938,-40.001127071323054,-46.233418609718036,15.35317781052984,-39.14578828813087,-31.088585912967815,-14.280144845039938,-40.001127071323054,-46.233418609718036,15.35317781052984,-39.14578828813087,-31.088585912967815
13.671703492959663,-31.710125844807266,-40.39695108564617,-0.5147235575011297,-50,-41.351914574265926,13.671703492959663,-31.710125844807266,-40.39695108564617,-0.5147235575011297,-50,-41.351914574265926,-14.148655208920248,-41.30088747781861,-46.88842279346174,16.06134224793125,-37.8516377098668,-30.492835328248763,-14.148655208920248,-41.30088747781861,-46.88842279346174,16.06134224793125,-37.8516377098668,-30.492835328248763
12.792680457114246,-30.82465892507234,-41.65770653631645,0.944958820475577,-50,-42.62480601197532,12.792680457114246,-30.82465892507234,-41.65770653631645,0.944958820475577,-50,-42.62480601197532,-13.88618655520796,-42.548529133714354,-47.38961555356402,16.617951816177495,-36.62284642006673,-30.033208011909466,-13.88618655520796,-42.548529133714354,-47.38961555356402,16.617951816177495,-36.62284642006673,-30.033208011909466
11.78058529533592,-30.03633866790582,-42.87232637682859,2.3200238226271734,-50,-43.875440896238054,11.78058529533592,-30.03633866790582,-42.87232637682859,2.3200238226271734,-50,-43.875440896238054,-13.495537882373583,-43.7243059631533,-47.72895578302777,17.0155745749533,-35.475081364732375,-29.71498399117616,-13.495537882373583,-43.7243059631533,-47.72895578302777,17.0155745749533,-35.475081364732375,-29.71498399117616
10.649183143685036,-29.35359942850963,-44.02355797711662,3.589162151296465,-50,-45.092227514734354,10.649183143685036,-29.35359942850963,-44.02355797711662,3.589162151296465,-50,-45.092227514734354,-12.98087511660405,-44.80960927480572,-47.90099912728374,17.248901401347624,-34.422976414838374,-29.54181890494096,-12.98087511660405,-44.80960927480572,-47.90099912728374,17.248901401347624,-34.422976414838374,-29.54181890494096
9.413861788947461,-28.783745935137674,-45.09504908254281,4.732706047962013,-50,-46.26388788328774,9.413861788947461,-28.783745935137674,-45.09504908254281,4.732706047962013,-50,-46.26388788328774,-12.347686685846403,-45.78726227642599,-47.9029853330932,17.314816878115387,-33.47994578610627,-29.5157020091454,-12.347686685846403,-45.78726227642599,-47.9029853330932,17.314816878115387,-33.47994578610627,-29.5157020091454
8.09142238497567,-28.332875134725498,-46.071580083608936,5.732934083280226,-50,-47.379562277689764,8.09142238497567,-28.332875134725498,-46.071580083608936,5.732934083280226,-50,-47.379562277689764,-11.602724990526847,-46.64179192714515,-47.734882533887614,17.212440891228482,-32.65801300937529,-29.636933324950054,-11.602724990526847,-46.64179192714515,-47.734882533887614,17.212440891228482,-32.65801300937529,-29.636933324950054
6.699850946340604,-28.00581096075251,-46.93928019741873,6.574345784985335,-49.66327505775869,-48.42890988881623,6.699850946340604,-28.00581096075251,-46.93928019741873,6.574345784985335,-49.66327505775869,-48.42890988881623,-10.753934395110821,-47.359673824964126,-47.39938776103402,16.943140381299628,-31.967657631952918,-29.904120192203145,-10.753934395110821,-47.359673824964126,-47.39938776103402,16.943140381299628,-31.967657631952918,-29.904120192203145
5.258073727127906,-27.806052721262667,-47.68582449021693,7.243901847752992,-48.46515851965675,-49.4022046680946,5.258073727127906,-27.806052721262667,-47.68582449021693,7.243901847752992,-48.46515851965675,-49.4022046680946,-9.810366508408478,-47.92954625368525,-46.90188367282329,16.510511091971793,-31.417681604593408,-30.314193267801297,-9.810366508408478,-47.92954625368525,-46.90188367282329,16.510511091971793,-31.417681604593408,-30.314193267801297
3.7856998118789025,-27.735737659249704,-48.300608942472536,7.731226202512058,-47.187672581325494,-50,3.7856998118789025,-27.735737659249704,-48.300608942472536,7.731226202512058,-47.187672581325494,-50,-8.782083656089231,-48.34239000161969,-46.25035219541888,15.920329558972039,-31.015097057685395,-30.86244178515839,-8.782083656089231,-48.34239000161969,-46.25035219541888,15.920329558972039,-31.015097057685395,-30.86244178515839
2.3027544196051193,-27.795618085977573,-48.77490106985478,8.028766813747797,-45.85048944602716,-50,2.3027544196051193,-27.795618085977573,-48.77490106985478,8.028766813747797,-45.85048944602716,-50,-7.680051574785869,-48.591671106130605,-45.45524646130562,15.180475980878779,-30.765036897369974,-31.542567669735604,-7.680051574785869,-48.591671106130605,-45.45524646130562,15.180475980878779,-30.765036897369974,-31.542567669735604
