4.370490024057937,-50,-50,0.44240274036873767,-26.57521291594561,-26.96922916920345,4.370490024057937,-50,-50,0.44240274036873767,-26.57521291594561,-26.96922916920345,0.8387292229933265,-50,-50,-0.9278830876318014,-26.228198045250764,-37.50518172883611,0.8387292229933265,-50,-50,-0.9278830876318014,-26.228198045250764,-37.50518172883611
20.02745123179375,-47.45233045806162,-49.2096204747222,-15.450044971375704,-39.95176365781213,-38.932767476568614,20.02745123179375,-47.45233045806162,-49.2096204747222,-15.450044971375704,-39.95176365781213,-38.932767476568614,-14.898537327821213,-48.385662065145915,-45.411898836498914,15.246115935831416,-37.94125159991884,-44.96752166708446,-14.898537327821213,-48.385662065145915,-45.411898836498914,15.246115935831416,-37.94125159991884,-44.96752166708446
23.018334929082044,-31.23374737303731,-32.36817699608878,-18.634865334299416,-50,-50,23.018334929082044,-31.23374737303731,-32.36817699608878,-18.634865334299416,-50,-50,-17.75514767480111,-31.780723086646432,-30.216051567391588,19.062527385849386,-50,-42.85941487872401,-17.75514767480111,-31.780723086646432,-30.216051567391588,19.062527385849386,-50,-42.85941487872401
11.002138613872926,-24.269318206111762,-24.21105128909162,-6.614103483695342,-50,-50,11.002138613872926,-24.269318206111762,-24.21105128909162,-6.614103483695342,-50,-50,-5.4940173525668055,-24.225254848671167,-24.463872303871238,7.518508472337148,-50,-36.518582727211545,-5.4940173525668055,-24.225254848671167,-24.463872303871238,7.518508472337148,-50,-36.518582727211545
-6.615908863065702,-32.02976998773816,-31.185329489944728,11.183978662820529,-50,-47.64345822245741,-6.615908863065702,-32.02976998773816,-31.185329489944728,11.183978662820529,-50,-47.64345822245741,12.282849571066262,-31.67132007729697,-32.64818000078757,-10.302833698189966,-50,-41.999997106805175,12.282849571066262,-31.67132007729697,-32.64818000078757,-10.302833698189966,-50,-41.999997106805175
-16.045938887938807,-48.41908073065952,-47.77880375560238,20.799785016905,-36.44173080246391,-33.707867287988414,-16.045938887938807,-48.41908073065952,-47.77880375560238,20.799785016905,-36.44173080246391,-33.707867287988414,21.653934930337858,-48.25304178021749,-48.376508243503096,-20.37924561683616,-35.91313094334914,-45.42472987332329,21.653934930337858,-48.25304178021749,-48.376508243503096,-20.37924561683616,-35.91313094334914,-45.42472987332329
-9.906947678269443,-50,-50,14.691335961781242,-25.1802991803971,-24.848127554829286,-9.906947678269443,-50,-50,14.691335961781242,-25.1802991803971,-24.848127554829286,15.280502623862631,-50,-50,-14.782368070736583,-25.431347456901698,-38.1213658247915,15.280502623862631,-50,-50,-14.782368070736583,-25.431347456901698,-38.1213658247915
6.995998693019427,-50,-50,-2.3503196224644647,-27.82729104614396,-27.944955275708548,6.995998693019427,-50,-50,-2.3503196224644647,-27.82729104614396,-27.944955275708548,-1.8462498547853072,-50,-50,2.0840433161667296,-27.39128558714993,-38.58200532452637,-1.8462498547853072,-50,-50,2.0840433161667296,-27.39128558714993,-38.58200532452637
21.43275029295702,-44.78567758668092,-46.12186076101754,-16.958874811616802,-42.31343186343659,-40.593269322655395,21.43275029295702,-44.78567758668092,-46.12186076101754,-16.958874811616802,-42.31343186343659,-40.593269322655395,-16.31392555308108,-45.506360972290416,-43.1947574649044,16.94909716041688,-40.255499735491476,-45.640310257133315,-16.31392555308108,-45.506360972290416,-43.1947574649044,16.94909716041688,-40.255499735491476,-45.640310257133315
22.103479031414434,-29.257840300636836,-29.93090003697054,-17.676379912216376,-50,-50,22.103479031414434,-29.257840300636836,-29.93090003697054,-17.676379912216376,-50,-50,-16.792518406660804,-29.583340436511108,-28.667197349691634,18.116617526837587,-50,-41.424669356719136,-16.792518406660804,-29.583340436511108,-28.667197349691634,18.116617526837587,-50,-41.424669356719136
8.483197040642384,-24.53627957929416,-24.350589356203677,-3.940073087721337,-50,-50,8.483197040642384,-24.53627957929416,-24.350589356203677,-3.940073087721337,-50,-50,-2.907230137867617,-24.440849386372687,-24.793059190488197,4.667971778330128,-50,-36.609075335153776,-2.907230137867617,-24.440849386372687,-24.793059190488197,4.667971778330128,-50,-36.609075335153776
-8.767328679983237,-34.32989521114452,-33.79139692994971,13.47622781807102,-50,-46.13634245509574,-8.767328679983237,-34.32989521114452,-33.79139692994971,13.47622781807102,-50,-46.13634245509574,14.46801564790562,-34.13005028257733,-34.59829203338194,-12.815127538854147,-48.589280987942445,-43.38660077707388,14.46801564790562,-34.13005028257733,-34.59829203338194,-12.815127538854147,-48.589280987942445,-43.38660077707388
-16.14589344417704,-50,-50,20.91236976190145,-34.27710079513885,-32.23310704175589,-16.14589344417704,-50,-50,20.91236976190145,-34.27710079513885,-32.23310704175589,21.72622054760417,-50,-50,-20.57656439254603,-33.760060569814996,-44.596567417767524,21.72622054760417,-50,-50,-20.57656439254603,-33.760060569814996,-44.596567417767524
-7.877201278319006,-50,-50,12.535952536999183,-24.63359199757146,-24.551061981975675,-7.877201278319006,-50,-50,12.535952536999183,-24.63359199757146,-24.551061981975675,13.183299069896,-50,-50,-12.509456702015324,-24.839221190000483,-37.17534260695351,13.183299069896,-50,-50,-12.509456702015324,-24.839221190000483,-37.17534260695351
9.566737867319594,-50,-50,-5.083136148258655,-29.325892682786304,-29.05629362693675,9.566737867319594,-50,-50,-5.083136148258655,-29.325892682786304,-29.05629362693675,-4.4705689547973435,-50,-50,5.038804408221008,-28.82458845771722,-39.913449877125906,-4.4705689547973435,-50,-50,5.038804408221008,-28.82458845771722,-39.913449877125906
22.53233217217732,-42.082194391552775,-42.95840416837878,-18.12569041167877,-44.68581691864116,-42.24991583151113,22.53233217217732,-42.082194391552775,-42.95840416837878,-18.12569041167877,-44.68581691864116,-42.24991583151113,-17.41018893749181,-42.5738917611132,-40.9638349125724,18.260832066091396,-42.58989768634011,-45.878008146486025,-17.41018893749181,-42.5738917611132,-40.9638349125724,18.260832066091396,-42.58989768634011,-45.878008146486025
20.871246969896163,-27.568013342248115,-27.861035919929865,-16.362024381556793,-50,-50,20.871246969896163,-27.568013342248115,-27.861035919929865,-16.362024381556793,-50,-50,-15.502214241743065,-27.711011410145268,-27.33003821571034,16.753222198758483,-50,-39.96677009353682,-15.502214241743065,-27.711011410145268,-27.33003821571034,16.753222198758483,-50,-39.96677009353682
5.883634659642963,-25.18750867699375,-25.010260659881162,-1.1754368432654245,-50,-50,5.883634659642963,-25.18750867699375,-25.010260659881162,-1.1754368432654245,-50,-50,-0.24082854461770475,-25.103647859670634,-25.394070060184518,1.702197906029875,-50,-37.14697637891162,-0.24082854461770475,-25.103647859670634,-25.394070060184518,1.702197906029875,-50,-37.14697637891162
-10.699511022561236,-36.81062420685966,-36.659224204136436,15.522753542588541,-48.50119713084528,-44.564250239538595,-10.699511022561236,-36.81062420685966,-36.659224204136436,15.522753542588541,-48.50119713084528,-44.564250239538595,16.422387533412234,-36.8058354743775,-36.6680450771041,-15.04973892970405,-46.422362650359844,-44.558337967064006,16.422387533412234,-36.8058354743775,-36.6680450771041,-15.04973892970405,-46.422362650359844,-44.558337967064006
-15.898352188303967,-50,-50,20.635630418732674,-32.25400373165718,-30.84667541369805,-15.898352188303967,-50,-50,20.635630418732674,-32.25400373165718,-30.84667541369805,21.43804422491336,-50,-50,-20.321768209262103,-31.75340387120204,-43.435304981770166,21.43804422491336,-50,-50,-20.321768209262103,-31.75340387120204,-43.435304981770166
-5.643690096156988,-50,-50,10.153003504391561,-24.385395631348675,-24.427031672385873,-5.643690096156988,-50,-50,10.153003504391561,-24.385395631348675,-24.427031672385873,10.878252771764812,-50,-50,-9.965732607740676,-24.566919445638362,-36.62139426504534,10.878252771764812,-50,-50,-9.965732607740676,-24.566919445638362,-36.62139426504534
12.038021521440191,-50,-50,-7.703272931847412,-31.046623458431085,-30.290989967340394,12.038021521440191,-50,-50,-7.703272931847412,-31.046623458431085,-30.290989967340394,-6.987344645936471,-50,-50,7.869994134983271,-30.50024489920805,-41.36941151068271,-6.987344645936471,-50,-50,7.869994134983271,-30.50024489920805,-41.36941151068271
23.30708332250077,-39.39810138335958,-39.8058272991514,-18.92795918832983,-47.03030093369815,-43.88443986635498,23.30708332250077,-39.39810138335958,-39.8058272991514,-18.92795918832983,-47.03030093369815,-43.88443986635498,-18.167742748062196,-39.65790978445314,-38.75375640764868,19.151840388402835,-44.899067443725926,-45.65738836962607,-18.167742748062196,-39.65790978445314,-38.75375640764868,19.151840388402835,-44.899067443725926,-45.65738836962607
19.343058091108947,-26.199407435583016,-26.215232111850703,-14.71718049534918,-50,-50,19.343058091108947,-26.199407435583016,-26.215232111850703,-14.71718049534918,-50,-50,-13.907286449393057,-26.20820970175342,-26.225327660468363,15.00298269555851,-50,-38.62817765542234,-13.907286449393057,-26.20820970175342,-26.225327660468363,15.00298269555851,-50,-38.62817765542234
3.2486385174856083,-26.209462810093864,-26.172011498906837,1.6264168682693694,-50,-50,3.2486385174856083,-26.209462810093864,-26.172011498906837,1.6264168682693694,-50,-50,2.457552192809815,-26.19790672338384,-26.257576871312317,-1.3121595869869436,-50,-38.07972414231383,2.457552192809815,-26.19790672338384,-26.257576871312317,-1.3121595869869436,-50,-38.07972414231383
-12.378869617120394,-39.42036876776802,-39.710325411327084,17.284035014727458,-46.194738690800904,-42.944516368320315,-12.378869617120394,-39.42036876776802,-39.710325411327084,17.284035014727458,-46.194738690800904,-42.944516368320315,18.111050395906595,-39.63511735140484,-38.825315349230394,-16.956446645044718,-44.15571741245736,-45.400710818252506,18.111050395906595,-39.63511735140484,-38.825315349230394,-16.956446645044718,-44.15571741245736,-45.400710818252506
-15.307618020818925,-50,-50,19.97491114999214,-30.405371761517408,-29.563859995978767,-15.307618020818925,-50,-50,19.97491114999214,-30.405371761517408,-29.563859995978767,20.794554229018235,-50,-50,-19.620583421320237,-29.932167943610715,-42.05441686933109,20.794554229018235,-50,-50,-19.620583421320237,-29.932167943610715,-42.05441686933109
-3.245238271812414,-50,-50,7.588506415841481,-24.439750243708595,-24.477404255556053,-3.245238271812414,-50,-50,7.588506415841481,-24.439750243708595,-24.477404255556053,8.40654335557269,-50,-50,-7.208364091255058,-24.61973545624418,-36.51365059832801,8.40654335557269,-50,-50,-7.208364091255058,-24.61973545624418,-36.51365059832801
14.366892421316079,-50,-50,-10.160132046573787,-32.96147316824287,-31.635429825266993,14.366892421316079,-50,-50,-10.160132046573787,-32.96147316824287,-31.635429825266993,-9.351614758882262,-50,-50,10.513983617251004,-32.38568207946359,-42.807618997008404,-9.351614758882262,-50,-50,10.513983617251004,-32.38568207946359,-42.807618997008404
23.743536586302167,-36.78921584253095,-36.7504090024293,-19.350188386774054,-49.30872019443182,-45.478818225522325,23.743536586302167,-36.78921584253095,-36.7504090024293,-19.350188386774054,-49.30872019443182,-45.478818225522325,-18.573053294515397,-36.82767877155323,-36.59882366642243,19.60209737931934,-47.1381214059478,-45.00000908158523,-18.573053294515397,-36.82767877155323,-36.59882366642243,19.60209737931934,-47.1381214059478,-45.00000908158523
17.545476228488994,-25.18048353913181,-25.038530514734266,-12.773612125936868,-50,-50,17.545476228488994,-25.18048353913181,-25.038530514734266,-12.773612125936868,-50,-50,-12.03622839662242,-25.110631571281292,-25.37021144053641,12.905234345729463,-50,-37.53969438347105,-12.03622839662242,-25.110631571281292,-25.37021144053641,12.905234345729463,-50,-37.53969438347105
0.6240115902270444,-27.580889846027016,-27.804047398638833,4.41138095236489,-50,-50,0.6240115902270444,-27.580889846027016,-27.804047398638833,4.41138095236489,-50,-50,5.139705532991986,-27.697633893108293,-27.37017749105914,-4.307355262474581,-50,-39.3161739366332,5.139705532991986,-27.697633893108293,-27.37017749105914,-4.307355262474581,-50,-39.3161739366332
-13.776212913712335,-42.10485773278796,-42.861198860191784,18.7260598152478,-43.835816851106195,-41.2950009582588,-13.776212913712335,-42.10485773278796,-42.861198860191784,18.7260598152478,-43.835816851106195,-41.2950009582588,19.503836292406767,-42.550691584054036,-41.03662074825706,-18.49239884992228,-41.83340624823285,-45.831405746703574,19.503836292406767,-42.550691584054036,-41.03662074825706,-18.49239884992228,-41.83340624823285,-45.831405746703574
-14.383959413275392,-50,-50,18.94297122279536,-28.76129707629412,-28.39880584885971,-14.383959413275392,-50,-50,18.94297122279536,-28.76129707629412,-28.39880584885971,19.80724650143369,-50,-50,-18.488768634280785,-28.33175551681437,-40.58883839963695,19.80724650143369,-50,-50,-18.488768634280785,-28.33175551681437,-40.58883839963695
-0.7235370357681887,-50,-50,4.891984729975281,-24.79577104555608,-24.701624294425955,-0.7235370357681887,-50,-50,4.891984729975281,-24.79577104555608,-24.701624294425955,5.812327882146738,-50,-50,-4.299320955074421,-24.996642539375042,-36.8626399225484,5.812327882146738,-50,-50,-4.299320955074421,-24.996642539375042,-36.8626399225484
16.512868830993412,-50,-50,-12.406268649835532,-35.039271722536434,-33.07478863395048,16.512868830993412,-50,-50,-12.406268649835532,-35.039271722536434,-33.07478863395048,-11.521141634747693,-50,-50,12.91135116180802,-34.44424927026891,-44.08753597803318,-11.521141634747693,-50,-50,12.91135116180802,-34.44424927026891,-44.08753597803318
23.834105288947704,-34.30979106632484,-33.87576911844958,-19.384224263989637,-50,-47.01547037664756,23.834105288947704,-34.30979106632484,-33.87576911844958,-19.384224263989637,-50,-47.01547037664756,-18.618879708512942,-34.15042559697616,-34.53248251054506,19.601483848518054,-49.263534941643094,-43.97010697414135,-18.618879708512942,-34.15042559697616,-34.53248251054506,19.601483848518054,-49.263534941643094,-43.97010697414135
15.509747954923645,-24.532430769922527,-24.36313477142174,-10.568851867200285,-50,-50,15.509747954923645,-24.532430769922527,-24.36313477142174,-10.568851867200285,-50,-50,-9.922466514429017,-24.444347946142123,-24.777961461824102,10.507122480114818,-50,-36.80768286883502,-9.922466514429017,-24.444347946142123,-24.777961461824102,10.507122480114818,-50,-36.80768286883502
-1.9446233895661154,-29.273270159273572,-29.86170325337223,7.125674473097372,-50,-50,-1.9446233895661154,-29.273270159273572,-29.86170325337223,7.125674473097372,-50,-50,7.75771483677458,-29.5672061388469,-28.714603704419705,-7.216074329755955,-50,-40.7355044251142,7.75771483677458,-29.5672061388469,-28.714603704419705,-7.216074329755955,-50,-40.7355044251142
-14.867251509960681,-44.80826558733644,-46.0256123203733,19.820980747182055,-41.462830346098855,-39.63389251454006,-14.867251509960681,-44.80826558733644,-46.0256123203733,19.820980747182055,-41.462830346098855,-39.63389251454006,20.575863118589375,-45.483304128282995,-43.26764051577791,-19.623076163179952,-39.50057221320778,-45.80833682444149,20.575863118589375,-45.483304128282995,-43.26764051577791,-19.623076163179952,-39.50057221320778,-45.80833682444149
-13.143431915967785,-50,-50,17.55973861230674,-27.348542066333106,-27.364359529134173,-13.143431915967785,-50,-50,17.55973861230674,-27.348542066333106,-27.364359529134173,18.493759283571297,-50,-50,-16.9517605420127,-26.983276765949373,-39.18178052281461,18.493759283571297,-50,-50,-16.9517605420127,-26.983276765949373,-39.18178052281461
1.8775799913153253,-50,-50,2.1155114558610175,-25.447662699394687,-25.097219409947225,1.8775799913153253,-50,-50,2.1155114558610175,-25.447662699394687,-25.097219409947225,3.1419519816440236,-50,-50,-1.3039817757589502,-25.69031405524114,-37.63426028155797,3.1419519816440236,-50,-50,-1.3039817757589502,-25.69031405524114,-37.63426028155797
18.438648188795263,-48.397348862251,-47.87335195227084,-14.398307198865005,-37.24619653620066,-34.59319519570652,18.438648188795263,-48.397348862251,-47.87335195227084,-14.398307198865005,-37.24619653620066,-34.59319519570652,-13.457166700378506,-48.27544459324675,-48.307797043476775,15.008217719696498,-36.63593029531617,-45.08409366301935,-13.457166700378506,-48.27544459324675,-48.307797043476775,15.008217719696498,-36.63593029531617,-45.08409366301935
23.57721511461491,-32.01138813985103,-31.260579994005134,-19.02940954710829,-50,-48.47745230972056,23.57721511461491,-32.01138813985103,-31.260579994005134,-19.02940954710829,-50,-48.47745230972056,-18.304403301685923,-31.689743431215653,-32.58680376823737,19.15001358464649,-50,-42.66832030201412,-18.304403301685923,-31.689743431215653,-32.58680376823737,19.15001358464649,-50,-42.66832030201412
13.271259437352779,-24.268725763467348,-24.20752892523154,-8.145476235971017,-50,-50,13.271259437352779,-24.268725763467348,-24.20752892523154,-8.145476235971017,-50,-50,-7.603763134984467,-24.225185154818053,-24.45776979180633,7.862542875733485,-50,-36.50367259061245,-7.603763134984467,-24.225185154818053,-24.45776979180633,7.862542875733485,-50,-36.50367259061245
-4.41261697266102,-31.251409713617214,-32.28866570855815,9.716881226340355,-50,-50,-4.41261697266102,-31.251409713617214,-32.28866570855815,9.716881226340355,-50,-50,10.264809397489579,-31.762215248592405,-30.269989227033577,-9.972945495477893,-50,-42.1990238406475,10.264809397489579,-31.762215248592405,-30.269989227033577,-9.972945495477893,-50,-42.1990238406475
-15.63302036303239,-47.47437338748241,-49.11696300224126,20.54765359800043,-39.11440685595854,-37.9795073738038,-15.63302036303239,-47.47437338748241,-49.11696300224126,20.54765359800043,-39.11440685595854,-37.9795073738038,21.307979127302414,-48.36329622664273,-45.483747914810436,-20.323067454824503,-37.20256291539777,-45.333758261898424,21.307979127302414,-48.36329622664273,-45.483747914810436,-20.323067454824503,-37.20256291539777,-45.333758261898424
-11.607599071380175,-50,-50,15.851925169073002,-26.190103680239933,-26.47192743660689,-11.607599071380175,-50,-50,15.851925169073002,-26.190103680239933,-26.47192743660689,16.877558009755433,-50,-50,-15.044102255954916,-25.912944565525223,-37.97073577139643,16.877558009755433,-50,-50,-15.044102255954916,-25.912944565525223,-37.97073577139643
4.51289873909988,-50,-50,-0.6872964381167099,-26.384813656333034,-25.659827542956073,4.51289873909988,-50,-50,-0.6872964381167099,-26.384813656333034,-25.659827542956073,0.44312188939187847,-50,-50,1.7103354308728274,-26.687265828148504,-38.75311176533076,0.44312188939187847,-50,-50,1.7103354308728274,-26.687265828148504,-38.75311176533076
20.11075552130336,-45.75776179591256,-44.741895718224335,-16.097779083536945,-39.54632309567302,-36.173906686882496,20.11075552130336,-45.75776179591256,-44.741895718224335,-16.097779083536945,-39.54632309567302,-36.173906686882496,-15.125102889825222,-45.39278189638913,-46.163191890049404,16.757457777689826,-38.91812139860445,-45.69991209185263,-15.125102889825222,-45.39278189638913,-46.163191890049404,16.757457777689826,-38.91812139860445,-45.69991209185263
22.977331471930373,-29.941803693217203,-28.976413399485885,-18.292596126128494,-50,-49.84864337148193,22.977331471930373,-29.941803693217203,-28.976413399485885,-18.292596126128494,-50,-49.84864337148193,-17.635242191493436,-29.504081203190466,-30.79198551620091,18.25783304543302,-50,-41.221854881905074,-17.635242191493436,-29.504081203190466,-30.79198551620091,18.25783304543302,-50,-41.221854881905074
10.868921334632176,-24.39485241926269,-24.575971553790236,-5.550283469356749,-50,-50,10.868921334632176,-24.39485241926269,-24.575971553790236,-5.550283469356749,-50,-50,-5.1215418679960125,-24.458349001857883,-24.41460599323784,5.030930488356111,-50,-36.657370317627326,-5.1215418679960125,-24.458349001857883,-24.41460599323784,5.030930488356111,-50,-36.657370317627326
-6.73706911484647,-33.47417194266597,-35.01851432906943,12.13496195838955,-50,-49.992655951632784,-6.73706911484647,-33.47417194266597,-35.01851432906943,12.13496195838955,-50,-49.992655951632784,12.616199999102404,-34.23052286282123,-32.012193562172754,-12.516010134712396,-49.77477378857185,-43.563722436323125,12.616199999102404,-34.23052286282123,-32.012193562172754,-12.516010134712396,-49.77477378857185,-43.563722436323125
-16.060208450614702,-50,-50,20.892045459253374,-36.82877422197839,-36.35008773768608,-16.060208450614702,-50,-50,20.892045459253374,-36.82877422197839,-36.35008773768608,21.687105074312175,-50,-47.650547657088225,-20.576640942235315,-34.98404901001809,-44.45404413474281,21.687105074312175,-50,-47.650547657088225,-20.576640942235315,-34.98404901001809,-44.45404413474281
-9.803157584635926,-50,-50,13.852510781735177,-25.304839078555208,-25.73135004057204,-9.803157584635926,-50,-50,13.852510781735177,-25.304839078555208,-25.73135004057204,14.98751609750403,-50,-50,-12.8086669744296,-25.141564941321015,-37.07404299456923,14.98751609750403,-50,-50,-12.8086669744296,-25.141564941321015,-37.07404299456923
7.1366106238172815,-50,-50,-3.462313431052607,-27.59196889179846,-26.38324505274536,7.1366106238172815,-50,-50,-3.462313431052607,-27.59196889179846,-26.38324505274536,-2.2359478254678704,-50,-50,4.6758861319816445,-27.96811826335133,-40.109864312491496,-2.2359478254678704,-50,-50,4.6758861319816445,-27.96811826335133,-40.109864312491496
21.500125324060225,-43.06112934742796,-41.572509105671955,-17.471865500530406,-41.90220974128746,-37.79949327385607,21.500125324060225,-43.06112934742796,-41.572509105671955,-17.471865500530406,-41.90220974128746,-37.79949327385607,-16.49515254188601,-42.45964894094416,-43.95873371036083,18.119758469082235,-41.24645941240968,-45.87481574740958,-16.49515254188601,-42.45964894094416,-43.95873371036083,18.119758469082235,-41.24645941240968,-45.87481574740958
22.04488187374057,-28.14407594271387,-27.08578177252304,-17.18801273585043,-50,-50,22.04488187374057,-28.14407594271387,-27.08578177252304,-17.18801273585043,-50,-50,-16.623350933617605,-27.645355254630438,-29.175884387733788,16.944993323610753,-50,-39.77205400687085,-16.623350933617605,-27.645355254630438,-29.175884387733788,16.944993323610753,-50,-39.77205400687085
8.344492430707858,-24.908187859899083,-25.458379221461865,-2.833389795672678,-50,-50,8.344492430707858,-24.908187859899083,-25.458379221461865,-2.833389795672678,-50,-50,-2.520147568386572,-25.1383011136709,-24.649139993620793,2.0759236961679535,-50,-37.253757271988626,-2.520147568386572,-25.1383011136709,-24.649139993620793,2.0759236961679535,-50,-37.253757271988626
-8.877574889485038,-35.8953332087559,-37.97653937524043,14.33322068287604,-50,-48.63234756315599,-8.877574889485038,-35.8953332087559,-37.97653937524043,14.33322068287604,-50,-48.63234756315599,14.76987907505065,-36.91349892426696,-33.914176675427505,-14.78811476487739,-47.68451337736773,-44.69624687312524,14.76987907505065,-36.91349892426696,-33.914176675427505,-14.78811476487739,-47.68451337736773,-44.69624687312524
-16.14139015054663,-50,-50,20.847505718558317,-34.64313817044756,-34.763600523816706,-16.14139015054663,-50,-50,20.847505718558317,-34.64313817044756,-34.763600523816706,21.706467878853758,-50,-49.73440973813449,-20.37809775025511,-32.88815585337249,-43.2551568793744,21.706467878853758,-50,-49.73440973813449,-20.37809775025511,-32.88815585337249,-43.2551568793744
-7.761473266443753,-50,-50,11.600106496539789,-24.70715867525996,-25.150793373142005,-7.761473266443753,-50,-50,11.600106496539789,-24.70715867525996,-25.150793373142005,12.857399124250367,-50,-50,-10.29569443946096,-24.68413262519705,-36.579323720075706,12.857399124250367,-50,-50,-10.29569443946096,-24.68413262519705,-36.579323720075706
9.703108818682203,-50,-50,-6.1559506770676204,-29.049478228149916,-27.25949512197333,9.703108818682203,-50,-50,-6.1559506770676204,-29.049478228149916,-27.25949512197333,-4.847395612712514,-50,-50,7.526021785596857,-29.507973064063133,-41.571941042727154,-4.847395612712514,-50,-50,7.526021785596857,-29.507973064063133,-41.571941042727154
22.582606794416996,-40.3635295622055,-38.45193100809998,-18.494031223064848,-44.27550714585907,-39.452030304400914,22.582606794416996,-40.3635295622055,-38.45193100809998,-18.494031223064848,-44.27550714585907,-39.452030304400914,-17.54283973498779,-39.54571684576148,-41.728636989951795,19.064503101071203,-43.57568412619264,-45.59171368627712,-17.54283973498779,-39.54571684576148,-41.728636989951795,19.064503101071203,-43.57568412619264,-45.59171368627712
20.796074680254005,-26.65558968599159,-25.64042739493772,-15.736990182252743,-50,-50,20.796074680254005,-26.65558968599159,-25.64042739493772,-15.736990182252743,-50,-50,-15.2868069539612,-26.157716163923297,-27.76358322142299,15.240999513551497,-50,-38.460586898383916,-15.2868069539612,-26.157716163923297,-27.76358322142299,15.240999513551497,-50,-38.460586898383916
5.741853760088535,-25.798056975327373,-26.830602440016214,-0.047261631061105036,-50,-50,5.741853760088535,-25.798056975327373,-26.830602440016214,-0.047261631061105036,-50,-50,0.153945884038025,-26.248890492292194,-25.1577316875366,-0.9360659253560386,-50,-38.23455670895468,0.153945884038025,-26.248890492292194,-25.1577316875366,-0.9360659253560386,-50,-38.23455670895468
-10.79692682853656,-38.46454405047007,-41.081786438293214,16.269206435250364,-48.892878265660784,-47.17954033925693,-10.79692682853656,-38.46454405047007,-41.081786438293214,16.269206435250364,-48.892878265660784,-47.17954033925693,16.687371172946733,-39.74741432590052,-35.94641867191959,-16.73819552766576,-45.46999130873482,-45.485931018881374,16.687371172946733,-39.74741432590052,-35.94641867191959,-16.73819552766576,-45.46999130873482,-45.485931018881374
-15.875154317134715,-50,-50,20.41489449075625,-32.59307667461209,-33.237539252256774,-15.875154317134715,-50,-50,20.41489449075625,-32.59307667461209,-33.237539252256774,21.365721624642536,-50,-50,-19.731899989162002,-30.95562519557417,-41.85424735907799,21.365721624642536,-50,-50,-19.731899989162002,-30.95562519557417,-41.85424735907799
-5.518035815041005,-50,-50,9.138208892573948,-24.4067915638064,-24.73665898588273,-5.518035815041005,-50,-50,9.138208892573948,-24.4067915638064,-24.73665898588273,10.525261605683285,-50,-50,-7.561661836012957,-24.549539574769558,-36.53492010004985,10.525261605683285,-50,-50,-7.561661836012957,-24.549539574769558,-36.53492010004985
12.167781017251531,-50,-50,-8.716190869023496,-30.733616201974804,-28.278915713637367,12.167781017251531,-50,-50,-8.716190869023496,-30.733616201974804,-28.278915713637367,-7.344567987093075,-50,-50,10.196687716929382,-31.276897225683072,-42.99647318304131,-7.344567987093075,-50,-50,10.196687716929382,-31.276897225683072,-42.99647318304131
23.33938363428679,-37.72106060198495,-35.46556454109514,-19.144537027377567,-46.627582568357795,-41.113295955206254,23.33938363428679,-37.72106060198495,-35.46556454109514,-19.144537027377567,-46.627582568357795,-41.113295955206254,-18.249447549248934,-36.72020064896159,-39.50751413957216,19.57045924211101,-45.860518092987796,-44.878269603027746,-18.249447549248934,-36.72020064896159,-39.50751413957216,19.57045924211101,-45.860518092987796,-44.878269603027746
19.25261735626264,-25.507298863377073,-24.6799063243316,-13.967549419510254,-50,-50,19.25261735626264,-25.507298863377073,-24.6799063243316,-13.967549419510254,-50,-50,-13.649487595637902,-25.076500031228388,-26.57700176075889,13.184147606257547,-50,-37.41560530986463,-13.649487595637902,-25.076500031228388,-26.57700176075889,13.184147606257547,-50,-37.41560530986463
3.1062458431710915,-27.04595441800195,-28.65508658512221,2.7542976087886633,-50,-50,3.1062458431710915,-27.04595441800195,-28.65508658512221,2.7542976087886633,-50,-50,2.852965839927319,-27.763737152304508,-25.932487433219677,-3.9373461541171544,-50,-39.503928506583115,2.852965839927319,-27.763737152304508,-25.932487433219677,-3.9373461541171544,-50,-39.503928506583115
-12.461761683568799,-41.12837622907126,-44.24927197813705,17.90553305089648,-46.59936521597294,-45.65025376757734,-12.461761683568799,-41.12837622907126,-44.24927197813705,17.90553305089648,-46.59936521597294,-45.65025376757734,18.334420318100616,-42.66495467735632,-38.077377962407276,-18.3224258112053,-43.17425534226604,-45.85560983660963,18.334420318100616,-42.66495467735632,-38.077377962407276,-18.3224258112053,-43.17425534226604,-45.85560983660963
-15.26612881047648,-50,-50,19.602566008081336,-30.71196081333917,-31.7887311518898,-15.26612881047648,-50,-50,19.602566008081336,-30.71196081333917,-31.7887311518898,20.670953739664633,-50,-50,-18.65257047206624,-29.22402320782591,-40.38820731154752,20.670953739664633,-50,-50,-18.65257047206624,-29.22402320782591,-40.38820731154752
-3.111841914417937,-50,-50,6.514360111600237,-24.408627146090943,-24.493513362626036,-3.111841914417937,-50,-50,6.514360111600237,-24.408627146090943,-24.493513362626036,8.032767152253577,-50,-50,-4.6680145093471985,-24.740402123991487,-36.94517109330177,8.032767152253577,-50,-50,-4.6680145093471985,-24.740402123991487,-36.94517109330177
14.48778490947725,-50,-49.5856723467285,-11.093592753979356,-32.61696826923985,-29.430266110248567,14.48778490947725,-50,-49.5856723467285,-11.093592753979356,-32.61696826923985,-29.430266110248567,-9.68285299232204,-50,-50,12.627862699450025,-33.2405048989456,-44.24426067999486,-9.68285299232204,-50,-50,12.627862699450025,-33.2405048989456,-44.24426067999486
23.75730112555727,-35.18867415082873,-32.69513975357822,-19.410820880378225,-48.92014872101909,-42.76497215617664,23.75730112555727,-35.18867415082873,-32.69513975357822,-19.410820880378225,-48.92014872101909,-42.76497215617664,-18.602352444041745,-34.05021523341832,-37.32983829023753,19.626255904988888,-48.0565467708467,-43.80419863549762,-18.602352444041745,-34.05021523341832,-37.32983829023753,19.626255904988888,-48.0565467708467,-43.80419863549762
17.441339139853092,-24.723082852621012,-24.230505834874336,-11.913860432372648,-50,-50,17.441339139853092,-24.723082852621012,-24.230505834874336,-11.913860432372648,-50,-50,-11.740643550506821,-24.42738913512864,-25.63455644684375,10.820663815504231,-50,-36.739221007589364,-11.740643550506821,-24.42738913512864,-25.63455644684375,10.820663815504231,-50,-36.739221007589364
0.4834822902228275,-28.62592943238148,-30.8818996808899,5.517186515953469,-50,-50,0.4834822902228275,-28.62592943238148,-30.8818996808899,5.517186515953469,-50,-50,5.528694338227465,-29.646858728335793,-26.961382566513258,-6.860465453638134,-50,-40.937834310761815,5.528694338227465,-29.646858728335793,-26.961382566513258,-6.860465453638134,-50,-40.937834310761815
-13.84314036439325,-43.83143379990464,-47.39230912931934,19.210601135994914,-44.246802220957704,-44.06135064101359,-13.84314036439325,-43.83143379990464,-47.39230912931934,19.210601135994914,-44.246802220957704,-44.06135064101359,19.681601996120914,-45.596819233096056,-40.27398080727314,-19.505201220500062,-40.84193194223233,-45.76915966877585,19.681601996120914,-45.596819233096056,-40.27398080727314,-19.505201220500062,-40.84193194223233,-45.76915966877585
-14.324900052408694,-50,-50,18.426207290098848,-29.030411553801375,-30.43315161372233,-14.324900052408694,-50,-50,18.426207290098848,-29.030411553801375,-30.43315161372233,19.634576244345002,-50,-50,-17.164366325508833,-27.727010239299922,-39.00029279060243,19.634576244345002,-50,-50,-17.164366325508833,-27.727010239299922,-39.00029279060243
-0.5847173721558594,-50,-50,3.7792297633163447,-24.712635542345932,-24.424037566793693,-0.5847173721558594,-50,-50,3.7792297633163447,-24.712635542345932,-24.424037566793693,5.42444414924495,-50,-50,-1.6797850266779306,-25.25301012463241,-37.76998847818456,5.42444414924495,-50,-50,-1.6797850266779306,-25.25301012463241,-37.76998847818456
16.622792890689073,-49.32768954234348,-46.51336956459651,-13.24224590200541,-34.66887706161766,-30.70085086044454,16.622792890689073,-49.32768954234348,-46.51336956459651,-13.24224590200541,-34.66887706161766,-30.70085086044454,-11.82047719316768,-48.165046617817055,-50,14.764907887227912,-35.360625811243374,-45.193374318134396,-11.82047719316768,-48.165046617817055,-50,14.764907887227912,-35.360625811243374,-45.193374318134396
23.82909479275543,-32.819032662782874,-30.21647686249721,-19.287740527300404,-50,-44.38884657600351,23.82909479275543,-32.819032662782874,-30.21647686249721,-19.287740527300404,-50,-44.38884657600351,-18.595249777403232,-31.5991811375251,-35.22940824999423,19.2306391012884,-50,-42.47445505733676,-18.595249777403232,-31.5991811375251,-35.22940824999423,19.2306391012884,-50,-42.47445505733676
15.39372468159162,-24.319249883302803,-24.304524994477646,-9.615582373521764,-50,-50,15.39372468159162,-24.319249883302803,-24.304524994477646,-9.615582373521764,-50,-50,-9.594376295893708,-24.225801897862738,-24.95087458441089,8.203665678133556,-50,-36.497527783588055,-9.594376295893708,-24.225801897862738,-24.95087458441089,8.203665678133556,-50,-36.497527783588055
-2.0808465564034924,-30.50512551603497,-33.45009892432958,8.188050452170902,-50,-50,-2.0808465564034924,-30.50512551603497,-33.45009892432958,8.188050452170902,-50,-50,8.13332951951259,-31.853525169233883,-28.228448030718745,-9.639728896077713,-50,-42.396158108015634,8.13332951951259,-31.853525169233883,-28.228448030718745,-9.639728896077713,-50,-42.396158108015634
-14.917050974510268,-46.51750510339335,-50,20.159208289027575,-41.87348450512734,-42.43035111886954,-14.917050974510268,-46.51750510339335,-50,20.159208289027575,-41.87348450512734,-42.43035111886954,20.70484882153306,-48.473367002746485,-42.5021346403859,-20.259939759673596,-38.518358790493224,-45.23502810855241,20.70484882153306,-48.473367002746485,-42.5021346403859,-20.259939759673596,-38.518358790493224,-45.23502810855241
-13.067829007405098,-50,-50,16.908535208884977,-27.575801300715945,-29.18574803703882,-13.067829007405098,-50,-50,16.908535208884977,-27.575801300715945,-29.18574803703882,18.27510401094158,-50,-50,-15.300733828619109,-26.493686498700022,-37.82612571028497,18.27510401094158,-50,-50,-15.300733828619109,-26.493686498700022,-37.82612571028497
2.0194099201447253,-50,-50,0.9856364355253437,-25.313868077525072,-24.528997678450843,2.0194099201447253,-50,-50,0.9856364355253437,-25.313868077525072,-24.528997678450843,2.7468902576700414,-50,-50,1.335868381309697,-26.07739906728888,-38.92877412650995,2.7468902576700414,-50,-50,1.335868381309697,-26.07739906728888,-38.92877412650995
18.535693058566213,-46.72236594612633,-43.35465519921478,-15.120657290647141,-36.85594142978744,-32.076659766334956,18.535693058566213,-46.72236594612633,-43.35465519921478,-15.120657290647141,-36.85594142978744,-32.076659766334956,-13.719251957405977,-45.279126228386524,-49.023770496356434,16.55979478227172,-37.596047252785716,-45.751070195507864,-13.719251957405977,-45.279126228386524,-49.023770496356434,16.55979478227172,-37.596047252785716,-45.751070195507864
23.553516678221253,-30.661414215415114,-28.09741122616352,-18.77767279469643,-50,-45.967013441799565,23.553516678221253,-30.661414215415114,-28.09741122616352,-18.77767279469643,-50,-45.967013441799565,-18.228266438392758,-29.425318118242338,-33.238823926567,18.3925000238445,-50,-41.0189765315165,-18.228266438392758,-29.425318118242338,-33.238823926567,18.3925000238445,-50,-41.0189765315165
13.145366760725116,-24.304197897679348,-24.899938067317915,-7.117097698632328,-50,-50,13.145366760725116,-24.304197897679348,-24.899938067317915,-7.117097698632328,-50,-50,-7.249028872080633,-24.47652664937664,-24.53656731746486,5.391968277000231,-50,-36.714143012818276,-7.249028872080633,-24.47652664937664,-24.53656731746486,5.391968277000231,-50,-36.714143012818276
-4.542166099088766,-32.64446368978253,-36.289398551078094,10.715311889732392,-50,-50,-4.542166099088766,-32.64446368978253,-36.289398551078094,10.715311889732392,-50,-50,10.620339605661869,-34.33132121725236,-29.714018225733668,-12.212674606775792,-50,-43.73639784818774,10.620339605661869,-34.33132121725236,-29.714018225733668,-12.212674606775792,-50,-43.73639784818774
-15.664826199317062,-49.130731719302325,-50,20.733035788828392,-39.51804514014008,-40.775239539506416,-15.664826199317062,-49.130731719302325,-50,20.733035788828392,-39.51804514014008,-40.775239539506416,21.385880501348144,-50,-44.727257205748,-20.569679242516933,-36.24870347415471,-44.305408532011704,21.385880501348144,-50,-44.727257205748,-20.569679242516933,-36.24870347415471,-44.305408532011704
-11.516766787144439,-50,-50,15.078857799476577,-26.371808325966754,-28.060275010784096,-11.516766787144439,-50,-50,15.078857799476577,-26.371808325966754,-28.060275010784096,16.616823995562683,-50,-50,-13.103556732917562,-25.548026379705945,-36.98044136908468,16.616823995562683,-50,-50,-13.103556732917562,-25.548026379705945,-36.98044136908468
4.6552735660321,-50,-50,-1.8124722949917942,-26.202537836265154,-24.80723634706681,4.6552735660321,-50,-50,-1.8124722949917942,-26.202537836265154,-24.80723634706681,0.047939947586228104,-50,-50,4.311171151646308,-27.197543779975668,-40.30829575688099,0.047939947586228104,-50,-50,4.311171151646308,-27.197543779975668,-40.30829575688099
20.193234312969572,-44.03993746155685,-40.195976068971035,-16.692552584049402,-39.14256015024151,-33.54252236799739,20.193234312969572,-44.03993746155685,-40.195976068971035,-16.692552584049402,-39.14256015024151,-33.54252236799739,-15.345255695300981,-42.34543525940617,-46.9074315726923,17.972184639231163,-39.90331520423002,-45.862852317440215,-15.345255695300981,-42.34543525940617,-46.9074315726923,17.972184639231163,-39.90331520423002,-45.862852317440215
22.935357034805463,-28.760687743434453,-26.39593684499182,-17.89046769111779,-50,-47.482070978444746,22.935357034805463,-28.760687743434453,-26.39593684499182,-17.89046769111779,-50,-47.482070978444746,-17.507958580220315,-27.580262249038597,-31.38898035764779,17.130675223810805,-50,-39.57998707871023,-17.507958580220315,-27.580262249038597,-31.38898035764779,17.130675223810805,-50,-39.57998707871023
10.735347591595488,-24.678239910575464,-26.000449953610943,-4.46665508888989,-50,-50,10.735347591595488,-24.678239910575464,-26.000449953610943,-4.46665508888989,-50,-50,-4.746500884327241,-25.17360788945036,-24.39806493809522,2.448762415814793,-50,-37.36789984994802,-4.746500884327241,-25.17360788945036,-24.39806493809522,2.448762415814793,-50,-37.36789984994802
-6.857692305523884,-34.999455167872654,-39.32209339669601,13.050166434278852,-50,-50,-6.857692305523884,-34.999455167872654,-39.32209339669601,13.050166434278852,-50,-50,12.94529418955211,-37.02139143502432,-31.395036229714105,-14.521477548338341,-48.90545388842758,-44.82759022187024,12.94529418955211,-37.02139143502432,-31.395036229714105,-14.521477548338341,-48.90545388842758,-44.82759022187024
-16.073467791806802,-50,-50,20.921002350660398,-37.21882617230824,-39.114266114690075,-16.073467791806802,-50,-50,20.921002350660398,-37.21882617230824,-39.114266114690075,21.7125304122917,-50,-46.91481329441757,-20.427458504982283,-34.07708547967377,-43.07113995293951,21.7125304122917,-50,-46.91481329441757,-20.427458504982283,-34.07708547967377,-43.07113995293951
-9.698674822272283,-50,-50,12.97250828720266,-25.43803133164036,-27.069142647558458,-9.698674822272283,-50,-50,12.97250828720266,-25.43803133164036,-27.069142647558458,14.6893613519694,-50,-50,-10.622214956213199,-24.90841242635999,-36.54587693758973,14.6893613519694,-50,-50,-10.622214956213199,-24.90841242635999,-36.54587693758973
7.277055510015178,-50,-50,-4.561061653711408,-27.36417897514346,-25.25568555312737,7.277055510015178,-50,-50,-4.561061653711408,-27.36417897514346,-25.25568555312737,-2.62419006417445,-50,-50,7.179255571873799,-28.591669939021042,-41.77375157772418,-2.62419006417445,-50,-50,7.179255571873799,-28.591669939021042,-41.77375157772418
21.56660434515442,-41.33618675432491,-37.123778027944255,-17.92757663309737,-41.49151144508879,-35.08227522168969,21.56660434515442,-41.33618675432491,-37.123778027944255,-17.92757663309737,-41.49151144508879,-35.08227522168969,-16.669439868424618,-39.433658084299225,-44.719688585829495,18.97033504863557,-42.237579032792866,-45.51779774516002,-16.669439868424618,-39.433658084299225,-44.719688585829495,18.97033504863557,-42.237579032792866,-45.51779774516002
21.985361059016594,-27.156379963009755,-25.158619197781434,-16.64325819185049,-50,-48.917313290562575,21.985361059016594,-27.156379963009755,-25.158619197781434,-16.64325819185049,-50,-48.917313290562575,-16.447194494643487,-26.10783940098731,-29.708588201767007,15.47352327320999,-50,-38.29809946788262,-16.447194494643487,-26.10783940098731,-29.708588201767007,15.47352327320999,-50,-38.29809946788262
8.205559474738859,-25.433597500057616,-27.575942149383145,-1.715437712140333,-50,-50,8.205559474738859,-25.433597500057616,-27.575942149383145,-1.715437712140333,-50,-50,-2.131499966893765,-26.300487749530916,-24.537517084566755,-0.5598055470771849,-50,-38.39491557580976,-2.131499966893765,-26.300487749530916,-24.537517084566755,-0.5598055470771849,-50,-38.39491557580976
-8.98717540467625,-37.52112652824445,-42.46518551005225,15.147525295124996,-50,-50,-8.98717540467625,-37.52112652824445,-42.46518551005225,15.147525295124996,-50,-50,15.066657983778764,-39.85983820703019,-33.24541165604235,-16.514249095258045,-46.757331375727674,-45.56310791443113,15.066657983778764,-39.85983820703019,-33.24541165604235,-16.514249095258045,-46.757331375727674,-45.56310791443113
-16.135872515364852,-50,-50,20.719478118873035,-35.01325448744199,-37.46574569226424,-16.135872515364852,-50,-50,20.719478118873035,-35.01325448744199,-37.46574569226424,21.678962957391008,-50,-49.03085075123227,-19.83647385215764,-32.04571856083453,-41.65283056774161,21.678962957391008,-50,-49.03085075123227,-19.83647385215764,-32.04571856083453,-41.65283056774161
-7.645156203739248,-50,-50,10.630162761497335,-24.789670420653657,-26.22327974258176,-7.645156203739248,-50,-50,10.630162761497335,-24.789670420653657,-26.22327974258176,12.527150178538617,-50,-50,-7.912474805750902,-24.587277997573178,-36.56489645741422,12.527150178538617,-50,-50,-7.912474805750902,-24.587277997573178,-36.56489645741422
9.839182472616734,-50,-50,-7.207053143486834,-28.779882198931325,-25.86940043788168,9.839182472616734,-50,-50,-7.207053143486834,-28.779882198931325,-25.86940043788168,-5.221762205106289,-50,-50,9.87566358204888,-30.232677336851005,-43.18194262370861,-5.221762205106289,-50,-50,9.87566358204888,-30.232677336851005,-43.18194262370861
22.63193046942907,-38.66733989818259,-34.22214013975657,-18.801879669088798,-43.86455888138578,-36.67894012727274,22.63193046942907,-38.66733989818259,-34.22214013975657,-18.801879669088798,-43.86455888138578,-36.67894012727274,-17.668147941467254,-36.612958555066726,-42.49449659169978,19.531813323891832,-44.55346333691884,-44.7496239452948,-17.668147941467254,-36.612958555066726,-42.49449659169978,19.531813323891832,-44.55346333691884,-44.7496239452948
20.72004211200815,-25.881853390642018,-24.41932085061458,-15.06012938099004,-50,-50,20.72004211200815,-25.881853390642018,-24.41932085061458,-15.06012938099004,-50,-50,-15.064924720080725,-25.043024240700102,-28.223728132012546,13.458287427161661,-50,-37.29857505248451,-15.064924720080725,-25.043024240700102,-28.223728132012546,13.458287427161661,-50,-37.29857505248451
5.599976601499506,-26.5545625642576,-29.583297021331425,1.08342518434678,-50,-50,5.599976601499506,-26.5545625642576,-29.583297021331425,1.08342518434678,-50,-50,0.5492569183395163,-27.830399294108012,-24.952759377671434,-3.5661202888053647,-50,-39.69483398230071,0.5492569183395163,-27.830399294108012,-24.952759377671434,-3.5661202888053647,-50,-39.69483398230071
-10.89359953081377,-40.157038143416926,-45.632655618220404,16.96688600290621,-49.28165956054492,-49.57757592016153,-10.89359953081377,-40.157038143416926,-45.632655618220404,16.96688600290621,-49.28165956054492,-49.57757592016153,16.94653284809842,-42.77923950862727,-35.23642559144824,-18.146203192104256,-44.50297055631228,-45.87107883593114,16.94653284809842,-42.77923950862727,-35.23642559144824,-18.146203192104256,-44.50297055631228,-45.87107883593114
-15.850955616198501,-50,-50,20.132354763688344,-32.93723257275645,-35.847855806109266,-15.850955616198501,-50,-50,20.132354763688344,-32.93723257275645,-35.847855806109266,21.285777818849045,-50,-50,-18.810007223691926,-30.194090151971672,-40.189072365061236,21.285777818849045,-50,-50,-18.810007223691926,-30.194090151971672,-40.189072365061236
-5.391906340207456,-50,-50,8.097054672709348,-24.437279668159412,-25.53201326651459,-5.391906340207456,-50,-50,8.097054672709348,-24.437279668159412,-25.53201326651459,10.168818353482244,-50,-50,-5.035235672014143,-24.590865576942058,-37.03564141087287,10.168818353482244,-50,-50,-5.035235672014143,-24.590865576942058,-37.03564141087287
12.297118130597571,-50,-48.25746512408821,-9.699349552843348,-30.426602567742982,-26.64161382819755,12.297118130597571,-50,-48.25746512408821,-9.699349552843348,-30.426602567742982,-26.64161382819755,-7.698370878226202,-50,-50,12.339795421604917,-32.08866667882623,-44.39526563316929,-7.698370878226202,-50,-50,12.339795421604917,-32.08866667882623,-44.39526563316929
23.370694591522785,-36.08889712093095,-31.57047362509396,-19.298577870856583,-46.22307378710794,-38.31491133960562,23.370694591522785,-36.08889712093095,-31.57047362509396,-19.298577870856583,-46.22307378710794,-38.31491133960562,-18.323538005974818,-33.95033714360236,-40.2663918768208,19.64400065919777,-46.80594999184778,-43.63339404275797,-18.323538005974818,-33.95033714360236,-40.2663918768208,19.64400065919777,-46.80594999184778,-43.63339404275797
19.161394675102578,-24.963612550164054,-24.19827471554367,-13.171653340099375,-50,-50,19.161394675102578,-24.963612550164054,-24.19827471554367,-13.171653340099375,-50,-50,-13.385843490455121,-24.411109472159964,-26.95744604866725,11.130258609477774,-50,-36.67908369063973,-13.385843490455121,-24.411109472159964,-26.95744604866725,11.130258609477774,-50,-36.67908369063973
2.9638906700496657,-28.017823980517043,-31.967577838250534,3.8758842622182508,-50,-50,2.9638906700496657,-28.017823980517043,-31.967577838250534,3.8758842622182508,-50,-50,3.2478780798713434,-29.727002319491604,-25.637347013164707,-6.502617125965029,-50,-41.140631812781386,3.2478780798713434,-29.727002319491604,-25.637347013164707,-6.502617125965029,-50,-41.140631812781386
-12.543826153975168,-42.85237469314463,-48.737817278077664,18.473114559947483,-47.00221514462756,-48.18663870345054,-12.543826153975168,-42.85237469314463,-48.737817278077664,18.473114559947483,-47.00221514462756,-48.18663870345054,18.5513348392739,-45.710250390867984,-37.33717633040982,-19.380662886742254,-42.186193609226365,-45.72140919801885,18.5513348392739,-45.710250390867984,-37.33717633040982,-19.380662886742254,-42.186193609226365,-45.72140919801885
-15.22366967913387,-50,-50,19.170970328468346,-31.02455409306882,-34.27843624020367,-15.22366967913387,-50,-50,19.170970328468346,-31.02455409306882,-34.27843624020367,20.539999244728747,-50,-50,-17.37112769209918,-28.55819377770546,-38.82289842521235,20.539999244728747,-50,-50,-17.37112769209918,-28.55819377770546,-38.82289842521235
-2.9780924805008864,-50,-50,5.42210132092185,-24.386595321395838,-25.00296552091787,-2.9780924805008864,-50,-50,5.42210132092185,-24.386595321395838,-25.00296552091787,7.656497448241614,-50,-50,-2.055161360309868,-24.919105426053765,-37.912112328509664,7.656497448241614,-50,-50,-2.055161360309868,-24.919105426053765,-37.912112328509664
14.608137272223491,-50,-45.13681245651302,-11.989821703285862,-32.27753462456565,-27.563810855302727,14.608137272223491,-50,-45.13681245651302,-11.989821703285862,-32.27753462456565,-27.563810855302727,-10.009771497536825,-48.05447211837557,-50,14.516271563809042,-34.123559668807175,-45.2951591339036,-10.009771497536825,-48.05447211837557,-50,14.516271563809042,-34.123559668807175,-45.2951591339036
23.770055100454016,-33.65447864479443,-29.24134855743881,-19.40807941123228,-48.528664052024084,-39.97214969961278,23.770055100454016,-33.65447864479443,-29.24134855743881,-19.40807941123228,-48.528664052024084,-39.97214969961278,-18.62390152584069,-31.509039470076196,-38.069955934846014,19.304375727798504,-48.951253250134805,-42.27818192762648,-18.62390152584069,-31.509039470076196,-38.069955934846014,19.304375727798504,-48.951253250134805,-42.27818192762648
17.336512029421733,-24.420752795700345,-24.50153032186473,-11.014298765323355,-50,-50,17.336512029421733,-24.420752795700345,-24.50153032186473,-11.014298765323355,-50,-50,-11.439947572985789,-24.22710505557347,-25.929395393302492,8.54175753290357,-50,-36.50015980500771,-11.439947572985789,-24.22710505557347,-25.929395393302492,8.54175753290357,-50,-36.50015980500771
0.34312359977318474,-29.792952373786527,-34.66353226424408,6.608013848390187,-50,-50,0.34312359977318474,-29.792952373786527,-34.66353226424408,6.608013848390187,-50,-50,5.916152681104278,-31.94524654777055,-26.58065478891217,-9.303300480525804,-50,-42.591031008604084,5.916152681104278,-31.94524654777055,-26.58065478891217,-9.303300480525804,-50,-42.591031008604084
-13.909170112425755,-45.551085080990916,-50,19.637123919141597,-44.65716315729773,-46.708117293433844,-13.909170112425755,-45.551085080990916,-50,19.637123919141597,-44.65716315729773,-46.708117293433844,19.852394187843007,-48.58325014080487,-39.515058987769656,-20.189884617499885,-39.85203601118086,-45.128724168499204,19.852394187843007,-48.58325014080487,-39.515058987769656,-20.189884617499885,-39.85203601118086,-45.128724168499204
-14.264918539017938,-50,-50,17.85389027874261,-29.306353794591995,-32.77479231691025,-14.264918539017938,-50,-50,17.85389027874261,-29.306353794591995,-32.77479231691025,19.454950560840672,-50,-50,-15.55217300254627,-27.169829380261096,-37.687806252429425,19.454950560840672,-50,-50,-15.55217300254627,-27.169829380261096,-37.687806252429425
-0.4456728865887225,-50,-50,2.6569592052692697,-24.63844242455629,-24.641970090373924,-0.4456728865887225,-50,-50,2.6569592052692697,-24.63844242455629,-24.641970090373924,5.035070047437352,-50,-50,0.9607731800666601,-25.565616940120755,-39.10866368845793,5.035070047437352,-50,-50,0.9607731800666601,-25.565616940120755,-39.10866368845793
16.732068470782387,-47.6768597404489,-41.96742143870358,-14.034237880426636,-34.302548736814416,-28.625822844623016,16.732068470782387,-47.6768597404489,-41.96742143870358,-14.034237880426636,-34.302548736814416,-28.625822844623016,-12.114670917058294,-45.165398065231976,-50,16.3561773293554,-36.29780032969549,-45.793688835173796,-12.114670917058294,-45.165398065231976,-50,16.3561773293554,-36.29780032969549,-45.793688835173796
23.82307008859102,-31.41470962260853,-27.29850778543982,-19.128269686526878,-50,-41.6323815444223,23.82307008859102,-31.41470962260853,-27.29850778543982,-19.128269686526878,-50,-41.6323815444223,-18.563872510172065,-29.34705402084208,-35.93927874147582,18.520571346926268,-50,-40.816413954847754,-18.563872510172065,-29.34705402084208,-35.93927874147582,18.520571346926268,-50,-40.816413954847754
15.277115305326431,-24.264563212635295,-25.320788254281137,-8.62972671390999,-50,-50,15.277115305326431,-24.264563212635295,-25.320788254281137,-8.62972671390999,-50,-50,-9.262000376278918,-24.49538167367873,-25.155532115823725,5.750958830089469,-50,-36.779287181132275,-9.262000376278918,-24.49538167367873,-25.155532115823725,5.750958830089469,-50,-36.779287181132275
-2.2167689709551333,-31.84303291323773,-37.59737816655925,9.227053303313886,-50,-50,-2.2167689709551333,-31.84303291323773,-37.59737816655925,9.227053303313886,-50,-50,8.50641202639873,-34.43244171238924,-27.76804201426645,-11.905227081266329,-50,-43.90430388258454,8.50641202639873,-34.43244171238924,-27.76804201426645,-11.905227081266329,-50,-43.90430388258454
-14.965898234174034,-48.197048049585845,-50,20.43643568907128,-42.28467655823314,-45.158314717151804,-14.965898234174034,-48.197048049585845,-50,20.43643568907128,-42.28467655823314,-45.158314717151804,20.82646748322599,-50,-41.736271545700184,-20.55568172903992,-37.545871098732945,-44.15093875360259,20.82646748322599,-50,-41.736271545700184,-20.55568172903992,-37.545871098732945,-44.15093875360259
-12.991367744164823,-50,-50,16.206548981213103,-27.810600690834583,-31.35350407854324,-12.991367744164823,-50,-50,16.206548981213103,-27.810600690834583,-31.35350407854324,18.050016149678054,-50,-50,-13.394022806129428,-26.055985165200156,-36.894712888622855,18.050016149678054,-50,-50,-13.394022806129428,-26.055985165200156,-36.894712888622855
2.1613325083797177,-50,-50,-0.14497352387232798,-25.18872138864844,-24.453007518029263,2.1613325083797177,-50,-50,-0.14497352387232798,-25.18872138864844,-24.453007518029263,2.3513679220026367,-50,-50,3.944787067905983,-26.517832679592104,-40.508372882561986,2.3513679220026367,-50,-50,3.944787067905983,-26.517832679592104,-40.508372882561986
18.631992366782306,-45.01594970548731,-38.83603108471126,-15.793118000460847,-36.46868154910426,-29.8159394414339,18.631992366782306,-45.01594970548731,-38.83603108471126,-15.793118000460847,-36.46868154910426,-29.8159394414339,-13.975465132414241,-42.23125483356283,-49.72745851918603,17.818162207328317,-38.56912392609138,-45.84214024392351,-13.975465132414241,-42.23125483356283,-49.72745851918603,17.818162207328317,-38.56912392609138,-45.84214024392351
23.528818019771602,-29.416167358225486,-25.795122436318298,-18.464552152017387,-50,-43.27730020327796,23.528818019771602,-29.416167358225486,-25.795122436318298,-18.464552152017387,-50,-43.27730020327796,-18.14452337665657,-27.515734739779045,-33.90742965801472,17.310202935921417,-50,-39.39092872677302,-18.14452337665657,-27.515734739779045,-33.90742965801472,17.310202935921417,-50,-39.39092872677302
13.019002087995872,-24.498291854494447,-26.633627288995562,-6.063986080150518,-50,-50,13.019002087995872,-24.498291854494447,-26.633627288995562,-6.063986080150518,-50,-50,-6.890910902426098,-25.209566914304652,-24.647867028756966,2.820583622074952,-50,-37.4891905160747,-6.890910902426098,-25.209566914304652,-24.647867028756966,2.820583622074952,-50,-37.4891905160747
-4.6712895583445295,-34.125432977711434,-40.68882286452147,11.68242589103672,-50,-50,-4.6712895583445295,-34.125432977711434,-40.68882286452147,11.68242589103672,-50,-50,10.972381161781536,-37.12950911744515,-29.181079742184124,-14.249920566885942,-50,-44.95212222852436,10.972381161781536,-37.12950911744515,-29.181079742184124,-14.249920566885942,-50,-44.95212222852436
-15.695641880236128,-50,-50,20.855614218222126,-39.92337489010147,-43.55431998876222,-15.695641880236128,-50,-50,20.855614218222126,-39.92337489010147,-43.55431998876222,21.456152916993137,-50,-43.96633948087104,-20.46983320388588,-35.312528062857766,-42.8835985560948,21.456152916993137,-50,-43.96633948087104,-20.46983320388588,-35.312528062857766,-42.8835985560948
-11.425154866478632,-50,-50,14.260758536174245,-26.561642780572743,-30.030243466290294,-11.425154866478632,-50,-50,14.260758536174245,-26.561642780572743,-30.030243466290294,16.35029514864106,-50,-50,-10.945179920179617,-25.238312981773845,-36.52111650705223,16.35029514864106,-50,-50,-10.945179920179617,-25.238312981773845,-36.52111650705223
4.797607279163103,-50,-50,-2.9295882460662823,-26.028474724958997,-24.43816141383752,4.797607279163103,-50,-50,-2.9295882460662823,-26.028474724958997,-24.43816141383752,-0.346664619878313,-50,-50,6.82981681487512,-27.75724266671052,-41.9744654645985,-0.346664619878313,-50,-50,6.82981681487512,-27.75724266671052,-41.9744654645985
20.274883420895648,-42.31342070369031,-35.82834041695661,-17.23249601708813,-38.740672563609536,-31.12103773596362,20.274883420895648,-42.31342070369031,-35.82834041695661,-17.23249601708813,-38.740672563609536,-31.12103773596362,-15.558911075947155,-39.32173753945101,-47.64325665421084,18.86936917712005,-40.89337854209386,-45.43577886628195,-15.558911075947155,-39.32173753945101,-47.64325665421084,18.86936917712005,-40.89337854209386,-45.43577886628195
22.892413747959722,-27.70041270429835,-24.772336743202338,-17.42974397486075,-50,-44.88876785741468,22.892413747959722,-27.70041270429835,-24.772336743202338,-17.42974397486075,-50,-44.88876785741468,-17.373345792831927,-26.05858121085458,-32.005944175463355,15.700472622810388,-50,-38.141019429079584,-17.373345792831927,-26.05858121085458,-32.005944175463355,15.700472622810388,-50,-38.141019429079584
10.60142416378893,-25.117078197775925,-28.404118011545584,-3.3666243369899904,-50,-50,10.60142416378893,-25.117078197775925,-28.404118011545584,-3.3666243369899904,-50,-50,-4.369038638119003,-26.352696635172183,-24.414279392385232,-0.18351009216202802,-50,-38.56050066093093,-4.369038638119003,-26.352696635172183,-24.414279392385232,-0.18351009216202802,-50,-38.56050066093093
-6.977772313327572,-36.59268872595376,-43.85326055733532,13.92671547554732,-50,-50,-6.977772313327572,-36.59268872595376,-43.85326055733532,13.92671547554732,-50,-50,13.27000557647855,-39.97238494224693,-30.797836797305596,-16.2846856986464,-48.009438502388925,-45.632097082621755,13.27000557647855,-39.97238494224693,-30.797836797305596,-16.2846856986464,-48.009438502388925,-45.632097082621755
-16.08571623858783,-50,-50,20.886564675589398,-37.611695626293645,-41.913819676246014,-16.08571623858783,-50,-50,20.886564675589398,-37.611695626293645,-41.913819676246014,21.730201165976453,-50,-46.17065082929692,-19.93426842366315,-33.19542052108404,-41.4505434095788,21.730201165976453,-50,-46.17065082929692,-19.93426842366315,-33.19542052108404,-41.4505434095788
-9.593504693802062,-50,-50,12.054094448406182,-25.579810709014,-28.819601512378856,-9.593504693802062,-50,-50,12.054094448406182,-25.579810709014,-28.819601512378856,14.386153054232157,-50,-50,-8.260680263592752,-24.73270743590051,-36.6035235752148,14.386153054232157,-50,-50,-8.260680263592752,-24.73270743590051,-36.6035235752148
7.41732622386813,-50,-49.95905921248381,-5.643110771974039,-27.14403285583321,-24.597595479478183,7.41732622386813,-50,-49.95905921248381,-5.643110771974039,-27.14403285583321,-24.597595479478183,-3.0108272572914787,-50,-50,9.551023527440826,-29.259754198170505,-43.363680247269215,-3.0108272572914787,-50,-50,9.551023527440826,-29.259754198170505,-43.363680247269215
21.6321839823505,-39.62547340273332,-33.0266630791673,-18.32457584585237,-41.08153811350656,-32.52672696414132,21.6321839823505,-39.62547340273332,-33.0266630791673,-18.32457584585237,-41.08153811350656,-32.52672696414132,-16.836720503744555,-36.50595635562757,-45.476230288650015,19.486173145482486,-43.22538334371679,-44.61431284493152,-16.836720503744555,-36.50595635562757,-45.476230288650015,19.486173145482486,-43.22538334371679,-44.61431284493152
21.924919607994475,-26.303125780098352,-24.258142021175253,-16.043828519507354,-50,-46.449015538077255,21.924919607994475,-26.303125780098352,-24.258142021175253,-16.043828519507354,-50,-46.449015538077255,-16.26411683753049,-25.010205406399383,-30.264334465179623,13.727557896750344,-50,-37.18882261180327,-16.26411683753049,-25.010205406399383,-30.264334465179623,13.727557896750344,-50,-37.18882261180327
8.06640522374774,-26.10805421937363,-30.58380612305004,-0.5897307159961456,-50,-50,8.06640522374774,-26.10805421937363,-30.58380612305004,-0.5897307159961456,-50,-50,-1.741436802900676,-27.897617915546334,-24.458394624002036,-3.1938075451549834,-50,-39.88853311951154,-1.741436802900676,-27.897617915546334,-24.458394624002036,-3.1938075451549834,-50,-39.88853311951154
-9.096124663200834,-39.193492134892836,-47.00408779218007,15.916582182181473,-50,-50,-9.096124663200834,-39.193492134892836,-47.00408779218007,15.916582182181473,-50,-50,15.358238236249324,-42.89354195823853,-32.5932201606779,-17.963792646593163,-45.81098604565559,-45.87778379729812,15.358238236249324,-42.89354195823853,-32.5932201606779,-17.963792646593163,-45.81098604565559,-45.87778379729812
-16.12934081865825,-50,-50,20.5286893713953,-35.38726848239914,-40.25490287914132,-16.12934081865825,-50,-50,20.5286893713953,-35.38726848239914,-40.25490287914132,21.64371636130031,-50,-48.31499338434364,-18.961023807684974,-31.23570260674866,-39.991806204384574,21.64371636130031,-50,-48.31499338434364,-18.961023807684974,-31.23570260674866,-39.991806204384574
-7.528255993434463,-50,-50,9.629169999917591,-24.881086823790906,-27.734927450967845,-7.528255993434463,-50,-50,9.629169999917591,-24.881086823790906,-27.734927450967845,12.192679242803136,-50,-50,-5.4008559655616555,-24.548996917324246,-37.13388157680218,12.192679242803136,-50,-50,-5.4008559655616555,-24.548996917324246,-37.13388157680218
9.974951923224346,-50,-46.903527657494784,-8.233139786291481,-28.517236629244742,-24.929551703288055,9.974951923224346,-50,-46.903527657494784,-8.233139786291481,-28.517236629244742,-24.929551703288055,-5.593524754783969,-50,-50,12.047250112681139,-30.996160179534893,-44.54026825972713,-5.593524754783969,-50,-50,12.047250112681139,-30.996160179534893,-44.54026825972713
22.680300693978467,-37.00800523531326,-30.50767459941933,-19.048268139273315,-43.45317338630906,-34.01750718843265,22.680300693978467,-37.00800523531326,-30.50767459941933,-19.048268139273315,-43.45317338630906,-34.01750718843265,-17.786065364798738,-33.85079492783646,-43.260012944307896,19.6547119028916,-45.51980684228638,-43.45801282511379,-17.786065364798738,-33.85079492783646,-43.260012944307896,19.6547119028916,-45.51980684228638,-43.45801282511379
20.643153123901712,-25.253363982612374,-24.266610608729966,-14.33356944539523,-50,-47.94083905738165,20.643153123901712,-25.253363982612374,-24.266610608729966,-14.33356944539523,-50,-47.94083905738165,-14.83665287352143,-24.395509544069576,-28.709631332645607,11.43579854592113,-50,-36.62738345384755,-14.83665287352143,-24.395509544069576,-28.709631332645607,11.43579854592113,-50,-36.62738345384755
5.458010384309471,-27.450611994626232,-33.11303852401158,2.213069697057679,-50,-50,5.458010384309471,-27.450611994626232,-33.11303852401158,2.213069697057679,-50,-50,0.9449525260945741,-29.807634023375485,-24.779528029305435,-6.142654545031868,-50,-41.34351743317161,0.9449525260945741,-29.807634023375485,-24.779528029305435,-6.142654545031868,-50,-41.34351743317161
-10.989524223138451,-41.87375797991925,-50,17.61359934165158,-49.66735061063899,-50,-10.989524223138451,-41.87375797991925,-50,17.61359934165158,-49.66735061063899,-50,17.199772888192356,-45.823593512741866,-34.539364428142235,-19.249504733402944,-43.52469114596355,-45.66517476834125,17.199772888192356,-45.823593512741866,-34.539364428142235,-19.249504733402944,-43.52469114596355,-45.66517476834125
-15.825757313608062,-50,-50,19.788899299182567,-33.286302876429865,-38.59586176773169,-15.825757313608062,-50,-50,19.788899299182567,-33.286302876429865,-38.59586176773169,21.1982435530244,-50,-50,-17.57197230339754,-29.471468980023722,-38.64992938737578,21.1982435530244,-50,-50,-17.57197230339754,-29.471468980023722,-38.64992938737578
-5.265308072877117,-50,-50,7.032813337304626,-24.476845012919835,-26.788181521816224,-5.265308072877117,-50,-50,7.032813337304626,-24.476845012919835,-26.788181521816224,9.809060099240934,-50,-50,-2.4299794459392032,-24.690752547033437,-38.060365874044656,9.809060099240934,-50,-50,-2.4299794459392032,-24.690752547033437,-38.060365874044656
12.426026297466196,-50,-43.75090678081551,-10.649658778835644,-30.125732915047053,-25.430369745107967,12.426026297466196,-50,-43.75090678081551,-10.649658778835644,-30.125732915047053,-25.430369745107967,-8.04861725070987,-47.94372508080515,-50,14.26239573837231,-32.932706877526655,-45.38925763887774,-8.04861725070987,-47.94372508080515,-50,14.26239573837231,-32.932706877526655,-45.38925763887774
23.4010146051406,-34.51544797941698,-28.34031395554631,-19.38959754697337,-45.816972697312345,-35.57694020906451,23.4010146051406,-34.51544797941698,-28.34031395554631,-19.38959754697337,-45.816972697312345,-35.57694020906451,-18.38998562388071,-31.419321678208775,-41.02900161586547,19.371197666375874,-47.73204808639692,-42.07986820172888,-18.38998562388071,-31.419321678208775,-41.02900161586547,19.371197666375874,-47.73204808639692,-42.07986820172888
19.069394677288308,-24.572957721016188,-24.797510739911306,-12.33199386917943,-50,-49.34778871158299,19.069394677288308,-24.572957721016188,-24.797510739911306,-12.33199386917943,-50,-49.34778871158299,-13.11645552841225,-24.229094580975282,-27.365964683495317,8.876700153829592,-50,-36.51156372953033,-13.11645552841225,-24.229094580975282,-27.365964683495317,8.876700153829592,-50,-36.51156372953033
2.82158022281544,-29.116832251136834,-35.92259588380231,4.987651525727671,-50,-50,2.82158022281544,-29.116832251136834,-35.92259588380231,4.987651525727671,-50,-50,3.642137033821246,-32.037376077918566,-25.37269542925617,-8.963777953058768,-50,-42.783277873836774,3.642137033821246,-32.037376077918566,-25.37269542925617,-8.963777953058768,-50,-42.783277873836774
-12.625058863470723,-44.577748568695775,-50,18.98499555426748,-47.4030911818206,-50,-12.625058863470723,-44.577748568695775,-50,18.98499555426748,-47.4030911818206,-50,18.76171053653316,-48.69294167985645,-36.606064297774005,-20.11292653808494,-41.1949967441142,-45.015045369893215,18.76171053653316,-48.69294167985645,-36.606064297774005,-20.11292653808494,-41.1949967441142,-45.015045369893215
-15.180242781642505,-50,-50,18.681480676393377,-31.34299850877472,-36.95498988306326,-15.180242781642505,-50,-50,18.681480676393377,-31.34299850877472,-36.95498988306326,20.401741107841236,-50,-50,-15.798331808187779,-27.93701431157607,-37.556036237101786,20.401741107841236,-50,-50,-15.798331808187779,-27.93701431157607,-37.556036237101786
-2.8439967580031515,-50,-50,4.315163165081641,-24.37366555966521,-25.989803089805363,-2.8439967580031515,-50,-50,4.315163165081641,-24.37366555966521,-25.989803089805363,7.27787895264663,-50,-50,0.5851810595021352,-25.15521875877961,-39.29244382114451,7.27787895264663,-50,-50,0.5851810595021352,-25.15521875877961,-39.29244382114451
14.727943401529567,-48.61864045107548,-40.58747663592764,-12.846001922270402,-31.943338471166726,-26.09452729729842,14.727943401529567,-48.61864045107548,-40.58747663592764,-12.846001922270402,-31.943338471166726,-26.09452729729842,-10.332244545334591,-45.0516015064879,-50,16.146676657384617,-35.03175005374404,-45.82768825795205,-10.332244545334591,-45.0516015064879,-50,16.146676657384617,-35.03175005374404,-45.82768825795205
23.78179786371301,-32.199635817731924,-26.58389687232758,-19.341972596154843,-48.134457916277654,-37.187830821062505,23.78179786371301,-32.199635817731924,-26.58389687232758,-19.341972596154843,-48.134457916277654,-37.187830821062505,-18.637692252376965,-29.26929173217789,-38.817822909326374,18.64200220711581,-49.8191036530588,-40.61454621028075,-18.637692252376965,-29.26929173217789,-38.817822909326374,18.64200220711581,-49.8191036530588,-40.61454621028075
17.231000217294707,-24.276056440576298,-25.836312887225024,-10.077754572207043,-50,-50,17.231000217294707,-24.276056440576298,-25.836312887225024,-10.077754572207043,-50,-50,-11.1342561083612,-24.514913395096542,-26.254189013205835,6.107776549704628,-50,-36.85268091731194,-11.1342561083612,-24.514913395096542,-26.254189013205835,6.107776549704628,-50,-36.85268091731194
0.20294264224828984,-31.072064966334903,-38.93558701609631,7.680434327672533,-50,-50,0.20294264224828984,-31.072064966334903,-38.93558701609631,7.680434327672533,-50,-50,6.301931549485917,-34.53388070313846,-26.22869051746272,-11.593775123045885,-50,-44.06712633443781,6.301931549485917,-34.53388070313846,-26.22869051746272,-11.593775123045885,-50,-44.06712633443781
-13.974298806721546,-47.24923283899256,-50,20.00428754426565,-45.06669868668122,-49.15239587650146,-13.974298806721546,-47.24923283899256,-50,20.00428754426565,-45.06669868668122,-49.15239587650146,20.01614718281014,-50,-38.76124337390406,-20.53465329903221,-38.86718941726953,-43.99092386112409,20.01614718281014,-50,-38.76124337390406,-20.53465329903221,-38.86718941726953,-43.99092386112409
-14.204017917235841,-50,-50,17.227819060682908,-29.58898865650719,-35.350380421841194,-14.204017917235841,-50,-50,17.227819060682908,-29.58898865650719,-35.350380421841194,19.268438532945545,-50,-50,-13.679963570403636,-26.662166633651957,-36.81701797817255,19.268438532945545,-50,-50,-13.679963570403636,-26.662166633651957,-36.81701797817255
-0.3064106357394927,-50,-50,1.5287005082724252,-24.573228028117697,-25.34859553449859,-0.3064106357394927,-50,-50,1.5287005082724252,-24.573228028117697,-25.34859553449859,4.644355325639795,-50,-50,3.57686206541066,-25.93336686411341,-40.70972128221402,4.644355325639795,-50,-50,3.57686206541066,-25.93336686411341,-40.70972128221402
16.84069002540761,-45.98650467458689,-37.49981310135974,-14.77975524416856,-33.94046615668805,-26.914700976877207,16.84069002540761,-45.98650467458689,-37.49981310135974,-14.77975524416856,-33.94046615668805,-26.914700976877207,-12.403609662810346,-42.11711177927965,-50,17.657745060298446,-37.25248672532038,-45.812718285672695,-12.403609662810346,-42.11711177927965,-50,17.657745060298446,-37.25248672532038,-45.812718285672695
23.816031482215337,-30.10872741557187,-25.286492485191765,-18.906312980699308,-50,-38.83241641846957,23.816031482215337,-30.10872741557187,-25.286492485191765,-18.906312980699308,-50,-38.83241641846957,-18.524759974164784,-27.451775052877004,-36.6607956167554,17.483513649635352,-50,-39.205232738782925,-18.524759974164784,-27.451775052877004,-36.6607956167554,17.483513649635352,-50,-39.205232738782925
15.159925744192368,-24.36883437667855,-27.354587401711385,-7.614383569806314,-50,-50,15.159925744192368,-24.36883437667855,-27.354587401711385,-7.614383569806314,-50,-50,-8.925466583638405,-25.246176892017903,-25.39155973308294,3.191257228044567,-50,-37.61740229732991,-8.925466583638405,-25.246176892017903,-25.39155973308294,3.191257228044567,-50,-37.61740229732991
-2.3523837349975416,-33.27564993491593,-42.06955321551702,10.239417296071384,-50,-50,-2.3523837349975416,-33.27564993491593,-42.06955321551702,10.239417296071384,-50,-50,8.876818874081973,-37.237848074208614,-27.334227747464055,-13.973538828567476,-50,-45.06960985447942,8.876818874081973,-37.237848074208614,-27.334227747464055,-13.973538828567476,-50,-45.06960985447942
-15.013790809895454,-49.8326557164424,-50,20.651791583040993,-42.69620512493349,-47.73233492716954,-15.013790809895454,-49.8326557164424,-50,20.651791583040993,-42.69620512493349,-47.73233492716954,20.94067233049386,-50,-40.97145201161795,-20.505207021578702,-36.586519060024486,-42.69288363786322,20.94067233049386,-50,-40.97145201161795,-20.505207021578702,-36.586519060024486,-42.69288363786322
-12.914052006746836,-50,-50,15.455986369625387,-28.052825244158875,-33.7997267304449,-12.914052006746836,-50,-50,15.455986369625387,-28.052825244158875,-33.7997267304449,17.818582266048544,-50,-50,-11.264476337503675,-25.67170751746959,-36.50508876302742,17.818582266048544,-50,-50,-11.264476337503675,-25.67170751746959,-36.50508876302742
2.303340553280035,-50,-50,-1.2727647580000006,-25.072283923104234,-24.871629179018953,2.303340553280035,-50,-50,-1.2727647580000006,-25.072283923104234,-24.871629179018953,1.955537088098212,-50,-50,6.477827770688887,-27.010070559693208,-42.17370710444916,1.955537088098212,-50,-50,6.477827770688887,-27.010070559693208,-42.17370710444916
18.72754122613855,-43.29256667430546,-34.572418496070334,-16.413575690778515,-36.08460655389981,-27.88184707735165,18.72754122613855,-43.29256667430546,-34.572418496070334,-16.413575690778515,-36.08460655389981,-27.88184707735165,-14.2257076886884,-39.209959245621285,-50,18.761640810861685,-39.55174832793634,-45.34581053279859,-14.2257076886884,-39.209959245621285,-50,18.761640810861685,-39.55174832793634,-45.34581053279859
23.50312039275222,-28.28620443332636,-24.48360779744764,-18.091031800795466,-50,-40.4925628550472,23.50312039275222,-28.28620443332636,-24.48360779744764,-18.091031800795466,-50,-40.4925628550472,-18.053206323120126,-26.009943369136753,-34.59139806847006,15.921768160915313,-50,-37.98964072820258,-18.053206323120126,-26.009943369136753,-34.59139806847006,15.921768160915313,-50,-37.98964072820258
12.892171832322084,-24.849362158000417,-29.31078256769457,-4.989451456794629,-50,-50,12.892171832322084,-24.849362158000417,-29.31078256769457,-4.989451456794629,-50,-50,-6.5295469541774125,-26.40551526724052,-24.791465356142197,0.19268878710715864,-50,-38.731002102469546,-6.5295469541774125,-26.40551526724052,-24.791465356142197,0.19268878710715864,-50,-38.731002102469546
-4.799980797259977,-35.68176232153783,-45.23872496462069,12.615183456454824,-50,-50,-4.799980797259977,-35.68176232153783,-45.23872496462069,12.615183456454824,-50,-50,11.320798674612567,-40.085050474574786,-28.67214853221127,-16.049585653829055,-49.218240714301565,-45.692769422990224,11.320798674612567,-40.085050474574786,-28.67214853221127,-16.049585653829055,-49.218240714301565,-45.692769422990224
-15.72546584185736,-50,-50,20.9150036051315,-40.330197596410514,-46.229699199140086,-15.72546584185736,-50,-50,20.9150036051315,-40.330197596410514,-46.229699199140086,21.518769348254114,-50,-43.20238647489023,-20.025249488865736,-34.39731927855046,-41.247764427576435,21.518769348254114,-50,-43.20238647489023,-20.025249488865736,-34.39731927855046,-41.247764427576435
-11.332767958796486,-50,-50,13.400198778920034,-26.759514073014692,-32.32012720791588,-11.332767958796486,-50,-50,13.400198778920034,-26.759514073014692,-32.32012720791588,16.078073972997146,-50,-50,-8.606156384937727,-24.98489034800237,-36.650729169947944,16.078073972997146,-50,-50,-8.606156384937727,-24.98489034800237,-36.650729169947944
4.9398926548885385,-50,-48.6394814813293,-4.035133040550613,-25.862709569474255,-24.564163328600497,4.9398926548885385,-50,-48.6394814813293,-4.035133040550613,-25.862709569474255,-24.564163328600497,-0.740540052508849,-50,-50,9.222881133016132,-28.364399965209188,-43.54134596538807,-0.740540052508849,-50,-50,9.222881133016132,-28.364399965209188,-43.54134596538807
20.355698701292837,-40.59284846301651,-31.885408943434786,-17.715912265355243,-38.34085715941684,-28.98530128982371,20.355698701292837,-40.59284846301651,-31.885408943434786,-17.715912265355243,-38.34085715941684,-28.98530128982371,-15.765986862299556,-36.39919790775601,-48.36932129487299,19.433554674744403,-41.88483986301191,-44.47258951162533,-15.765986862299556,-36.39919790775601,-48.36932129487299,19.433554674744403,-41.88483986301191,-44.47258951162533
22.84850379081594,-26.769967299959315,-24.19721593447386,-16.911873096069268,-50,-42.1499644018003,22.84850379081594,-26.769967299959315,-24.19721593447386,-16.911873096069268,-50,-42.1499644018003,-17.231455599897227,-24.978044711347817,-32.64174852969695,13.991864806944893,-50,-37.08655336920579,-17.231455599897227,-24.978044711347817,-32.64174852969695,13.991864806944893,-50,-37.08655336920579
10.467157847984925,-25.70764692891343,-31.65136177860648,-2.2536487632867273,-50,-50,10.467157847984925,-25.70764692891343,-31.65136177860648,-2.2536487632867273,-50,-50,-3.989300297119616,-27.965390593587635,-24.46321969952592,-2.8205381820406106,-50,-40.084663446120885,-3.989300297119616,-27.965390593587635,-24.46321969952592,-2.8205381820406106,-50,-40.084663446120885
-7.0973030440551845,-38.24036561501529,-48.35636925024751,14.761853966658528,-50,-50,-7.0973030440551845,-38.24036561501529,-48.35636925024751,14.761853966658528,-50,-50,13.590209279522519,-43.0078579059257,-30.221687555417127,-17.77525799357904,-47.089869410748875,-45.875712173616,13.590209279522519,-43.0078579059257,-30.221687555417127,-17.77525799357904,-47.089869410748875,-45.875712173616
-16.09695316933457,-50,-50,20.788840676441943,-38.007190176907386,-44.66105761778593,-16.09695316933457,-50,-50,20.788840676441943,-38.007190176907386,-44.66105761778593,21.74011053939267,-50,-45.419421350709335,-19.105567388759095,-32.34214559633073,-39.796777976636406,21.74011053939267,-50,-45.419421350709335,-19.105567388759095,-32.34214559633073,-39.796777976636406
-9.487652536735085,-50,-50,11.100155967756166,-25.73010777451035,-30.927896769183647,-9.487652536735085,-50,-50,11.100155967756166,-25.73010777451035,-30.927896769183647,14.078007814804364,-50,-50,-5.764747472562269,-24.61506606034111,-37.239707752796605,14.078007814804364,-50,-50,-5.764747472562269,-24.61506606034111,-37.239707752796605
7.557415646471579,-50,-45.530967359316726,-6.705059754993457,-26.93163834998878,-24.429588278466298,7.557415646471579,-50,-45.530967359316726,-6.705059754993457,-26.93163834998878,-24.429588278466298,-3.3957107084890596,-50,-50,11.750329123789482,-29.970028476161254,-44.67899721408292,-3.3957107084890596,-50,-50,11.750329123789482,-29.970028476161254,-44.67899721408292
21.696860907404016,-37.94349225636682,-29.51232177538629,-18.66161531506258,-40.6724905301579,-30.212896293792646,21.696860907404016,-37.94349225636682,-29.51232177538629,-18.66161531506258,-40.6724905301579,-30.212896293792646,-16.996930113588867,-33.75159217432233,-46.22697508795018,19.658385888590427,-44.20640871702748,-43.278383176062505,-16.996930113588867,-33.75159217432233,-46.22697508795018,19.658385888590427,-44.20640871702748,-43.278383176062505
21.863560588149795,-25.59154705147162,-24.43515478931899,-15.39160780963947,-50,-43.78634559646521,21.863560588149795,-25.59154705147162,-24.43515478931899,-15.39160780963947,-50,-43.78634559646521,-16.074188371893086,-24.38058991318861,-30.842106706229874,11.73717672736988,-50,-36.58421704463983,-16.074188371893086,-24.38058991318861,-30.842106706229874,11.73717672736988,-50,-36.58421704463983
7.927036739977387,-26.925840156747395,-34.31226871198628,0.540192939129513,-50,-50,7.927036739977387,-26.925840156747395,-34.31226871198628,0.540192939129513,-50,-50,-1.3501080903272005,-29.888750933454176,-24.411917328590608,-5.780703648834296,-50,-41.54611150903428,-1.3501080903272005,-29.888750933454176,-24.411917328590608,-5.780703648834296,-50,-41.54611150903428
-9.20441713575457,-40.89825216676621,-50,16.637974091297554,-50,-50,-9.20441713575457,-40.89825216676621,-50,16.637974091297554,-50,-50,15.644507693964846,-45.936844513035034,-31.958795061457508,-19.111772648015812,-44.84879564390675,-45.60056161207295,15.644507693964846,-45.936844513035034,-31.958795061457508,-19.111772648015812,-44.84879564390675,-45.60056161207295
-16.121795391918198,-50,-50,20.275739151690406,-35.76499698271395,-43.04370692696579,-16.121795391918198,-50,-50,20.275739151690406,-35.76499698271395,-43.04370692696579,21.60074164602752,-50,-47.58814695582565,-17.766829891077872,-30.460948223772405,-38.481709356642405,21.60074164602752,-50,-47.58814695582565,-17.766829891077872,-30.460948223772405,-38.481709356642405
-7.410778568353379,-50,-50,8.600274471255918,-24.98136311367157,-29.638386947431407,-7.410778568353379,-50,-50,8.600274471255918,-24.98136311367157,-29.638386947431407,11.85411495081594,-50,-50,-2.8041081481614714,-24.569423612885792,-38.21447168571072,11.85411495081594,-50,-50,-2.8041081481614714,-24.569423612885792,-38.21447168571072
10.1104102800441,-50,-42.362927765048056,-9.230985472469673,-28.26167014923096,-24.469387930483713,10.1104102800441,-50,-42.362927765048056,-9.230985472469673,-28.26167014923096,-24.469387930483713,-5.962540286036889,-47.832809497207336,-50,14.003369232962628,-31.79574452274136,-45.47549374511592,-5.962540286036889,-47.832809497207336,-50,14.003369232962628,-31.79574452274136,-45.47549374511592
22.727715013218916,-35.39959296272602,-27.51810298314974,-19.23242220039184,-43.04155213585014,-31.551095921023286,22.727715013218916,-35.39959296272602,-27.51810298314974,-19.23242220039184,-43.04155213585014,-31.551095921023286,-17.89654665526321,-31.330030995982575,-44.023785902076874,19.43108153842102,-46.47132626411797,-41.8798849870881,-17.89654665526321,-31.330030995982575,-44.023785902076874,19.43108153842102,-46.47132626411797,-41.8798849870881
20.565411618141802,-24.775449624607425,-25.190912517417956,-13.559594054385219,-50,-45.38366275926635,20.565411618141802,-24.775449624607425,-25.190912517417956,-13.559594054385219,-50,-45.38366275926635,-14.602079205076254,-24.231770402351685,-29.220404096029146,9.208376356502539,-50,-36.53171821682126,-14.602079205076254,-24.231770402351685,-29.220404096029146,9.208376356502539,-50,-36.53171821682126
5.315962313472634,-28.478608802442924,-37.220680405126494,3.338121277271073,-50,-50,5.315962313472634,-28.478608802442924,-37.220680405126494,3.338121277271073,-50,-50,1.3408805272087247,-32.12991043868263,-24.638354486261036,-8.621280100431486,-50,-42.97253894927726,1.3408805272087247,-32.12991043868263,-24.638354486261036,-8.621280100431486,-50,-42.97253894927726
-11.084696037218688,-43.6001496749156,-50,18.207313741526928,-50,-50,-11.084696037218688,-43.6001496749156,-50,18.207313741526928,-50,-50,17.446993899948254,-48.80243766584778,-33.85651012170288,-20.02909244630059,-42.53858330781522,-44.89420444157167,17.446993899948254,-48.80243766584778,-33.85651012170288,-20.02909244630059,-42.53858330781522,-44.89420444157167
-15.799560688207091,-50,-50,19.38560762552733,-33.64011662915147,-41.39548096517961,-15.799560688207091,-50,-50,19.38560762552733,-33.64011662915147,-41.39548096517961,21.10315249186585,-50,-49.674903395239035,-16.039124123406584,-28.790295472109413,-37.43106224750405,21.10315249186585,-50,-49.674903395239035,-16.039124123406584,-28.790295472109413,-37.43106224750405
-5.13824743806172,-50,-50,5.9488299448687325,-24.525468221039397,-28.4658166192689,-5.13824743806172,-50,-50,5.9488299448687325,-24.525468221039397,-28.4658166192689,9.446125201950439,-50,-50,0.20922342582679143,-24.848850242269936,-39.47977061405659,9.446125201950439,-50,-50,0.20922342582679143,-24.848850242269936,-39.47977061405659
12.554498975615028,-49.54514001642518,-39.222064727181525,-11.564131592952398,-29.83115459419568,-24.683123430809555,12.554498975615028,-49.54514001642518,-39.222064727181525,-11.564131592952398,-29.83115459419568,-24.683123430809555,-8.395172403716073,-44.93774065418173,-50,15.931366063129946,-33.806058286820885,-45.85300484021391,-8.395172403716073,-44.93774065418173,-50,15.931366063129946,-33.806058286820885,-45.85300484021391
23.43034213636363,-33.014052452419044,-25.957329793343614,-19.417309968228462,-45.40947818616535,-32.98514441312127,23.43034213636363,-33.014052452419044,-25.957329793343614,-19.417309968228462,-45.40947818616535,-32.98514441312127,-18.448764847957662,-29.192034055348973,-41.79394852726519,18.756750120110713,-48.635565114604944,-40.41375105594742,-18.448764847957662,-29.192034055348973,-41.79394852726519,18.756750120110713,-48.635565114604944,-40.41375105594742
18.976622031928482,-24.33864624159835,-26.443805750948556,-11.451210173230958,-50,-46.92430295289891,18.976622031928482,-24.33864624159835,-26.443805750948556,-11.451210173230958,-50,-46.92430295289891,-12.84142731309959,-24.53512110956962,-27.801810475966878,6.46229659812342,-50,-36.934186878560226,-12.84142731309959,-24.53512110956962,-27.801810475966878,6.46229659812342,-50,-36.934186878560226
2.6793217238924187,-30.333662135882,-40.29700025373397,6.086104960202424,-50,-50,2.6793217238924187,-30.333662135882,-40.29700025373397,6.086104960202424,-50,-50,4.035591074203072,-34.635634532926126,-25.139016734872367,-11.278427697984192,-50,-44.224560511656485,4.035591074203072,-34.635634532926126,-25.139016734872367,-11.278427697984192,-50,-44.224560511656485
-12.705455689398299,-46.2898706040672,-50,19.439567120705384,-47.80179699931675,-50,-12.705455689398299,-46.2898706040672,-50,19.439567120705384,-47.80179699931675,-50,18.965466501743585,-50,-35.88537908396526,-20.506601309587218,-40.20414027070489,-43.82566329283978,18.965466501743585,-50,-35.88537908396526,-20.506601309587218,-40.20414027070489,-43.82566329283978
-15.135850321968768,-50,-50,18.135635585905415,-31.667138102943298,-39.734554019416315,-15.135850321968768,-50,-50,18.135635585905415,-31.667138102943298,-39.734554019416315,20.256232501531688,-50,-50,-13.961278985323334,-27.362662907531483,-36.747502029382616,20.256232501531688,-50,-50,-13.961278985323334,-27.362662907531483,-36.747502029382616
-2.7095615524419774,-50,-50,3.1970249046404673,-24.369844193223944,-27.42311521922195,-2.7095615524419774,-50,-50,3.1970249046404673,-24.369844193223944,-27.42311521922195,6.897057277897768,-50,-50,3.207524867921689,-25.44791421650241,-40.911964169563326,6.897057277897768,-50,-50,3.207524867921689,-25.44791421650241,-40.911964169563326
14.847197217091828,-46.948955845201596,-36.19433651393259,-13.659442317437636,-31.61454348093858,-25.068438008944696,14.847197217091828,-46.948955845201596,-36.19433651393259,-13.659442317437636,-31.61454348093858,-25.068438008944696,-10.650148116196029,-42.003010211075036,-50,17.49098932234732,-35.96189158315734,-45.774641500438655,-10.650148116196029,-42.003010211075036,-50,17.49098932234732,-35.96189158315734,-45.774641500438655
23.79252881937513,-30.836479432459296,-24.872717013599434,-19.2127082180586,-47.73772337544426,-34.49922912700505,23.79252881937513,-30.836479432459296,-24.872717013599434,-19.2127082180586,-47.73772337544426,-34.49922912700505,-18.643719319891744,-27.388385493889388,-39.572071349069006,17.650546729749543,-50,-39.02324661042212,-18.643719319891744,-27.388385493889388,-39.572071349069006,17.650546729749543,-50,-39.02324661042212
17.12480905832183,-24.290220483694434,-28.159545655505838,-9.107171541665673,-50,-48.391278192904295,17.12480905832183,-24.290220483694434,-28.159545655505838,-9.107171541665673,-50,-48.391278192904295,-10.823686722143586,-25.283436502908785,-26.608343252111396,3.560653548322831,-50,-37.752295269088016,-10.823686722143586,-25.283436502908785,-26.608343252111396,3.560653548322831,-50,-37.752295269088016
0.06294653199857558,-32.452423240463844,-43.457036389698374,8.731077187097144,-50,-50,0.06294653199857558,-32.452423240463844,-43.457036389698374,8.731077187097144,-50,-50,6.685882577144694,-37.34640440001603,-25.906133502307014,-13.692429029440747,-50,-45.17983324338226,6.685882577144694,-37.34640440001603,-25.906133502307014,-13.692429029440747,-50,-45.17983324338226
-14.038523141922386,-48.91148063789076,-50,20.310937965032622,-45.47520823990394,-50,-14.038523141922386,-48.91148063789076,-50,20.310937965032622,-45.47520823990394,-50,20.17279800345635,-50,-38.013912710473996,-20.5335675820306,-37.89084541773904,-42.499352085926205,20.17279800345635,-50,-38.013912710473996,-20.5335675820306,-37.89084541773904,-42.499352085926205
-14.14220127784132,-50,-50,16.54996146482288,-29.87817771969049,-38.079240425013985,-14.14220127784132,-50,-50,16.54996146482288,-29.87817771969049,-38.079240425013985,19.075111891094522,-50,-50,-11.579992497820502,-26.20580206356216,-36.497823698472665,19.075111891094522,-50,-50,-11.579992497820502,-26.20580206356216,-36.497823698472665
-0.16693768733314762,-50,-50,0.3979999463068096,-24.51702429165003,-26.521780172357012,-0.16693768733314762,-50,-50,0.3979999463068096,-24.51702429165003,-26.521780172357012,4.2524502483538615,-50,-50,6.12341158765624,-26.354970421583495,-42.371103653413016,4.2524502483538615,-50,-50,6.12341158765624,-26.354970421583495,-42.371103653413016
16.94865204189243,-44.27095471644657,-33.362605151012204,-15.476454728486054,-33.58280665045629,-25.62108296484088,16.94865204189243,-44.27095471644657,-33.362605151012204,-15.476454728486054,-33.58280665045629,-25.62108296484088,-12.687182307821619,-39.098327232085055,-50,18.647187640152236,-38.22133749432608,-45.24806110379918,-12.687182307821619,-39.098327232085055,-50,18.647187640152236,-38.22133749432608,-45.24806110379918
23.80797933084601,-28.91215780453731,-24.293948025553977,-18.622568050609352,-49.98838832652628,-36.07665489420198,23.80797933084601,-28.91215780453731,-24.293948025553977,-18.622568050609352,-49.98838832652628,-36.07665489420198,-18.477927211624245,-25.96192762908346,-37.392639206114524,16.13733246415258,-50,-37.84424664248067,-18.477927211624245,-25.96192762908346,-37.392639206114524,16.13733246415258,-50,-37.84424664248067
15.042161945698659,-24.631179392790532,-30.291176337398852,-6.572744305908948,-50,-49.76841276694956,15.042161945698659,-24.631179392790532,-30.291176337398852,-6.572744305908948,-50,-49.76841276694956,-8.584904345095845,-26.458941741781235,-25.658525736653772,0.5686594722348839,-50,-38.90610083852624,-8.584904345095845,-26.458941741781235,-25.658525736653772,0.5686594722348839,-50,-38.90610083852624
-2.487683965920848,-34.790831242599225,-46.61430582078357,11.221960429634109,-50,-50,-2.487683965920848,-34.790831242599225,-46.61430582078357,11.221960429634109,-50,-50,9.24440760824146,-40.19783074275617,-26.927798685836365,-15.809031213879823,-50,-45.74501139847775,9.24440760824146,-40.19783074275617,-26.927798685836365,-15.809031213879823,-50,-45.74501139847775
-15.060726271069697,-50,-50,20.804599077414,-43.10786865993815,-50,-15.060726271069697,-50,-50,20.804599077414,-43.10786865993815,-50,21.04741944143281,-50,-40.20907490934205,-20.109385216753694,-35.64366653772899,-41.0448730850791,21.04741944143281,-50,-40.20907490934205,-20.109385216753694,-35.64366653772899,-41.0448730850791
-12.835885719016531,-50,-50,14.659206496788016,-28.302356331699905,-36.44779262127332,-12.835885719016531,-50,-50,14.659206496788016,-28.302356331699905,-36.44779262127332,17.580891366931024,-50,-50,-8.948782300082767,-25.342200983196744,-36.70642490507754,17.580891366931024,-50,-50,-8.948782300082767,-25.342200983196744,-36.70642490507754
2.4454268477700842,-50,-47.29216813459222,-2.394192462169468,-24.96461270590807,-25.771750117060524,2.4454268477700842,-50,-47.29216813459222,-2.394192462169468,-24.96461270590807,-25.771750117060524,1.559549988057703,-50,-50,8.891351204030043,-27.552386729115575,-43.71460730954722,1.559549988057703,-50,-50,8.891351204030043,-27.552386729115575,-43.71460730954722
18.82233478741795,-41.566827226400854,-30.804368676714,-16.980080176794864,-35.70390454413303,-26.33496451750914,18.82233478741795,-41.566827226400854,-30.804368676714,-16.980080176794864,-35.70390454413303,-26.33496451750914,-14.46988338574685,-36.29268705977681,-50,19.373976320993382,-40.54047499295324,-44.324719154371415,-14.46988338574685,-36.29268705977681,-50,19.373976320993382,-40.54047499295324,-44.324719154371415
23.47642510134816,-27.281104959859263,-24.236862418296106,-17.65828576743908,-50,-37.70002811137035,23.47642510134816,-27.281104959859263,-24.236862418296106,-17.65828576743908,-50,-37.70002811137035,-17.954350397298416,-24.946543314842877,-35.28947816515666,14.251115686236785,-50,-36.99195870265676,-17.954350397298416,-24.946543314842877,-35.28947816515666,14.251115686236785,-50,-36.99195870265676
12.764882430490182,-25.35443252940265,-32.780359919535655,-3.8968712403166705,-50,-50,12.764882430490182,-25.35443252940265,-32.780359919535655,-3.8968712403166705,-50,-50,-6.165076003857703,-28.033714885228306,-24.967099655224164,-2.4464427930250983,-50,-40.28285794051252,-6.165076003857703,-28.033714885228306,-24.967099655224164,-2.4464427930250983,-50,-40.28285794051252
-4.9282332846018235,-37.30025758328631,-49.682401273164956,13.510652799242092,-50,-50,-4.9282332846018235,-37.30025758328631,-49.682401273164956,13.510652799242092,-50,-50,11.665458146685733,-43.122183230938624,-28.188155441828485,-17.58066519457518,-48.33137605846876,-45.86486784154519,11.665458146685733,-43.122183230938624,-28.188155441828485,-17.58066519457518,-48.33137605846876,-45.86486784154519
-15.75429657057926,-50,-50,20.911017280454146,-40.73831401846341,-48.71757589649912,-15.75429657057926,-50,-50,20.911017280454146,-40.73831401846341,-48.71757589649912,21.573705713553604,-50,-42.43679547410908,-19.243587396299862,-33.506286201085,-39.60435264105898,21.573705713553604,-50,-42.43679547410908,-19.243587396299862,-33.506286201085,-39.60435264105898
-11.23961075284353,-50,-50,12.499883386706992,-26.965325296224194,-34.858199889565476,-11.23961075284353,-50,-50,12.499883386706992,-26.965325296224194,-34.858199889565476,15.800265161843123,-50,-50,-6.126782880430025,-24.788647077235588,-37.35292190474888,15.800265161843123,-50,-50,-6.126782880430025,-24.788647077235588,-37.35292190474888
5.082122472056529,-50,-44.14698940134089,-5.125631797413457,-25.70532355296328,-25.181295315900442,5.082122472056529,-50,-44.14698940134089,-5.125631797413457,-25.70532355296328,-25.181295315900442,-1.1335348702298496,-50,-50,11.449136336935126,-29.016886744580486,-44.81119289066763,-1.1335348702298496,-50,-50,11.449136336935126,-29.016886744580486,-44.81119289066763
20.435676052689633,-38.892807284236085,-28.589640197099314,-18.141281884352566,-37.94330974645507,-27.20221099855336,20.435676052689633,-38.892807284236085,-28.589640197099314,-18.141281884352566,-37.94330974645507,-27.20221099855336,-15.96640341533234,-33.65273245902394,-49.0842975070016,19.655021330898403,-42.87422271592347,-43.09484123925552,-15.96640341533234,-33.65273245902394,-49.0842975070016,19.655021330898403,-42.87422271592347,-43.09484123925552
22.80362939185671,-25.977239594144628,-24.7030224948882,-16.338482794935192,-50,-39.3514485321725,22.80362939185671,-25.977239594144628,-24.7030224948882,-16.338482794935192,-50,-39.3514485321725,-17.08234257079385,-24.366351117325365,-33.29523052065438,12.03428771240724,-50,-36.549665240964295,-17.08234257079385,-24.366351117325365,-33.29523052065438,12.03428771240724,-50,-36.549665240964295
10.33255545835853,-26.44493942249468,-35.55897311624927,-1.131226604792878,-50,-50,10.33255545835853,-26.44493942249468,-35.55897311624927,-1.131226604792878,-50,-50,-3.607431904438214,-29.970350125704343,-24.544796346654177,-5.416891071009528,-50,-41.74803492304245,-3.607431904438214,-29.970350125704343,-24.544796346654177,-5.416891071009528,-50,-41.74803492304245
-7.216278431380104,-39.928517277374354,-50,15.552956951193401,-50,-50,-7.216278431380104,-39.928517277374354,-50,15.552956951193401,-50,-50,13.90578215192927,-46.0499993093858,-29.667642293271932,-18.967514818097246,-46.149970982300495,-45.52769064078054,13.90578215192927,-46.0499993093858,-29.667642293271932,-18.967514818097246,-46.149970982300495,-45.52769064078054
-16.107178013759416,-50,-50,20.628137513338284,-38.405116131486665,-47.26992782416515,-16.107178013759416,-50,-50,20.628137513338284,-38.405116131486665,-47.26992782416515,21.742254721506427,-50,-44.662498873357734,-17.95563228145954,-31.52025262093759,-38.318553125673866,21.742254721506427,-50,-44.662498873357734,-17.95563228145954,-31.52025262093759,-38.318553125673866
-9.381123723192834,-50,-50,10.113691206566083,-25.888848920443262,-33.327989993177404,-9.381123723192834,-50,-50,10.113691206566083,-25.888848920443262,-33.327989993177404,13.765044142890837,-50,-50,-3.1774165727616,-24.55590079634327,-38.37414138299557,13.765044142890837,-50,-50,-3.1774165727616,-24.55590079634327,-38.37414138299557
7.697316668120877,-50,-40.98016152061102,-7.743570749421398,-26.72709947739237,-24.756926462955153,7.697316668120877,-50,-40.98016152061102,-7.743570749421398,-26.72709947739237,-24.756926462955153,-3.7786923959063525,-47.721729365758996,-50,13.739282671664247,-30.72000227365135,-45.55370607770159,-3.7786923959063525,-47.721729365758996,-50,13.739282671664247,-30.72000227365135,-45.55370607770159
21.7606318378843,-36.30450269509568,-26.779031786735217,-18.93763567880258,-40.26456902527567,-28.21325964970977,21.7606318378843,-36.30450269509568,-26.779031786735217,-18.93763567880258,-40.26456902527567,-28.21325964970977,-17.15000708313753,-31.2411706420611,-46.970549855515785,19.484006392714825,-45.177215294178495,-41.678606515286745,-17.15000708313753,-31.2411706420611,-46.970549855515785,19.484006392714825,-45.177215294178495,-41.678606515286745
21.80128711352511,-25.027676348554177,-25.6796705156861,-14.688646082639808,-50,-41.01270664567793,21.80128711352511,-25.027676348554177,-25.6796705156861,-14.688646082639808,-50,-41.01270664567793,-15.877482142090077,-24.23513242324729,-31.440848167194922,9.53667009931465,-50,-36.56058555148673,-15.877482142090077,-24.23513242324729,-31.440848167194922,9.53667009931465,-50,-36.56058555148673
7.787461096543945,-27.88002234485029,-38.55097161248149,1.670781746044691,-50,-50,7.787461096543945,-27.88002234485029,-38.55097161248149,1.670781746044691,-50,-50,-0.957664329809452,-32.22284629447296,-24.398170206294843,-8.27592675035761,-50,-43.158460067841865,-0.957664329809452,-32.22284629447296,-24.398170206294843,-8.27592675035761,-50,-43.158460067841865
-9.312047326366022,-42.62095413078246,-50,17.309433587382614,-50,-50,-9.312047326366022,-42.62095413078246,-50,17.309433587382614,-50,-50,15.925356260901363,-48.91173415177271,-31.343296735387113,-19.938411672688524,-43.87413398625431,-44.766427514972754,15.925356260901363,-48.91173415177271,-31.343296735387113,-19.938411672688524,-43.87413398625431,-44.766427514972754
-16.113236618084006,-50,-50,19.961422517477562,-36.1462549966128,-45.744803739679526,-16.113236618084006,-50,-50,19.961422517477562,-36.1462549966128,-45.744803739679526,21.550055339166345,-50,-46.85164088326256,-16.27446570360742,-29.724172003706926,-37.3131181493338,21.550055339166345,-50,-46.85164088326256,-16.27446570360742,-29.724172003706926,-37.3131181493338
-7.292729890614906,-50,-50,7.54671013724184,-25.090450180183957,-31.874035906114088,-7.292729890614906,-50,-50,7.54671013724184,-25.090450180183957,-31.874035906114088,11.51158751060945,-50,-50,-0.16696818686706189,-24.648486460276203,-39.67029351976235,11.51158751060945,-50,-50,-0.16696818686706189,-24.648486460276203,-39.67029351976235
10.245550668403707,-50,-37.87835335922515,-10.197453834256676,-28.013307922060733,-24.503322893158952,10.245550668403707,-50,-37.87835335922515,-10.197453834256676,-28.013307922060733,-24.503322893158952,-6.328666879627275,-44.823819612660145,-50,15.710320876046204,-32.62862671111866,-45.86959120665999,-6.328666879627275,-44.823819612660145,-50,15.710320876046204,-32.62862671111866,-45.86959120665999
22.774171020817295,-33.85573876333702,-25.422095674252642,-19.353763030620765,-42.62989672069018,-29.356962067318825,22.774171020817295,-33.85573876333702,-25.422095674252642,-19.353763030620765,-42.62989672069018,-29.356962067318825,-17.99954932299453,-29.115283775265866,-44.784418508014944,18.864774939731635,-47.40468520326849,-40.21440424282595,-17.99954932299453,-29.115283775265866,-44.784418508014944,18.864774939731635,-47.40468520326849,-40.21440424282595
20.486821540202204,-24.45216194490561,-27.140077848621992,-12.740635920252995,-50,-42.66548446490268,20.486821540202204,-24.45216194490561,-27.140077848621992,-12.740635920252995,-50,-42.66548446490268,-14.361293929149225,-24.556004088669674,-29.75511220790939,6.814394941497105,-50,-37.02365254155171,-14.361293929149225,-24.556004088669674,-29.75511220790939,6.814394941497105,-50,-37.02365254155171
5.173839598097088,-29.629837909645325,-41.67447122349934,4.4550437314108935,-50,-50,5.173839598097088,-29.629837909645325,-41.67447122349934,4.4550437314108935,-50,-50,1.7368886522098916,-34.73769953382791,-24.529496957952407,-10.959295134834148,-50,-44.376311805307864,1.7368886522098916,-34.73769953382791,-24.529496957952407,-10.959295134834148,-50,-44.376311805307864
-11.179110142971643,-45.32157734795055,-50,18.746163075604105,-50,-50,-11.179110142971643,-45.32157734795055,-50,18.746163075604105,-50,-50,17.68810080493559,-50,-33.18911162718682,-20.47153557508999,-41.54810472152416,-43.655466303324914,17.68810080493559,-50,-33.18911162718682,-20.47153557508999,-41.54810472152416,-43.655466303324914
-15.772367069505446,-50,-50,18.92374734453837,-33.998500551345856,-44.15902053796311,-15.772367069505446,-50,-50,18.92374734453837,-33.998500551345856,-44.15902053796311,21.000541206329828,-50,-48.970244734231855,-14.237870628713784,-28.152958088892106,-36.686295128488666,21.000541206329828,-50,-48.970244734231855,-14.237870628713784,-28.152958088892106,-36.686295128488666
-5.01073088423945,-50,-50,4.848511605963247,-24.583125479399516,-30.512369761990527,-5.01073088423945,-50,-50,4.848511605963247,-24.583125479399516,-30.512369761990527,9.080153242304855,-50,-50,2.8369046932781967,-25.06460431031476,-41.11472308446714,9.080153242304855,-50,-50,2.8369046932781967,-25.06460431031476,-41.11472308446714
12.682529644902749,-47.90067879123534,-34.92645434236616,-12.439893679958729,-29.543011874330382,-24.423280985264086,12.682529644902749,-47.90067879123534,-34.92645434236616,-12.439893679958729,-29.543011874330382,-24.423280985264086,-8.737903056016792,-41.8889542419714,-50,17.317953335326944,-34.70565859518159,-45.727981141879575,-8.737903056016792,-41.8889542419714,-50,17.317953335326944,-34.70565859518159,-45.727981141879575
23.458675696784823,-31.597438963917163,-24.55596811070801,-19.381628030627596,-45.00078982328635,-30.620707131030827,23.458675696784823,-31.597438963917163,-24.55596811070801,-19.381628030627596,-45.00078982328635,-30.620707131030827,-18.499853072375075,-27.325568347821395,-42.55983350684228,17.811243737380657,-49.513332992488316,-38.845310895056784,-18.499853072375075,-27.325568347821395,-42.55983350684228,17.811243737380657,-49.513332992488316,-38.845310895056784
18.883081447345077,-24.262664541068915,-29.044276470989274,-10.532070677905125,-50,-44.29155751146134,18.883081447345077,-24.262664541068915,-29.044276470989274,-10.532070677905125,-50,-44.29155751146134,-12.560864617285317,-25.321344403879156,-28.264186254853165,3.9286433443873534,-50,-37.89361700411172,-12.560864617285317,-25.321344403879156,-28.264186254853165,3.9286433443873534,-50,-37.89361700411172
2.537122393068736,-31.65799768109052,-44.84398887854892,7.167791973739581,-50,-50,2.537122393068736,-31.65799768109052,-44.84398887854892,7.167791973739581,-50,-50,4.428088883004026,-37.45517418173475,-24.936738333318136,-13.406689519742482,-50,-45.28258613255529,4.428088883004026,-37.45517418173475,-24.936738333318136,-13.406689519742482,-50,-45.28258613255529
-12.785012551524414,-47.97422589310646,-50,19.835400477609532,-48.198137331742224,-50,-12.785012551524414,-47.97422589310646,-50,19.835400477609532,-48.198137331742224,-50,19.16252437264532,-50,-35.17643883757457,-20.554904962898636,-39.21709851922586,-42.303366058773925,19.16252437264532,-50,-35.17643883757457,-20.554904962898636,-39.21709851922586,-42.303366058773925
-15.090494553082735,-50,-50,17.535150724031475,-31.99681412885876,-42.53006397623345,-15.090494553082735,-50,-50,17.535150724031475,-31.99681412885876,-42.53006397623345,20.10352938677874,-50,-50,-11.891618013342065,-26.83715346617045,-36.49933490861201,20.10352938677874,-50,-50,-11.891618013342065,-26.83715346617045,-36.49933490861201
-2.5747936865635133,-50,-49.01923760181901,2.0712010036535036,-24.37513309357858,-29.258006074506774,-2.5747936865635133,-50,-49.01923760181901,2.0712010036535036,-24.37513309357858,-29.258006074506774,6.514178883741621,-50,-50,5.766692263288487,-25.79616549450097,-42.56628572037288,6.514178883741621,-50,-50,5.766692263288487,-25.79616549450097,-42.56628572037288
14.965892666638636,-45.24591694711879,-32.205251223340895,-14.427586132504592,-31.291310680567896,-24.517683327361606,14.965892666638636,-45.24591694711879,-32.205251223340895,-14.427586132504592,-31.291310680567896,-24.517683327361606,-10.963359947971895,-38.98684552284488,-50,18.526049708050756,-36.910722817151694,-45.14271349925344,-10.963359947971895,-38.98684552284488,-50,18.526049708050756,-36.910722817151694,-45.14271349925344
23.802247422831627,-29.576565959014637,-24.20435303495636,-19.020692572861257,-47.338654729469425,-31.990560061271232,23.802247422831627,-29.576565959014637,-24.20435303495636,-19.020692572861257,-47.338654729469425,-31.990560061271232,-18.641980410442404,-25.914535721519535,-40.33132171762678,16.347090114304677,-50,-37.705109250042895,-18.641980410442404,-25.914535721519535,-40.33132171762678,16.347090114304677,-50,-37.705109250042895
17.0179439418304,-24.46312484613963,-31.340152803199402,-8.105600351137946,-50,-45.872995769144005,17.0179439418304,-24.46312484613963,-31.340152803199402,-8.105600351137946,-50,-45.872995769144005,-10.508358855836986,-26.51297413292858,-26.991210354380456,0.9442704245626039,-50,-39.08546920421494,-10.508358855836986,-26.51297413292858,-26.991210354380456,0.9442704245626039,-50,-39.08546920421494
-0.07685762600841706,-33.922324893189526,-47.97278209780168,9.756640110041113,-50,-50,-0.07685762600841706,-33.922324893189526,-47.97278209780168,9.756640110041113,-50,-50,7.067858100819411,-40.31072168139735,-25.61357370708942,-15.56310654016977,-50,-45.788725247893574,7.067858100819411,-40.31072168139735,-25.61357370708942,-15.56310654016977,-50,-45.788725247893574
-14.101839858566962,-50,-50,20.556111336524744,-45.88249175023222,-50,-14.101839858566962,-50,-50,20.556111336524744,-45.88249175023222,-50,20.32228640363205,-50,-37.27443388116649,-20.1866461712535,-36.92642745641053,-40.842249055693124,20.32228640363205,-50,-37.27443388116649,-20.1866461712535,-36.92642745641053,-40.842249055693124
-14.079471758102148,-50,-50,15.822448091858005,-30.17377935437851,-40.87589586599685,-14.079471758102148,-50,-50,15.822448091858005,-30.17377935437851,-40.87589586599685,18.875044986546886,-50,-50,-9.28843813650843,-25.802335862616232,-36.770506556340735,18.875044986546886,-50,-50,-9.28843813650843,-25.802335862616232,-36.770506556340735
-0.027261119786148758,-50,-45.92419181173221,-0.7315885315093789,-24.469858740820456,-28.124776178791258,-0.027261119786148758,-50,-45.92419181173221,-0.7315885315093789,-24.469858740820456,-28.124776178791258,3.8595055378790706,-50,-50,8.556549730912883,-26.82894930560866,-43.88314005319976,3.8595055378790706,-50,-50,8.556549730912883,-26.82894930560866,-43.88314005319976
17.055949041036225,-42.54475383317811,-29.789217134126392,-16.122146510003756,-33.22974538114438,-24.785488984957503,17.055949041036225,-42.54475383317811,-29.789217134126392,-16.122146510003756,-33.22974538114438,-24.785488984957503,-12.965279793231648,-36.186427651089204,-50,19.30745892855835,-39.20095546708735,-44.17097848518281,-12.965279793231648,-36.186427651089204,-50,19.30745892855835,-39.20095546708735,-44.17097848518281
23.798914043139273,-27.835144982062495,-24.376873350837386,-18.27792674603405,-49.6054354714926,-33.451416072128374,23.798914043139273,-27.835144982062495,-24.376873350837386,-18.27792674603405,-49.6054354714926,-33.451416072128374,-18.423392233905936,-24.915702352416204,-38.1334709520559,14.505219832041773,-50,-36.90521562857172,-18.423392233905936,-24.915702352416204,-38.1334709520559,14.505219832041773,-50,-36.90521562857172
14.923829886498721,-25.049374171093408,-33.964873938773266,-5.5080829392815,-50,-47.39236139058387,14.923829886498721,-25.049374171093408,-33.964873938773266,-5.5080829392815,-50,-47.39236139058387,-8.24044463707052,-28.10258832758086,-25.955941840035003,-2.0716522606681407,-50,-40.48274571836228,-8.24044463707052,-28.10258832758086,-25.955941840035003,-2.0716522606681407,-50,-40.48274571836228
-2.62266279707703,-36.375731540199666,-50,12.171594434286298,-50,-50,-2.62266279707703,-36.375731540199666,-50,12.171594434286298,-50,-50,9.609036858370644,-43.23651381218941,-26.549498196786132,-17.38008233062258,-49.52750235263692,-45.84527109424661,9.609036858370644,-43.23651381218941,-26.549498196786132,-17.38008233062258,-49.52750235263692,-45.84527109424661
-15.106702235666159,-50,-50,20.89437787698468,-43.519465551857174,-50,-15.106702235666159,-50,-50,20.89437787698468,-43.519465551857174,-50,21.146667762300595,-50,-39.4505346428146,-19.375035542056523,-34.72061954145275,-39.41489028606297,21.146667762300595,-50,-39.4505346428146,-19.375035542056523,-34.72061954145275,-39.41489028606297
-12.756872848006044,-50,-50,13.818713752651833,-28.559071746108266,-39.21475601578533,-12.756872848006044,-50,-50,13.818713752651833,-28.559071746108266,-39.21475601578533,17.33703486558047,-50,-50,-6.486835525960101,-25.068620941130494,-37.47331217332159,17.33703486558047,-50,-50,-6.486835525960101,-25.068620941130494,-37.47331217332159
2.587584180801311,-50,-42.75885889167335,-3.5057318331555267,-24.865760468822074,-27.125175719145602,2.587584180801311,-50,-42.75885889167335,-3.5057318331555267,-24.865760468822074,-27.125175719145602,1.1635589140813967,-50,-50,11.143777128670072,-28.142879615319778,-44.9366079097328,1.1635589140813967,-50,-50,11.143777128670072,-28.142879615319778,-44.9366079097328
18.916368239734453,-39.85336171265341,-27.74447342536883,-17.490850856125164,-35.3267619678495,-25.223744978914795,18.916368239734453,-39.85336171265341,-27.74447342536883,-17.490850856125164,-35.3267619678495,-25.223744978914795,-14.70789831635297,-33.554219345541355,-50,19.64461940695361,-41.531837058855196,-42.9077304794664,-14.70789831635297,-33.554219345541355,-50,19.64461940695361,-41.531837058855196,-42.9077304794664
23.448733500377124,-26.409389898497256,-25.068807570210776,-17.167674232910574,-50,-34.987166925408864,23.448733500377124,-26.409389898497256,-25.068807570210776,-17.167674232910574,-50,-34.987166925408864,-17.847993618072316,-24.35279366974627,-36.00039314472214,12.327027552555881,-50,-36.5237927001284,-17.847993618072316,-24.35279366974627,-36.00039314472214,12.327027552555881,-50,-36.5237927001284
12.63714034258677,-26.00922111910751,-36.846607237878324,-2.789679562285235,-50,-48.83290097698406,12.63714034258677,-26.00922111910751,-36.846607237878324,-2.789679562285235,-50,-48.83290097698406,-5.79763822290931,-30.05242865871667,-25.17444868713263,-5.051344096530418,-50,-41.948909812888836,-5.79763822290931,-30.05242865871667,-25.17444868713263,-5.051344096530418,-50,-41.948909812888836
-5.056040511404712,-38.96719759919192,-50,14.366019334722493,-50,-50,-5.056040511404712,-38.96719759919192,-50,14.366019334722493,-50,-50,12.006227025830665,-46.16305382289872,-27.729985704696446,-18.81678171428812,-47.41982885808286,-45.44669821900332,12.006227025830665,-46.16305382289872,-27.729985704696446,-18.81678171428812,-47.41982885808286,-45.44669821900332
-15.782132603208261,-50,-50,20.84366777376311,-41.1475242820609,-50,-15.782132603208261,-50,-50,20.84366777376311,-41.1475242820609,-50,21.620940884981245,-50,-41.670966760760756,-18.13831341935726,-32.642553140831374,-38.160766011167695,21.620940884981245,-50,-41.670966760760756,-18.13831341935726,-32.642553140831374,-38.160766011167695
-11.145687976456973,-50,-50,11.562642176018665,-27.17897565456739,-37.56496110854557,-11.145687976456973,-50,-50,11.562642176018665,-27.17897565456739,-37.56496110854557,15.51697555733437,-50,-50,-3.549774112512223,-24.65027127511369,-38.539076173604535,15.51697555733437,-50,-50,-3.549774112512223,-24.65027127511369,-38.539076173604535
5.224289512334004,-50,-39.6098667947961,-6.197656927403369,-25.556393754911237,-26.270226864889274,5.224289512334004,-50,-39.6098667947961,-6.197656927403369,-25.556393754911237,-26.270226864889274,-1.5254979316392672,-47.61048869057004,-50,13.470228448893103,-29.71241513104792,-45.62374827672611,-1.5254979316392672,-47.61048869057004,-50,13.470228448893103,-29.71241513104792,-45.62374827672611
20.514811416139953,-37.22770965527477,-26.12698007558415,-18.507267878214936,-37.54822502277197,-25.8276188466988,20.514811416139953,-37.22770965527477,-26.12698007558415,-18.507267878214936,-37.54822502277197,-25.8276188466988,-16.160083657085263,-31.15274381959621,-49.7868775838896,19.529953712748945,-43.85805793768891,-41.47640944174234,-16.160083657085263,-31.15274381959621,-49.7868775838896,19.529953712748945,-43.85805793768891,-41.47640944174234
22.757792828510834,-25.32895011729265,-26.26121902933369,-15.711375316910832,-50,-36.58087854933125,22.757792828510834,-25.32895011729265,-26.26121902933369,-15.711375316910832,-50,-36.58087854933125,-16.926064052720776,-24.239180522471234,-33.96519491586946,9.861466524060061,-50,-36.59811171365127,-16.926064052720776,-24.239180522471234,-33.96519491586946,9.861466524060061,-50,-36.59811171365127
10.197623826141225,-27.322705112771402,-39.90648622310754,-0.0028857904396208944,-50,-50,10.197623826141225,-27.322705112771402,-39.90648622310754,-0.0028857904396208944,-50,-50,-3.2235803223773702,-32.31618029522929,-24.658860128346497,-7.927838729588765,-50,-43.34069331255857,-3.2235803223773702,-32.31618029522929,-24.658860128346497,-7.927838729588765,-50,-43.34069331255857
-7.334692437159829,-41.642832021197954,-50,16.297537882460148,-50,-50,-7.334692437159829,-41.642832021197954,-50,16.297537882460148,-50,-50,14.216602827910497,-49.02082719781906,-29.136714371444135,-19.840915943199146,-45.19303886844288,-44.63195370097195,14.216602827910497,-49.02082719781906,-29.136714371444135,-19.840915943199146,-45.19303886844288,-44.63195370097195
-16.116390252939468,-50,-50,20.40496029866825,-38.805278606595266,-49.65871229200207,-16.116390252939468,-50,-50,20.40496029866825,-38.805278606595266,-49.65871229200207,21.736632887689293,-50,-43.90126782455943,-16.504274211213314,-30.73262347304326,-37.202424653147474,21.736632887689293,-50,-43.90126782455943,-16.504274211213314,-30.73262347304326,-37.202424653147474
-9.273923659639378,-50,-50,9.097800760756758,-26.055956403655053,-35.94470273135927,-9.273923659639378,-50,-50,9.097800760756758,-26.055956403655053,-35.94470273135927,13.44738240081059,-50,-50,-0.5432621626262479,-24.55541910045656,-39.86365600989664,13.44738240081059,-50,-50,-0.5432621626262479,-24.55541910045656,-39.86365600989664
7.837022188673224,-50,-36.56339626313489,-8.755379570786625,-26.53051641054667,-25.569356773582953,7.837022188673224,-50,-36.56339626313489,-8.755379570786625,-26.53051641054667,-25.569356773582953,-4.159625029080101,-44.70984248843674,-50,15.483618431916224,-31.507045889261157,-45.877416318974454,-4.159625029080101,-44.70984248843674,-50,15.483618431916224,-31.507045889261157,-45.877416318974454
21.82349353734099,-34.72239962779603,-24.981004194005507,-19.151769366686132,-39.85797337759883,-26.59045192788851,21.82349353734099,-34.72239962779603,-24.981004194005507,-19.151769366686132,-39.85797337759883,-26.59045192788851,-17.295892540704443,-29.03904365854715,-47.70559457727525,18.96603887196852,-46.13439904771649,-40.01687881159178,-17.295892540704443,-29.03904365854715,-47.70559457727525,18.96603887196852,-46.13439904771649,-40.01687881159178
21.73810234457311,-24.61629401419825,-27.921474142222788,-13.937152844979316,-50,-38.21497776333559,21.73810234457311,-24.61629401419825,-27.921474142222788,-13.937152844979316,-50,-38.21497776333559,-15.674073799132103,-24.577561579627638,-32.05946373720069,7.16394839324333,-50,-37.12091048785189,-15.674073799132103,-24.577561579627638,-32.05946373720069,7.16394839324333,-50,-37.12091048785189
7.647685377076323,-28.962511485942564,-43.06076897533812,2.7984821069111616,-50,-50,7.647685377076323,-28.962511485942564,-43.06076897533812,2.7984821069111616,-50,-50,-0.564256450817342,-34.84007202670507,-24.417178400893903,-10.636489086634398,-50,-44.522096240924554,-0.564256450817342,-34.84007202670507,-24.417178400893903,-10.636489086634398,-50,-44.522096240924554
-9.419009772675773,-44.346993427023904,-50,17.92885017985888,-50,-50,-9.419009772675773,-44.346993427023904,-50,17.92885017985888,-50,-50,16.200675925848707,-50,-30.747850942003254,-20.429468363783243,-42.89041861756983,-43.48065138475368,16.200675925848707,-50,-30.747850942003254,-20.429468363783243,-42.89041861756983,-43.48065138475368
-16.103664931523543,-50,-50,19.586727409648173,-36.530855803747954,-48.27358648711771,-16.103664931523543,-50,-50,19.586727409648173,-36.530855803747954,-48.27358648711771,21.491676934102035,-50,-46.10682225193288,-14.509641731080588,-29.027957372066037,-36.633511812880634,21.491676934102035,-50,-46.10682225193288,-14.509641731080588,-29.027957372066037,-36.633511812880634
-7.174115951330416,-50,-50,6.471788497099339,-25.20829459815599,-34.37184678454912,-7.174115951330416,-50,-50,6.471788497099339,-25.20829459815599,-34.37184678454912,11.165228654396488,-50,-50,2.465131208187009,-24.785908234238264,-41.317618601132864,11.165228654396488,-50,-50,2.465131208187009,-24.785908234238264,-41.317618601132864
10.380366229767084,-48.839078340471545,-33.70282225698372,-11.129507127191957,-27.772271582636133,-25.030293641770378,10.380366229767084,-48.839078340471545,-33.70282225698372,-11.129507127191957,-27.772271582636133,-25.030293641770378,-6.691763727373045,-41.774947983346614,-50,17.13869763832298,-33.49188633405131,-45.672824526222904,-6.691763727373045,-41.774947983346614,-50,17.13869763832298,-33.49188633405131,-45.672824526222904
22.8196663590763,-32.38953101423266,-24.337908530615856,-19.411909238855664,-42.21840874824271,-27.503832786392366,22.8196663590763,-32.38953101423266,-24.337908530615856,-19.411909238855664,-42.21840874824271,-27.503832786392366,-18.095033754321623,-27.263325879044007,-45.54051954890018,17.96554845040888,-48.31661093834672,-38.67175856645486,-18.095033754321623,-27.263325879044007,-45.54051954890018,17.96554845040888,-48.31661093834672,-38.67175856645486
20.40738687862292,-24.286241688754178,-30.004135507571725,-11.879269142300874,-50,-39.871446050076045,20.40738687862292,-24.286241688754178,-30.004135507571725,-11.879269142300874,-50,-39.871446050076045,-14.114389649057234,-25.359899228462126,-30.312777675771873,4.295097869806436,-50,-38.041103044922814,-14.114389649057234,-25.359899228462126,-30.312777675771873,4.295097869806436,-50,-38.041103044922814
5.0316494510797884,-30.894539508168545,-46.223129959343694,5.560326416883826,-50,-50,5.0316494510797884,-30.894539508168545,-46.223129959343694,5.560326416883826,-50,-50,2.132824600813545,-37.5641534985382,-24.453154547115375,-13.116420269477333,-50,-45.377676238978864,2.132824600813545,-37.5641534985382,-24.453154547115375,-13.116420269477333,-50,-45.377676238978864
-11.272761748770215,-47.02344720220023,-50,19.228453665492637,-50,-50,-11.272761748770215,-47.02344720220023,-50,19.228453665492637,-50,-50,17.923000876142517,-50,-32.53838963064181,-20.56921169899861,-40.55672839229919,-42.10529230799298,17.923000876142517,-50,-32.53838963064181,-20.56921169899861,-40.55672839229919,-42.10529230799298
-15.744177837611534,-50,-50,18.40477014730523,-34.361279125206764,-46.7999177526803,-15.744177837611534,-50,-50,18.40477014730523,-34.361279125206764,-46.7999177526803,20.890449159566195,-50,-48.2533985429324,-12.1992438574774,-27.561691584440897,-36.5096195654953,20.890449159566195,-50,-48.2533985429324,-12.1992438574774,-27.561691584440897,-36.5096195654953
-4.882764883026676,-50,-47.67912473999621,3.735316774138431,-24.649788550473616,-32.86373648199009,-4.882764883026676,-50,-47.67912473999621,3.735316774138431,-24.649788550473616,-32.86373648199009,8.711284969015772,-50,-50,5.4077946008834985,-25.337258233043478,-42.7588880582059,8.711284969015772,-50,-50,5.4077946008834985,-25.337258233043478,-42.7588880582059
12.810111807622553,-46.21479482488287,-31.106432172089697,-13.274192397832927,-29.261445872769997,-24.658981489439356,12.810111807622553,-46.21479482488287,-31.106432172089697,-13.274192397832927,-29.261445872769997,-24.658981489439356,-9.076677397246112,-38.87551813648425,-50,18.39826939637506,-35.628353452176086,-45.02996485771088,-9.076677397246112,-38.87551813648425,-50,18.39826939637506,-35.628353452176086,-45.02996485771088
23.486013848442486,-30.277617178768168,-24.215293149107836,-19.28266388746323,-44.59110776297991,-28.557689959779417,23.486013848442486,-30.277617178768168,-24.215293149107836,-19.28266388746323,-44.59110776297991,-28.557689959779417,-18.54323064917449,-25.867769354782055,-43.32525573467065,16.55096772469245,-50,-37.572488920774504,-18.54323064917449,-25.867769354782055,-43.32525573467065,16.55096772469245,-50,-37.572488920774504
18.788777670833348,-24.345656771672765,-32.45220542695741,-9.57746436644999,-50,-41.53201823795035,18.788777670833348,-24.345656771672765,-32.45220542695741,-9.57746436644999,-50,-41.53201823795035,-12.27487534223756,-26.567610492975845,-28.752246325015925,1.3193902312910906,-50,-39.26877154482816,-12.27487534223756,-26.567610492975845,-28.752246325015925,1.3193902312910906,-50,-39.26877154482816
2.3949894471268367,-33.078611529276486,-49.30702255709196,8.229312673622445,-50,-50,2.3949894471268367,-33.078611529276486,-49.30702255709196,8.229312673622445,-50,-50,4.819479509966685,-40.423719221116315,-24.76623019609399,-15.311897672920637,-50,-45.82382916885689,4.819479509966685,-40.423719221116315,-24.76623019609399,-15.311897672920637,-50,-45.82382916885689
-12.863725412243,-49.61653492860576,-50,20.171251465693906,-48.59191807221454,-50,-12.863725412243,-49.61653492860576,-50,20.171251465693906,-48.59191807221454,-50,19.3528083629899,-50,-34.48054022539877,-20.257005321528144,-38.2373324440002,-40.640271512797824,19.3528083629899,-50,-34.48054022539877,-20.257005321528144,-38.2373324440002,-40.640271512797824
-15.044177776843846,-50,-50,16.88191349820367,-32.33186512834895,-45.25395560734041,-15.044177776843846,-50,-50,16.88191349820367,-32.33186512834895,-45.25395560734041,19.943690491488976,-50,-50,-9.625005060819822,-26.36232862907287,-36.84285420678437,19.943690491488976,-50,-50,-9.625005060819822,-26.36232862907287,-36.84285420678437
-2.4396999999978917,-50,-44.542733621230155,0.9412300832016298,-24.389529670500746,-31.437001114860188,-2.4396999999978917,-50,-44.542733621230155,0.9412300832016298,-24.389529670500746,-31.437001114860188,6.129391020917114,-50,-50,8.218593848692956,-26.198751487625778,-44.04662881849949,6.129391020917114,-50,-50,8.218593848692956,-26.198751487625778,-44.04662881849949
15.084023726234175,-43.52396165860437,-28.845283291943446,-15.148018984632778,-30.973798372670444,-24.45951461784204,15.084023726234175,-43.52396165860437,-28.845283291943446,-15.148018984632778,-30.973798372670444,-24.45951461784204,-11.271759582901844,-36.08042351202981,-50,19.234025769489264,-37.874916782420314,-44.01165520127512,-11.271759582901844,-36.08042351202981,-50,19.234025769489264,-37.874916782420314,-44.01165520127512
23.810953180851815,-28.430576602036233,-24.61651375322457,-18.76652919243825,-46.93744742142017,-29.740403013012997,23.810953180851815,-28.430576602036233,-24.61651375322457,-18.76652919243825,-46.93744742142017,-29.740403013012997,-18.632476192794023,-24.885522935793055,-41.094185329920336,14.754088342433066,-50,-36.82648647056356,-18.632476192794023,-24.885522935793055,-41.094185329920336,14.754088342433066,-50,-36.82648647056356
16.91041029135226,-24.79330369163256,-35.198685802028315,-7.076189078167054,-50,-43.178383903385786,16.91041029135226,-24.79330369163256,-35.198685802028315,-7.076189078167054,-50,-43.178383903385786,-10.188393781004915,-28.17200843796192,-27.402090047935612,-1.6962977107334467,-50,-40.68395272667907,-10.188393781004915,-28.17200843796192,-27.402090047935612,-1.6962977107334467,-50,-40.68395272667907
-0.21646273654527626,-35.46930849705443,-50,10.753899609620305,-50,-50,-0.21646273654527626,-35.46930849705443,-50,10.753899609620305,-50,-50,7.447711217006654,-43.350845528399596,-25.35154622990084,-17.173579578471145,-50,-45.81695860340684,7.447711217006654,-43.350845528399596,-25.35154622990084,-17.173579578471145,-50,-45.81695860340684
-14.164245743256785,-50,-50,20.73903704474127,-46.28834975138361,-50,-14.164245743256785,-50,-50,20.73903704474127,-46.28834975138361,-50,20.464554891774483,-50,-36.54415940849538,-19.49986583703785,-35.977317159750875,-39.22874545538987,20.464554891774483,-50,-36.54415940849538,-19.49986583703785,-35.977317159750875,-39.22874545538987
-14.015832541615861,-50,-50,15.04756561748973,-30.47564879026345,-43.6527467184548,-14.015832541615861,-50,-50,15.04756561748973,-30.47564879026345,-43.6527467184548,18.668314762790803,-50,-50,-6.844779439645653,-25.453182741073647,-37.60065327040329,18.668314762790803,-50,-50,-6.844779439645653,-25.453182741073647,-37.60065327040329
0.11261197815002033,-50,-41.37386273697248,-1.8565144715113764,-24.43175447486268,-30.10737268752094,0.11261197815002033,-50,-41.37386273697248,-1.8565144715113764,-24.43175447486268,-30.10737268752094,3.4656723163456427,-50,-50,10.83435833323146,-27.35364156089162,-45.05500758027589,3.4656723163456427,-50,-50,10.83435833323146,-27.35364156089162,-45.05500758027589
17.162575577389447,-40.82253628758741,-26.981258111754713,-16.71480108966253,-32.88145525980049,-24.434092463374334,17.162575577389447,-40.82253628758741,-26.981258111754713,-16.71480108966253,-32.88145525980049,-24.434092463374334,-13.237795165865766,-33.45605638497882,-50,19.627183756016127,-40.187905719953896,-42.717401039861336,-13.237795165865766,-33.45605638497882,-50,19.627183756016127,-40.187905719953896,-42.717401039861336
23.78883607916919,-26.886819570684104,-25.530589848787727,-17.873472322519017,-49.2192338030658,-31.03893067205044,23.78883607916919,-26.886819570684104,-25.530589848787727,-17.873472322519017,-49.2192338030658,-31.03893067205044,-18.36117601455086,-24.339918059156922,-38.88193585755138,12.615293828645289,-50,-36.50664783780503,-18.36117601455086,-24.339918059156922,-38.88193585755138,12.615293828645289,-50,-36.50664783780503
14.804935572081607,-25.619873369704997,-38.16841171987388,-4.423745848664744,-50,-44.79238927209039,14.804935572081607,-25.619873369704997,-38.16841171987388,-4.423745848664744,-50,-44.79238927209039,-7.89221993490378,-30.13498357380458,-26.283264062844754,-4.684190617171334,-50,-42.148360278385155,-7.89221993490378,-30.13498357380458,-26.283264062844754,-4.684190617171334,-50,-42.148360278385155
-2.7573133781308385,-38.016914472946766,-50,13.08533447829656,-50,-50,-2.7573133781308385,-38.016914472946766,-50,13.08533447829656,-50,-50,9.9705663921479,-46.27600397829541,-26.200018199957498,-18.659626072695186,-48.65018286286431,-45.35773590907275,9.9705663921479,-46.27600397829541,-26.200018199957498,-18.659626072695186,-48.65018286286431,-45.35773590907275
-15.151716370350282,-50,-50,20.920845794500387,-43.930794221938676,-50,-15.151716370350282,-50,-50,20.920845794500387,-43.930794221938676,-50,21.23837912330582,-50,-38.69721859832526,-18.314809391193563,-33.8206146348837,-38.00864328251279,21.23837912330582,-50,-38.69721859832526,-18.314809391193563,-33.8206146348837,-38.00864328251279
-12.677017403711986,-50,-50,12.937149922793058,-28.822845761524896,-42.01394693573735,-12.677017403711986,-50,-50,12.937149922793058,-28.822845761524896,-42.01394693573735,17.08710654647335,-50,-50,-3.9210504928647745,-24.85192666987043,-38.70896741259503,17.08710654647335,-50,-50,-3.9210504928647745,-24.85192666987043,-38.70896741259503
2.7298053377198714,-50,-38.25923686639944,-4.6038891481303486,-24.775775624531143,-28.88951244739001,2.7298053377198714,-50,-38.25923686639944,-4.6038891481303486,-24.775775624531143,-28.88951244739001,0.7677161598973382,-47.49909148153539,-50,13.196300697072552,-28.7794787193586,-45.68548927117377,0.7677161598973382,-47.49909148153539,-50,13.196300697072552,-28.7794787193586,-45.68548927117377
19.00963681077843,-38.16669642886106,-25.56537075549076,-17.944282305495513,-34.953363529868184,-24.582995345325976,19.00963681077843,-38.16669642886106,-25.56537075549076,-17.944282305495513,-34.953363529868184,-24.582995345325976,-14.939660942633253,-31.064753716113927,-50,19.568907423204198,-42.52235842260935,-41.27367214086533,-14.939660942633253,-31.064753716113927,-50,19.568907423204198,-42.52235842260935,-41.27367214086533
23.420046995220826,-25.678449413051503,-26.932505254819016,-16.620739257493845,-50,-32.43895462442401,23.420046995220826,-25.678449413051503,-26.932505254819016,-16.620739257493845,-50,-32.43895462442401,-17.734176889067353,-24.243914554101476,-36.72284272854159,10.182651996119063,-50,-36.64422648004587,-17.734176889067353,-24.243914554101476,-36.72284272854159,10.182651996119063,-50,-36.64422648004587
12.508952051676374,-26.80817680708256,-41.28010854550703,-1.6713564801134475,-50,-46.35623739300818,12.508952051676374,-26.80817680708256,-41.28010854550703,-1.6713564801134475,-50,-46.35623739300818,-5.427374923784399,-32.409909076535854,-25.41313320607573,-7.577137821637659,-50,-43.51889766762818,-5.427374923784399,-32.409909076535854,-25.41313320607573,-7.577137821637659,-50,-43.51889766762818
-5.183395991298754,-40.668450504008604,-50,15.178594526927085,-50,-50,-5.183395991298754,-40.668450504008604,-50,15.178594526927085,-50,-50,12.34297425615789,-49.12971287150391,-27.298477323014477,-19.736639368091375,-46.486795354050024,-44.491034642430336,12.34297425615789,-49.12971287150391,-27.298477323014477,-19.736639368091375,-46.486795354050024,-44.491034642430336
-15.80897252703236,-50,-50,20.7131667739241,-41.55762797729858,-50,-15.80897252703236,-50,-50,20.7131667739241,-41.55762797729858,-50,21.66045669641956,-50,-40.906301051855664,-16.72846924446815,-31.809148683625178,-37.09918890134147,21.66045669641956,-50,-40.906301051855664,-16.72846924446815,-31.809148683625178,-37.09918890134147
-11.051004396331372,-50,-50,10.591421026313482,-27.400360513210565,-40.35562660770679,-11.051004396331372,-50,-50,10.591421026313482,-27.400360513210565,-40.35562660770679,15.228314109475896,-50,-50,-0.91952684968614,-24.570248141304635,-40.059496242336145,15.228314109475896,-50,-50,-0.91952684968614,-24.570248141304635,-40.059496242336145
5.366386560579004,-50,-35.28409622620276,-7.24783890645827,-25.415993113388474,-27.796849221600084,5.366386560579004,-50,-35.28409622620276,-7.24783890645827,-25.415993113388474,-27.796849221600084,-1.91627849213697,-44.595813390051056,-50,15.251338045794189,-30.44854633013182,-45.876465533907506,-1.91627849213697,-44.595813390051056,-50,15.251338045794189,-30.44854633013182,-45.876465533907506
20.59310077543243,-35.6116718221245,-24.636370835492308,-18.812719902068295,-37.15579648031817,-24.90458137491933,20.59310077543243,-35.6116718221245,-24.636370835492308,-18.812719902068295,-37.15579648031817,-24.90458137491933,-16.34695310030931,-28.96331645342441,-50,19.060506488203764,-44.8328958173349,-39.82154439454118,-16.34695310030931,-28.96331645342441,-50,19.060506488203764,-44.8328958173349,-39.82154439454118
22.710996427037514,-24.83059489172065,-28.783892739439136,-15.032521748014451,-50,-33.92503740118797,22.710996427037514,-24.83059489172065,-28.783892739439136,-15.032521748014451,-50,-33.92503740118797,-16.762680148645114,-24.59979280535946,-34.650416336206135,7.510834657146585,-50,-37.22577871721023,-16.762680148645114,-24.59979280535946,-34.650416336206135,7.510834657146585,-50,-37.22577871721023
10.06236979927286,-28.333502540341776,-44.44861622352966,1.1278271476835078,-50,-47.852684377730895,10.06236979927286,-28.333502540341776,-44.44861622352966,1.1278271476835078,-50,-47.852684377730895,-2.8378931759526145,-34.94274832133087,-24.80520241951886,-10.310122491642305,-50,-44.66164100990991,-2.8378931759526145,-34.94274832133087,-24.80520241951886,-10.310122491642305,-50,-44.66164100990991
-7.45253905174358,-43.368776351147524,-50,16.99325643903936,-50,-50,-7.45253905174358,-43.368776351147524,-50,16.99325643903936,-50,-50,14.522551769316673,-50,-28.629874868399842,-20.380414393475455,-44.22242844733377,-43.30154567090003,14.522551769316673,-50,-28.629874868399842,-20.380414393475455,-44.22242844733377,-43.30154567090003
-16.12458941934259,-50,-50,20.12001050945278,-39.20748162346246,-50,-16.12458941934259,-50,-50,20.12001050945278,-39.20748162346246,-50,21.72324720003551,-50,-43.1371205121011,-14.776497209460453,-29.982019888408974,-36.589250856767,21.72324720003551,-50,-43.1371205121011,-14.776497209460453,-29.982019888408974,-36.589250856767
-9.166057786605538,-50,-49.396571030284335,8.05567771528412,-26.231348383591154,-38.69607132763734,-9.166057786605538,-50,-49.396571030284335,8.05567771528412,-26.231348383591154,-38.69607132763734,13.125144757710515,-50,-50,2.0923344828552155,-24.613622661695118,-41.52027103814298,13.125144757710515,-50,-50,2.0923344828552155,-24.613622661695118,-41.52027103814298
7.97652511790718,-49.76159565113279,-32.52986363998855,-9.737305963254693,-26.34198542561419,-26.841431343028603,7.97652511790718,-49.76159565113279,-32.52986363998855,-9.737305963254693,-26.34198542561419,-26.841431343028603,-4.5383621055886865,-41.66099554479043,-50,16.95328494647454,-32.328399640335746,-45.60927486886916,-4.5383621055886865,-41.66099554479043,-50,16.95328494647454,-32.328399640335746,-45.60927486886916
21.885442815468025,-33.210595695080215,-24.21968296382219,-19.303343326751616,-39.45290271652889,-25.39530455971844,21.885442815468025,-33.210595695080215,-24.21968296382219,-19.303343326751616,-39.45290271652889,-25.39530455971844,-17.43453038037714,-27.201660331214836,-48.43076484079029,18.113406883149956,-47.07460371713576,-38.50291439568634,-17.43453038037714,-27.201660331214836,-48.43076484079029,18.113406883149956,-47.07460371713576,-38.50291439568634
21.674009487996532,-24.360887636235024,-31.03408404362527,-13.139490144408882,-50,-35.480792599324474,21.674009487996532,-24.360887636235024,-31.03408404362527,-13.139490144408882,-50,-35.480792599324474,-15.464041571588268,-25.39909958686986,-32.69682195520802,4.659888915285074,-50,-38.19447739868537,-15.464041571588268,-25.39909958686986,-32.69682195520802,4.659888915285074,-50,-38.19447739868537
7.50771667535976,-30.164130530742874,-47.5872199148843,3.9197495026600344,-50,-49.26522954152802,7.50771667535976,-30.164130530742874,-47.5872199148843,3.9197495026600344,-50,-49.26522954152802,-0.17003575361336143,-37.67333842204308,-24.468907145995395,-12.821722833447241,-50,-45.46492561911342,-0.17003575361336143,-37.67333842204308,-24.468907145995395,-12.821722833447241,-50,-45.46492561911342
-9.52529904621152,-46.06173716257725,-50,18.49427695623882,-50,-50,-9.52529904621152,-46.06173716257725,-50,18.49427695623882,-50,-50,16.470360803949227,-50,-30.173546764332244,-20.57648278491666,-41.901098828576266,-41.90550149195771,16.470360803949227,-50,-30.173546764332244,-20.57648278491666,-41.901098828576266,-41.90550149195771
-16.093080818011448,-50,-50,19.15283154703187,-36.91861104664591,-50,-16.093080818011448,-50,-50,19.15283154703187,-36.91861104664591,-50,21.425628882515106,-50,-45.35505335096349,-12.502762402977103,-28.374745529571967,-36.52865842329016,21.425628882515106,-50,-45.35505335096349,-12.502762402977103,-28.374745529571967,-36.52865842329016
-7.054942770294701,-50,-46.31631759688993,5.378888179024938,-25.334838653520745,-37.053580306091675,-7.054942770294701,-50,-46.31631759688993,5.378888179024938,-25.334838653520745,-37.053580306091675,10.815171587911523,-50,-50,5.046844165859856,-24.9812070802995,-42.94855024727342,10.815171587911523,-50,-50,5.046844165859856,-24.9812070802995,-42.94855024727342
10.514850122088333,-47.174946399200444,-30.07191618102798,-12.02421577816181,-27.538679178021923,-26.0337937984567,10.514850122088333,-47.174946399200444,-30.07191618102798,-12.02421577816181,-27.538679178021923,-26.0337937984567,-7.051691186294722,-38.764349086027465,-50,18.26389141087317,-34.38249646576007,-44.91002616739188,-7.051691186294722,-38.764349086027465,-50,18.26389141087317,-34.38249646576007,-44.91002616739188
22.86419871905355,-31.013399826957624,-24.326710938544746,-19.406678063478477,-41.80728974391649,-26.04975390378039,22.86419871905355,-31.013399826957624,-24.326710938544746,-19.406678063478477,-41.80728974391649,-26.04975390378039,-18.18296322700229,-25.821630214660765,-46.29070609984052,16.748893965853025,-49.20390590115713,-37.44663382908286,-18.18296322700229,-25.821630214660765,-46.29070609984052,16.748893965853025,-49.20390590115713,-37.44663382908286
20.32711166480694,-24.279095483073938,-33.6214965560702,-10.978201116095649,-50,-37.08906556764678,20.32711166480694,-24.279095483073938,-33.6214965560702,-10.978201116095649,-50,-37.08906556764678,-13.86146132142007,-26.62284885244373,-30.89238051760917,1.693887651453633,-50,-39.45566484395156,-13.86146132142007,-26.62284885244373,-30.89238051760917,1.693887651453633,-50,-39.45566484395156
4.889399088738795,-32.26199180094759,-50,6.650495276492474,-50,-50,4.889399088738795,-32.26199180094759,-50,6.650495276492474,-50,-50,2.5285361004910922,-40.53681928868575,-24.409466885643784,-15.05549250110701,-50,-45.850257470875015,2.5285361004910922,-40.53681928868575,-24.409466885643784,-15.05549250110701,-50,-45.850257470875015
-11.365646101683572,-48.69133124672386,-50,19.652669604799556,-50,-50,-11.365646101683572,-48.69133124672386,-50,19.652669604799556,-50,-50,18.15160377363349,-50,-31.905534316447266,-20.320438051434696,-39.56793047318597,-40.43931841999264,18.15160377363349,-50,-31.905534316447266,-20.320438051434696,-39.56793047318597,-40.43931841999264
-15.714994423162434,-50,-50,17.83030725133546,-34.72827468065374,-49.23545141952576,-15.714994423162434,-50,-50,17.83030725133546,-34.72827468065374,-49.23545141952576,20.772918691742344,-50,-47.52567594827946,-9.958365320321596,-27.018569170310194,-36.92333247116699,20.772918691742344,-50,-47.52567594827946,-9.958365320321596,-27.018569170310194,-36.92333247116699
-4.754355928850263,-50,-43.1550454438282,2.612744375559017,-24.725424786156406,-35.44626459331077,-4.754355928850263,-50,-43.1550454438282,2.612744375559017,-24.725424786156406,-35.44626459331077,8.339662244688267,-50,-50,7.877601796011129,-25.665855979193886,-44.204767666473046,8.339662244688267,-50,-50,7.877601796011129,-25.665855979193886,-44.204767666473046
12.937238988826307,-44.50178058428708,-27.97752227344194,-14.064405429674803,-28.986594485898785,-25.382842063746118,12.937238988826307,-44.50178058428708,-27.97752227344194,-14.064405429674803,-28.986594485898785,-25.382842063746118,-9.411365138589026,-35.97467846373305,-50,19.153702535414688,-36.570907528855294,-43.847047446694475,-9.411365138589026,-35.97467846373305,-50,19.153702535414688,-36.570907528855294,-43.847047446694475
23.51235520389267,-29.065776188025854,-24.954525647742035,-19.120728596799918,-44.18063264621349,-26.860713072406718,23.51235520389267,-29.065776188025854,-24.954525647742035,-19.120728596799918,-44.18063264621349,-26.860713072406718,-18.578880895825957,-24.85600615285177,-44.08881523720848,14.997634147244193,-50,-36.75591855568438,-18.578880895825957,-24.85600615285177,-44.08881523720848,14.997634147244193,-50,-36.75591855568438
18.693715488422942,-24.586919347792858,-36.4753186889882,-8.590391699264128,-50,-38.73212256384014,18.693715488422942,-24.586919347792858,-36.4753186889882,-8.590391699264128,-50,-38.73212256384014,-11.98356947622603,-28.241972713982676,-29.265098014200632,-1.3205104663159535,-50,-40.88610244377683,-11.98356947622603,-28.241972713982676,-29.265098014200632,-1.3205104663159535,-50,-40.88610244377683
2.252930099485728,-34.58346010161801,-50,9.267330552673549,-50,-50,2.252930099485728,-34.58346010161801,-50,9.267330552673549,-50,-50,5.209612430641657,-43.46517425825036,-24.627804186211414,-16.961229186027314,-50,-45.7799833506138,5.209612430641657,-43.46517425825036,-24.627804186211414,-16.961229186027314,-50,-45.7799833506138
-12.941590276785188,-50,-50,20.44606445859826,-48.982946367406235,-50,-12.941590276785188,-50,-50,20.44606445859826,-48.982946367406235,-50,19.536245291687447,-50,-33.79895606080818,-19.618034607600656,-37.26827748798239,-39.046266484647504,19.536245291687447,-50,-33.79895606080818,-19.618034607600656,-37.26827748798239,-39.046266484647504
-14.99690234388213,-50,-50,16.177977123863986,-32.672127010859214,-47.82090807731114,-14.99690234388213,-50,-50,16.177977123863986,-32.672127010859214,-47.82090807731114,19.77677728790905,-50,-49.61529896661691,-7.200489389749477,-25.939853317777555,-37.7347069006927,19.77677728790905,-50,-49.61529896661691,-7.200489389749477,-25.939853317777555,-37.7347069006927
-2.3042873489061746,-50,-39.999271390308266,-0.18933620097545223,-24.41302687329583,-33.891847376358655,-2.3042873489061746,-50,-39.999271390308266,-0.18933620097545223,-24.41302687329583,-33.891847376358655,5.742841674523433,-50,-50,10.5209882051557,-26.654260571970696,-45.166170339221075,5.742841674523433,-50,-50,10.5209882051557,-26.654260571970696,-45.166170339221075
15.201584400587523,-41.7976882494615,-26.30400070861272,-15.818476453182953,-30.662162058261053,-24.895753906943632,15.201584400587523,-41.7976882494615,-26.30400070861272,-15.818476453182953,-30.662162058261053,-24.895753906943632,-11.575228413944728,-33.35824711582002,-50,19.602720478194872,-38.8510926379155,-42.52420908676948,-11.575228413944728,-33.35824711582002,-50,19.602720478194872,-38.8510926379155,-42.52420908676948
23.818645651608183,-27.408226748408126,-26.08594523263614,-18.451016947638504,-46.53429794177205,-27.819239963600204,23.818645651608183,-27.408226748408126,-26.08594523263614,-18.451016947638504,-46.53429794177205,-27.819239963600204,-18.615210322162195,-24.327724749684908,-41.859266892168634,12.898985686643707,-50,-36.498262737431745,-18.615210322162195,-24.327724749684908,-41.859266892168634,12.898985686643707,-50,-36.498262737431745
16.802213564347305,-25.27795785349183,-39.517447830024636,-6.022173305536753,-50,-40.39184629690266,16.802213564347305,-25.27795785349183,-39.517447830024636,-6.022173305536753,-50,-40.39184629690266,-9.863914552626984,-30.218011895108162,-27.840230825073846,-4.315559086766747,-50,-42.346013084889705,-9.863914552626984,-30.218011895108162,-27.840230825073846,-4.315559086766747,-50,-42.346013084889705
-0.35586171448648685,-37.08025914472996,-50,11.719721160545822,-50,-50,-0.35586171448648685,-37.08025914472996,-50,11.719721160545822,-50,-50,7.825295838453839,-46.388845704057665,-25.120530324572513,-18.496102876440812,-49.833101258344776,-45.260970187491004,7.825295838453839,-46.388845704057665,-25.120530324572513,-18.496102876440812,-49.833101258344776,-45.260970187491004
-14.225737628818951,-50,-50,20.85914012874092,-46.692583475217546,-50,-14.225737628818951,-50,-50,20.85914012874092,-46.692583475217546,-50,20.59954875301788,-50,-35.824424980010896,-18.485058447357922,-35.04684247956967,-37.862469609248656,20.59954875301788,-50,-35.824424980010896,-18.485058447357922,-35.04684247956967,-37.862469609248656
-13.951286858148446,-50,-50,14.227749605091914,-30.783638187395603,-46.3228132979261,-13.951286858148446,-50,-50,14.227749605091914,-30.783638187395603,-46.3228132979261,18.455000725954104,-50,-50,-4.291115817530154,-25.159566966299327,-38.883497179948385,18.455000725954104,-50,-50,-4.291115817530154,-25.159566966299327,-38.883497179948385
0.25267450774804834,-50,-36.935361785072324,-2.9732420750209214,-24.402730155264656,-32.40746855307477,0.25267450774804834,-50,-36.935361785072324,-2.9732420750209214,-24.402730155264656,-32.40746855307477,3.071102047596903,-47.387541754194125,-50,12.91759525369646,-27.927207411226824,-45.73881352419756,3.071102047596903,-47.387541754194125,-50,12.91759525369646,-27.927207411226824,-45.73881352419756
17.268526239527617,-39.11890257282149,-25.09715196041811,-17.2525556717,-32.53810686081263,-24.57790024208323,17.268526239527617,-39.11890257282149,-25.09715196041811,-17.2525556717,-32.53810686081263,-24.57790024208323,-13.504623619364933,-30.977203503394072,-50,19.600853895574364,-41.178727619433964,-41.070773998001656,-13.504623619364933,-30.977203503394072,-50,19.600853895574364,-41.178727619433964,-41.070773998001656
23.777745950404512,-26.07522121597776,-27.690005315935718,-17.41047603656678,-48.82997246273801,-28.91476530881947,23.777745950404512,-26.07522121597776,-27.690005315935718,-17.41047603656678,-48.82997246273801,-28.91476530881947,-18.291302481219727,-24.249334347490343,-39.63666496436156,10.500114144214786,-50,-36.698843555417895,-18.291302481219727,-24.249334347490343,-39.63666496436156,10.500114144214786,-50,-36.698843555417895
14.685485036479069,-26.337840451183705,-42.664627832867964,-3.323141256325375,-50,-42.04993569881032,14.685485036479069,-26.337840451183705,-42.664627832867964,-3.323141256325375,-50,-42.04993569881032,-7.540364161914539,-32.50402925975066,-26.639893725772836,-7.223946724174099,-50,-43.692739656573714,-7.540364161914539,-32.50402925975066,-26.639893725772836,-7.223946724174099,-50,-43.692739656573714
-2.8916288754077035,-39.70046653715452,-50,13.960308549628365,-50,-50,-2.8916288754077035,-39.70046653715452,-50,13.960308549628365,-50,-50,10.328857169366183,-49.23838724782469,-25.879997901701334,-19.625618429998802,-47.74706296722561,-44.343934043291625,10.328857169366183,-49.23838724782469,-25.879997901701334,-19.625618429998802,-47.74706296722561,-44.343934043291625
-15.195766390602039,-50,-50,20.883919637616057,-44.341653222791905,-50,-15.195766390602039,-50,-50,20.883919637616057,-44.341653222791905,-50,21.322518253286592,-50,-37.950504606948854,-16.9469723655726,-32.946807587132724,-37.0036040805235,21.322518253286592,-50,-37.950504606948854,-16.9469723655726,-32.946807587132724,-37.0036040805235
-12.596323438891595,-50,-50,12.017285884921286,-29.093549195155056,-44.757685935634036,-12.596323438891595,-50,-50,12.017285884921286,-29.093549195155056,-44.757685935634036,16.83120252924025,-50,-50,-1.2956306065274612,-24.69287798426038,-40.257447738323634,16.83120252924025,-50,-50,-1.2956306065274612,-24.69287798426038,-40.257447738323634
2.8720831006339167,-50,-34.04716885614164,-5.685212745940405,-24.694702242932195,-31.009495737703908,2.8720831006339167,-50,-34.04716885614164,-5.685212745940405,-24.694702242932195,-31.009495737703908,0.37217396219201593,-44.481736427910754,-50,15.013560984256848,-29.45995187585963,-45.86674063067747,0.37217396219201593,-44.481736427910754,-50,15.013560984256848,-29.45995187585963,-45.86674063067747
19.102135767059654,-36.52113046574096,-24.390004730565806,-18.338949326804805,-34.583892101325276,-24.43278590640194,19.102135767059654,-36.52113046574096,-24.390004730565806,-18.338949326804805,-34.583892101325276,-24.43278590640194,-15.165082131278986,-28.888104889636715,-50,19.14814473760651,-43.50856592901188,-39.62876652389277,-15.165082131278986,-28.888104889636715,-50,19.14814473760651,-43.50856592901188,-39.62876652389277
23.39036704175332,-25.094480218667872,-29.72280642631341,-16.019199933875193,-50,-30.135209215811663,23.39036704175332,-25.094480218667872,-29.72280642631341,-16.019199933875193,-50,-30.135209215811663,-17.61294398292133,-24.622696964496,-37.455505540953055,7.854932370144731,-50,-37.338060988139226,-17.61294398292133,-24.622696964496,-37.455505540953055,7.854932370144731,-50,-37.338060988139226
12.380324063465796,-27.74452626374635,-45.830727548366454,-0.545417038765476,-50,-43.688107722613104,12.380324063465796,-27.74452626374635,-45.830727548366454,-0.545417038765476,-50,-43.688107722613104,-5.05442850559668,-35.04572471653222,-25.682716652989424,-9.980309533824318,-50,-44.79468498004886,-5.05442850559668,-35.04572471653222,-25.682716652989424,-9.980309533824318,-50,-44.79468498004886
-5.310293260843293,-42.38959353712288,-50,15.945824339018051,-50,-50,-5.310293260843293,-42.38959353712288,-50,15.945824339018051,-50,-50,12.675570328455562,-50,-26.89441953479453,-20.32439082639144,-45.53554712665874,-43.11848432496737,12.675570328455562,-50,-26.89441953479453,-20.32439082639144,-45.53554712665874,-43.11848432496737
-15.83481497989381,-50,-50,20.519924463727044,-41.968424256714115,-50,-15.83481497989381,-50,-50,20.519924463727044,-41.968424256714115,-50,21.6922379505305,-50,-40.14419693724945,-15.038343700694707,-31.008995071361003,-36.553595086337566,21.6922379505305,-50,-40.14419693724945,-15.038343700694707,-31.008995071361003,-36.553595086337566
-10.955564817769615,-50,-48.06423193814328,9.589272620733215,-27.62937144936317,-43.14278398449408,-10.955564817769615,-50,-48.06423193814328,9.589272620733215,-27.62937144936317,-43.14278398449408,14.934391834226368,-50,-50,1.7186449454866608,-24.548858268205468,-41.72230116895858,14.934391834226368,-50,-50,1.7186449454866608,-24.548858268205468,-41.72230116895858
5.508406405192673,-50,-31.41373586627582,-8.27287686657267,-25.284190389327225,-29.71334378217685,5.508406405192673,-50,-31.41373586627582,-8.27287686657267,-25.284190389327225,-29.71334378217685,-2.3057262619005576,-41.54710103394715,-50,16.761780129032392,-31.222699178015187,-45.53745109124344,-2.3057262619005576,-41.54710103394715,-50,16.761780129032392,-31.222699178015187,-45.53745109124344
20.670540157286396,-34.05839411513568,-24.201912028248785,-19.056677877721,-36.76621631018486,-24.462011013988416,20.670540157286396,-34.05839411513568,-24.201912028248785,-19.056677877721,-36.76621631018486,-24.462011013988416,-16.52693987711031,-27.140573927192285,-50,18.254767305241195,-45.795318192086675,-38.33909434337566,-16.52693987711031,-27.140573927192285,-50,18.254767305241195,-45.795318192086675,-38.33909434337566
22.663242562411135,-24.486398837836912,-32.12871542697068,-14.304055819413522,-50,-31.467114368447813,22.663242562411135,-24.486398837836912,-32.12871542697068,-14.304055819413522,-50,-31.467114368447813,-16.592253694184414,-25.438944066046773,-35.349641497106035,5.022888853520234,-50,-38.35345305367532,-16.592253694184414,-25.438944066046773,-35.349641497106035,5.022888853520234,-50,-38.35345305367532
9.926800242053567,-29.468762438824584,-48.92909803792992,2.257358221553753,-50,-45.28829894182472,9.926800242053567,-29.468762438824584,-48.92909803792992,2.257358221553753,-50,-45.28829894182472,-2.4505187961186397,-37.78272501645973,-24.983555557006735,-12.522700315713085,-50,-45.544171001887854,-2.4505187961186397,-37.78272501645973,-24.983555557006735,-12.522700315713085,-50,-45.544171001887854
-7.569812294277742,-45.09171817940874,-50,17.637925880759553,-50,-50,-7.569812294277742,-45.09171817940874,-50,17.637925880759553,-50,-50,14.82351131161549,-50,-28.148050804376624,-20.576715676760603,-43.24154305862527,-41.70436748221311,14.82351131161549,-50,-28.148050804376624,-20.576715676760603,-43.24154305862527,-41.70436748221311
-16.131775096851396,-50,-50,19.774183782508707,-39.61152820396835,-50,-16.131775096851396,-50,-50,19.774183782508707,-39.61152820396835,-50,21.70210280653056,-50,-42.37145457767668,-12.80206745958735,-29.271073776694294,-36.556415854297,21.70210280653056,-50,-42.37145457767668,-12.80206745958735,-29.271073776694294,-36.556415854297
-9.057531578411886,-50,-44.93797014568643,6.990597607796253,-26.41493896238135,-41.49591428179384,-9.057531578411886,-50,-44.93797014568643,6.990597607796253,-26.41493896238135,-41.49591428179384,12.798455142575005,-50,-50,4.683967241829288,-24.730307395615327,-43.13491736988221,12.798455142575005,-50,-50,4.683967241829288,-24.730307395615327,-43.13491736988221
8.115818375884166,-48.1237535145502,-29.10713387891574,-10.686263595620836,-26.161598855266483,-28.533304803088072,8.115818375884166,-48.1237535145502,-29.10713387891574,-10.686263595620836,-26.161598855266483,-28.533304803088072,-4.914757967399715,-38.653342378786,-50,18.122962765582553,-33.18118353946618,-44.78312187136314,-4.914757967399715,-38.653342378786,-50,18.122962765582553,-33.18118353946618,-44.78312187136314
21.94647652826631,-31.781907560567355,-24.538021522360207,-19.39188114096466,-39.049555424609785,-24.665253312005305,21.94647652826631,-31.781907560567355,-24.538021522360207,-19.39188114096466,-39.049555424609785,-24.665253312005305,-17.565867283597022,-25.776119964333542,-49.144734294218374,16.94079959049322,-47.99453257723796,-37.32777948948501,-17.565867283597022,-25.776119964333542,-49.144734294218374,16.94079959049322,-47.99453257723796,-37.32777948948501
21.609011796583374,-24.26362248065011,-34.84188806788636,-12.2981651457212,-50,-32.89579441482973,21.609011796583374,-24.26362248065011,-34.84188806788636,-12.2981651457212,-50,-32.89579441482973,-15.247466235497935,-26.67868722015315,-33.35175707947161,2.067631661834828,-50,-39.64579936535708,-15.247466235497935,-26.67868722015315,-33.35175707947161,2.067631661834828,-50,-39.64579936535708
7.367562094970783,-31.47469247896559,-50,5.031059633944601,-50,-46.8328647281421,7.367562094970783,-31.47469247896559,-50,5.031059633944601,-50,-46.8328647281421,0.22484614894264454,-40.650017807183545,-24.553261828623903,-14.793980731700218,-50,-45.867960698270714,0.22484614894264454,-40.650017807183545,-24.553261828623903,-14.793980731700218,-50,-45.867960698270714
-9.630909752667405,-47.75064820522894,-50,19.003936701532243,-50,-50,-9.630909752667405,-47.75064820522894,-50,19.003936701532243,-50,-50,16.734307177423098,-50,-29.6214346169358,-20.376922168135962,-40.90964356128557,-40.239765823808256,16.734307177423098,-50,-29.6214346169358,-20.376922168135962,-40.90964356128557,-40.239765823808256
-16.08148481470393,-50,-50,18.66109872466883,-37.30933082295452,-50,-16.08148481470393,-50,-50,18.66109872466883,-37.30933082295452,-50,21.351936585745648,-50,-44.597709181670815,-10.288402284214424,-27.766826892357003,-37.01179074930784,21.351936585745648,-50,-44.597709181670815,-10.288402284214424,-27.766826892357003,-37.01179074930784
-6.93521639569234,-50,-41.768411864184046,4.27144432069985,-25.470020371580894,-39.83523615962988,-6.93521639569234,-50,-41.768411864184046,4.27144432069985,-25.470020371580894,-39.83523615962988,10.4615509391767,-50,-50,7.533692873756957,-25.233698204342268,-44.35726066952679,10.4615509391767,-50,-50,7.533692873756957,-25.233698204342268,-44.35726066952679
10.648995520145561,-45.47554427910979,-27.19048933730353,-12.878767593448208,-27.312645109628,-27.482390588602737,10.648995520145561,-45.47554427910979,-27.19048933730353,-12.878767593448208,-27.312645109628,-27.482390588602737,-7.4083108323273965,-35.86919631799485,-50,19.066517328553314,-35.29733427888859,-43.677463254396066,-7.4083108323273965,-35.86919631799485,-50,19.066517328553314,-35.29733427888859,-43.677463254396066
22.907765840679637,-29.7390116684005,-25.38913466151373,-19.3380859468009,-41.39674105241893,-25.040271734034807,22.907765840679637,-29.7390116684005,-25.38913466151373,-19.3380859468009,-41.39674105241893,-25.040271734034807,-18.26330392434717,-24.82715306758499,-47.03360605366891,15.23577203853466,-50,-36.693643938729544,-18.26330392434717,-24.82715306758499,-47.03360605366891,15.23577203853466,-50,-36.693643938729544
20.24599997281528,-24.43078391145795,-37.78807099297396,-10.040264023759525,-50,-34.40549590744462,20.24599997281528,-24.43078391145795,-37.78807099297396,-10.040264023759525,-50,-34.40549590744462,-13.602606219636545,-28.312478633638083,-31.492860627490863,-0.9444220018943091,-50,-41.08881658386369,-13.602606219636545,-28.312478633638083,-31.492860627490863,-0.9444220018943091,-50,-41.08881658386369
4.747095730446461,-33.72060189840691,-50,7.722123757913735,-50,-48.30477381126412,4.747095730446461,-33.72060189840691,-50,7.722123757913735,-50,-48.30477381126412,2.9238709650362047,-43.57949588052943,-24.39851387920011,-16.743105447077806,-50,-45.73441452821152,2.9238709650362047,-43.57949588052943,-24.39851387920011,-16.743105447077806,-50,-45.73441452821152
-11.457758487721,-50,-50,20.01747752382852,-50,-50,-11.457758487721,-50,-50,20.01747752382852,-50,-50,18.373821579297427,-50,-31.2917031904391,-19.729500510730418,-38.585178076316566,-38.86779484946538,18.373821579297427,-50,-31.2917031904391,-19.729500510730418,-38.585178076316566,-38.86779484946538
-15.684818307250929,-50,-50,17.20216427339775,-35.09930748235228,-50,-15.684818307250929,-50,-50,17.20216427339775,-35.09930748235228,-50,20.64799500375854,-50,-46.78840797038356,-7.553840926118104,-26.52549524604902,-37.87522220762477,20.64799500375854,-50,-46.78840797038356,-7.553840926118104,-26.52549524604902,-37.87522220762477
-4.625510538616444,-50,-38.642300685318176,1.4843228113815723,-24.809997143753236,-38.179061209669094,-4.625510538616444,-50,-38.642300685318176,1.4843228113815723,-24.809997143753236,-38.179061209669094,7.965427991255212,-50,-50,10.203776381412053,-26.049245356582958,-45.269888166033525,7.965427991255212,-50,-50,10.203776381412053,-26.049245356582958,-45.269888166033525
13.06390473665979,-42.776158539475595,-25.71625643748222,-14.808049026039358,-28.71859232163193,-26.572189123000584,13.06390473665979,-42.776158539475595,-25.71625643748222,-14.808049026039358,-28.71859232163193,-26.572189123000584,-9.741837562892515,-33.26079506379955,-50,19.571238132313336,-37.530015862080425,-42.328516143184586,-9.741837562892515,-33.26079506379955,-50,19.571238132313336,-37.530015862080425,-42.328516143184586
23.53769842628056,-27.972189650861253,-26.731958417457793,-18.89633114377603,-43.76956550235184,-25.582931111364676,23.53769842628056,-27.972189650861253,-26.731958417457793,-18.89633114377603,-43.76956550235184,-25.582931111364676,-18.606790101644386,-24.316214180862932,-44.84911544787768,13.178003872946778,-50,-36.49865309017238,-18.606790101644386,-24.316214180862932,-44.84911544787768,13.178003872946778,-50,-36.49865309017238
18.59789972463163,-24.984406910758533,-40.88663388533148,-7.5739551830056175,-50,-35.97957200973656,18.59789972463163,-24.984406910758533,-40.88663388533148,-7.5739551830056175,-50,-35.97957200973656,-11.687059052220887,-30.301510629702214,-29.801803305754998,-3.9455784762676256,-50,-42.54149836174698,-11.687059052220887,-30.301510629702214,-29.801803305754998,-3.9455784762676256,-50,-42.54149836174698
2.1109515598241098,-36.15978570015431,-50,10.278582976349378,-50,-49.68779607546733,2.1109515598241098,-36.15978570015431,-50,10.278582976349378,-50,-49.68779607546733,5.598337604282124,-46.50157493257532,-24.521713487787963,-18.326269336426893,-50,-45.15658213340138,5.598337604282124,-46.50157493257532,-24.521713487787963,-18.326269336426893,-50,-45.15658213340138
-13.018603193413941,-50,-50,20.65897568086708,-49.371030711994415,-50,-13.018603193413941,-50,-50,20.65897568086708,-49.371030711994415,-50,19.71276461095176,-50,-33.132932975742946,-18.649001023811817,-36.31333153675581,-37.72251852835816,19.71276461095176,-50,-33.132932975742946,-18.649001023811817,-36.31333153675581,-37.72251852835816
-14.948670653483582,-50,-50,15.425554170931068,-33.01743313381539,-50,-14.948670653483582,-50,-50,15.425554170931068,-33.01743313381539,-50,19.60285396898695,-50,-48.90955001210338,-4.659840613924209,-25.57120889591703,-39.06233887549839,19.60285396898695,-50,-48.90955001210338,-4.659840613924209,-25.57120889591703,-39.06233887549839
-2.1685626056458904,-50,-35.645191152519565,-1.3169443218133088,-24.445613194255902,-36.54565136901377,-2.1685626056458904,-50,-35.645191152519565,-1.3169443218133088,-24.445613194255902,-36.54565136901377,5.354679507105479,-47.2758435295837,-50,12.634209627804102,-27.161095554578928,-45.78362124932457,5.354679507105479,-47.2758435295837,-50,12.634209627804102,-27.161095554578928,-45.78362124932457
15.31856872335687,-40.081731597351826,-24.724781576445082,-16.436851197095574,-30.356554360599766,-25.81273681089768,15.31856872335687,-40.081731597351826,-24.724781576445082,-16.436851197095574,-30.356554360599766,-25.81273681089768,-11.873649730388212,-30.89009633736347,-50,19.62578195293456,-39.8358275293932,-40.86809469948328,-11.873649730388212,-30.89009633736347,-50,19.62578195293456,-39.8358275293932,-40.86809469948328
23.825324444698822,-26.518183602847714,-28.529742762196328,-18.075147537328867,-46.129403732173245,-26.287247769736034,23.825324444698822,-26.518183602847714,-28.529742762196328,-18.075147537328867,-46.129403732173245,-26.287247769736034,-18.590189438807204,-24.255439707270277,-42.62516705391446,10.813741899726917,-50,-36.76186073401661,-18.590189438807204,-24.255439707270277,-42.62516705391446,10.813741899726917,-50,-36.76186073401661
16.693359251926033,-25.912978565210196,-44.05277613541517,-4.946865951398892,-50,-37.600666053694695,16.693359251926033,-25.912978565210196,-44.05277613541517,-4.946865951398892,-50,-37.600666053694695,-9.53504596177894,-32.59853745211883,-28.304831316990736,-6.868389006095359,-50,-43.86189396627856,-9.53504596177894,-32.59853745211883,-28.304831316990736,-6.868389006095359,-50,-43.86189396627856
-0.495047485169124,-38.741519633644046,-50,12.651069051361683,-50,-50,-0.495047485169124,-38.741519633644046,-50,12.651069051361683,-50,-50,8.200466750349335,-49.34684640939081,-24.92094852411174,-19.507891971165737,-48.965717125241845,-44.19092717510894,8.200466750349335,-49.34684640939081,-24.92094852411174,-19.507891971165737,-48.965717125241845,-44.19092717510894
-14.286312394467569,-50,-50,20.916043087829316,-47.0949949490784,-50,-14.286312394467569,-50,-50,20.916043087829316,-47.0949949490784,-50,20.727216070235905,-50,-35.11654700529718,-17.15970712812084,-34.13826602391845,-36.91584905999958,20.727216070235905,-50,-35.11654700529718,-17.15970712812084,-34.13826602391845,-36.91584905999958
-13.885837983469646,-50,-49.77132034785188,13.365576850410841,-31.097596708585385,-48.80246073854675,-13.885837983469646,-50,-49.77132034785188,13.365576850410841,-31.097596708585385,-48.80246073854675,18.23518491422355,-50,-50,-1.671441847935218,-24.922518070006415,-40.45714006826098,18.23518491422355,-50,-50,-1.671441847935218,-24.922518070006415,-40.45714006826098
0.3929193606695325,-50,-32.859107327935725,-4.078261311885158,-24.38279999662861,-34.95301755358111,0.3929193606695325,-50,-32.859107327935725,-4.078261311885158,-24.38279999662861,-34.95301755358111,2.675946478933418,-44.367615714152606,-50,14.770370436968358,-28.54763571047429,-45.84825980764133,2.675946478933418,-44.367615714152606,-50,14.770370436968358,-28.54763571047429,-45.84825980764133
17.373795650329807,-37.44829563335472,-24.243199163104908,-17.73372001868292,-32.19986833837024,-25.212407810082333,17.373795650329807,-37.44829563335472,-24.243199163104908,-17.73372001868292,-32.19986833837024,-25.212407810082333,-13.76566253449785,-28.813411678338284,-50,19.228922958696575,-42.16994695652985,-39.43890594776161,-13.76566253449785,-28.813411678338284,-50,19.228922958696575,-42.16994695652985,-39.43890594776161
23.765644219682354,-25.407230428625383,-30.73328643256024,-16.890393149887696,-48.437842090469545,-27.145455508775065,23.765644219682354,-25.407230428625383,-30.73328643256024,-16.890393149887696,-48.437842090469545,-27.145455508775065,-18.213798506489862,-24.646273231410134,-40.39627785689051,8.196121144788535,-50,-37.457547185144506,-18.213798506489862,-24.646273231410134,-40.39627785689051,8.196121144788535,-50,-37.457547185144506
14.565484341945584,-27.197188685383065,-47.19984764053469,-2.2097285155545405,-50,-39.25090292445631,14.565484341945584,-27.197188685383065,-47.19984764053469,-2.2097285155545405,-50,-39.25090292445631,-7.185012637887834,-35.148997500314934,-27.025178545576004,-9.647165602905138,-50,-44.92097918416851,-7.185012637887834,-35.148997500314934,-27.025178545576004,-9.647165602905138,-50,-44.92097918416851
-3.025602472232527,-41.41211503513734,-50,14.793766483099562,-50,-50,-3.025602472232527,-41.41211503513734,-50,14.793766483099562,-50,-50,10.683771395410517,-50,-25.590022625952567,-20.261417263167957,-46.82130935720134,-42.93180991239262,10.683771395410517,-50,-25.590022625952567,-20.261417263167957,-46.82130935720134,-42.93180991239262
-15.238850060829236,-50,-50,20.783715470377434,-44.75184133704563,-50,-15.238850060829236,-50,-50,20.783715470377434,-44.75184133704563,-50,21.399052793276976,-50,-37.21175842446514,-15.29508959408676,-32.102262307374595,-36.52661122476926,21.399052793276976,-50,-37.21175842446514,-15.29508959408676,-32.102262307374595,-36.52661122476926
-12.514795048861874,-50,-46.70717696791322,11.062012899633498,-29.371049470535333,-47.360030498166466,-12.514795048861874,-50,-46.70717696791322,11.062012899633498,-29.371049470535333,-47.360030498166466,16.569421231696417,-50,-50,1.3441933366475336,-24.592032571181488,-41.923330931571634,16.569421231696417,-50,-50,1.3441933366475336,-24.592032571181488,-41.923330931571634
3.0144102487804827,-50,-30.360297980710783,-6.7463038761417,-24.622580029551184,-33.41872105939553,3.0144102487804827,-50,-30.360297980710783,-6.7463038761417,-24.622580029551184,-33.41872105939553,-0.022915557939881648,-41.433268556376724,-50,16.56425018666416,-30.181913079864287,-45.45748759825595,-0.022915557939881648,-41.433268556376724,-50,16.56425018666416,-30.181913079864287,-45.45748759825595
19.19386041414782,-34.93061448511858,-24.284689011341296,-18.67361142671684,-34.2185286301115,-24.777821693235133,19.19386041414782,-34.93061448511858,-24.284689011341296,-18.67361142671684,-34.2185286301115,-24.777821693235133,-15.384075187828927,-27.080068868960392,-50,18.389580259741013,-44.48700154893101,-38.18060496843898,-15.384075187828927,-27.080068868960392,-50,18.389580259741013,-44.48700154893101,-38.18060496843898
23.359695146267455,-24.662433047757986,-33.282283456750804,-15.364946983800063,-50,-28.148091236584932,23.359695146267455,-24.662433047757986,-33.282283456750804,-15.364946983800063,-50,-28.148091236584932,-17.48434152445095,-25.47943122971735,-38.1970415260831,5.383970683853064,-50,-38.51773251636973,-17.48434152445095,-25.47943122971735,-38.1970415260831,5.383970683853064,-50,-38.51773251636973
12.251262905978017,-28.810331372416883,-50,0.5845997775001506,-50,-40.912086161594075,12.251262905978017,-28.810331372416883,-50,0.5845997775001506,-50,-40.912086161594075,-4.6789423993579105,-37.892309338725255,-25.98270595401277,-12.219457333529808,-50,-45.615264094231144,-4.6789423993579105,-37.892309338725255,-25.98270595401277,-12.219457333529808,-50,-45.615264094231144
-5.436725879851384,-44.11603531481247,-50,16.665297261003268,-50,-50,-5.436725879851384,-44.11603531481247,-50,16.665297261003268,-50,-50,13.003887330003614,-50,-26.518551370329305,-20.56991029304994,-44.56941962413971,-41.50226666384242,13.003887330003614,-50,-26.518551370329305,-20.56991029304994,-44.56941962413971,-41.50226666384242
-15.859658650257476,-50,-50,20.264548230628026,-42.379711933654015,-50,-15.859658650257476,-50,-50,20.264548230628026,-42.379711933654015,-50,21.71627242460001,-50,-39.38604832158369,-13.097054311205678,-30.24489795546901,-36.59283991561967,21.71627242460001,-50,-39.38604832158369,-13.097054311205678,-30.24489795546901,-36.59283991561967
-10.859374084443521,-50,-43.55131793748239,8.55934685108631,-27.865896305378772,-45.83913072175307,-10.859374084443521,-50,-43.55131793748239,8.55934685108631,-27.865896305378772,-45.83913072175307,14.635321770797189,-50,-50,4.31929078641239,-24.58617665707477,-43.31764067444597,14.635321770797189,-50,-50,4.31929078641239,-24.58617665707477,-43.31764067444597
5.650341838501701,-49.05862894964531,-28.217149831766534,-9.269548970889304,-25.161050132847432,-31.95967992163947,5.650341838501701,-49.05862894964531,-28.217149831766534,-9.269548970889304,-25.161050132847432,-31.95967992163947,-2.693691463683437,-38.54250201622305,-50,17.975532766382027,-32.03215919211435,-44.64948944753349,-2.693691463683437,-38.54250201622305,-50,17.975532766382027,-32.03215919211435,-44.64948944753349
20.74712563156262,-32.58104480133432,-24.84811563849657,-19.238375011330508,-36.37967530847859,-24.51377045671574,20.74712563156262,-32.58104480133432,-24.84811563849657,-19.238375011330508,-36.37967530847859,-24.51377045671574,-16.699974766592085,-25.731240244310197,-50,17.126617457717963,-46.74195043278186,-37.21614831588578,-16.699974766592085,-25.731240244310197,-50,17.126617457717963,-46.74195043278186,-37.21614831588578
22.614533658196226,-24.29927995641323,-36.10697359140002,-13.528267200832877,-50,-29.284099315234368,22.614533658196226,-24.29927995641323,-36.10697359140002,-13.528267200832877,-50,-29.284099315234368,-16.414850233442603,-26.73512358329784,-36.06159150087091,2.440491502810332,-50,-39.83881930746866,-16.414850233442603,-26.73512358329784,-36.06159150087091,2.440491502810332,-50,-39.83881930746866
9.790922034803522,-30.718860382772228,-50,3.38215715794864,-50,-42.56589860375299,9.790922034803522,-30.718860382772228,-50,3.38215715794864,-50,-42.56589860375299,-2.0616061627184004,-40.763310696141446,-25.19359332912643,-14.527453858289636,-50,-45.87690572272956,-2.0616061627184004,-40.763310696141446,-25.19359332912643,-14.527453858289636,-50,-45.87690572272956
-7.686506213002412,-46.79705087255889,-50,18.22951992191336,-50,-50,-7.686506213002412,-46.79705087255889,-50,18.22951992191336,-50,-50,15.119365709140695,-50,-27.692123445839748,-20.4264379098654,-42.253822070025905,-40.041987150005035,15.119365709140695,-50,-27.692123445839748,-20.4264379098654,-42.253822070025905,-40.041987150005035
-16.137946920784323,-50,-50,19.368567099330765,-40.017220467109865,-50,-16.137946920784323,-50,-50,19.368567099330765,-40.017220467109865,-50,21.67320783907115,-50,-41.605670440575054,-10.615000484403916,-28.602277992952352,-37.10806350790691,21.67320783907115,-50,-41.605670440575054,-10.615000484403916,-28.602277992952352,-37.10806350790691
-8.94835054289048,-50,-40.390111930939035,5.905908133196783,-26.606638226908075,-44.25653172457734,-8.94835054289048,-50,-40.390111930939035,5.905908133196783,-26.606638226908075,-44.25653172457734,12.467439196567883,-50,-50,7.186987403327524,-24.905064159915202,-44.5038224652214,12.467439196567883,-50,-50,7.186987403327524,-24.905064159915202,-44.5038224652214
8.254894893308329,-46.44259746981639,-26.488315965051363,-11.599269762085388,-25.989445043464396,-30.591982366673243,8.254894893308329,-46.44259746981639,-26.488315965051363,-11.599269762085388,-25.989445043464396,-30.591982366673243,-5.2886678568819,-35.76398087713132,-50,18.972500651881987,-34.06240739285777,-43.503219969817465,-5.2886678568819,-35.76398087713132,-50,18.972500651881987,-34.06240739285777,-43.503219969817465
22.00659157820252,-30.448447254686737,-25.918059340961097,-19.41710452266253,-38.64812904036835,-24.423165681255707,22.00659157820252,-30.448447254686737,-25.918059340961097,-19.41710452266253,-38.64812904036835,-24.423165681255707,-17.689852739663383,-24.79896472006021,-49.84619707223645,15.468418700396738,-48.8909599977411,-36.63977915512195,-17.689852739663383,-24.79896472006021,-49.84619707223645,15.468418700396738,-48.8909599977411,-36.63977915512195
21.543112569043576,-24.325323135046574,-39.130051500611295,-11.415822250394243,-50,-30.54095346657899,21.543112569043576,-24.325323135046574,-39.130051500611295,-11.415822250394243,-50,-30.54095346657899,-15.024431083308826,-28.38352365540046,-34.02307121971348,-0.5681638973332384,-50,-41.29171580493484,-15.024431083308826,-28.38352365540046,-34.02307121971348,-0.5681638973332384,-50,-41.29171580493484
7.227228748920597,-32.88308674194113,-50,6.128919498467012,-50,-44.19410436419999,7.227228748920597,-32.88308674194113,-50,6.128919498467012,-50,-44.19410436419999,0.6202373896975262,-43.69380627428401,-24.670088162269682,-16.519284675294227,-50,-45.6803374098195,0.6202373896975262,-43.69380627428401,-24.670088162269682,-16.519284675294227,-50,-45.6803374098195
-9.7358365321748,-49.39940842532482,-50,19.456227484283012,-50,-50,-9.7358365321748,-49.39940842532482,-50,19.456227484283012,-50,-50,16.992413535452364,-50,-29.092524324679353,-19.834224548505528,-39.91952924553062,-38.693664526485996,16.992413535452364,-50,-29.092524324679353,-19.834224548505528,-39.91952924553062,-38.693664526485996
-16.068877510111914,-50,-50,18.11307452720175,-37.70282377844742,-50,-16.068877510111914,-50,-50,18.11307452720175,-37.70282377844742,-50,21.270628385024917,-50,-43.836174942656214,-7.904710423721378,-27.206333060863486,-38.021936242802255,21.270628385024917,-50,-43.836174942656214,-7.904710423721378,-27.206333060863486,-38.021936242802255
-6.814942903776965,-50,-37.31007395719564,3.1529377721883067,-25.613773547361276,-42.629684152988766,-6.814942903776965,-50,-37.31007395719564,3.1529377721883067,-25.613773547361276,-42.629684152988766,10.104502706731537,-49.982004035030286,-50,9.882833843040368,-25.542496273759667,-45.36596697199135,10.104502706731537,-49.982004035030286,-50,9.882833843040368,-25.542496273759667,-45.36596697199135
10.782795615902849,-43.755279050360166,-25.221110626165668,-13.690476597852793,-27.094280077186397,-29.330709413999443,10.782795615902849,-43.755279050360166,-25.221110626165668,-13.690476597852793,-27.094280077186397,-29.330709413999443,-7.761485513552863,-33.163703741772615,-50,19.53274773291519,-36.23319199435359,-42.13068841224134,-7.761485513552863,-33.163703741772615,-50,19.53274773291519,-36.23319199435359,-42.13068841224134
22.950365512870075,-28.577170455653707,-27.465238196329466,-19.206348483384517,-40.98696373914785,-24.507006427196387,22.950365512870075,-28.577170455653707,-27.465238196329466,-19.206348483384517,-40.98696373914785,-24.507006427196387,-18.336024948224864,-24.3053867676126,-47.76786063056247,13.452250769097654,-50,-36.50781816555402,-18.336024948224864,-24.3053867676126,-47.76786063056247,13.452250769097654,-50,-36.50781816555402
20.16405591916511,-24.74002100056063,-42.26878242689239,-9.068405932005934,-50,-31.904794894204024,20.16405591916511,-24.74002100056063,-42.26878242689239,-9.068405932005934,-50,-31.904794894204024,-13.337923896477074,-30.38547676770692,-32.11311971451663,-3.574378228619672,-50,-42.73445029443214,-13.337923896477074,-30.38547676770692,-32.11311971451663,-3.574378228619672,-50,-42.73445029443214
4.604746598271561,-35.25800409983276,-50,8.771843583794004,-50,-45.778749910197945,4.604746598271561,-35.25800409983276,-50,8.771843583794004,-50,-45.778749910197945,3.318677153092773,-46.61418760029662,-24.420315561066257,-18.15018487131671,-50,-45.04476708973209,3.318677153092773,-46.61418760029662,-24.420315561066257,-18.15018487131671,-50,-45.04476708973209
-11.549094232071095,-50,-50,20.321730780564412,-50,-50,-11.549094232071095,-50,-50,20.321730780564412,-50,-50,18.589568830657303,-50,-30.698018962808632,-18.806579762927797,-37.61191711585824,-37.58905193239393,18.589568830657303,-50,-30.698018962808632,-18.806579762927797,-37.61191711585824,-37.58905193239393
-15.6536510213502,-50,-50,16.522315554225514,-35.47419581773137,-50,-15.6536510213502,-50,-50,16.522315554225514,-35.47419581773137,-50,20.515726139864412,-50,-46.042943088064774,-5.0270958784644355,-26.084198721631168,-39.24515783010305,20.515726139864412,-50,-46.042943088064774,-5.0270958784644355,-26.084198721631168,-39.24515783010305
-4.496235251381606,-50,-34.39549764099633,0.3535988675172952,-24.903464204121683,-40.9765265635533,-4.496235251381606,-50,-34.39549764099633,0.3535988675172952,-24.903464204121683,-40.9765265635533,7.588726135015364,-47.16400083409128,-50,12.346242965861927,-26.48608205214564,-45.81982859718803,7.588726135015364,-47.16400083409128,-50,12.346242965861927,-26.48608205214564,-45.81982859718803
13.190102622686048,-41.052558046016784,-24.450214339251044,-15.502785811681147,-28.457570633491585,-28.1897685842766,13.190102622686048,-41.052558046016784,-24.450214339251044,-15.502785811681147,-28.457570633491585,-28.1897685842766,-10.067967574167684,-30.80343535797512,-50,19.643682873851606,-38.50231544301731,-40.666013522115456,-10.067967574167684,-30.80343535797512,-50,19.643682873851606,-38.50231544301731,-40.666013522115456
23.562042229407563,-27.00612869726846,-29.44730944295174,-18.610176840790054,-43.35810765070379,-24.764368218274612,23.562042229407563,-27.00612869726846,-29.44730944295174,-18.610176840790054,-43.35810765070379,-24.764368218274612,-18.62694753306208,-24.262230413361305,-45.60476576141533,11.123425535554437,-50,-36.8331600908524,-18.62694753306208,-24.262230413361305,-45.60476576141533,11.123425535554437,-50,-36.8331600908524
18.501335242223078,-25.53474966884172,-45.43726645306589,-6.5313496189975115,-50,-33.36058509848373,18.501335242223078,-25.53474966884172,-45.43726645306589,-6.5313496189975115,-50,-33.36058509848373,-11.385458104806473,-32.69343024690251,-30.361380554280082,-6.510589064294383,-50,-44.02604405575174,-11.385458104806473,-32.69343024690251,-30.361380554280082,-6.510589064294383,-50,-44.02604405575174
1.9690610337212833,-37.7942246640874,-50,11.259891437642604,-50,-47.30236202897353,1.9690610337212833,-37.7942246640874,-50,11.259891437642604,-50,-47.30236202897353,5.98550553154386,-49.45508644657364,-24.448152142968585,-19.383501179858072,-50,-44.03230036192512,5.98550553154386,-49.45508644657364,-24.448152142968585,-19.383501179858072,-50,-44.03230036192512
-13.094760253633638,-50,-50,20.809315922919424,-49.75598104245006,-50,-13.094760253633638,-50,-50,20.809315922919424,-49.75598104245006,-50,19.882298433431405,-50,-32.48368914059813,-17.366599103849506,-35.37584300421859,-36.836088057053246,19.882298433431405,-50,-32.48368914059813,-17.366599103849506,-35.37584300421859,-36.836088057053246
-14.899485153462944,-50,-48.447324984639806,14.627009609382945,-33.36761438423666,-50,-14.899485153462944,-50,-48.447324984639806,14.627009609382945,-33.36761438423666,-50,19.421987423681,-50,-48.191724539236375,-2.0468290910350757,-25.257687974977184,-40.65819954490194,19.421987423681,-50,-48.191724539236375,-2.0468290910350757,-25.257687974977184,-40.65819954490194
-2.0325326584065966,-50,-31.726148298315515,-2.438050050180016,-24.487272674295657,-39.31528762222145,-2.0325326584065966,-50,-31.726148298315515,-2.438050050180016,-24.487272674295657,-39.31528762222145,4.965053801481594,-44.25345536249051,-50,14.521851487579536,-27.71747927382406,-45.821057648239886,4.965053801481594,-44.25345536249051,-50,14.521851487579536,-27.71747927382406,-45.821057648239886
15.434970757445335,-38.390639117266396,-24.196724780007287,-17.00119957855019,-30.057124950443256,-27.181740546998174,15.434970757445335,-38.390639117266396,-24.196724780007287,-17.00119957855019,-30.057124950443256,-27.181740546998174,-12.166908762740148,-28.739239511998264,-50,19.302812890071625,-40.825668591285826,-39.25231795508589,-12.166908762740148,-28.739239511998264,-50,19.302812890071625,-40.825668591285826,-39.25231795508589
23.830989221166842,-25.767992709691608,-31.810028304853354,-17.640102371328883,-45.722963088751435,-25.192413235429324,23.830989221166842,-25.767992709691608,-31.810028304853354,-17.640102371328883,-45.722963088751435,-25.192413235429324,-18.557423165480316,-24.670520756247225,-43.39048496746422,8.53428161136507,-50,-37.58401371191702,-18.557423165480316,-24.670520756247225,-43.39048496746422,8.53428161136507,-50,-37.58401371191702
16.583852878577396,-26.692982293462023,-48.54878938739735,-3.8536468563069493,-50,-34.89227169971922,16.583852878577396,-26.692982293462023,-48.54878938739735,-3.8536468563069493,-50,-34.89227169971922,-9.201914487633317,-35.252562950000865,-28.795041759500222,-9.31080725399749,-50,-45.040287286034186,-9.201914487633317,-35.252562950000865,-28.795041759500222,-9.31080725399749,-50,-45.040287286034186
-0.6340129847524398,-40.439006248039234,-50,13.545015926131573,-50,-48.748140497409835,-0.6340129847524398,-40.439006248039234,-50,13.545015926131573,-50,-48.748140497409835,8.573079666166041,-50,-24.753165867878185,-20.191515735996354,-48.07142619977299,-42.741871759798386,8.573079666166041,-50,-24.753165867878185,-20.191515735996354,-48.07142619977299,-42.741871759798386
-14.34596696596238,-50,-50,20.909567068092276,-47.495387092754356,-50,-14.34596696596238,-50,-50,20.909567068092276,-47.495387092754356,-50,20.847507744009892,-50,-34.42182020823498,-15.546645063457092,-33.25477361711036,-36.508349767366184,20.847507744009892,-50,-34.42182020823498,-15.546645063457092,-33.25477361711036,-36.508349767366184
-13.81948923918749,-50,-45.33252989709905,12.463757282296285,-31.41737059327704,-50,-13.81948923918749,-50,-45.33252989709905,12.463757282296285,-31.41737059327704,-50,18.00895186629622,-50,-50,0.9691106635254985,-24.742867238312975,-42.12298413597812,18.00895186629622,-50,-50,0.9691106635254985,-24.742867238312975,-42.12298413597812
0.5333394193218295,-50,-29.37507994137729,-5.168098952971266,-24.371973759709757,-37.66428510457466,0.5333394193218295,-50,-29.37507994137729,-5.168098952971266,-24.371973759709757,-37.66428510457466,2.2803575827595433,-41.319502215402984,-50,16.360764228010776,-29.212750994424567,-45.36953402678812,2.2803575827595433,-41.319502215402984,-50,16.360764228010776,-29.212750994424567,-45.36953402678812
17.47837846724855,-35.82487842161683,-24.467579380361265,-18.156781764150885,-31.866905344110933,-26.317740398799565,17.47837846724855,-35.82487842161683,-24.467579380361265,-18.156781764150885,-31.866905344110933,-26.317740398799565,-14.02081151862396,-27.02014733754739,-50,18.517798580431897,-43.158088128669334,-38.02774285441606,-14.02081151862396,-27.02014733754739,-50,18.517798580431897,-43.158088128669334,-38.02774285441606
23.752531501179902,-24.888510253309157,-34.48873254775661,-16.31485835532501,-48.043034731323345,-25.786421608226995,23.752531501179902,-24.888510253309157,-34.48873254775661,-16.31485835532501,-48.043034731323345,-25.786421608226995,-18.128693897521583,-25.520559618439194,-41.1593851869938,5.743008076700784,-50,-38.68700836815095,-18.128693897521583,-25.520559618439194,-41.1593851869938,5.743008076700784,-50,-38.68700836815095
14.444939578658751,-28.190632751097404,-50,-1.0870072374259614,-50,-36.48296544090809,14.444939578658751,-28.190632751097404,-50,-1.0870072374259614,-50,-36.48296544090809,-6.826302027036359,-38.00208743864923,-27.438413828120716,-11.912099980740622,-50,-45.678071858575386,-6.826302027036359,-38.00208743864923,-27.438413828120716,-11.912099980740622,-50,-45.678071858575386
-3.159227369288499,-43.13734907526615,-50,15.583088604519023,-50,-50,-3.159227369288499,-43.13734907526615,-50,15.583088604519023,-50,-50,11.03517257424605,-50,-25.330622743661774,-20.556069014744345,-45.876168086926896,-41.29957723113235,11.03517257424605,-50,-25.330622743661774,-20.556069014744345,-45.876168086926896,-41.29957723113235
-15.28096519448522,-50,-50,20.620548248418032,-45.161157675894025,-50,-15.28096519448522,-50,-50,20.620548248418032,-45.161157675894025,-50,21.46795330895084,-50,-36.48233123336087,-13.387619752511936,-31.289940101583916,-36.63786244636698,21.46795330895084,-50,-36.48233123336087,-13.387619752511936,-31.289940101583916,-36.63786244636698
-12.43243637128404,-50,-42.163640118704336,10.07433352277319,-29.65521068246272,-49.73946702359886,-12.43243637128404,-50,-42.163640118704336,10.07433352277319,-29.65521068246272,-49.73946702359886,16.301863331995875,-50,-50,3.9529423868212428,-24.549744034083332,-43.496378228109656,16.301863331995875,-50,-50,3.9529423868212428,-24.549744034083332,-43.496378228109656
3.1567795588834313,-49.97702347231493,-27.406635956689634,-7.783827381749591,-24.559444306097387,-36.04172391350297,3.1567795588834313,-49.97702347231493,-27.406635956689634,-7.783827381749591,-24.559444306097387,-36.04172391350297,-0.41740045349781174,-38.43183199380555,-50,17.821652993739622,-30.942830853099515,-44.50937896425801,-0.41740045349781174,-38.43183199380555,-50,17.821652993739622,-30.942830853099515,-44.50937896425801
19.28480609690537,-33.40863245000465,-25.255365466755997,-18.947216715712962,-33.85745205225372,-25.607295102010948,19.28480609690537,-33.40863245000465,-25.255365466755997,-18.947216715712962,-33.85745205225372,-25.607295102010948,-15.596555890007139,-25.686992672371765,-50,17.306282556520145,-45.45423450450829,-37.11194920537136,-15.596555890007139,-25.686992672371765,-50,17.306282556520145,-45.45423450450829,-37.11194920537136
23.32803286539779,-24.385970679030716,-37.41011213712587,-14.66003681528064,-50,-26.53984345886497,23.32803286539779,-24.385970679030716,-37.41011213712587,-14.66003681528064,-50,-26.53984345886497,-17.348418972720125,-26.792155907513443,-38.94609439883363,2.812336724093838,-50,-40.034363469179276,-17.348418972720125,-26.792155907513443,-38.94609439883363,2.812336724093838,-50,-40.034363469179276
12.121775129217799,-29.99655652651483,-50,1.7151421687050998,-50,-38.11512641840075,12.121775129217799,-29.99655652651483,-50,1.7151421687050998,-50,-38.11512641840075,-4.301061012814301,-40.876693871685106,-26.31255242233111,-14.256005129068884,-50,-45.87707580529339,-4.301061012814301,-40.876693871685106,-26.31255242233111,-14.256005129068884,-50,-45.87707580529339
-5.562687431719636,-45.833139532035,-50,17.33475188943423,-50,-50,-5.562687431719636,-45.833139532035,-50,17.33475188943423,-50,-50,13.327798993763645,-50,-26.171560300489787,-20.468967952840927,-43.59180046727918,-39.846352504775865,13.327798993763645,-50,-26.171560300489787,-20.468967952840927,-43.59180046727918,-39.846352504775865
-15.883502277277614,-50,-50,19.94784075764134,-42.791289580803806,-50,-15.883502277277614,-50,-50,19.94784075764134,-42.791289580803806,-50,21.732550875238815,-50,-38.63324187480927,-10.938045655892754,-29.519536559206898,-37.2119705903099,21.732550875238815,-50,-38.63324187480927,-10.938045655892754,-29.519536559206898,-37.2119705903099
-10.76243707814691,-50,-39.02738094573009,7.504880917291118,-28.109819243683766,-48.360208776591435,-10.76243707814691,-50,-39.02738094573009,7.504880917291118,-28.109819243683766,-48.360208776591435,14.331218938182214,-50,-50,6.837606684531824,-24.68207245504939,-44.64417879027469,14.331218938182214,-50,-50,6.837606684531824,-24.68207245504939,-44.64417879027469
5.792185657114487,-47.40030318145272,-25.87468817308195,-10.23472254038812,-25.046632651641968,-34.465495341476625,5.792185657114487,-47.40030318145272,-25.87468817308195,-10.23472254038812,-25.046632651641968,-34.465495341476625,-3.080024890419156,-35.659035933847626,-50,18.87168539846415,-32.87408808911316,-43.32464365702539,-3.080024890419156,-35.659035933847626,-50,18.87168539846415,-32.87408808911316,-43.32464365702539
20.82285331145744,-31.19214844742955,-26.53852312814978,-19.35724020353787,-35.996362782879295,-25.058238434896563,20.82285331145744,-31.19214844742955,-26.53852312814978,-19.35724020353787,-35.996362782879295,-25.058238434896563,-16.86599122147584,-24.771442126383903,-50,15.695492738107657,-47.669473276644965,-36.59442500283747,-16.86599122147584,-24.771442126383903,-50,15.695492738107657,-47.669473276644965,-36.59442500283747
22.56487218642746,-24.27082459056447,-40.49421556686955,-12.707594303784209,-50,-27.444371124890388,22.56487218642746,-24.27082459056447,-40.49421556686955,-12.707594303784209,-50,-27.444371124890388,-16.230537993801466,-28.455105218307096,-36.78496417579508,-0.19186779184846592,-50,-41.49442041864065,-16.230537993801466,-28.455105218307096,-36.78496417579508,-0.19186779184846592,-50,-41.49442041864065
9.65474207350075,-32.07319838094297,-50,4.498688557366202,-50,-39.7707574869605,9.65474207350075,-32.07319838094297,-50,4.498688557366202,-50,-39.7707574869605,-1.671304847191044,-43.8081013189628,-25.434931572323297,-16.289845177537604,-50,-45.61785319075888,-1.671304847191044,-43.8081013189628,-25.434931572323297,-16.289845177537604,-50,-45.61785319075888
-7.80261488556466,-48.470317082648926,-50,18.76617910015842,-50,-50,-7.80261488556466,-48.470317082648926,-50,18.76617910015842,-50,-50,15.410001179607487,-50,-27.26292669362975,-19.93217008174125,-41.26272881752735,-38.52420136838932,15.410001179607487,-50,-27.26292669362975,-19.93217008174125,-41.26272881752735,-38.52420136838932
-16.143104577913782,-50,-50,18.904435369561945,-40.424359725917306,-50,-16.143104577913782,-50,-50,18.904435369561945,-40.424359725917306,-50,21.636573410337842,-50,-40.84116873627726,-8.25297512590868,-27.97797759670472,-38.17457445805492,21.636573410337842,-50,-40.84116873627726,-8.25297512590868,-27.97797759670472,-38.17457445805492
-8.838520221111864,-50,-36.00958464909438,4.805018621344263,-26.80635229284121,-46.89145245287055,-8.838520221111864,-50,-36.00958464909438,4.805018621344263,-26.80635229284121,-46.89145245287055,12.132224224711347,-49.87489359102492,-50,9.558272876323736,-25.137280189047946,-45.454226963386745,12.132224224711347,-49.87489359102492,-50,9.558272876323736,-25.137280189047946,-45.454226963386745
8.393747611877,-44.73237990181378,-24.82116251247463,-12.473454757283612,-25.82560830219181,-32.95297979087516,8.393747611877,-44.73237990181378,-24.82116251247463,-12.473454757283612,-25.82560830219181,-32.95297979087516,-5.659947972484321,-33.066976649593975,-50,19.48726274641081,-34.968981285115134,-41.93109609193398,-5.659947972484321,-33.066976649593975,-50,19.48726274641081,-34.968981285115134,-41.93109609193398
22.065784914367505,-29.221519492172348,-28.281935261668377,-19.378934191248817,-38.24882016157074,-24.676624611910135,22.065784914367505,-29.221519492172348,-28.281935261668377,-19.378934191248817,-38.24882016157074,-24.676624611910135,-17.80643906515968,-24.295242900230114,-50,13.721630425943646,-49.76074275359708,-36.5257408128339,-17.80643906515968,-24.295242900230114,-50,13.721630425943646,-49.76074275359708,-36.5257408128339
21.476315149840026,-24.545466518014507,-43.656637950004956,-10.495234784849194,-50,-28.49003076426148,21.476315149840026,-24.545466518014507,-43.656637950004956,-10.495234784849194,-50,-28.49003076426148,-14.79502189183967,-30.469907282391567,-34.709536528086076,-3.2020882134758843,-50,-42.92450780910523,-14.79502189183967,-30.469907282391567,-34.709536528086076,-3.2020882134758843,-50,-42.92450780910523
7.086723759292976,-34.37737333517775,-50,7.209878370001881,-50,-41.43160270663672,7.086723759292976,-34.37737333517775,-50,7.209878370001881,-50,-41.43160270663672,1.0159859056123717,-46.72667964786824,-24.819172469082602,-17.96791108674958,-50,-44.92573429764814,1.0159859056123717,-46.72667964786824,-24.819172469082602,-17.96791108674958,-50,-44.92573429764814
-9.840074059575183,-50,-50,19.849727691665304,-50,-50,-9.840074059575183,-50,-50,19.849727691665304,-50,-50,17.244580613225832,-50,-28.587783275743647,-18.95773953355684,-38.93422760924675,-37.46231957939487,17.244580613225832,-50,-28.587783275743647,-18.95773953355684,-38.93422760924675,-37.46231957939487
-16.05525954407106,-50,-50,17.51048147089518,-38.098897200739245,-50,-16.05525954407106,-50,-50,17.51048147089518,-38.098897200739245,-50,21.181735550575457,-50,-43.07184349624669,-5.3927531217081635,-26.69522934562208,-39.43161193191596,21.181735550575457,-50,-43.07184349624669,-5.3927531217081635,-26.69522934562208,-39.43161193191596
-6.694128398570955,-50,-33.19284144055788,2.02688415511481,-25.766027778032527,-45.34939340401973,-6.694128398570955,-50,-33.19284144055788,2.02688415511481,-25.766027778032527,-45.34939340401973,9.744164207322745,-47.052017699314945,-50,12.053796017076593,-25.90651852177826,-45.847367812435834,9.744164207322745,-47.052017699314945,-50,12.053796017076593,-25.90651852177826,-45.847367812435834
10.916243618846622,-42.028734654886534,-24.274891572847157,-14.456791477096603,-26.883691024533565,-31.52085512767563,10.916243618846622,-42.028734654886534,-24.274891572847157,-14.456791477096603,-26.883691024533565,-31.52085512767563,-8.111079402947764,-30.717223689100784,-50,19.65455039543531,-37.18678812907786,-40.46490862343038,-8.111079402947764,-30.717223689100784,-50,19.65455039543531,-37.18678812907786,-40.46490862343038
22.991995573641667,-27.53772596333419,-30.437888647734248,-19.01187974239532,-40.57815849172118,-24.466661526446423,22.991995573641667,-27.53772596333419,-30.437888647734248,-19.01187974239532,-40.57815849172118,-24.466661526446423,-18.401098330944365,-24.269706220978584,-48.49212686327566,11.429056704499482,-50,-36.91260820237152,-18.401098330944365,-24.269706220978584,-48.49212686327566,11.429056704499482,-50,-36.91260820237152
20.081283662613075,-25.204185122229976,-46.81083098812834,-8.065681525970337,-50,-29.66529233266606,20.081283662613075,-25.204185122229976,-46.81083098812834,-8.065681525970337,-50,-29.66529233266606,-13.06751614579609,-32.78870422349735,-32.75202331161844,-6.150672080137777,-50,-44.1848827484732,-13.06751614579609,-32.78870422349735,-32.75202331161844,-6.150672080137777,-50,-44.1848827484732
4.462358916599135,-36.86116472642579,-50,9.79635533874387,-50,-43.07934864324839,4.462358916599135,-36.86116472642579,-50,9.79635533874387,-50,-43.07934864324839,3.712802826624305,-49.56310345764027,-24.474832055502112,-19.252489575951476,-50,-43.86835044447016,3.712802826624305,-49.56310345764027,-24.474832055502112,-19.252489575951476,-50,-43.86835044447016
-11.639648699333577,-50,-50,20.564473064703286,-50,-50,-11.639648699333577,-50,-50,20.564473064703286,-50,-50,18.79876255373874,-50,-30.1255674946406,-17.56757590867678,-36.65156022529004,-36.76447032964326,18.79876255373874,-50,-30.1255674946406,-17.56757590867678,-36.65156022529004,-36.76447032964326
-15.62149414723796,-50,-47.096602719695596,15.792897952887412,-35.85275608598103,-50,-15.62149414723796,-50,-47.096602719695596,15.792897952887412,-35.85275608598103,-50,20.376162969183063,-50,-45.29064477245579,-2.4216610012933617,-25.69622695522248,-40.860249922638175,20.376162969183063,-50,-45.29064477245579,-2.4216610012933617,-25.69622695522248,-40.860249922638175
-4.366536628017851,-50,-30.654239166778652,-0.7758734334367914,-25.005780191956493,-43.751035259612465,-4.366536628017851,-50,-30.654239166778652,-0.7758734334367914,-25.005780191956493,-43.751035259612465,7.209701551279853,-44.139259488063956,-50,14.268091083957264,-26.974834345620735,-45.78518505628121,7.209701551279853,-44.139259488063956,-50,14.268091083957264,-26.974834345620735,-45.78518505628121
13.315826242214676,-39.34559132131504,-24.250825545719284,-16.146432132271272,-28.20365725632574,-30.184912781715393,13.315826242214676,-39.34559132131504,-24.250825545719284,-16.146432132271272,-28.20365725632574,-30.184912781715393,-10.389629746466175,-28.665591064301566,-50,19.369788680294846,-39.48439700915662,-39.06935171076936,-10.389629746466175,-28.665591064301566,-50,19.369788680294846,-39.48439700915662,-39.06935171076936
23.58538537779716,-26.175783329938678,-32.94737975224543,-18.263165110615443,-42.94646060192653,-24.430664352189275,23.58538537779716,-26.175783329938678,-32.94737975224543,-18.263165110615443,-42.94646060192653,-24.430664352189275,-18.639345437756873,-24.69543866495647,-46.35438407731629,8.869295459654674,-50,-37.71722390975209,-18.639345437756873,-24.69543866495647,-46.35438407731629,8.869295459654674,-50,-37.71722390975209
18.40402694195932,-26.23328196543561,-49.87047160130119,-5.465852061519179,-50,-30.95719672041508,18.40402694195932,-26.23328196543561,-49.87047160130119,-5.465852061519179,-50,-30.95719672041508,-11.07888262632801,-35.35641733236508,-30.942806281081744,-8.971352166823658,-50,-45.15238602260892,-11.07888262632801,-35.35641733236508,-30.942806281081744,-8.971352166823658,-50,-45.15238602260892
1.8272657222897584,-39.47292066326941,-50,12.208171547596232,-50,-44.69582630284097,1.8272657222897584,-39.47292066326941,-50,12.208171547596232,-50,-44.69582630284097,6.370967311982143,-50,-24.40725469701828,-20.11471070091344,-49.277838510743614,-42.54902530129284,6.370967311982143,-50,-24.40725469701828,-20.11471070091344,-49.277838510743614,-42.54902530129284
-13.170057592383138,-50,-50,20.8966126444682,-50,-50,-13.170057592383138,-50,-50,20.8966126444682,-50,-50,20.044781558319173,-50,-31.85241203616362,-15.792922098569388,-34.45909909173018,-36.49884488706691,20.044781558319173,-50,-31.85241203616362,-15.792922098569388,-34.45909909173018,-36.49884488706691
-14.849348340042695,-50,-43.947506851867054,13.784853375820504,-33.72249926155834,-50,-14.849348340042695,-50,-43.947506851867054,13.784853375820504,-33.72249926155834,-50,19.23424721123704,-50,-47.463135466080544,0.5935281540949784,-25.000389881895718,-42.32088716814799,19.23424721123704,-50,-47.463135466080544,0.5935281540949784,-25.000389881895718,-42.32088716814799
-1.8962044108694718,-50,-28.4632535904519,-3.549129594862867,-24.53798491076834,-42.11400243541436,-1.8962044108694718,-50,-28.4632535904519,-3.549129594862867,-24.53798491076834,-42.11400243541436,4.574114403329375,-41.2058061119625,-50,16.15139344551143,-28.321460830836514,-45.27375496567482,4.574114403329375,-41.2058061119625,-50,16.15139344551143,-28.321460830836514,-45.27375496567482
15.550784595313486,-36.73874743249205,-24.749623063442403,-17.50974777210444,-29.764020472744296,-28.95988362130921,15.550784595313486,-36.73874743249205,-24.749623063442403,-17.50974777210444,-29.764020472744296,-28.95988362130921,-12.454892726864081,-26.960811492945393,-50,18.639377408322183,-41.81714505379484,-37.8807940544691,-12.454892726864081,-26.960811492945393,-50,18.639377408322183,-41.81714505379484,-37.8807940544691
23.83563969351823,-25.16401398381999,-35.74172951888326,-17.14724885710404,-45.31517506499408,-24.569030014676283,23.83563969351823,-25.16401398381999,-35.74172951888326,-17.14724885710404,-45.31517506499408,-24.569030014676283,-18.51692410372281,-25.562327749656806,-44.15382085006966,6.099875417759234,-50,-38.8609638405836,-18.51692410372281,-25.562327749656806,-44.15382085006966,6.099875417759234,-50,-38.8609638405836
16.473700001878,-27.61135637823911,-50,-2.7459521598981143,-50,-32.351498647038234,16.473700001878,-27.61135637823911,-50,-2.7459521598981143,-50,-32.351498647038234,-8.864648248820712,-38.11205535905925,-29.309965547271645,-11.600735790659426,-50,-45.73247676181098,-8.864648248820712,-38.11205535905925,-29.309965547271645,-11.600735790659426,-50,-45.73247676181098
-0.7727511605680544,-42.15832815689052,-50,14.398751985509874,-50,-46.263211473457034,-0.7727511605680544,-42.15832815689052,-50,14.398751985509874,-50,-46.263211473457034,8.942991283154543,-50,-24.617489233920384,-20.535196684410735,-47.153364215596724,-41.09667847985243,8.942991283154543,-50,-24.617489233920384,-20.535196684410735,-47.153364215596724,-41.09667847985243
-14.404698315761205,-50,-50,20.839732424560793,-47.89356381499651,-50,-14.404698315761205,-50,-50,20.839732424560793,-47.89356381499651,-50,20.960377511510558,-50,-33.741515258918426,-13.673662125079774,-32.399463128977764,-36.69139919520319,20.960377511510558,-50,-33.741515258918426,-13.673662125079774,-32.399463128977764,-36.69139919520319
-13.752243992578368,-50,-40.78222121963733,11.525125445081915,-31.74280323285224,-50,-13.752243992578368,-50,-40.78222121963733,11.525125445081915,-31.74280323285224,-50,17.77638858886631,-50,-49.55559724573808,3.585050215221229,-24.621244397279796,-43.670795556613534,17.77638858886631,-50,-49.55559724573808,3.585050215221229,-24.621244397279796,-43.670795556613534
0.6739275572226431,-50,-26.679846996966656,-6.239329487013212,-24.370256746635846,-40.45634579644463,0.6739275572226431,-50,-26.679846996966656,-6.239329487013212,-24.370256746635846,-40.45634579644463,1.8844874981291058,-38.32133630085705,-50,17.661377284669094,-29.92022110882758,-44.36305261238138,1.8844874981291058,-38.32133630085705,-50,17.661377284669094,-29.92022110882758,-44.36305261238138
17.58226938258349,-34.26241382832855,-25.757633173942516,-18.520411166206173,-31.539380945993003,-27.859275522224106,17.58226938258349,-34.26241382832855,-25.757633173942516,-18.520411166206173,-31.539380945993003,-27.859275522224106,-14.269972444304159,-25.643378843510973,-50,17.479732028525657,-44.13968632653296,-37.01537714729703,-14.269972444304159,-25.643378843510973,-50,17.479732028525657,-44.13968632653296,-37.01537714729703
23.73840846038318,-24.5234582589569,-38.744462958524956,-15.685680638773757,-47.6457437414113,-24.880232814569112,23.73840846038318,-24.5234582589569,-38.744462958524956,-15.685680638773757,-47.6457437414113,-24.880232814569112,-18.03602138459328,-26.84978213695512,-41.92459121512634,3.1830372303814642,-50,-40.23206592577198,-18.03602138459328,-26.84978213695512,-41.92459121512634,3.1830372303814642,-50,-40.23206592577198
14.32385686440829,-29.309750499039684,-50,0.04149370893187798,-50,-33.83282373793439,14.32385686440829,-29.309750499039684,-50,0.04149370893187798,-50,-33.83282373793439,-6.46437028543995,-40.99016324668992,-27.87884375728187,-13.979729514212398,-50,-45.868470627684154,-6.46437028543995,-40.99016324668992,-27.87884375728187,-13.979729514212398,-50,-45.868470627684154
-3.292496784953589,-44.86154259136786,-50,16.325793964690718,-50,-47.76422126514747,-3.292496784953589,-44.86154259136786,-50,16.325793964690718,-50,-47.76422126514747,11.382925560919594,-50,-25.10227270273308,-20.504497417325815,-44.91495319125254,-39.653227982160836,11.382925560919594,-50,-25.10227270273308,-20.504497417325815,-44.91495319125254,-39.653227982160836
-15.322109654177002,-50,-50,20.394930829007308,-45.56940177748045,-50,-15.322109654177002,-50,-50,20.394930829007308,-45.56940177748045,-50,21.529193301942218,-50,-35.76355717149215,-11.25742477676193,-30.512689289037752,-37.323317553638105,21.529193301942218,-50,-35.76355717149215,-11.25742477676193,-30.512689289037752,-37.323317553638105
-12.349251585958683,-50,-37.6873724819828,9.057352167971318,-29.94589366355389,-50,-12.349251585958683,-50,-37.6873724819828,9.057352167971318,-29.94589366355389,-50,16.028631729906813,-50,-50,6.4856729531523,-24.566160653112203,-44.77806699379457,16.028631729906813,-50,-50,6.4856729531523,-24.566160653112203,-44.77806699379457
3.299183805533668,-48.34604992791205,-25.35282716316841,-8.794522182109082,-24.50532599316467,-38.79634361775767,3.299183805533668,-48.34604992791205,-25.35282716316841,-8.794522182109082,-24.50532599316467,-38.79634361775767,-0.8111290100130661,-35.554365271098305,-50,18.76410683994047,-31.740037120327592,-43.14206848854711,-0.8111290100130661,-35.554365271098305,-50,18.76410683994047,-31.740037120327592,-43.14206848854711
19.374968199732486,-31.968087311208805,-27.247268936176326,-19.158905214320484,-33.500839204281384,-26.89522442207972,19.374968199732486,-31.968087311208805,-27.247268936176326,-19.158905214320484,-33.500839204281384,-26.89522442207972,-15.802442520118085,-24.744586278664105,-50,15.916914706605969,-46.40687329880402,-36.55766635378019,-15.802442520118085,-24.744586278664105,-50,15.916914706605969,-46.40687329880402,-36.55766635378019
23.295381806043657,-24.267436885449467,-41.87340209546842,-13.906685059003534,-49.900229432093965,-25.36084125089133,23.295381806043657,-24.267436885449467,-41.87340209546842,-13.906685059003534,-49.900229432093965,-25.36084125089133,-17.205228602018572,-28.527220742054546,-39.70129412556209,0.18433466204798044,-50,-41.696551100803184,-17.205228602018572,-28.527220742054546,-39.70129412556209,0.18433466204798044,-50,-41.696551100803184
11.991867304847542,-31.293145230983573,-50,2.842656682870129,-50,-35.384838051067604,11.991867304847542,-31.293145230983573,-50,2.842656682870129,-50,-35.384838051067604,-3.9209296749133085,-43.922376894567776,-26.671652761734137,-16.054867226459013,-50,-45.54707879868412,-3.9209296749133085,-43.922376894567776,-26.671652761734137,-16.054867226459013,-50,-45.54707879868412
-5.688171523745865,-47.52634904505368,-50,17.952084035319736,-50,-49.182304681046574,-5.688171523745865,-47.52634904505368,-50,17.952084035319736,-50,-49.182304681046574,13.647180746940773,-50,-25.85408097932603,-20.02330284280847,-42.60611757109966,-38.35972249411983,13.647180746940773,-50,-25.85408097932603,-20.02330284280847,-42.60611757109966,-38.35972249411983
-15.90634465086223,-50,-50,19.570797500398047,-43.20295562883669,-50,-15.90634465086223,-50,-50,19.570797500398047,-43.20295562883669,-50,21.741067041937185,-50,-37.8871544959365,-8.598513187350685,-28.835454283251153,-38.33285121920571,21.741067041937185,-50,-37.8871544959365,-8.598513187350685,-28.835454283251153,-38.33285121920571
-10.664758718546269,-50,-34.74765960052523,6.429189152418635,-28.361020803508598,-50,-10.664758718546269,-50,-34.74765960052523,6.429189152418635,-28.361020803508598,-50,14.02220029092192,-49.76754498810355,-50,9.230207033503543,-24.836209413965797,-45.53450297797663,14.02220029092192,-49.76754498810355,-50,9.230207033503543,-24.836209413965797,-45.53450297797663
5.933930662288982,-45.70479672077542,-24.518511599700492,-11.165363900301049,-24.940993981442983,-37.15230003767992,5.933930662288982,-45.70479672077542,-24.518511599700492,-11.165363900301049,-24.940993981442983,-37.15230003767992,-3.4645779626002993,-32.97061727398894,-50,19.434799086365313,-33.74553373709877,-41.73011268235923,-3.4645779626002993,-32.97061727398894,-50,19.434799086365313,-33.74553373709877,-41.73011268235923
20.89771935370127,-29.90347973992923,-29.17776241190151,-19.41289984451379,-35.61646645992721,-26.078360502520685,20.89771935370127,-29.90347973992923,-29.17776241190151,-19.41289984451379,-35.61646645992721,-26.078360502520685,-17.02492539369405,-24.28578294437185,-50,13.98604859720453,-48.57463446591674,-36.55238749309388,-17.02492539369405,-24.28578294437185,-50,13.98604859720453,-48.57463446591674,-36.55238749309388
22.514260667483434,-24.40127397716293,-45.042914991535966,-11.844616617311194,-50,-26.00555585873202,22.514260667483434,-24.40127397716293,-45.042914991535966,-11.844616617311194,-50,-26.00555585873202,-16.03938785968333,-30.554799130286046,-37.518436457861384,-2.828838681760959,-50,-43.11131524829402,-16.03938785968333,-30.554799130286046,-37.518436457861384,-2.828838681760959,-50,-43.11131524829402
9.518267269439827,-33.52029472319295,-50,5.603443006354903,-50,-36.99042818439731,9.518267269439827,-33.52029472319295,-50,5.603443006354903,-50,-36.99042818439731,-1.2797649550472974,-46.83904702028489,-25.707128873815414,-17.779511753785197,-50,-44.799706504995186,-1.2797649550472974,-46.83904702028489,-25.707128873815414,-17.779511753785197,-50,-44.799706504995186
-7.918132419311634,-50,-50,19.246216621069763,-50,-50,-7.918132419311634,-50,-50,19.246216621069763,-50,-50,15.695305947872729,-50,-26.861245557739416,-19.102427450316775,-40.27173846159708,-37.34255862551024,15.695305947872729,-50,-26.861245557739416,-19.102427450316775,-40.27173846159708,-37.34255862551024
-16.147247806482667,-50,-48.82823999671021,18.38324742377417,-40.83274658475464,-50,-16.147247806482667,-50,-48.82823999671021,18.38324742377417,-40.83274658475464,-50,21.592213609521266,-50,-40.07934775466848,-5.756684413299709,-27.400361629248142,-39.62135226658534,21.592213609521266,-50,-40.07934775466848,-5.756684413299709,-27.400361629248142,-39.62135226658534
-8.72804618709341,-50,-32.043535821782896,3.6913893210714948,-27.013983350617725,-49.318142479178505,-8.72804618709341,-50,-32.043535821782896,3.6913893210714948,-27.013983350617725,-49.318142479178505,11.792939146924864,-46.939898161915195,-50,11.75697109814643,-25.426141242817142,-45.86618736052239,11.792939146924864,-46.939898161915195,-50,11.75697109814643,-25.426141242817142,-45.86618736052239
8.532369484652227,-43.00759957113843,-24.199733623428298,-13.306070896213154,-25.67016887016399,-35.54234322585436,8.532369484652227,-43.00759957113843,-24.199733623428298,-13.306070896213154,-25.67016887016399,-35.54234322585436,-6.028455524036518,-30.631464438415904,-50,19.65838071552966,-35.89772641369548,-40.265156334035346,-6.028455524036518,-30.631464438415904,-50,19.65838071552966,-35.89772641369548,-40.265156334035346
22.12405353262735,-28.111525833753145,-31.49628039126775,-19.277490121382296,-37.85182434893906,-25.417690974723733,22.12405353262735,-28.111525833753145,-31.49628039126775,-19.277490121382296,-37.85182434893906,-25.417690974723733,-17.915581422292348,-24.27786686064137,-50,11.730528477177955,-50,-37.000056396133616,-17.915581422292348,-24.27786686064137,-50,11.730528477177955,-50,-37.000056396133616
21.40862292902312,-24.922186313673564,-48.16625929714152,-9.5392962835133,-50,-26.807267644190887,21.40862292902312,-24.922186313673564,-48.16625929714152,-9.5392962835133,-50,-26.807267644190887,-14.559326889293857,-32.884355947558525,-35.40989744493292,-5.788763975669333,-50,-44.33811280721955,-14.559326889293857,-32.884355947558525,-35.40989744493292,-5.788763975669333,-50,-44.33811280721955
6.946054256880561,-35.94488410230784,-50,8.270538644490612,-50,-38.63188997809051,6.946054256880561,-35.94488410230784,-50,8.270538644490612,-50,-38.63188997809051,1.411939496245396,-49.67089354889722,-25.000242070693105,-19.11490299570759,-50,-43.69938422467881,1.411939496245396,-49.67089354889722,-25.000242070693105,-19.11490299570759,-50,-43.69938422467881
-9.94361704469204,-50,-50,20.183200497798175,-50,-50,-9.94361704469204,-50,-50,20.183200497798175,-50,-50,17.49071143011215,-50,-28.108134652246974,-17.762567228026995,-37.95719350523042,-36.70112989709499,17.49071143011215,-50,-28.108134652246974,-17.762567228026995,-37.95719350523042,-36.70112989709499
-16.04063160770906,-50,-45.72624408737304,16.855213589520176,-38.49735711366622,-50,-16.04063160770906,-50,-45.72624408737304,16.855213589520176,-38.49735711366622,-50,21.08529226958463,-50,-42.306112820924156,-2.7958064384708643,-26.23530787610353,-41.06291310157331,21.08529226958463,-50,-42.306112820924156,-2.7958064384708643,-26.23530787610353,-41.06291310157331
-6.572779011553759,-50,-29.649006855098122,0.8968228125943559,-25.926708497390692,-47.909174082570665,-6.572779011553759,-50,-29.649006855098122,0.8968228125943559,-25.926708497390692,-47.909174082570665,9.380674023097855,-44.02503220729724,-50,14.009178007765277,-26.32448854406026,-45.74070916068362,9.380674023097855,-44.02503220729724,-50,14.009178007765277,-26.32448854406026,-45.74070916068362
11.049332756332433,-40.31054826769915,-24.405217461561698,-15.175303596945302,-26.68098108723546,-33.98422549162222,11.049332756332433,-40.31054826769915,-24.405217461561698,-15.175303596945302,-26.68098108723546,-33.98422549162222,-8.456958050621138,-28.592468990057412,-50,19.429826896939257,-38.15477900214957,-38.89034960228386,-8.456958050621138,-28.592468990057412,-50,19.429826896939257,-38.15477900214957,-38.89034960228386
23.032653910219448,-26.629490319868758,-34.13937031748708,-18.755290966133504,-40.17052552168642,-24.92050076070785,23.032653910219448,-26.629490319868758,-34.13937031748708,-18.755290966133504,-40.17052552168642,-24.92050076070785,-18.45849904601236,-24.721026059320785,-49.205080053457024,9.201045480327604,-50,-37.856928500412494,-18.45849904601236,-24.721026059320785,-49.205080053457024,9.201045480327604,-50,-37.856928500412494
19.997687403949374,-25.81934121896099,-50,-7.035242507906458,-50,-27.757136472232766,19.997687403949374,-25.81934121896099,-50,-7.035242507906458,-50,-27.757136472232766,-12.791486963383267,-35.46055690376356,-33.40840285052181,-8.628919104543582,-50,-45.25706562184894,-12.791486963383267,-35.46055690376356,-33.40840285052181,-8.628919104543582,-50,-45.25706562184894
4.319939911772928,-38.51649261729986,-50,10.79243883984208,-50,-40.291123730764234,4.319939911772928,-38.51649261729986,-50,10.79243883984208,-50,-40.291123730764234,4.106096409316002,-50,-24.561963650679285,-20.031029029246472,-50,-42.353631413340544,4.106096409316002,-50,-24.561963650679285,-20.031029029246472,-50,-42.353631413340544
-11.729417293763278,-50,-50,20.744941403491445,-50,-50,-11.729417293763278,-50,-50,20.744941403491445,-50,-50,19.001322294980877,-50,-29.57539581185314,-16.033834535922157,-35.707474791379155,-36.49811437049624,19.001322294980877,-50,-29.57539581185314,-16.033834535922157,-35.707474791379155,-36.49811437049624
-15.588349316913238,-50,-42.559378426456135,15.016204130335653,-36.23480288796952,-50,-15.588349316913238,-50,-42.559378426456135,15.016204130335653,-36.23480288796952,-50,20.22935916614508,-50,-44.53288899318318,0.21757721120633577,-25.362940327535505,-42.51666968917469,20.22935916614508,-50,-44.53288899318318,0.21757721120633577,-25.362940327535505,-42.51666968917469
-4.2364212508883,-50,-27.6296055048887,-1.9005440029668277,-25.116894998207634,-46.41568097707682,-4.2364212508883,-50,-27.6296055048887,-1.9005440029668277,-25.116894998207634,-46.41568097707682,6.828500008654771,-41.09218434446324,-50,15.936211090493526,-27.513788480361924,-45.17032964770685,6.828500008654771,-41.09218434446324,-50,15.936211090493526,-27.513788480361924,-45.17032964770685
13.441069214618835,-37.66972956619882,-25.1293394894278,-16.736964917914356,-27.956976543701337,-32.495127536851385,13.441069214618835,-37.66972956619882,-25.1293394894278,-16.736964917914356,-27.956976543701337,-32.495127536851385,-10.706700372123265,-26.90206347403595,-50,18.754274207340593,-40.47281699852688,-37.740033556087134,-10.706700372123265,-26.90206347403595,-50,18.754274207340593,-40.47281699852688,-37.740033556087134
23.607726686756124,-25.488192991641196,-37.034696838762,-17.856386659375836,-42.534825959336146,-24.592272165598267,23.607726686756124,-25.488192991641196,-37.034696838762,-17.856386659375836,-42.534825959336146,-24.592272165598267,-18.6439790476336,-25.604734117752713,-47.09659932773048,6.454447851944265,-50,-39.039273408188166,-18.6439790476336,-25.604734117752713,-47.09659932773048,6.454447851944265,-50,-39.039273408188166
18.305979762350443,-27.074081833227716,-50,-4.3808115175601126,-50,-28.844688543098343,18.305979762350443,-27.074081833227716,-50,-4.3808115175601126,-50,-28.844688543098343,-10.767450522276988,-38.222209135937334,-31.545017046131825,-11.285473698448795,-50,-45.77837699522809,-10.767450522276988,-38.222209135937334,-31.545017046131825,-11.285473698448795,-50,-45.77837699522809
1.6855728218075252,-41.18164216841668,-50,13.120442729950511,-50,-41.949833777201704,1.6855728218075252,-41.18164216841668,-50,13.120442729950511,-50,-41.949833777201704,6.754574701317187,-50,-24.39909595223597,-20.507300604528748,-48.39277429415494,-40.893950097473144,6.754574701317187,-50,-24.39909595223597,-20.507300604528748,-48.39277429415494,-40.893950097473144
-13.244491388234355,-50,-50,20.92059145977751,-50,-50,-13.244491388234355,-50,-50,20.92059145977751,-50,-50,20.200151496425704,-50,-31.240256281696524,-13.955081352942372,-33.566314261900914,-36.753349978008806,20.200151496425704,-50,-31.240256281696524,-13.955081352942372,-33.566314261900914,-36.753349978008806
-14.798262757725585,-50,-39.41431291474832,12.901732484415353,-34.081913961623904,-50,-14.798262757725585,-50,-39.41431291474832,12.901732484415353,-34.081913961623904,-50,19.039705534436226,-50,-46.72511539755451,3.215742983888188,-24.800216804393028,-43.8405662701999,19.039705534436226,-50,-46.72511539755451,3.215742983888188,-24.800216804393028,-43.8405662701999
-1.759584781854791,-50,-26.040598187025545,-4.646690678338782,-24.597725067457908,-44.85413127625699,-1.759584781854791,-50,-26.040598187025545,-4.646690678338782,-24.597725067457908,-44.85413127625699,4.182011663561238,-38.21101892042018,-50,17.494761713892007,-28.970922430115934,-44.210784214596266,4.182011663561238,-38.21101892042018,-50,17.494761713892007,-28.970922430115934,-44.210784214596266
15.66600435927167,-35.140060832606395,-26.35228213627515,-17.96089734006388,-29.477384474832668,-31.091469011645806,15.66600435927167,-35.140060832606395,-26.35228213627515,-17.96089734006388,-29.477384474832668,-31.091469011645806,-12.737490867355676,-25.60040032987725,-50,17.646905189985763,-42.80678041276862,-36.92661285840067,-12.737490867355676,-25.60040032987725,-50,17.646905189985763,-42.80678041276862,-36.92661285840067
23.839275625736004,-24.711367793024284,-40.10302146214032,-16.598136101785748,-44.906239374268544,-24.436624426576973,23.839275625736004,-24.711367793024284,-40.10302146214032,-16.598136101785748,-44.906239374268544,-24.436624426576973,-18.46870782902009,-26.908000194367904,-44.91377854415625,3.55246332686066,-50,-40.431556713680315,-18.46870782902009,-26.908000194367904,-44.91377854415625,3.55246332686066,-50,-40.431556713680315
16.362906212217005,-28.660315093185964,-50,-1.627263500664585,-50,-30.05793188244079,16.362906212217005,-28.660315093185964,-50,-1.627263500664585,-50,-30.05793188244079,-8.523376954155863,-41.103714730919755,-29.84866087374072,-13.698723672648779,-50,-45.85110629289946,-8.523376954155863,-41.103714730919755,-29.84866087374072,-13.698723672648779,-50,-45.85110629289946
-0.9112549714911955,-43.884909415473096,-50,15.209593818335714,-50,-43.5897302268695,-0.9112549714911955,-43.884909415473096,-50,15.209593818335714,-50,-43.5897302268695,9.3100593374504,-50,-24.514166777688942,-20.533013872835056,-46.214750257000695,-39.46297497897054,9.3100593374504,-50,-24.514166777688942,-20.533013872835056,-46.214750257000695,-39.46297497897054
-14.462503463179345,-50,-50,20.706758657231163,-48.28933010955416,-50,-14.462503463179345,-50,-50,20.706758657231163,-48.28933010955416,-50,21.06578196429058,-50,-33.076876449575316,-11.573026107713018,-31.575333612523472,-37.44189603265196,21.06578196429058,-50,-33.076876449575316,-11.573026107713018,-31.575333612523472,-37.44189603265196
-13.68410565642046,-50,-36.37712083260294,10.55263158915735,-32.07373524732962,-50,-13.68410565642046,-50,-36.37712083260294,10.55263158915735,-32.07373524732962,-50,17.537584523162614,-50,-48.84876739283146,6.13130933817785,-24.55807600414301,-44.90523652878159,17.537584523162614,-50,-48.84876739283146,6.13130933817785,-24.55807600414301,-44.90523652878159
0.8146766393527232,-49.27725883296772,-24.92547241293204,-7.28858588747844,-24.377649798310628,-43.24174352481812,0.8146766393527232,-49.27725883296772,-24.92547241293204,-7.28858588747844,-24.377649798310628,-43.24174352481812,1.4884884722378557,-35.449972661948905,-50,18.64980261418969,-30.667565386834553,-42.955836120028394,1.4884884722378557,-35.449972661948905,-50,18.64980261418969,-30.667565386834553,-42.955836120028394
17.68546312374248,-32.77414800444661,-28.04057624704152,-18.82346528706939,-31.217455548433207,-29.788727461841365,17.68546312374248,-32.77414800444661,-28.04057624704152,-18.82346528706939,-31.217455548433207,-29.788727461841365,-14.513049487039488,-24.718398144973847,-50,16.132607138286534,-45.111299683028356,-36.52957199496034,-14.513049487039488,-24.718398144973847,-50,16.132607138286534,-45.111299683028356,-36.52957199496034
23.723275814053256,-24.315169257346014,-43.26037113063413,-15.00483759329471,-47.24616369319952,-24.455273805093306,23.723275814053256,-24.315169257346014,-43.26037113063413,-15.00483759329471,-47.24616369319952,-24.455273805093306,-17.935816608514575,-28.599867627093026,-42.690496363179676,0.5603118446139761,-50,-41.8977296012517,-17.935816608514575,-28.599867627093026,-42.690496363179676,0.5603118446139761,-50,-41.8977296012517
14.20224234428558,-30.54505435253477,-50,1.1722272881167695,-50,-31.383488571731565,14.20224234428558,-30.54505435253477,-50,1.1722272881167695,-50,-31.383488571731565,-6.0993566079881605,-44.036628881805996,-28.345662777347652,-15.814433032414962,-50,-45.46814667477476,-6.0993566079881605,-44.036628881805996,-28.345662777347652,-15.814433032414962,-50,-45.46814667477476
-3.4254039556468685,-46.57007833855192,-50,17.01954813738749,-50,-45.19273063876778,-3.4254039556468685,-46.57007833855192,-50,17.01954813738749,-50,-45.19273063876778,11.72689661353173,-50,-24.90539016025047,-20.107590947622946,-43.941035065443145,-38.20053569545747,11.72689661353173,-50,-24.90539016025047,-20.107590947622946,-43.941035065443145,-38.20053569545747
-15.362281351774445,-50,-50,20.107572359070335,-45.97637370507745,-50,-15.362281351774445,-50,-50,20.107572359070335,-45.97637370507745,-50,21.582749220036302,-50,-35.05675089191308,-8.941203716675002,-29.7732352149975,-38.49647034058219,21.582749220036302,-50,-35.05675089191308,-8.941203716675002,-29.7732352149975,-38.49647034058219
-12.265244914612325,-50,-33.53092321025713,8.014265349054249,-30.24295605240215,-50,-12.265244914612325,-50,-33.53092321025713,8.014265349054249,-30.24295605240215,-50,15.749831507240499,-49.659962095863506,-50,8.89875109305162,-24.6412248651828,-45.60664479405324,15.749831507240499,-49.659962095863506,-50,8.89875109305162,-24.6412248651828,-45.60664479405324
3.441615761546757,-46.66987790667104,-24.314746635402642,-9.775211522892286,-24.4602515950883,-41.59629683703916,3.441615761546757,-46.66987790667104,-24.314746635402642,-9.775211522892286,-24.4602515950883,-41.59629683703916,-1.20394980389759,-32.874629088425024,-50,19.375375107931596,-32.57073656466339,-41.528114286779974,-1.20394980389759,-32.874629088425024,-50,19.375375107931596,-32.57073656466339,-41.528114286779974
19.464342146795495,-30.621191619627673,-30.14801705690401,-19.30801155614946,-33.14886473662118,-28.60126766468526,19.464342146795495,-30.621191619627673,-30.14801705690401,-19.30801155614946,-33.14886473662118,-28.60126766468526,-16.00165589647122,-24.27700724104103,-50,14.245412772446715,-47.34157760771892,-36.58770834200242,-16.00165589647122,-24.27700724104103,-50,14.245412772446715,-47.34157760771892,-36.58770834200242
23.26174362528454,-24.307836564360315,-46.42033637448662,-13.107259604304865,-49.516509425080365,-24.64801466237843,23.26174362528454,-24.307836564360315,-46.42033637448662,-13.107259604304865,-49.516509425080365,-24.64801466237843,-17.05482548175772,-30.640149251292954,-40.461259429898234,-2.4547602200943426,-50,-43.29452303644074,-17.05482548175772,-30.640149251292954,-40.461259429898234,-2.4547602200943426,-50,-43.29452303644074
11.861546025841367,-32.689105358521644,-50,3.9635993850866917,-50,-32.80674226087608,11.861546025841367,-32.689105358521644,-50,3.9635993850866917,-50,-32.80674226087608,-3.538694579905175,-46.95128566703756,-27.05935017005958,-17.585052786592946,-50,-44.66691954946849,-3.538694579905175,-46.95128566703756,-27.05935017005958,-17.585052786592946,-50,-44.66691954946849
-5.813171787465562,-49.181309282946664,-50,18.515353337864923,-50,-46.7411594088234,-5.813171787465562,-49.181309282946664,-50,18.515353337864923,-50,-46.7411594088234,13.96190975889386,-50,-25.566694083272996,-19.24059289209498,-41.615827125242006,-37.22999318120576,13.96190975889386,-50,-25.566694083272996,-19.24059289209498,-41.615827125242006,-37.22999318120576
-15.928184611733041,-50,-47.48442826040339,19.134603558289808,-43.614508465130676,-50,-15.928184611733041,-50,-47.48442826040339,19.134603558289808,-43.614508465130676,-50,21.741817649472942,-50,-37.14915079465749,-6.1187624267341825,-28.19504978754217,-39.814023770182665,21.741817649472942,-50,-37.14915079465749,-6.1187624267341825,-28.19504978754217,-39.814023770182665
-10.566343962937331,-50,-30.953613994594292,5.335652605278733,-28.61937795939341,-50,-10.566343962937331,-50,-30.953613994594292,5.335652605278733,-28.61937795939341,-50,13.70838467412398,-46.82764626346626,-50,11.455872057463578,-25.04804706937722,-45.876252024145586,13.70838467412398,-46.82764626346626,-50,11.455872057463578,-25.04804706937722,-45.876252024145586
6.0755696602980365,-43.98648361143026,-24.225135028077897,-12.058547915420636,-24.844185858576985,-39.935934854032574,6.0755696602980365,-43.98648361143026,-24.225135028077897,-12.058547915420636,-24.844185858576985,-39.935934854032574,-3.847202785427217,-30.54616069728597,-50,19.655172494043,-34.64344050688905,-40.0671304533791,-3.847202785427217,-30.54616069728597,-50,19.655172494043,-34.64344050688905,-40.0671304533791
20.971719958753663,-28.725963662545695,-32.61692871048642,-19.405178988265963,-35.24017239308513,-27.54218323455129,20.971719958753663,-28.725963662545695,-32.61692871048642,-19.405178988265963,-35.24017239308513,-27.54218323455129,-17.17671615894614,-24.286712038182994,-50,12.027735379429338,-49.45426015154338,-37.09534102902441,-17.17671615894614,-24.286712038182994,-50,12.027735379429338,-49.45426015154338,-37.09534102902441
22.462701669958772,-24.689522201697322,-49.496436141634376,-10.942046600293859,-50,-25.012721726936867,22.462701669958772,-24.689522201697322,-49.496436141634376,-10.942046600293859,-50,-25.012721726936867,-15.841473345287056,-32.98038197112818,-38.260666810659124,-5.424991369554429,-50,-44.48544749028814,-15.841473345287056,-32.98038197112818,-38.260666810659124,-5.424991369554429,-50,-44.48544749028814
9.381504548878944,-35.04788131930063,-50,6.692948108047039,-50,-34.31199933649901,9.381504548878944,-35.04788131930063,-50,6.692948108047039,-50,-34.31199933649901,-0.8871370681405688,-49.77845283483386,-26.009687378945063,-18.970789575735644,-50,-43.52571789156745,-0.8871370681405688,-49.77845283483386,-26.009687378945063,-18.970789575735644,-50,-43.52571789156745
-8.03305295159147,-50,-50,19.668123659954148,-50,-48.21794267125247,-8.03305295159147,-50,-50,19.668123659954148,-50,-48.21794267125247,15.975170288919122,-50,-26.48781472151327,-17.95150484143172,-39.28432580190982,-36.646185289308,15.975170288919122,-50,-26.48781472151327,-17.95150484143172,-39.28432580190982,-36.646185289308
-16.150376396217215,-50,-44.34344270194145,17.806641428156027,-41.24218103697828,-50,-16.150376396217215,-50,-44.34344270194145,17.806641428156027,-41.24218103697828,-50,21.540145496903385,-50,-39.32160088253505,-3.1691345024995274,-26.871455438015758,-41.26580983506742,21.540145496903385,-50,-39.32160088253505,-3.1691345024995274,-26.871455438015758,-41.26580983506742
-8.616934047523392,-50,-28.715728269155896,2.568520524137963,-27.22942971334315,-50,-8.616934047523392,-50,-28.715728269155896,2.568520524137963,-27.22942971334315,-50,11.449714448448981,-43.91077763774135,-50,13.745202843402629,-25.770634461422073,-45.687713189856176,11.449714448448981,-43.91077763774135,-50,13.745202843402629,-25.770634461422073,-45.687713189856176
8.670753476409534,-41.282878697535665,-24.659090056564388,-14.094501150560191,-25.52320287353086,-38.27896568153672,8.670753476409534,-41.282878697535665,-24.659090056564388,-14.094501150560191,-25.52320287353086,-38.27896568153672,-6.394048787665084,-28.519875925098034,-50,19.48290653478673,-36.8453862350315,-38.715646598954976,-6.394048787665084,-28.519875925098034,-50,19.48290653478673,-36.8453862350315,-38.715646598954976
22.18139447578151,-27.127876504546855,-35.379742718624776,-19.113091165883695,-37.457336030376915,-26.62315224521202,22.18139447578151,-27.127876504546855,-35.379742718624776,-19.113091165883695,-37.457336030376915,-26.62315224521202,-18.017237836133674,-24.747282016991335,-50,9.529415605951328,-50,-38.00286605260644,-18.017237836133674,-24.747282016991335,-50,9.529415605951328,-50,-38.00286605260644
21.3400393420523,-25.45228879379226,-50,-8.551011394035456,-50,-25.545373529012387,21.3400393420523,-25.45228879379226,-50,-8.551011394035456,-50,-25.545373529012387,-14.31743672132655,-35.564977910276006,-36.12287299523493,-8.28362787220282,-50,-45.354130195253205,-14.31743672132655,-35.564977910276006,-36.12287299523493,-8.28362787220282,-50,-45.354130195253205
6.805227380831955,-37.572330112280746,-50,9.307566519187985,-50,-35.88266196873795,6.805227380831955,-37.572330112280746,-50,9.307566519187985,-50,-35.88266196873795,1.807945882280785,-50,-25.21296578694682,-19.94049999821042,-50,-42.156055739448895,1.807945882280785,-50,-25.21296578694682,-19.94049999821042,-50,-42.156055739448895
-10.046460232592752,-50,-50,20.455597751280425,-50,-49.60679656483087,-10.046460232592752,-50,-50,20.455597751280425,-50,-49.60679656483087,17.730711326958236,-50,-27.65445574172768,-16.269298088894253,-36.99185279707733,-36.5061595846808,17.730711326958236,-50,-27.65445574172768,-16.269298088894253,-36.99185279707733,-36.5061595846808
-16.02499444341176,-50,-41.17543151658348,16.149330481164455,-38.898008372285574,-50,-16.02499444341176,-50,-41.17543151658348,16.149330481164455,-38.898008372285574,-50,20.98133563305775,-50,-41.54038345438692,-0.1586106333929852,-25.828181316813353,-42.709965328296434,20.98133563305775,-50,-41.54038345438692,-0.1586106333929852,-25.828181316813353,-42.709965328296434
-6.450900901350716,-50,-26.878511869599954,-0.2336943154196346,-26.09573701237546,-50,-6.450900901350716,-50,-26.878511869599954,-0.2336943154196346,-26.09573701237546,-50,9.014171948305975,-40.97864100863355,-50,15.715292447544563,-26.79494077427929,-45.059451614230206,9.014171948305975,-40.97864100863355,-50,15.715292447544563,-26.79494077427929,-45.059451614230206
11.182056273928689,-38.615286206878146,-25.604735360041627,-15.843754573885114,-26.4862495420771,-36.643660014203704,11.182056273928689,-38.615286206878146,-25.604735360041627,-15.843754573885114,-26.4862495420771,-36.643660014203704,-8.798988435522345,-26.843905398510678,-50,18.862448779218422,-39.13377045907671,-37.605724766497865,-8.798988435522345,-26.843905398510678,-50,18.862448779218422,-39.13377045907671,-37.605724766497865
23.072338459144607,-25.86016330065601,-38.36084715408535,-18.43738864880449,-39.76426446647265,-25.854308460688404,23.072338459144607,-25.86016330065601,-38.36084715408535,-18.43738864880449,-39.76426446647265,-25.854308460688404,-18.50820501775729,-25.64777719410288,-49.905416194550625,6.806601327078428,-50,-39.22160339760164,-18.50820501775729,-25.64777719410288,-49.905416194550625,6.806601327078428,-50,-39.22160339760164
19.913271385783293,-26.580274164245047,-50,-5.9803276909391565,-50,-26.240096743622885,19.913271385783293,-26.580274164245047,-50,-5.9803276909391565,-50,-26.240096743622885,-12.509942506967095,-38.33254479856695,-34.081057799083744,-10.966424003007436,-50,-45.815686665032864,-12.509942506967095,-38.33254479856695,-34.081057799083744,-10.966424003007436,-50,-45.815686665032864
4.177496811726369,-40.20995435165326,-50,11.756963258122658,-50,-37.50141112846947,4.177496811726369,-40.20995435165326,-50,11.756963258122658,-50,-37.50141112846947,4.498406644865866,-50,-24.681550981056112,-20.47239053493614,-49.58640820239877,-40.69177145265059,4.498406644865866,-50,-24.681550981056112,-20.47239053493614,-49.58640820239877,-40.69177145265059
-11.81839545949755,-50,-50,20.862568559842945,-50,-50,-11.81839545949755,-50,-50,20.862568559842945,-50,-50,19.197170152177904,-50,-29.04851019016121,-14.231778977606252,-34.78297114679981,-36.823598865356416,19.197170152177904,-50,-29.04851019016121,-14.231778977606252,-34.78297114679981,-36.823598865356416
-15.55421821251548,-50,-38.06709595548769,14.194675343279343,-36.62014911704223,-50,-15.55421821251548,-50,-38.06709595548769,14.194675343279343,-36.62014911704223,-50,20.075371189847466,-50,-43.77106170169371,2.845149900175475,-25.085507471804096,-44.00537267439066,20.075371189847466,-50,-43.77106170169371,2.845149900175475,-25.085507471804096,-44.00537267439066
-4.105895723500621,-50,-25.492245224614994,-3.01687784507759,-25.236754204622606,-48.88699864849132,-4.105895723500621,-50,-25.492245224614994,-3.01687784507759,-25.236754204622606,-48.88699864849132,6.445268112979077,-38.10088382910888,-50,17.321864574222197,-28.10105467243651,-44.052858713034766,6.445268112979077,-38.10088382910888,-50,17.321864574222197,-28.10105467243651,-44.052858713034766
13.565825183671125,-36.03918028200038,-27.036190780202986,-17.272528041941698,-27.717649307002983,-35.04804967243084,13.565825183671125,-36.03918028200038,-27.036190780202986,-17.272528041941698,-27.717649307002983,-35.04804967243084,-11.019057509331546,-25.558058680718773,-50,17.807743553005693,-41.4641096241664,-36.845822444624815,-11.019057509331546,-25.558058680718773,-50,17.807743553005693,-41.4641096241664,-36.845822444624815
23.62906502243692,-24.94918688673441,-41.478655977751764,-17.391120048312807,-42.12340532017284,-25.244129594543754,23.62906502243692,-24.94918688673441,-41.478655977751764,-17.391120048312807,-42.12340532017284,-25.244129594543754,-18.640846580657843,-26.966807981163722,-47.83005398517112,3.920485764591402,-50,-40.63246252280665,-18.640846580657843,-26.966807981163722,-47.83005398517112,3.920485764591402,-50,-40.63246252280665
18.207198679410247,-28.050021199030322,-50,-3.2796384204605538,-50,-27.089230953222533,18.207198679410247,-28.050021199030322,-50,-3.2796384204605538,-50,-27.089230953222533,-10.451281565949506,-41.21734423118297,-32.16691139312806,-13.413085918242418,-50,-45.82501529507903,-10.451281565949506,-41.21734423118297,-32.16691139312806,-13.413085918242418,-50,-45.82501529507903
1.5439895233618812,-42.90590310214921,-50,13.993837589512777,-50,-39.15039755686713,1.5439895233618812,-42.90590310214921,-50,13.993837589512777,-50,-39.15039755686713,7.136180168448348,-50,-24.423690831139496,-20.554507342483408,-47.48281224679035,-39.27594951849678,7.136180168448348,-50,-24.423690831139496,-20.554507342483408,-47.48281224679035,-39.27594951849678
-13.318057863580325,-50,-50,20.881177000096184,-50,-50,-13.318057863580325,-50,-50,20.881177000096184,-50,-50,20.348348494214545,-50,-30.64834152309797,-11.884739231156972,-32.700618967430884,-37.56748412966928,20.348348494214545,-50,-30.64834152309797,-11.884739231156972,-32.700618967430884,-37.56748412966928
-14.746230999165512,-50,-35.10350408391801,11.980422706935217,-34.445682461804275,-50,-14.746230999165512,-50,-35.10350408391801,11.980422706935217,-34.445682461804275,-50,18.83843721182668,-50,-45.97901418806711,5.774639818730813,-24.657870627547577,-45.025449420981325,18.83843721182668,-50,-45.97901418806711,5.774639818730813,-24.657870627547577,-45.025449420981325
-1.622680704970783,-50,-24.594867295135376,-5.727283513496906,-24.666463886742502,-47.449844708950266,-1.622680704970783,-50,-24.594867295135376,-5.727283513496906,-24.666463886742502,-47.449844708950266,3.7888963804943487,-35.34586186944197,-50,18.52881271216247,-29.663586805351382,-42.766295050888196,3.7888963804943487,-35.34586186944197,-50,18.52881271216247,-29.663586805351382,-42.766295050888196
15.780624201780196,-33.60813254891377,-28.914280642265897,-18.353230256596543,-29.19735733611246,-33.50972877313041,15.780624201780196,-33.60813254891377,-28.914280642265897,-18.353230256596543,-29.19735733611246,-33.50972877313041,-13.014594500138777,-24.692878669317842,-50,16.342494570104265,-43.791104619682535,-36.51019449977213,-13.014594500138777,-24.692878669317842,-50,16.342494570104265,-43.791104619682535,-36.51019449977213
23.84189683329229,-24.41389154891584,-44.647841862771976,-15.994490043127268,-44.49635629200877,-24.79934382973497,23.84189683329229,-24.41389154891584,-44.647841862771976,-15.994490043127268,-44.49635629200877,-24.79934382973497,-18.412792884810973,-28.673043254718767,-45.668968070931214,0.9359322149160387,-50,-42.097579451645764,-18.412792884810973,-28.673043254718767,-45.668968070931214,0.9359322149160387,-50,-42.097579451645764
16.251477132510654,-29.83096565087916,-50,-0.5010970726257191,-50,-28.083413115863536,16.251477132510654,-29.83096565087916,-50,-0.5010970726257191,-50,-28.083413115863536,-8.178231852753093,-44.15085316223153,-30.410142453690117,-15.56862671470863,-50,-45.3812045258954,-8.178231852753093,-44.15085316223153,-30.410142453690117,-15.56862671470863,-50,-45.3812045258954
-1.0495173882891669,-45.604112536263415,-50,15.974992835973461,-50,-40.81143858160255,-1.0495173882891669,-45.604112536263415,-50,15.974992835973461,-50,-40.81143858160255,9.674142658798976,-50,-24.443387478154857,-20.185004906799186,-45.25887547152731,-38.04693886104063,9.674142658798976,-50,-24.443387478154857,-20.185004906799186,-45.25887547152731,-38.04693886104063
-14.519379474536994,-50,-49.206814023321066,20.511063721146314,-48.6824921506787,-50,-14.519379474536994,-50,-49.206814023321066,20.511063721146314,-48.6824921506787,-50,21.163680564979256,-50,-32.42911941873356,-9.280926818751341,-30.785274788074055,-38.66512563927331,21.163680564979256,-50,-32.42911941873356,-9.280926818751341,-30.785274788074055,-38.66512563927331
-13.615077688814086,-50,-32.365762661968894,9.549332397953256,-32.41000456341749,-50,-13.615077688814086,-50,-32.365762661968894,9.549332397953256,-32.41000456341749,-50,17.292631510553942,-49.55214879234752,-48.12997219427446,8.564021019512348,-24.55358355198832,-45.67051741155625,17.292631510553942,-49.55214879234752,-48.12997219427446,8.564021019512348,-24.55358355198832,-45.67051741155625
0.9555795225314387,-47.62499186183632,-24.210937271363424,-8.312570195566671,-24.39414929400188,-45.93323089025563,0.9555795225314387,-47.62499186183632,-24.210937271363424,-8.312570195566671,-24.39414929400188,-45.93323089025563,1.0925128018754977,-32.77901555299215,-50,19.309011601428534,-31.45216334719081,-41.32547890781761,1.0925128018754977,-32.77901555299215,-50,19.309011601428534,-31.45216334719081,-41.32547890781761
17.787954453527327,-31.372698063889345,-31.18760590393995,-19.064991585495637,-30.90128681374899,-32.04565972688766,17.787954453527327,-31.372698063889345,-31.18760590393995,-19.064991585495637,-30.90128681374899,-32.04565972688766,-14.749949162124853,-24.268916106575624,-50,14.499632209445428,-46.06952134181554,-36.631637263126045,-14.749949162124853,-24.268916106575624,-50,14.499632209445428,-46.06952134181554,-36.631637263126045
23.707134330189614,-24.265409066127013,-47.781671409107595,-14.274469203262388,-46.84449028021273,-24.52485562980457,23.707134330189614,-24.265409066127013,-47.781671409107595,-14.274469203262388,-46.84449028021273,-24.52485562980457,-17.828118106918748,-30.725954568793092,-43.455699774341156,-2.079983705119708,-50,-43.473788334069916,-17.828118106918748,-30.725954568793092,-43.455699774341156,-2.079983705119708,-50,-43.473788334069916
14.080102190369818,-31.88607174062797,-50,2.3016394472419717,-50,-29.21168080748525,14.080102190369818,-31.88607174062797,-50,2.3016394472419717,-50,-29.21168080748525,-5.731401374852766,-47.063391542257435,-28.8380170663949,-17.38460221939026,-50,-44.52762191728496,-5.731401374852766,-47.063391542257435,-28.8380170663949,-17.38460221939026,-50,-44.52762191728496
-3.557942136171773,-48.24847181424717,-50,17.662170556755203,-50,-42.46621860943827,-3.557942136171773,-48.24847181424717,-50,17.662170556755203,-50,-42.46621860943827,12.06695344466852,-50,-24.74033521857345,-19.372187519759272,-42.95782864726109,-37.12483389188237,12.06695344466852,-50,-24.74033521857345,-19.372187519759272,-42.95782864726109,-37.12483389188237
-15.401478248516241,-50,-46.118944290134685,19.75937604624012,-46.38187414499911,-50,-15.401478248516241,-50,-46.118944290134685,19.75937604624012,-46.38187414499911,-50,21.628600466227464,-50,-34.36320515834651,-6.478860483897864,-29.07417069457696,-40.00926589363912,21.628600466227464,-50,-34.36320515834651,-6.478860483897864,-29.07417069457696,-40.00926589363912
-12.180420620683186,-50,-29.928797437315,6.94835163295245,-30.546252363298677,-50,-12.180420620683186,-50,-29.928797437315,6.94835163295245,-30.546252363298677,-50,15.46556988743643,-46.71526605031677,-50,11.15060423878577,-24.77467346581676,-45.87754296914967,15.46556988743643,-46.71526605031677,-50,11.15060423878577,-24.77467346581676,-45.87754296914967
3.5840681983319786,-44.96271754027423,-24.350962443668582,-10.722812961128222,-24.424243186964055,-44.3538802482427,3.5840681983319786,-44.96271754027423,-24.350962443668582,-10.722812961128222,-24.424243186964055,-44.3538802482427,-1.5957117606741122,-30.461315540656706,-50,19.644926853417033,-33.43201642904195,-39.871201550257446,-1.5957117606741122,-30.461315540656706,-50,19.644926853417033,-33.43201642904195,-39.871201550257446
19.552923402260582,-29.37936399154715,-33.7939508301963,-19.394067079232244,-32.80170102806234,-30.67198620067476,19.552923402260582,-29.37936399154715,-33.7939508301963,-19.394067079232244,-32.80170102806234,-30.67198620067476,-16.19411940383686,-24.296241434761,-50,12.320573429219182,-48.25506999246569,-37.19828379348454,-16.19411940383686,-24.296241434761,-50,12.320573429219182,-48.25506999246569,-37.19828379348454
23.22712003029802,-24.506827218245462,-50,-12.264273156562183,-49.12958415602741,-24.423691659442405,23.22712003029802,-24.506827218245462,-50,-12.264273156562183,-49.12958415602741,-24.423691659442405,-16.89726745529116,-33.0767788327488,-41.224600319129955,-5.059481532779582,-50,-44.626611088081056,-16.89726745529116,-33.0767788327488,-41.224600319129955,-5.059481532779582,-50,-44.626611088081056
11.73081790615877,-34.17260233786973,-50,5.074446996555941,-50,-30.461593099901883,11.73081790615877,-34.17260233786973,-50,5.074446996555941,-50,-30.461593099901883,-3.1545027311215206,-49.88577743825633,-27.474935540499317,-18.82019973615379,-50,-43.34767642954486,-3.1545027311215206,-49.88577743825633,-27.474935540499317,-18.82019973615379,-50,-43.34767642954486
-5.937681878967069,-50,-50,19.022789363325124,-50,-44.09649108448259,-5.937681878967069,-50,-50,19.022789363325124,-50,-44.09649108448259,14.271864988370265,-50,-25.309925249078816,-18.13432264639487,-40.62440147522445,-36.59973932494934,14.271864988370265,-50,-25.309925249078816,-18.13432264639487,-40.62440147522445,-36.59973932494934
-15.949021051486493,-50,-42.955457495171714,18.640629949532478,-44.02574653251215,-50,-15.949021051486493,-50,-42.955457495171714,18.640629949532478,-44.02574653251215,-50,21.734802409170815,-50,-36.42058059544508,-3.5415145792740512,-27.600568580646275,-41.46856043942488,21.734802409170815,-50,-36.42058059544508,-3.5415145792740512,-27.600568580646275,-41.46856043942488
-10.467197805984132,-50,-27.859302598108677,4.227708413313572,-28.884764181439557,-50,-10.467197805984132,-50,-27.859302598108677,4.227708413313572,-28.884764181439557,-50,13.389892777755863,-43.79649989793962,-50,13.476257946310637,-25.31684263563333,-45.62629631595266,13.389892777755863,-43.79649989793962,-50,13.476257946310637,-25.31684263563333,-45.62629631595266
6.217095462796749,-42.259931245814556,-25.011110641983592,-12.911467184175233,-24.756255694628383,-42.72920761103204,6.217095462796749,-42.259931245814556,-25.011110641983592,-12.911467184175233,-24.756255694628383,-42.72920761103204,-4.227752205683322,-28.447814486188534,-50,19.529009023175373,-35.56465998625715,-38.54556962512707,-4.227752205683322,-28.447814486188534,-50,19.529009023175373,-35.56465998625715,-38.54556962512707
21.044851370997296,-27.669582877146603,-36.661985696201896,-19.334101902519407,-34.86766487161526,-29.40385510848857,21.044851370997296,-27.669582877146603,-36.661985696201896,-19.334101902519407,-34.86766487161526,-29.40385510848857,-17.321305140204053,-24.774205591517568,-50,9.854290951593402,-50,-38.15476347120796,-17.321305140204053,-24.774205591517568,-50,9.854290951593402,-50,-38.15476347120796
22.410197810533752,-25.133125573915976,-50,-10.002721155813106,-50,-24.496967410743075,22.410197810533752,-25.133125573915976,-50,-10.002721155813106,-50,-24.496967410743075,-15.636870566314549,-35.669676587834246,-39.010297679079954,-7.935599274822342,-50,-45.44339810443254,-15.636870566314549,-35.669676587834246,-39.010297679079954,-7.935599274822342,-50,-45.44339810443254
9.244460852688396,-36.6430077045077,-50,7.763779396394137,-50,-31.819367741624006,9.244460852688396,-36.6430077045077,-50,7.763779396394137,-50,-31.819367741624006,-0.49357218675371506,-50,-26.342053701769743,-19.84315528066769,-50,-41.956668005934006,-0.49357218675371506,-50,-26.342053701769743,-19.84315528066769,-50,-41.956668005934006
-8.147370650050835,-50,-50,20.03057410431928,-50,-45.68427968521518,-8.147370650050835,-50,-50,20.03057410431928,-50,-45.68427968521518,16.249486570058384,-50,-26.143317197898533,-16.499230377234436,-38.30395309333365,-36.5229654744908,16.249486570058384,-50,-26.143317197898533,-16.499230377234436,-38.30395309333365,-36.5229654744908
-16.152490188337783,-50,-39.80293106735494,17.176429735547774,-41.652462562884764,-50,-16.152490188337783,-50,-39.80293106735494,17.176429735547774,-41.652462562884764,-50,21.48038909729712,-50,-38.56931405502938,-0.5349037650664157,-26.393113574921475,-42.90041236848924,21.48038909729712,-50,-38.56931405502938,-0.5349037650664157,-26.393113574921475,-42.90041236848924
-8.505189441474688,-50,-26.213915504929304,1.4399415633260642,-27.452585866594788,-50,-8.505189441474688,-50,-26.213915504929304,1.4399415633260642,-27.452585866594788,-50,11.10268212965125,-40.86518019737134,-50,15.488714808176171,-26.169551916937458,-44.941328352968114,11.10268212965125,-40.86518019737134,-50,15.488714808176171,-26.169551916937458,-44.941328352968114
8.80889256399719,-39.572838996687736,-26.17331511357466,-14.836267374390935,-25.384782288594355,-41.077127553112874,8.80889256399719,-39.572838996687736,-26.17331511357466,-14.836267374390935,-25.384782288594355,-41.077127553112874,-6.756587160300123,-26.78633936279656,-50,18.963863277551855,-37.808637883244465,-37.47811901974973,-6.756587160300123,-26.78633936279656,-50,18.963863277551855,-37.808637883244465,-37.47811901974973
22.2378048337091,-26.27891061672102,-39.71321891945408,-18.886254053531992,-37.065548405744686,-28.25524959277454,22.2378048337091,-26.27891061672102,-39.71321891945408,-18.886254053531992,-37.065548405744686,-28.25524959277454,-18.111369210766515,-25.69145542713304,-50,7.156212637292344,-50,-39.40761261198549,-18.111369210766515,-25.69145542713304,-50,7.156212637292344,-50,-39.40761261198549
21.270567869625957,-26.13127989335093,-50,-7.533486433252426,-50,-24.74387490314777,21.270567869625957,-26.13127989335093,-50,-7.533486433252426,-50,-24.74387490314777,-14.069444416186915,-38.443058369673054,-36.84715913153614,-10.64369832837961,-50,-45.84433595308168,-14.069444416186915,-38.443058369673054,-36.84715913153614,-10.64369832837961,-50,-45.84433595308168
6.664250278275917,-39.24591431931924,-50,10.317702471267804,-50,-33.27003312889478,6.664250278275917,-39.24591431931924,-50,10.317702471267804,-50,-33.27003312889478,2.203852764106238,-50,-25.45695454164047,-20.430478689414223,-50,-40.49052088531033,2.203852764106238,-50,-25.45695454164047,-20.430478689414223,-50,-40.49052088531033
-10.148598403865195,-50,-50,20.666063269662974,-50,-47.21207654173688,-10.148598403865195,-50,-50,20.666063269662974,-50,-47.21207654173688,17.9644880024948,-50,-27.227576332568805,-14.503658192494225,-36.04159034676782,-36.90201439945193,17.9644880024948,-50,-27.227576332568805,-14.503658192494225,-36.04159034676782,-36.90201439945193
-16.008348844782795,-50,-36.74764247531984,15.395050834597301,-39.30065475844736,-50,-16.008348844782795,-50,-36.74764247531984,15.395050834597301,-39.30065475844736,-50,20.86990562155195,-50,-40.7760559319395,2.4734006213145907,-25.47527721265839,-44.16490636449551,20.86990562155195,-50,-40.7760559319395,2.4734006213145907,-25.47527721265839,-44.16490636449551
-6.328500253418527,-50,-25.037666655249193,-1.3611138563856735,-26.27303054161166,-50,-6.328500253418527,-50,-25.037666655249193,-1.3611138563856735,-26.27303054161166,-50,8.644798935539828,-37.99093499696821,-50,17.142746356165528,-27.316225622963927,-43.88957163605197,8.644798935539828,-37.99093499696821,-50,17.142746356165528,-27.316225622963927,-43.88957163605197
11.314407435761547,-36.95732044428473,-27.805768968908698,-16.460043373536262,-26.299591758441963,-39.415856858951074,11.314407435761547,-36.95732044428473,-27.805768968908698,-16.460043373536262,-26.299591758441963,-39.415856858951074,-9.137039016600438,-25.516355422325443,-50,17.962190846012888,-40.120329773016145,-36.77315709028014,-9.137039016600438,-25.516355422325443,-50,17.962190846012888,-40.120329773016145,-36.77315709028014
23.111047206379215,-25.236267051461898,-42.864145195661585,-18.059172001601265,-39.35957429161854,-27.23883483826263,23.111047206379215,-25.236267051461898,-42.864145195661585,-18.059172001601265,-39.35957429161854,-27.23883483826263,-18.550197129819733,-27.026203377495374,-50,4.28697578571906,-50,-40.83440739510297,-18.550197129819733,-27.026203377495374,-50,4.28697578571906,-50,-40.83440739510297
19.828039892327894,-27.480532974997807,-50,-4.904252819058764,-50,-25.161691592703384,19.828039892327894,-27.480532974997807,-50,-4.904252819058764,-50,-25.161691592703384,-12.2229910553919,-41.331047651472474,-34.76875785708702,-13.122916185401383,-50,-45.79024645869758,-12.2229910553919,-41.331047651472474,-34.76875785708702,-13.122916185401383,-50,-45.79024645869758
4.035036845615752,-41.927193220304176,-50,12.686896959205741,-50,-34.79759339119621,4.035036845615752,-41.927193220304176,-50,12.686896959205741,-50,-34.79759339119621,4.889582655151641,-50,-24.833375318860828,-20.568970306476672,-48.71096432979102,-39.09250158428385,4.889582655151641,-50,-24.833375318860828,-20.568970306476672,-48.71096432979102,-39.09250158428385
-11.90657868078894,-50,-50,20.916984815247353,-50,-48.66303528760333,-11.90657868078894,-50,-50,20.916984815247353,-50,-48.66303528760333,19.3862308044399,-50,-28.545874314576558,-12.192455089855748,-33.88129096281979,-37.699846829803874,19.3862308044399,-50,-28.545874314576558,-12.192455089855748,-33.88129096281979,-37.699846829803874
-15.519102566238725,-50,-33.873208009565374,13.330893770937365,-37.00860605065672,-50,-15.519102566238725,-50,-33.873208009565374,13.330893770937365,-37.00860605065672,-50,19.914258262339235,-50,-43.006556296314635,5.415789180679218,-24.864901176099917,-45.138480714209095,19.914258262339235,-50,-43.006556296314635,5.415789180679218,-24.864901176099917,-45.138480714209095
-3.9749666701801525,-50,-24.362747301236897,-4.121366167240382,-25.365299110394705,-50,-3.9749666701801525,-50,-24.362747301236897,-4.121366167240382,-25.365299110394705,-50,6.060153250947213,-35.242036646463376,-50,18.401179463885036,-28.734573736951184,-42.573799972166476,6.060153250947213,-35.242036646463376,-50,18.401179463885036,-28.734573736951184,-42.573799972166476
13.690087817858132,-34.46776682321398,-29.863795663781083,-17.75143815497549,-27.48579275626337,-37.76371365425663,13.690087817858132,-34.46776682321398,-29.863795663781083,-17.75143815497549,-27.48579275626337,-37.76371365425663,-11.326581029034832,-24.6680287715974,-50,16.546503569972813,-42.45479902652466,-36.49957012961237,-11.326581029034832,-24.6680287715974,-50,16.546503569972813,-42.45479902652466,-36.49957012961237
23.649399301893688,-24.563334562753564,-46.02853084868562,-16.868827675088006,-41.71240017686906,-26.365818418351196,23.649399301893688,-24.563334562753564,-46.02853084868562,-16.868827675088006,-41.71240017686906,-26.365818418351196,-18.629949241541247,-28.746744987167027,-48.553406545463346,1.3110643568565088,-50,-42.2957266699693,-18.629949241541247,-28.746744987167027,-48.553406545463346,1.3110643568565088,-50,-42.2957266699693
18.1076887063943,-29.152826313654046,-50,-2.1657939103924484,-50,-25.745810392395214,18.1076887063943,-29.152826313654046,-50,-2.1657939103924484,-50,-25.745810392395214,-10.130497352381022,-44.26504561839829,-32.80735186407383,-15.317534272151383,-50,-45.286415048190904,-10.130497352381022,-44.26504561839829,-32.80735186407383,-15.317534272151383,-50,-45.286415048190904
1.4025230124709047,-44.631085648030215,-50,14.825610924785877,-50,-36.38520477090785,1.4025230124709047,-44.631085648030215,-50,14.825610924785877,-50,-36.38520477090785,7.515636952187403,-50,-24.480994349172047,-20.255517635970385,-46.55114305139189,-37.8992194189252,7.515636952187403,-50,-24.480994349172047,-20.255517635970385,-46.55114305139189,-37.8992194189252
-13.390753284839846,-50,-47.87048768275903,20.77849315055224,-50,-50,-13.390753284839846,-50,-47.87048768275903,20.77849315055224,-50,-50,20.489315556782863,-50,-30.077750385056184,-9.617563636654102,-31.865048674516885,-38.83850150809399,20.489315556782863,-50,-30.077750385056184,-9.617563636654102,-31.865048674516885,-38.83850150809399
-14.693255705035096,-50,-31.25829439507136,11.023819848134202,-34.81362660720832,-50,-14.693255705035096,-50,-31.25829439507136,11.023819848134202,-34.81362660720832,-50,18.630519648948464,-49.44410896390603,-45.22619647260996,8.226133922935924,-24.57385047271439,-45.72600130470039,18.630519648948464,-49.44410896390603,-45.22619647260996,8.226133922935924,-24.57385047271439,-45.72600130470039
-1.4854991282595549,-48.56753416740443,-24.20762844852437,-6.787511646764359,-24.744167703923306,-49.81983684156152,-1.4854991282595549,-48.56753416740443,-24.20762844852437,-6.787511646764359,-24.744167703923306,-49.81983684156152,3.3949197418586614,-32.68378011427433,-50,19.23573178506729,-30.397025204404805,-41.12258574009009,3.3949197418586614,-32.68378011427433,-50,19.23573178506729,-30.397025204404805,-41.12258574009009
15.894638305746096,-32.15594985382104,-32.29107169460474,-18.685513364787777,-28.924076199315763,-36.138915419786294,15.894638305746096,-32.15594985382104,-32.29107169460474,-18.685513364787777,-28.924076199315763,-36.138915419786294,-13.286097054260129,-24.26150983263708,-50,14.748617965940717,-44.76666624898779,-36.68409205161715,-13.286097054260129,-24.26150983263708,-50,14.748617965940717,-44.76666624898779,-36.68409205161715
23.84350318315769,-24.274107174392892,-49.119773849931,-15.33820802463801,-44.085726557631794,-25.645826713968415,23.84350318315769,-24.274107174392892,-49.119773849931,-15.33820802463801,-44.085726557631794,-25.645826713968415,-18.34920077535568,-30.8122119897596,-46.418008172681205,-1.7046402576920328,-50,-43.648775679346166,-18.34920077535568,-30.8122119897596,-46.418008172681205,-1.7046402576920328,-50,-43.648775679346166
16.13941841791692,-31.113383593464498,-50,0.629007426522932,-50,-26.489790472539543,16.13941841791692,-31.113383593464498,-50,0.629007426522932,-50,-26.489790472539543,-7.829345683548356,-47.17536060485958,-30.993383325365187,-17.178230182643002,-50,-44.3820742781892,-7.829345683548356,-47.17536060485958,-30.993383325365187,-17.178230182643002,-50,-44.3820742781892
-1.1875313939803114,-47.30136258158858,-50,16.692543282856768,-50,-38.01536135227317,-1.1875313939803114,-47.30136258158858,-50,16.692543282856768,-50,-38.01536135227317,10.03510122483198,-50,-24.405280792163325,-19.497165293068107,-44.28909152993074,-37.02727754369232,10.03510122483198,-50,-24.405280792163325,-19.497165293068107,-44.28909152993074,-37.02727754369232
-14.575323463309115,-50,-44.7389561109315,20.25326271270501,-49.07285738804946,-50,-14.575323463309115,-50,-44.7389561109315,20.25326271270501,-49.07285738804946,-50,21.25403566287138,-50,-31.799428927782913,-6.836852599400383,-30.03205691078788,-40.206713277446454,21.25403566287138,-50,-31.799428927782913,-6.836852599400383,-30.03205691078788,-40.206713277446454
-13.545163593010482,-50,-28.97446586213315,8.51838138035307,-32.7514464938939,-50,-13.545163593010482,-50,-28.97446586213315,8.51838138035307,-32.7514464938939,-50,17.041623757220215,-46.60276157343967,-47.40052634178354,10.841274444370162,-24.607782793109727,-45.87005777976998,17.041623757220215,-46.60276157343967,-47.40052634178354,10.841274444370162,-24.607782793109727,-45.87005777976998
1.0966290557703302,-45.93363934854142,-24.576555346835033,-9.308063886204089,-24.419747153114695,-48.44650206063912,1.0966290557703302,-45.93363934854142,-24.576555346835033,-9.308063886204089,-24.419747153114695,-48.44650206063912,0.6967127748414295,-30.37693202694485,-50,19.627647378233934,-32.27126388266193,-39.67773626935916,0.6967127748414295,-30.37693202694485,-50,19.627647378233934,-32.27126388266193,-39.67773626935916
17.88973817037656,-30.06994511906766,-35.02116804438804,-19.244230910736782,-30.59102958494372,-34.559378114942106,17.88973817037656,-30.06994511906766,-35.02116804438804,-19.244230910736782,-30.59102958494372,-34.559378114942106,-14.9805803605988,-24.306454706868944,-50,12.608940173014297,-47.01099140308855,-37.30869205117767,-14.9805803605988,-24.306454706868944,-50,12.608940173014297,-47.01099140308855,-37.30869205117767
23.68998482799223,-24.374599538702288,-50,-13.496871118096575,-46.44092022119995,-25.086798767555166,23.68998482799223,-24.374599538702288,-50,-13.496871118096575,-46.44092022119995,-25.086798767555166,-17.71296729944319,-33.17354305760435,-44.21880187528577,-4.6923623441304585,-50,-44.761339439044654,-17.71296729944319,-33.17354305760435,-44.21880187528577,-4.6923623441304585,-50,-44.761339439044654
13.9574426014226,-33.321433881693295,-50,3.4261802868277553,-50,-27.38542828107392,13.9574426014226,-33.321433881693295,-50,3.4261802868277553,-50,-27.38542828107392,-5.360646097487437,-49.99286349043142,-29.35500609795464,-18.663186162943934,-50,-43.165593010264075,-5.360646097487437,-49.99286349043142,-29.35500609795464,-18.663186162943934,-50,-43.165593010264075
-3.69010460006053,-49.882494053879924,-50,18.251641371168255,-50,-39.670088091676845,-3.69010460006053,-49.882494053879924,-50,18.251641371168255,-50,-39.670088091676845,12.402965272288641,-50,-24.60740976670318,-18.31095668152574,-41.96878144284801,-36.561878919047366,12.402965272288641,-50,-24.60740976670318,-18.31095668152574,-41.96878144284801,-36.561878919047366
-15.439698355113997,-50,-41.56957461096351,19.35143631994684,-46.78570450421868,-50,-15.439698355113997,-50,-41.56957461096351,19.35143631994684,-46.78570450421868,-50,21.66672940664004,-50,-33.68418848069915,-3.91281638636495,-28.41794692132708,-41.67078550440526,21.66672940664004,-50,-33.68418848069915,-3.91281638636495,-28.41794692132708,-41.67078550440526
-12.0947830091048,-50,-27.084225596418104,5.862961334708716,-30.855634057483826,-50,-12.0947830091048,-50,-27.084225596418104,5.862961334708716,-30.855634057483826,-50,15.17595619432954,-43.682203107259774,-49.49579902736687,13.202437410665159,-24.966038532040873,-45.55657346928844,15.17595619432954,-43.682203107259774,-49.49579902736687,13.202437410665159,-24.966038532040873,-45.55657346928844
3.7265338862591917,-43.239041671188595,-25.45943130717356,-11.63434805371673,-24.397318403837684,-46.98271768364571,3.7265338862591917,-43.239041671188595,-25.45943130717356,-11.63434805371673,-24.397318403837684,-46.98271768364571,-1.9862642130901982,-28.37628727092977,-50,19.568118232497824,-34.32085672949319,-38.380436948387654,-1.9862642130901982,-28.37628727092977,-50,19.568118232497824,-34.32085672949319,-38.380436948387654
19.640707470523953,-28.253132304714832,-37.97936819369362,-19.41680129909093,-32.45951810133449,-33.0425186260911,19.640707470523953,-28.253132304714832,-37.97936819369362,-19.41680129909093,-32.45951810133449,-33.0425186260911,-16.379759022906384,-24.80179581238584,-50,10.17555785502648,-49.144147391562605,-38.31233650830384,-16.379759022906384,-24.80179581238584,-50,10.17555785502648,-49.144147391562605,-38.31233650830384
23.191512778272614,-24.86272185832296,-50,-11.380375339404749,-48.73964312080822,-24.694898742622684,23.191512778272614,-24.86272185832296,-50,-11.380375339404749,-48.73964312080822,-24.694898742622684,-16.732615117671063,-35.77464916236189,-41.98992062652449,-7.5849550751215755,-50,-45.52470230101222,-16.732615117671063,-35.77464916236189,-41.98992062652449,-7.5849550751215755,-50,-45.52470230101222
11.599689580406892,-35.731059484074436,-50,6.171707968753143,-50,-28.422848000634566,11.599689580406892,-35.731059484074436,-50,6.171707968753143,-50,-28.422848000634566,-2.7685018844439977,-50,-27.91764875856647,-19.739028934042746,-50,-41.75584133004626,-2.7685018844439977,-50,-27.91764875856647,-19.739028934042746,-50,-41.75584133004626
-6.061695479215553,-50,-50,19.472797169704872,-50,-41.3311390208214,-6.061695479215553,-50,-50,19.472797169704872,-50,-41.3311390208214,14.576927230066875,-50,-25.084244112404125,-16.72355095587981,-39.6353169470292,-36.5485005908131,14.576927230066875,-50,-25.084244112404125,-16.72355095587981,-39.6353169470292,-36.5485005908131
-15.968852912648561,-50,-38.4490819364033,18.09042930188166,-44.43646842796178,-50,-15.968852912648561,-50,-38.4490819364033,18.09042930188166,-44.43646842796178,-50,21.720024019013554,-50,-35.70277646869994,-0.9111705323412134,-27.054095146119973,-43.087654423355495,21.720024019013554,-50,-35.70277646869994,-0.9111705323412134,-27.054095146119973,-43.087654423355495
-10.367325279471741,-50,-25.63930516907236,3.1088389991966143,-29.157049497277328,-50,-10.367325279471741,-50,-25.63930516907236,3.1088389991966143,-29.157049497277328,-50,13.06684709023344,-40.75180600060298,-50,15.256557443775066,-25.641653610377848,-44.81618090974786,13.06684709023344,-40.75180600060298,-50,15.256557443775066,-25.641653610377848,-44.81618090974786
6.358500887178247,-40.53977686650511,-26.832094025201545,-13.72144086269049,-24.677246553218268,-45.44462423862206,6.358500887178247,-40.53977686650511,-26.832094025201545,-13.72144086269049,-24.677246553218268,-45.44462423862206,-4.6060798683241915,-26.729367441976056,-50,19.05848222104654,-36.50596201950613,-37.35745510638678,-4.6060798683241915,-26.729367441976056,-50,19.05848222104654,-36.50596201950613,-37.35745510638678
21.11710987892391,-26.74329309345575,-41.08471294155404,-19.19989199243928,-34.49912633032971,-31.60506271796919,21.11710987892391,-26.74329309345575,-41.08471294155404,-19.19989199243928,-34.49912633032971,-31.60506271796919,-17.458636730168106,-25.735767242372205,-50,7.503159466124729,-50,-39.596952969512444,-17.458636730168106,-25.735767242372205,-50,7.503159466124729,-50,-39.596952969512444
22.356751753840662,-25.728323344769883,-50,-9.029592714361781,-50,-24.474447954142498,22.356751753840662,-25.728323344769883,-50,-9.029592714361781,-50,-24.474447954142498,-15.425658210702153,-38.55374586557378,-39.76595797231095,-10.317409584706784,-50,-45.864271247532955,-15.425658210702153,-38.55374586557378,-39.76595797231095,-10.317409584706784,-50,-45.864271247532955
9.10714313599613,-38.292150830046026,-50,8.81257109973997,-50,-29.59061044500185,9.10714313599613,-38.292150830046026,-50,8.81257109973997,-50,-29.59061044500185,-0.09922167153173334,-50,-26.703619937211748,-20.381579731414842,-50,-40.29057499865107,-0.09922167153173334,-50,-26.703619937211748,-20.381579731414842,-50,-40.29057499865107
-8.261079712932736,-50,-50,20.33242872201374,-50,-42.98019843725762,-8.261079712932736,-50,-50,20.33242872201374,-50,-42.98019843725762,16.518149292326207,-50,-25.828383080194705,-14.770623876823661,-37.33405790592192,-36.9884498401324,16.518149292326207,-50,-25.828383080194705,-14.770623876823661,-37.33405790592192,-36.9884498401324
-16.153589075566913,-50,-35.462878865023264,16.494593188936282,-42.063390227921126,-50,-16.153589075566913,-50,-35.462878865023264,16.494593188936282,-42.063390227921126,-50,21.41296739234321,-50,-37.82386322077004,2.1006252090403437,-25.96701329357215,-44.318868802731615,21.41296739234321,-50,-37.82386322077004,2.1006252090403437,-25.96701329357215,-44.318868802731615
-8.392818040118607,-50,-24.679248761472937,0.3091997192481882,-27.683342520093838,-50,-8.392818040118607,-50,-24.679248761472937,0.3091997192481882,-27.683342520093838,-50,10.751975655273272,-37.88117638732285,-50,16.957469726764323,-26.621494848785044,-43.7212285451993,10.751975655273272,-37.88117638732285,-50,16.957469726764323,-26.621494848785044,-43.7212285451993
8.946779736692642,-37.89197772128016,-28.656976848496384,-15.529038093308927,-25.254974906558186,-43.84918162811158,8.946779736692642,-37.89197772128016,-28.656976848496384,-15.529038093308927,-25.254974906558186,-43.84918162811158,-7.115931213744391,-25.475292057976283,-50,18.11019303343713,-38.78410382141867,-36.70875277513195,-7.115931213744391,-25.475292057976283,-50,18.11019303343713,-38.78410382141867,-36.70875277513195
22.29328174351755,-25.571825472765944,-44.252216074485794,-18.5976917649168,-36.67665335224637,-30.262860605788177,22.29328174351755,-25.571825472765944,-44.252216074485794,-18.5976917649168,-36.67665335224637,-30.262860605788177,-18.197939344320172,-27.086184242337463,-50,4.651805168534406,-50,-41.03701342810681,-18.197939344320172,-27.086184242337463,-50,4.651805168534406,-50,-41.03701342810681
21.200212037503725,-26.95340331000494,-50,-6.489919623636265,-50,-24.4278772192408,21.200212037503725,-26.95340331000494,-50,-6.489919623636265,-50,-24.4278772192408,-13.81544534893268,-41.44482089311763,-37.581431119084854,-12.828315994104292,-50,-45.74686484719913,-13.81544534893268,-41.44482089311763,-37.581431119084854,-12.828315994104292,-50,-45.74686484719913
6.523130103967629,-40.951448530526875,-50,11.297771502964249,-50,-30.87583919414147,6.523130103967629,-40.951448530526875,-50,11.297771502964249,-50,-30.87583919414147,2.5995078803707723,-50,-25.731762074148786,-20.576397704742636,-49.89128896286269,-38.91297446519712,2.5995078803707723,-50,-25.731762074148786,-20.576397704742636,-49.89128896286269,-38.91297446519712
-10.250026374876025,-50,-49.58288511488546,20.813935530552808,-50,-44.5990828638438,-10.250026374876025,-50,-49.58288511488546,20.813935530552808,-50,-44.5990828638438,18.19195154883103,-50,-26.828277196291097,-12.49606602506334,-35.109738146009995,-37.838736440753614,18.19195154883103,-50,-26.828277196291097,-12.49606602506334,-35.109738146009995,-37.838736440753614
-15.990695656606817,-50,-32.69269097396078,14.594745455643036,-39.70509907689195,-50,-15.990695656606817,-50,-32.69269097396078,14.594745455643036,-39.70509907689195,-50,20.751045089799536,-50,-40.01452822488781,5.054882972994969,-25.177832983415637,-45.2441188913139,20.751045089799536,-50,-40.01452822488781,5.054882972994969,-25.177832983415637,-45.2441188913139
-6.205583279739173,-50,-24.23033093102175,-2.4818921738817306,-26.45850225594871,-50,-6.205583279739173,-50,-24.23033093102175,-2.4818921738817306,-26.45850225594871,-50,8.272697041515224,-35.138500735604076,-50,18.266947523652366,-27.886515261609105,-42.37871110278554,8.272697041515224,-35.138500735604076,-50,18.266947523652366,-27.886515261609105,-42.37871110278554
11.446379524848322,-35.350706763881455,-30.88413689024301,-17.022232914496204,-26.121099151605023,-42.21398211953048,11.446379524848322,-35.350706763881455,-30.88413689024301,-17.022232914496204,-26.121099151605023,-42.21398211953048,-9.470979783388515,-24.64384934757798,-50,16.74456276246269,-41.110997681263676,-36.497718766023986,-9.470979783388515,-24.64384934757798,-50,16.74456276246269,-41.110997681263676,-36.497718766023986
23.14877818740903,-24.76309079543661,-47.39519024554281,-17.621829812043316,-38.95665319332409,-29.03071218164153,23.14877818740903,-24.76309079543661,-47.39519024554281,-17.621829812043316,-38.95665319332409,-29.03071218164153,-18.584459232503782,-28.820970167709227,-50,1.685577025155883,-50,-42.491800460366534,-18.584459232503782,-28.820970167709227,-50,1.685577025155883,-50,-42.491800460366534
19.741997249181182,-28.512485501243788,-50,-3.8104001452253042,-50,-24.555700053613464,19.741997249181182,-28.512485501243788,-50,-3.8104001452253042,-50,-24.555700053613464,-11.930742966965948,-44.379202134005205,-35.47024520649546,-15.061243552986115,-50,-45.18395562262981,-11.930742966965948,-44.379202134005205,-35.47024520649546,-15.061243552986115,-50,-45.18395562262981
3.892567243453341,-43.65365093797651,-50,13.579317032153114,-50,-32.26436257700935,3.892567243453341,-43.65365093797651,-50,13.579317032153114,-50,-32.26436257700935,5.279473998269338,-50,-25.017158974148206,-20.319104465260796,-47.80950692773016,-37.75765379871444,5.279473998269338,-50,-25.017158974148206,-20.319104465260796,-47.80950692773016,-37.75765379871444
-11.993962482234357,-50,-46.5104625127824,20.908019131846455,-50,-46.169941550228664,-11.993962482234357,-50,-46.5104625127824,20.908019131846455,-50,-46.169941550228664,19.568431541157743,-50,-28.068407516812776,-9.950996393236704,-33.00559588272719,-39.016273506185605,19.568431541157743,-50,-28.068407516812776,-9.950996393236704,-33.00559588272719,-39.016273506185605
-15.48300416024367,-50,-30.214331996855183,12.427574398914828,-37.39998344280926,-50,-15.48300416024367,-50,-30.214331996855183,12.427574398914828,-37.39998344280926,-50,19.74608234584769,-49.33584650505399,-42.24077107369743,7.885208017894506,-24.7018949723539,-45.77299264564589,19.74608234584769,-49.33584650505399,-42.24077107369743,7.885208017894506,-24.7018949723539,-45.77299264564589
-3.8436407357316593,-49.49493468506864,-24.304837536350625,-5.2105374090702155,-25.50246676091456,-50,-3.8436407357316593,-49.49493468506864,-24.304837536350625,-5.2105374090702155,-25.50246676091456,-50,5.6733035334135655,-32.588926205228084,-50,19.15556129682694,-29.412124308352443,-40.919814460619314,5.6733035334135655,-32.588926205228084,-50,19.15556129682694,-29.412124308352443,-40.919814460619314
13.81385081070377,-32.968811206851406,-33.45262185234303,-18.1721899759332,-27.261520442763583,-40.557056362701594,13.81385081070377,-32.968811206851406,-33.45262185234303,-18.1721899759332,-27.261520442763583,-40.557056362701594,-11.629152661138308,-24.254788686199582,-50,14.9922829307436,-43.441411461190704,-36.74497454804484,-11.629152661138308,-24.254788686199582,-50,14.9922829307436,-43.441411461190704,-36.74497454804484
23.668728493137632,-24.333907171027786,-50,-16.291151177263952,-41.30201181836898,-27.92220382239119,23.668728493137632,-24.333907171027786,-50,-16.291151177263952,-41.30201181836898,-27.92220382239119,-18.61129122127841,-30.89891840486697,-49.26533398137914,-1.3288611970258775,-50,-43.81915761583085,-18.61129122127841,-30.89891840486697,-49.26533398137914,-1.3288611970258775,-50,-43.81915761583085
18.00745489355178,-30.373147894505358,-50,-1.0427789555495963,-50,-24.856507009205533,18.00745489355178,-30.373147894505358,-50,-1.0427789555495963,-50,-24.856507009205533,-9.80522125158694,-47.287188818691796,-33.4651670797231,-16.96600887852248,-50,-44.23054899765699,-9.80522125158694,-47.287188818691796,-33.4651670797231,-16.96600887852248,-50,-44.23054899765699
1.2611804687278303,-46.34256417644402,-50,15.613148356491601,-50,-33.74086993655359,1.2611804687278303,-46.34256417644402,-50,15.613148356491601,-50,-33.74086993655359,7.892799117713385,-50,-24.570901696979476,-19.615482486782636,-45.601033504445816,-36.93750669529033,7.892799117713385,-50,-24.570901696979476,-19.615482486782636,-45.601033504445816,-36.93750669529033
-13.462573962630564,-50,-43.35170788680973,20.612862660764694,-50,-47.675453305481305,-13.462573962630564,-50,-43.35170788680973,20.612862660764694,-50,-47.675453305481305,20.622998469777738,-50,-29.52952649090519,-7.192613524636101,-31.062533219319505,-40.40599643535975,20.622998469777738,-50,-29.52952649090519,-7.192613524636101,-31.062533219319505,-40.40599643535975
-14.639339563895035,-50,-28.095628974591627,10.034930643829108,-35.18556619792824,-50,-14.639339563895035,-50,-28.095628974591627,10.034930643829108,-35.18556619792824,-50,18.416032808567376,-46.49013688828937,-44.46803917080002,10.527990897621006,-24.548450947408526,-45.85381046315342,18.416032808567376,-46.49013688828937,-44.46803917080002,10.527990897621006,-24.548450947408526,-45.85381046315342
-1.3480470138532237,-46.89660151227723,-24.900729501355922,-7.824042633684712,-24.830798463711787,-50,-1.3480470138532237,-46.89660151227723,-24.900729501355922,-7.824042633684712,-24.830798463711787,-50,3.0002332666563998,-30.293013197925468,-50,19.60334011396215,-31.168665905471173,-39.4870966451604,3.0002332666563998,-30.293013197925468,-50,19.60334011396215,-31.168665905471173,-39.4870966451604
16.008040884820154,-30.79582395826928,-36.29213815095854,-18.956702252613642,-28.657674903327404,-38.89667457355806,16.008040884820154,-30.79582395826928,-36.29213815095854,-18.956702252613642,-28.657674903327404,-38.89667457355806,-13.55189411288407,-24.31735148634848,-50,12.892734721637234,-45.7300446001608,-37.426359193478454,-13.55189411288407,-24.31735148634848,-50,12.892734721637234,-45.7300446001608,-37.426359193478454
23.844094593808048,-24.29319972346197,-50,-14.63135283196905,-43.67455127622602,-26.949558578468782,23.844094593808048,-24.29319972346197,-50,-14.63135283196905,-43.67455127622602,-26.949558578468782,-18.277955957466958,-33.27067115763006,-47.15952883911816,-4.3237622454394256,-50,-44.889380423999,-18.277955957466958,-33.27067115763006,-47.15952883911816,-4.3237622454394256,-50,-44.889380423999
16.026735755548494,-32.496696929518876,-50,1.7594979211806652,-50,-25.32698121559716,16.026735755548494,-32.496696929518876,-50,1.7594979211806652,-50,-25.32698121559716,-7.476852624254407,-50,-31.597316728799257,-18.499803789525725,-50,-42.97980836915322,-7.476852624254407,-50,-31.597316728799257,-18.499803789525725,-50,-42.97980836915322
-1.3252899841901264,-48.96227072599408,-50,17.359989798150124,-50,-35.28908045380898,-1.3252899841901264,-48.96227072599408,-50,17.359989798150124,-50,-35.28908045380898,10.392796214935396,-50,-24.399916417653703,-18.481345148908538,-43.30879887390236,-36.53267492034638,10.392796214935396,-50,-24.399916417653703,-18.481345148908538,-43.30879887390236,-36.53267492034638
-14.630332590271912,-50,-40.193069157202146,19.934165936325478,-49.46023464107475,-49.099017491495296,-14.630332590271912,-50,-40.193069157202146,19.934165936325478,-49.46023464107475,-49.099017491495296,21.336812508410212,-50,-31.18895669403399,-4.282910018589465,-29.318321057055993,-41.87210660321732,21.336812508410212,-50,-31.18895669403399,-4.282910018589465,-29.318321057055993,-41.87210660321732
-13.474366917232938,-50,-26.39456598365062,7.4630189587760425,-33.09789381825678,-50,-13.474366917232938,-50,-26.39456598365062,7.4630189587760425,-33.09789381825678,-50,16.784657797931004,-43.56789138576385,-46.66176400734108,12.923837036447303,-24.720483683775296,-45.47867512327017,16.784657797931004,-43.56789138576385,-46.66176400734108,12.923837036447303,-24.720483683775296,-45.47867512327017
1.2378180806382755,-44.21754012086086,-26.001698620069227,-10.27193798428102,-24.454430839148937,-50,1.2378180806382755,-44.21754012086086,-26.001698620069227,-10.27193798428102,-24.454430839148937,-50,0.3012406113937709,-28.305296857665436,-50,19.600220479844747,-33.1219949064966,-38.220557583986604,0.3012406113937709,-28.305296857665436,-50,19.600220479844747,-33.1219949064966,-38.220557583986604
17.990809108647447,-28.87693355603713,-39.32497469182696,-19.360619888669586,-30.286835809872624,-37.25114507622672,17.990809108647447,-28.87693355603713,-39.32497469182696,-19.360619888669586,-30.286835809872624,-37.25114507622672,-15.204854384290403,-24.83005168505013,-50,10.493103916479855,-47.932408704690474,-38.475290295111016,-15.204854384290403,-24.83005168505013,-50,10.493103916479855,-47.932408704690474,-38.475290295111016
23.67182817781843,-24.64181498786653,-50,-12.674487436710082,-46.03565116378774,-26.12350139548675,23.67182817781843,-24.64181498786653,-50,-12.674487436710082,-46.03565116378774,-26.12350139548675,-17.590408471796298,-35.87989184990937,-44.97840693603672,-7.231817950933877,-50,-45.59789063923214,-17.590408471796298,-35.87989184990937,-44.97840693603672,-7.231817950933877,-50,-45.59789063923214
13.834269802561613,-34.83897216488363,-50,4.542315218629144,-50,-25.961934953721087,13.834269802561613,-34.83897216488363,-50,4.542315218629144,-50,-25.961934953721087,-4.987233364217859,-50,-29.89568428808426,-19.62815738840893,-50,-41.553951521750456,-4.987233364217859,-50,-29.89568428808426,-19.62815738840893,-50,-41.553951521750456
-3.8218846399071085,-50,-50,18.786107791881193,-50,-36.89192266957737,-3.8218846399071085,-50,-50,18.786107791881193,-50,-36.89192266957737,12.734802870005945,-50,-24.50685692811899,-16.942181343108228,-40.97736143842773,-36.582717149402264,12.734802870005945,-50,-24.50685692811899,-16.942181343108228,-40.97736143842773,-36.582717149402264
-15.476939731850738,-50,-37.1209910723748,18.88503539148767,-47.18766700762807,-50,-15.476939731850738,-50,-37.1209910723748,18.88503539148767,-47.18766700762807,-50,21.697121377311415,-50,-33.020942794925126,-1.2872792929731682,-27.806864872384082,-43.271341104037035,21.697121377311415,-50,-33.020942794925126,-1.2872792929731682,-27.806864872384082,-43.271341104037035
-12.008336426086151,-50,-25.15769724402777,4.7615059869720495,-31.17094961589369,-50,-12.008336426086151,-50,-25.15769724402777,4.7615059869720495,-31.17094961589369,-50,14.881101810096315,-40.63852250513156,-48.78789768556867,15.018901577879197,-25.21464906310825,-44.68424347485329,14.881101810096315,-40.63852250513156,-48.78789768556867,15.018901577879197,-25.21464906310825,-44.68424347485329
3.8690055950280144,-41.513463155837954,-27.577613875105815,-12.506951719097644,-24.379490432067694,-49.40046570358015,3.8690055950280144,-41.513463155837954,-27.577613875105815,-12.506951719097644,-24.379490432067694,-49.40046570358015,-2.37545695904616,-26.672991689718803,-50,19.146272505926646,-35.23414084438025,-37.24395882659633,-2.37545695904616,-26.672991689718803,-50,19.146272505926646,-35.23414084438025,-37.24395882659633
19.72768989644139,-27.252044445850494,-42.46812964595636,-19.37614275891189,-32.12248353983935,-35.63861242492669,19.72768989644139,-27.252044445850494,-42.46812964595636,-19.37614275891189,-32.12248353983935,-35.63861242492669,-16.558503358762277,-25.780711042511033,-50,7.847320429328159,-50,-39.789270154737196,-16.558503358762277,-25.780711042511033,-50,7.847320429328159,-50,-39.789270154737196
23.154923676318596,-25.37250330638143,-50,-10.458344366606953,-48.34687729226229,-25.453140854830814,23.154923676318596,-25.37250330638143,-50,-10.458344366606953,-48.34687729226229,-25.453140854830814,-16.56093179233884,-38.66460329631154,-42.75582056495824,-9.987671928713567,-50,-45.87545524317178,-16.56093179233884,-38.66460329631154,-42.75582056495824,-9.987671928713567,-50,-45.87545524317178
11.468167703503806,-37.351264620230054,-50,7.25193345785024,-50,-26.75436685863849,11.468167703503806,-37.351264620230054,-50,7.25193345785024,-50,-26.75436685863849,-2.3808404914667456,-50,-28.386680092363314,-20.32571076892933,-50,-40.09230795440351,-2.3808404914667456,-50,-28.386680092363314,-20.32571076892933,-50,-40.09230795440351
-6.185206294373694,-50,-50,19.863962319887627,-50,-38.531722724146334,-6.185206294373694,-50,-50,19.863962319887627,-50,-38.531722724146334,14.876979160461714,-50,-24.89006344885094,-15.032582628873486,-38.65204165775185,-37.082743439463805,14.876979160461714,-50,-24.89006344885094,-15.032582628873486,-38.65204165775185,-37.082743439463805
-15.987679188728759,-50,-34.21954941300713,17.485730972483726,-44.84647300125544,-50,-15.987679188728759,-50,-34.21954941300713,17.485730972483726,-44.84647300125544,-50,21.697488162604508,-50,-34.99705129344039,1.7269540841038697,-26.557545633502176,-44.466971876883626,21.697488162604508,-50,-34.99705129344039,1.7269540841038697,-26.557545633502176,-44.466971876883626
-10.266731452049347,-50,-24.41887303622064,1.9825611250847304,-29.436100555719676,-50,-10.266731452049347,-50,-24.41887303622064,1.9825611250847304,-29.436100555719676,-50,12.739371851303094,-37.77161195664684,-50,16.76609950766374,-26.02134107932971,-43.548144463422645,12.739371851303094,-37.77161195664684,-50,16.76609950766374,-26.02134107932971,-43.548144463422645
6.499778756951771,-38.84060347568648,-29.585346054987838,-14.485923091054485,-24.607197128915093,-47.997129365087545,6.499778756951771,-38.84060347568648,-29.585346054987838,-14.485923091054485,-24.607197128915093,-47.997129365087545,-4.982040272776163,-25.434870067883626,-50,18.251698334623164,-37.464046033651,-36.652730019939284,-4.982040272776163,-25.434870067883626,-50,18.251698334623164,-37.464046033651,-36.652730019939284
21.188491815329694,-25.9549471449755,-45.63558202059449,-19.002971098437087,-34.13473726023955,-34.076857331688686,21.188491815329694,-25.9549471449755,-45.63558202059449,-19.002971098437087,-34.13473726023955,-34.076857331688686,-17.58865811264667,-27.146748413556825,-50,5.014846272317116,-50,-41.239901482115755,-17.58865811264667,-27.146748413556825,-50,5.014846272317116,-50,-41.239901482115755
22.302366212331986,-26.470069589022906,-50,-8.025719953976889,-50,-24.94586873719866,22.302366212331986,-26.470069589022906,-50,-8.025719953976889,-50,-24.94586873719866,-15.207917508355457,-41.558659854930966,-40.52626557159993,-12.529388414395386,-50,-45.69495164124263,-15.207917508355457,-41.558659854930966,-40.52626557159993,-12.529388414395386,-50,-45.69495164124263
8.96955836784354,-39.98132970787661,-50,9.83602671991713,-50,-27.695539120612985,8.96955836784354,-39.98132970787661,-50,9.83602671991713,-50,-27.695539120612985,0.2957628147424094,-50,-27.09372477293153,-20.576786938701023,-50,-38.7377041130219,0.2957628147424094,-50,-27.09372477293153,-20.576786938701023,-50,-38.7377041130219
-8.374174369363729,-50,-48.2546158350099,20.572738741996197,-50,-40.19039923942116,-8.374174369363729,-50,-48.2546158350099,20.572738741996197,-50,-40.19039923942116,16.781055131049662,-50,-25.543588389605585,-12.795465814206665,-36.378041071436385,-37.98389305631046,16.781055131049662,-50,-25.543588389605585,-12.795465814206665,-36.378041071436385,-37.98389305631046
-16.15367300213477,-50,-31.568150029460938,15.763274895408285,-42.47476278108801,-50,-16.15367300213477,-50,-31.568150029460938,15.763274895408285,-42.47476278108801,-50,21.337906311674367,-50,-37.08661182519158,4.692047463813514,-25.594648668162066,-45.34216626999361,21.337906311674367,-50,-37.08661182519158,4.692047463813514,-25.594648668162066,-45.34216626999361
-8.279825546435257,-50,-24.198313296170163,-0.820150929212879,-27.921586661232297,-50,-8.279825546435257,-50,-24.198313296170163,-0.820150929212879,-27.921586661232297,-50,10.397729903095787,-35.03525786902617,-50,18.126163854407555,-27.124878568332576,-42.18139351546697,10.397729903095787,-35.03525786902617,-50,18.126163854407555,-27.124878568332576,-42.18139351546697
9.084407996558312,-36.25454475722007,-31.969948102460297,-16.170635832603274,-25.133844300327222,-46.508298472200835,9.084407996558312,-36.25454475722007,-31.969948102460297,-16.170635832603274,-25.133844300327222,-46.508298472200835,-7.4719427483072955,-24.620341268855096,-50,16.936602853763727,-39.76836368456011,-36.504643873491354,-7.4719427483072955,-24.620341268855096,-50,16.936602853763727,-39.76836368456011,-36.504643873491354
22.347822389687874,-25.012615548713516,-48.74064585795991,-18.24831129144063,-36.29084133045403,-32.58310060599193,22.347822389687874,-25.012615548713516,-48.74064585795991,-18.24831129144063,-36.29084133045403,-32.58310060599193,-18.27691494289115,-28.89571612074804,-50,2.059339191266252,-50,-42.68543390701846,-18.27691494289115,-28.89571612074804,-50,2.059339191266252,-50,-42.68543390701846
21.12897541632754,-27.9116893044514,-50,-5.423591040786831,-50,-24.60727851658,21.12897541632754,-27.9116893044514,-50,-5.423591040786831,-50,-24.60727851658,-13.55553720476076,-44.49331859405323,-38.32434595878918,-14.799844224140095,-50,-45.0740179830689,-13.55553720476076,-44.49331859405323,-38.32434595878918,-14.799844224140095,-50,-45.0740179830689
6.381874019923332,-42.67447368953388,-50,12.244693120999859,-50,-28.775073833220176,6.381874019923332,-42.67447368953388,-50,12.244693120999859,-50,-28.775073833220176,2.994759066549622,-50,-26.036885755648576,-20.37574314791993,-49.025854790663345,-37.6225069142726,2.994759066549622,-50,-26.036885755648576,-20.37574314791993,-49.025854790663345,-37.6225069142726
-10.3507389980354,-50,-45.133877882778556,20.898749750869847,-50,-41.84966269460496,-10.3507389980354,-50,-45.133877882778556,20.898749750869847,-50,-41.84966269460496,18.41301448603948,-50,-26.457288659513715,-10.281108432332628,-34.199563632984734,-39.198108966147025,18.41301448603948,-50,-26.457288659513715,-10.281108432332628,-34.199563632984734,-39.198108966147025
-15.972035774803803,-50,-29.239355684436035,13.750929815403522,-40.11114325182596,-50,-15.972035774803803,-50,-29.239355684436035,13.750929815403522,-40.11114325182596,-50,20.624799750229233,-49.22736531833152,-39.25719318360872,7.541362582138595,-24.93689158485582,-45.81140349879301,20.624799750229233,-49.22736531833152,-39.25719318360872,7.541362582138595,-24.93689158485582,-45.81140349879301
-6.082156218492921,-50,-24.502054241647887,-3.5925065058021577,-26.652061320986682,-50,-6.082156218492921,-50,-24.502054241647887,-3.5925065058021577,-26.652061320986682,-50,7.898009372453704,-32.49445724505155,-50,19.068528185485327,-28.50381003175405,-40.71754451833587,7.898009372453704,-32.49445724505155,-50,19.068528185485327,-28.50381003175405,-40.71754451833587
11.577965843451068,-33.809065600608854,-34.66615889026852,-17.528556156859747,-25.950859137962308,-44.95038973024376,11.577965843451068,-33.809065600608854,-34.66615889026852,-17.528556156859747,-25.950859137962308,-44.95038973024376,-9.80068230601497,-24.2487529095405,-50,15.230541854225272,-42.10230051477035,-36.81417082208218,-9.80068230601497,-24.2487529095405,-50,15.230541854225272,-42.10230051477035,-36.81417082208218
23.1855294873408,-24.444645992515543,-50,-17.126736707452153,-38.55569850138864,-31.173813268224492,23.1855294873408,-24.444645992515543,-50,-17.126736707452153,-38.55569850138864,-31.173813268224492,-18.61097814898921,-30.986070688609715,-50,-0.9527779947344093,-50,-43.98461530525574,-18.61097814898921,-30.986070688609715,-50,-0.9527779947344093,-50,-43.98461530525574
19.655147823112117,-29.66738312941341,-50,-2.7022078005110894,-50,-24.44110368339711,19.655147823112117,-29.66738312941341,-50,-2.7022078005110894,-50,-24.44110368339711,-11.633310637029632,-47.39887215267909,-36.184236812016174,-16.748012555653947,-50,-44.07332962721399,-11.633310637029632,-47.39887215267909,-36.184236812016174,-16.748012555653947,-50,-44.07332962721399
3.7500952357381685,-45.374691064493035,-50,14.43141847655513,-50,-29.981067426116073,3.7500952357381685,-45.374691064493035,-50,14.43141847655513,-50,-29.981067426116073,5.667930726374503,-50,-25.23256580270293,-19.72709770595896,-46.88519685834304,-36.85568933620881,5.667930726374503,-50,-25.23256580270293,-19.72709770595896,-46.88519685834304,-36.85568933620881
-12.080542429003607,-50,-41.96448189292349,20.835699690029152,-50,-43.49121709696401,-12.080542429003607,-50,-41.96448189292349,20.835699690029152,-50,-43.49121709696401,19.743702289972646,-50,-27.61698309380426,-7.546018791621499,-32.15895643587481,-40.606742445822476,19.743702289972646,-50,-27.61698309380426,-7.546018791621499,-32.15895643587481,-40.606742445822476
-15.445924826566642,-50,-27.29690017546973,11.48755648561962,-37.794089617207405,-50,-15.445924826566642,-50,-27.29690017546973,11.48755648561962,-37.794089617207405,-50,19.570908118943127,-46.37739605464703,-41.47510667131163,10.210863205211112,-24.597060424053065,-45.828831423146816,19.570908118943127,-46.37739605464703,-41.47510667131163,10.210863205211112,-24.597060424053065,-45.828831423146816
-3.711924585102092,-47.848978212003516,-25.321783174730374,-6.280968153886591,-25.64818997860059,-50,-3.711924585102092,-47.848978212003516,-25.321783174730374,-6.280968153886591,-25.64818997860059,-50,5.284867738447448,-30.209562078623122,-50,19.572013564841928,-30.13133062941059,-39.299639424443654,5.284867738447448,-30.209562078623122,-50,19.572013564841928,-30.13133062941059,-39.299639424443654
13.937107881089348,-31.555021171991726,-37.600189269633724,-18.533461023322182,-27.044942203419126,-43.340581536615126,13.937107881089348,-31.555021171991726,-37.600189269633724,-18.533461023322182,-27.044942203419126,-43.340581536615126,-11.926656039980546,-24.328931380403482,-50,13.171857785550705,-44.42048747919731,-37.55106502810212,-11.926656039980546,-24.328931380403482,-50,13.171857785550705,-44.42048747919731,-37.55106502810212
23.687051615189365,-24.2628497347451,-50,-15.65990627240885,-40.892441231547664,-29.864534930747816,23.687051615189365,-24.2628497347451,-50,-15.65990627240885,-40.892441231547664,-29.864534930747816,-18.584879695534546,-33.36815963164639,-49.96453416249271,-3.953810196665101,-50,-45.01049443793228,-18.584879695534546,-33.36815963164639,-49.96453416249271,-3.953810196665101,-50,-45.01049443793228
17.906502327867578,-31.700640386272163,-50,0.08587665189097149,-50,-24.44917657689103,17.906502327867578,-31.700640386272163,-50,0.08587665189097149,-50,-24.44917657689103,-9.475578361105544,-50,-34.13915388204515,-18.33010977752968,-50,-42.79067016779226,-9.475578361105544,-50,-34.13915388204515,-18.33010977752968,-50,-42.79067016779226
1.1199690654344114,-48.025829236712156,-50,16.3539745449688,-50,-31.30022192064437,1.1199690654344114,-48.025829236712156,-50,16.3539745449688,-50,-31.30022192064437,8.267521612680998,-50,-24.693248432109957,-18.645428435731837,-44.635815061527595,-36.512181978726304,8.267521612680998,-50,-24.693248432109957,-18.645428435731837,-44.635815061527595,-36.512181978726304
-13.533516251969054,-50,-38.83316701554814,20.384806130394534,-50,-45.096961723956284,-13.533516251969054,-50,-38.83316701554814,20.384806130394534,-50,-45.096961723956284,20.749345820248696,-50,-29.00467255381455,-4.651665993455146,-30.29588653481445,-42.07214700067525,20.749345820248696,-50,-29.00467255381455,-4.651665993455146,-30.29588653481445,-42.07214700067525
-14.584485312052614,-50,-25.793944085998366,9.0168633103106,-35.56131907729584,-50,-14.584485312052614,-50,-25.793944085998366,9.0168633103106,-35.56131907729584,-50,18.19505917991537,-43.45356885404992,-43.705928968477295,12.640554295938973,-24.58176111229711,-45.39274705023884,18.19505917991537,-43.45356885404992,-43.705928968477295,12.640554295938973,-24.58176111229711,-45.39274705023884
-1.210331337607454,-45.19275841077246,-26.635065981401542,-8.833618513219154,-24.92631373886718,-50,-1.210331337607454,-45.19275841077246,-26.635065981401542,-8.833618513219154,-24.92631373886718,-50,2.604988746876968,-28.234845805390435,-50,19.625304533791322,-31.97580323453206,-38.06623071657179,2.604988746876968,-28.234845805390435,-50,19.625304533791322,-31.97580323453206,-38.06623071657179
16.120826183683352,-29.539285640626225,-40.6917415111466,-19.165944535689306,-28.39828391764893,-41.696624561909125,16.120826183683352,-29.539285640626225,-40.6917415111466,-19.165944535689306,-28.39828391764893,-41.696624561909125,-13.811883453438321,-24.858972190970135,-50,10.806818037979761,-46.67786169201394,-38.64331989376896,-13.811883453438321,-24.858972190970135,-50,10.806818037979761,-46.67786169201394,-38.64331989376896
23.843671035228553,-24.471007334671487,-50,-13.876146209284636,-43.263031820060434,-28.66970244918705,23.843671035228553,-24.471007334671487,-50,-13.876146209284636,-43.263031820060434,-28.66970244918705,-18.199085831103595,-35.98540085678836,-47.8921738131681,-6.876311452271082,-50,-45.662826160659414,-18.199085831103595,-35.98540085678836,-47.8921738131681,-6.876311452271082,-50,-45.662826160659414
15.913434864182339,-33.96917830384429,-50,2.886821122509213,-50,-24.63140818069712,15.913434864182339,-33.96917830384429,-50,2.886821122509213,-50,-24.63140818069712,-7.1208882397463675,-50,-32.22083805694451,-19.510579433744827,-50,-41.35137638046699,-7.1208882397463675,-50,-32.22083805694451,-19.510579433744827,-50,-41.35137638046699
-1.4627861675089466,-50,-50,17.975234504636383,-50,-32.717991560989,-1.4627861675089466,-50,-50,17.975234504636383,-50,-32.717991560989,10.747090063623643,-50,-24.42730416618126,-17.155045047986047,-42.32143479279438,-36.625551120300024,10.747090063623643,-50,-24.42730416618126,-17.155045047986047,-42.32143479279438,-36.625551120300024
-14.684404063647804,-50,-35.825630207469054,19.554776357556783,-49.84443419252225,-46.649190712216324,-14.684404063647804,-50,-35.825630207469054,19.554776357556783,-49.84443419252225,-46.649190712216324,21.41197926654792,-50,-30.598819284189467,-1.6630984599989238,-28.646569863857838,-43.45112867489767,21.41197926654792,-50,-30.598819284189467,-1.6630984599989238,-28.646569863857838,-43.45112867489767
-13.402691254496734,-50,-24.771619901298514,6.386562284070134,-33.44917686462779,-50,-13.402691254496734,-50,-24.771619901298514,6.386562284070134,-33.44917686462779,-50,16.52183245891524,-40.52533379449281,-45.91503640298099,14.775830357749273,-24.891291050595477,-44.54576294478132,16.52183245891524,-40.52533379449281,-45.91503640298099,14.775830357749273,-24.891291050595477,-44.54576294478132
1.3791394316247834,-42.49124280250378,-28.40596110217789,-11.20116289946444,-24.498183365838976,-50,1.3791394316247834,-42.49124280250378,-28.40596110217789,-11.20116289946444,-24.498183365838976,-50,-0.09375159431118996,-26.61721413820325,-50,19.227203417520826,-34.00137342308455,-37.137842567665686,-0.09375159431118996,-26.61721413820325,-50,19.227203417520826,-34.00137342308455,-37.137842567665686
18.091162138869983,-27.80377740318911,-43.85620687081063,-19.413792692550576,-29.988854466826623,-40.036646020804596,18.091162138869983,-27.80377740318911,-43.85620687081063,-19.413792692550576,-29.988854466826623,-40.036646020804596,-15.422684979922884,-25.826285207458135,-50,8.188575117321276,-48.83054239728055,-39.984204281632195,-15.422684979922884,-25.826285207458135,-50,8.188575117321276,-48.83054239728055,-39.984204281632195
23.65266530113974,-25.06479003353188,-50,-11.80990302539301,-45.62888158768373,-27.60249073337267,23.65266530113974,-25.06479003353188,-50,-11.80990302539301,-45.62888158768373,-27.60249073337267,-17.460488758730737,-38.77562666580517,-45.73312562277202,-9.654600723783265,-50,-45.87786701121969,-17.460488758730737,-38.77562666580517,-45.73312562277202,-9.654600723783265,-50,-45.87786701121969
13.710590044952506,-36.425821312313644,-50,5.6465360753383065,-50,-24.985789104390296,13.710590044952506,-36.425821312313644,-50,5.6465360753383065,-50,-24.985789104390296,-4.611306785397528,-50,-30.45906272487168,-20.26289134850343,-50,-39.89609077265547,-4.611306785397528,-50,-30.45906272487168,-20.26289134850343,-50,-39.89609077265547
-3.9532755677202838,-50,-49.95629239254309,19.26388991660725,-50,-34.21874320405007,-3.9532755677202838,-50,-49.95629239254309,19.26388991660725,-50,-34.21874320405007,13.062338616804047,-50,-24.43886061610286,-15.289442798675095,-39.98704494018866,-37.184718744422234,13.062338616804047,-50,-24.43886061610286,-15.289442798675095,-39.98704494018866,-37.184718744422234
-15.513200488683044,-50,-33.02418090161056,18.361639223838523,-47.587564794897865,-48.13078829256963,-15.513200488683044,-50,-33.02418090161056,18.361639223838523,-47.587564794897865,-48.13078829256963,21.71976468983011,-50,-32.37468119149356,1.3525179806272463,-27.2430672403494,-44.60893843945189,21.71976468983011,-50,-32.37468119149356,1.3525179806272463,-27.2430672403494,-44.60893843945189
-11.921085258896632,-50,-24.257906306020143,3.6474476170670465,-31.49204461336628,-50,-11.921085258896632,-50,-24.257906306020143,3.6474476170670465,-31.49204461336628,-50,14.581120132431066,-37.66224565441248,-48.068142330112785,16.56870265244198,-25.519633333287373,-43.37064328555514,14.581120132431066,-37.66224565441248,-48.068142330112785,16.56870265244198,-25.519633333287373,-43.37064328555514
4.011476094025682,-39.80061098075864,-30.5860031707086,-13.337881242600583,-24.370768002867482,-50,4.011476094025682,-39.80061098075864,-30.5860031707086,-13.337881242600583,-24.370768002867482,-50,-2.7631403193792146,-25.395090909140922,-50,18.38665724193968,-36.16866644249517,-36.60519366092254,-2.7631403193792146,-25.395090909140922,-50,18.38665724193968,-36.16866644249517,-36.60519366092254
19.81386626554884,-26.38458736624515,-47.00698113861577,-19.272219254141152,-31.790762405577105,-38.37894979098907,19.81386626554884,-26.38458736624515,-47.00698113861577,-19.272219254141152,-31.790762405577105,-38.37894979098907,-16.730283668338743,-27.20789370799495,-50,5.3759720820103984,-50,-41.44269188967728,-16.730283668338743,-27.20789370799495,-50,5.3759720820103984,-50,-41.44269188967728
23.11735458137569,-26.031849773597667,-50,-9.501078309733076,-47.95147902666805,-26.674667473201374,23.11735458137569,-26.031849773597667,-50,-9.501078309733076,-47.95147902666805,-26.674667473201374,-16.3822835067778,-41.67256043335382,-43.52089928714198,-12.226238030309682,-50,-45.63460398678751,-16.3822835067778,-41.67256043335382,-43.52089928714198,-12.226238030309682,-50,-45.63460398678751
11.33625895033867,-39.01948208672126,-50,8.311728164911631,-50,-25.50841174017979,11.33625895033867,-39.01948208672126,-50,8.311728164911631,-50,-25.50841174017979,-1.991667642420365,-50,-28.881171673602196,-20.570137872172822,-50,-38.56701851379187,-1.991667642420365,-50,-28.881171673602196,-20.570137872172822,-50,-38.56701851379187
-6.308208056121115,-50,-46.90063126835201,20.19505532740589,-50,-35.78592869945469,-6.308208056121115,-50,-46.90063126835201,20.19505532740589,-50,-35.78592869945469,15.171905382949362,-50,-24.727738418985307,-13.090549708034292,-37.67802335502488,-38.13504504272686,15.171905382949362,-50,-24.727738418985307,-13.090549708034292,-37.67802335502488,-38.13504504272686
-16.00549892427125,-50,-30.5054883853389,16.82843561228136,-45.25555945347612,-49.525417518355006,-16.00549892427125,-50,-30.5054883853389,16.82843561228136,-45.25555945347612,-49.525417518355006,21.66720350698116,-50,-34.3046958560312,4.327409596263655,-26.112661139537746,-45.43243937272082,21.66720350698116,-50,-34.3046958560312,4.327409596263655,-26.112661139537746,-45.43243937272082
-10.165421428973017,-50,-24.26686247130857,0.8524148389914119,-29.7217806920707,-50,-10.165421428973017,-50,-24.26686247130857,0.8524148389914119,-29.7217806920707,-50,12.407593004272625,-34.93231176833034,-50,17.97887771130533,-26.454573709762894,-41.982216453565606,12.407593004272625,-34.93231176833034,-50,17.97887771130533,-26.454573709762894,-41.982216453565606
6.640921902097846,-37.17681620441452,-33.11552940051341,-15.202510995303852,-24.546141728283857,-50,6.640921902097846,-37.17681620441452,-33.11552940051341,-15.202510995303852,-24.546141728283857,-50,-5.355488828877792,-24.59750538282564,-50,17.122556655938116,-38.435552611519874,-36.52033249295722,-5.355488828877792,-24.59750538282564,-50,17.122556655938116,-38.435552611519874,-36.52033249295722
21.2589935574967,-25.311228414794698,-50,-18.74395817026781,-33.77467612016063,-36.74181458406836,21.2589935574967,-25.311228414794698,-50,-18.74395817026781,-33.77467612016063,-36.74181458406836,-17.71131928287507,-28.97098015191385,-50,2.4322200892066923,-50,-42.8762646607578,-17.71131928287507,-28.97098015191385,-50,2.4322200892066923,-50,-42.8762646607578
22.247043946137612,-27.352075983237086,-50,-6.994258186350284,-50,-25.89646338132679,22.247043946137612,-27.352075983237086,-50,-6.994258186350284,-50,-25.89646338132679,-14.98373219990522,-44.60739088498072,-41.289829858165,-14.533427739866188,-50,-44.95680785745877,-14.98373219990522,-44.60739088498072,-41.289829858165,-14.533427739866188,-50,-44.95680785745877
8.831713530818616,-41.69622393771339,-50,10.830929393550344,-50,-26.19351335043655,8.831713530818616,-41.69622393771339,-50,10.830929393550344,-50,-26.19351335043655,0.6912293654584365,-50,-27.51165469888548,-20.425413868104446,-50,-37.49403166798754,0.6912293654584365,-50,-27.51165469888548,-20.425413868104446,-50,-37.49403166798754
-8.486648879657663,-50,-43.747960090047584,20.750748836454722,-50,-37.402267358987345,-8.486648879657663,-50,-43.747960090047584,20.750748836454722,-50,-37.402267358987345,17.038102975588846,-50,-25.289454021681106,-10.607784259583374,-35.439254758708756,-39.38366761656011,17.038102975588846,-50,-25.289454021681106,-10.607784259583374,-35.439254758708756,-39.38366761656011
-16.152741963781974,-50,-28.33848353664895,14.98477349006885,-42.88637875350299,-50,-16.152741963781974,-50,-28.33848353664895,14.98477349006885,-42.88637875350299,-50,21.255234722939928,-49.11866931416324,-36.35890831678664,7.194717914851564,-25.277325354666793,-45.84116198533728,21.255234722939928,-49.11866931416324,-36.35890831678664,7.194717914851564,-25.277325354666793,-45.84116198533728
-8.166217694931326,-50,-24.798243287321355,-1.9445606759049685,-28.167201610420122,-50,-8.166217694931326,-50,-24.798243287321355,-1.9445606759049685,-28.167201610420122,-50,10.040081112059926,-32.40037663907199,-50,18.9746629008076,-27.677938015432368,-40.51615442401058,10.040081112059926,-32.40037663907199,-50,18.9746629008076,-27.677938015432368,-40.51615442401058
9.221770358798953,-34.67442181697821,-35.92531241952312,-16.759043961354518,-25.021449793372803,-48.971186199593916,9.221770358798953,-34.67442181697821,-35.92531241952312,-16.759043961354518,-25.021449793372803,-48.971186199593916,-7.8244848459393594,-24.24340272023166,-50,15.463311378131017,-40.75796627273535,-36.89155138570575,-7.8244848459393594,-24.24340272023166,-50,15.463311378131017,-40.75796627273535,-36.89155138570575
22.401424004218434,-24.606021674598846,-50,-17.839210784522354,-35.908301291031144,-35.14329239398981,22.401424004218434,-24.606021674598846,-50,-17.839210784522354,-35.908301291031144,-35.14329239398981,-18.348265633349158,-31.073665699405197,-50,-0.5765222288390341,-50,-44.144839124169856,-18.348265633349158,-31.073665699405197,-50,-0.5765222288390341,-50,-44.144839124169856
21.056861621439268,-28.998013787993997,-50,-4.337852303730794,-50,-25.27645938344217,21.056861621439268,-28.998013787993997,-50,-4.337852303730794,-50,-25.27645938344217,-13.289819941426854,-47.510406580968954,-39.07454484359663,-16.524317483129362,-50,-43.91071037382155,-13.289819941426854,-47.510406580968954,-39.07454484359663,-16.524317483129362,-50,-43.91071037382155
6.240489195056849,-44.40038245646632,-50,13.155491019044748,-50,-27.03353961095464,6.240489195056849,-44.40038245646632,-50,13.155491019044748,-50,-27.03353961095464,3.3894543134718766,-50,-26.371767508432892,-19.83197190043588,-48.13330295992882,-36.781978572496534,3.3894543134718766,-50,-26.371767508432892,-19.83197190043588,-48.13330295992882,-36.781978572496534
-10.450731162058231,-50,-40.58456028773061,20.92023934772488,-50,-39.0499365033878,-10.450731162058231,-50,-40.58456028773061,20.92023934772488,-50,-39.0499365033878,18.627591795790018,-50,-26.115289268162805,-7.896944756524774,-33.31425823541821,-40.80857564982026,18.627591795790018,-50,-26.115289268162805,-7.896944756524774,-33.31425823541821,-40.80857564982026
-15.952370146384897,-50,-26.58247234300977,12.866256143782673,-40.518588423929515,-50,-15.952370146384897,-50,-26.58247234300977,12.866256143782673,-40.518588423929515,-50,20.491218155384242,-46.26454313648702,-38.50543599001228,9.890002318749652,-24.753297851731965,-45.79516740340163,20.491218155384242,-46.26454313648702,-38.50543599001228,9.890002318749652,-24.753297851731965,-45.79516740340163
-5.9582253337495406,-48.788172492835855,-25.837506071308475,-4.689466036843452,-26.853612941561888,-50,-5.9582253337495406,-48.788172492835855,-25.837506071308475,-4.689466036843452,-26.853612941561888,-50,7.520880029028249,-30.126581677202836,-50,19.533678690908854,-29.16594545656758,-39.115715398712126,7.520880029028249,-30.126581677202836,-50,19.533678690908854,-29.16594545656758,-39.115715398712126
11.709159713408024,-32.34546657003296,-38.93845486565446,-17.97742165624843,-25.78895509221888,-47.53936681589951,11.709159713408024,-32.34546657003296,-38.93845486565446,-17.97742165624843,-25.78895509221888,-47.53936681589951,-10.126019784583578,-24.341193971612963,-50,13.446211709609202,-43.09076237819665,-37.6825761911536,-10.126019784583578,-24.341193971612963,-50,13.446211709609202,-43.09076237819665,-37.6825761911536
23.221299241003074,-24.2836323313502,-50,-16.575448834306457,-38.15690658256801,-33.60100944538434,23.221299241003074,-24.2836323313502,-50,-16.575448834306457,-38.15690658256801,-33.60100944538434,-18.629743680397713,-33.46600496548338,-50,-3.5826356307582268,-50,-45.12445483837725,-18.629743680397713,-33.46600496548338,-50,-3.5826356307582268,-50,-45.12445483837725
19.567496021830713,-30.93543495071551,-50,-1.5831589875772978,-50,-24.821492000055635,19.567496021830713,-30.93543495071551,-50,-1.5831589875772978,-50,-24.821492000055635,-11.330808454724643,-50,-36.909426767813244,-18.15416349680633,-50,-42.59853234332862,-11.330808454724643,-50,-36.909426767813244,-18.15416349680633,-50,-42.59853234332862
3.6076280530981717,-47.075723088544656,-50,15.240523019067755,-50,-28.01922790927179,3.6076280530981717,-47.075723088544656,-50,15.240523019067755,-50,-28.01922790927179,6.054803443368558,-50,-25.479201820850736,-18.803149135136675,-45.94127511414534,-36.50043844293556,6.054803443368558,-50,-25.479201820850736,-18.803149135136675,-45.94127511414534,-36.50043844293556
-12.166314127058925,-50,-37.497006909559154,20.700253799860832,-50,-40.710767985453046,-12.166314127058925,-50,-37.497006909559154,20.700253799860832,-50,-40.710767985453046,19.9119756437183,-50,-27.19242671042427,-5.0189552964768565,-31.34434127120916,-42.27053235818884,19.9119756437183,-50,-27.19242671042427,-5.0189552964768565,-31.34434127120916,-42.27053235818884
-15.407866447028994,-50,-25.285512831568244,10.513794638086427,-38.19073156114309,-50,-15.407866447028994,-50,-25.285512831568244,10.513794638086427,-38.19073156114309,-50,19.388802951671575,-43.33923963310574,-40.71096350564398,12.352688299607273,-24.55076512211489,-45.29895004868377,19.388802951671575,-43.33923963310574,-40.71096350564398,12.352688299607273,-24.55076512211489,-45.29895004868377
-3.579824903040226,-46.16203730125906,-27.356208567736516,-7.329293888997304,-25.802397395799346,-50,-3.579824903040226,-46.16203730125906,-27.356208567736516,-7.329293888997304,-25.802397395799346,-50,4.8949952540967905,-28.164936653653303,-50,19.64336161832645,-30.88967088154874,-37.91774514032034,4.8949952540967905,-28.164936653653303,-50,19.64336161832645,-30.88967088154874,-37.91774514032034
14.05985277357429,-30.238382447016157,-42.07249389238707,-18.834115772001184,-26.83616410698811,-46.02710043083727,14.05985277357429,-30.238382447016157,-42.07249389238707,-18.834115772001184,-26.83616410698811,-46.02710043083727,-12.218976749100467,-24.888556287647507,-50,11.116590462203094,-45.38859405719527,-38.81611086797444,-12.218976749100467,-24.888556287647507,-50,11.116590462203094,-45.38859405719527,-38.81611086797444
23.704367738128983,-24.35076465957404,-50,-14.977077051049534,-40.48388900277814,-32.13197183667032,23.704367738128983,-24.35076465957404,-50,-14.977077051049534,-40.48388900277814,-32.13197183667032,-18.550724821886476,-36.09117237971649,-50,-6.5185599581041185,-50,-45.719387350480766,-18.550724821886476,-36.09117237971649,-50,-6.5185599581041185,-50,-45.719387350480766
17.804836132804155,-33.12404966772796,-50,1.2166253903966826,-50,-24.53657796308819,17.804836132804155,-33.12404966772796,-50,1.2166253903966826,-50,-24.53657796308819,-9.141695457901092,-50,-34.82807953484018,-19.38633620635824,-50,-41.14849498809013,-9.141695457901092,-50,-34.82807953484018,-19.38633620635824,-50,-41.14849498809013
0.9788959692368691,-49.6666105642917,-50,17.045760970477453,-50,-29.13970947955538,0.9788959692368691,-49.6666105642917,-50,17.045760970477453,-50,-29.13970947955538,8.639660323023609,-50,-24.84781077978084,-17.36206759713896,-43.6588721559042,-36.67692234765544,8.639660323023609,-50,-24.84781077978084,-17.36206759713896,-43.6588721559042,-36.67692234765544
-13.603576552449983,-50,-34.56979925974633,20.095040372840664,-50,-42.366448522483545,-13.603576552449983,-50,-34.56979925974633,20.095040372840664,-50,-42.366448522483545,20.868309016422536,-50,-28.504148542800905,-2.0384965477666883,-29.56779678404105,-43.626680696764765,20.868309016422536,-50,-28.504148542800905,-2.0384965477666883,-29.56779678404105,-43.626680696764765
-14.528695733426176,-50,-24.48309983041404,7.972817774787168,-35.940701221092475,-50,-14.528695733426176,-50,-24.48309983041404,7.972817774787168,-35.940701221092475,-50,17.967683746974163,-40.412243948799315,-42.941259781421,14.527428825290059,-24.67366416891751,-44.400998460220826,17.967683746974163,-40.412243948799315,-42.941259781421,14.527428825290059,-24.67366416891751,-44.400998460220826
-1.0723590887561736,-43.47044958248637,-29.31278734805004,-9.81306604797213,-25.030666750975136,-50,-1.0723590887561736,-43.47044958248637,-29.31278734805004,-9.81306604797213,-25.030666750975136,-50,2.2093381891366177,-26.562036798044478,-50,19.301246641006248,-32.81560705251626,-37.039304906538675,2.2093381891366177,-26.562036798044478,-50,19.301246641006248,-32.81560705251626,-37.039304906538675
16.232988478349796,-28.396987491875315,-45.24165798917386,-19.312582536420425,-28.146030278495065,-44.4510621629385,16.232988478349796,-28.396987491875315,-45.24165798917386,-19.312582536420425,-28.146030278495065,-44.4510621629385,-14.065965086939963,-25.872488094401938,-50,8.526804137332508,-47.60679410722108,-40.18139056704779,-14.065965086939963,-25.872488094401938,-50,8.526804137332508,-47.60679410722108,-40.18139056704779
23.842232528915325,-24.80602260332923,-50,-13.074961876042867,-42.851369729962904,-30.752378021041427,23.842232528915325,-24.80602260332923,-50,-13.074961876042867,-42.851369729962904,-30.752378021041427,-18.112620728831153,-38.886811971991925,-48.61460307157947,-9.31831249958239,-50,-45.871502038499045,-18.112620728831153,-38.886811971991925,-48.61460307157947,-9.31831249958239,-50,-45.871502038499045
15.799521493976707,-35.51834441880372,-50,4.007433696904654,-50,-24.42485889850365,15.799521493976707,-35.51834441880372,-50,4.007433696904654,-50,-24.42485889850365,-6.761589429940333,-50,-32.86280687602702,-20.193143448400008,-50,-39.70229063755635,-6.761589429940333,-50,-32.86280687602702,-20.193143448400008,-50,-39.70229063755635
-1.6000129658379798,-50,-48.63664839157843,18.536343602643022,-50,-30.382629247870568,-1.6000129658379798,-50,-48.63664839157843,18.536343602643022,-50,-30.382629247870568,11.097846513452078,-50,-24.48739394497095,-15.541114520064621,-41.330461371145965,-37.29418492709303,11.097846513452078,-50,-24.48739394497095,-15.541114520064621,-41.330461371145965,-37.29418492709303
-14.737535139243644,-50,-31.883048345101948,19.116286450606893,-50,-43.998721629060846,-14.737535139243644,-50,-31.883048345101948,19.116286450606893,-50,-43.998721629060846,21.479507028992806,-50,-30.030096072131272,0.9774479003710848,-28.019158753536708,-44.74450282628277,21.479507028992806,-50,-30.030096072131272,0.9774479003710848,-28.019158753536708,-44.74450282628277
-13.330140242425603,-50,-24.19719355592963,5.292394809298527,-33.80512359283809,-50,-13.330140242425603,-50,-24.19719355592963,5.292394809298527,-33.80512359283809,-50,16.253248819849027,-37.5530814229502,-45.16170930937749,16.365348223176362,-25.11960597615519,-43.18905717220798,16.253248819849027,-37.5530814229502,-45.16170930937749,16.365348223176362,-25.11960597615519,-43.18905717220798
1.520585936505917,-40.769382473825516,-31.653695307009095,-12.092817948621702,-24.550983305472652,-50,1.520585936505917,-40.769382473825516,-31.653695307009095,-12.092817948621702,-24.550983305472652,-50,-0.48811193269437014,-25.355956015667193,-50,18.515022538106393,-34.90631598749939,-36.56623265358192,-0.48811193269437014,-25.355956015667193,-50,18.515022538106393,-34.90631598749939,-36.56623265358192
18.190792168008848,-26.859574587260727,-48.35921435227961,-19.40358219286293,-29.69723149157052,-42.82863031618253,18.190792168008848,-26.859574587260727,-48.35921435227961,-19.40358219286293,-29.69723149157052,-42.82863031618253,-15.63398837228981,-27.269617921545564,-50,5.7350562526413755,-49.70224327295531,-41.64500516606609,-15.63398837228981,-27.269617921545564,-50,5.7350562526413755,-49.70224327295531,-41.64500516606609
23.632497170494894,-25.639938808006608,-50,-10.90583539319349,-45.220810707471564,-29.477440193013727,23.632497170494894,-25.639938808006608,-50,-10.90583539319349,-45.220810707471564,-29.477440193013727,-17.323258125910264,-41.78651852261294,-46.48157753895184,-11.91897090329732,-50,-45.565934813302896,-17.323258125910264,-41.78651852261294,-46.48157753895184,-11.91897090329732,-50,-45.565934813302896
13.586409605489688,-38.06852844738773,-50,6.735372137242281,-50,-24.48756668493302,13.586409605489688,-38.06852844738773,-50,6.735372137242281,-50,-24.48756668493302,-4.233010938170212,-50,-31.044110977166333,-20.55645283142786,-50,-38.401237074023896,-4.233010938170212,-50,-31.044110977166333,-20.55645283142786,-50,-38.401237074023896
-4.084270715254615,-50,-45.52803907452815,19.683486009681673,-50,-31.734282066318556,-4.084270715254615,-50,-45.52803907452815,19.683486009681673,-50,-31.734282066318556,13.385446546102566,-50,-24.403545197356024,-13.381214467278978,-39.001304384995095,-38.29190954702799,13.385446546102566,-50,-24.403545197356024,-13.381214467278978,-39.001304384995095,-38.29190954702799
-15.548478785334485,-50,-29.510284419264437,17.782892923941287,-47.985202016889204,-45.58958892354591,-15.548478785334485,-50,-29.510284419264437,17.782892923941287,-47.985202016889204,-45.58958892354591,21.7346506358319,-50,-31.746585696632508,3.961096944061394,-26.7285309201702,-45.51476927008708,21.7346506358319,-50,-31.746585696632508,3.961096944061394,-26.7285309201702,-45.51476927008708
-11.833033935635097,-50,-24.43561861171485,2.524287865405918,-31.81876179427091,-50,-11.833033935635097,-50,-24.43561861171485,2.524287865405918,-31.81876179427091,-50,14.276126530920791,-34.829666144413885,-47.33784940885638,17.825140624486327,-25.879921948476195,-41.781552640098894,14.276126530920791,-34.829666144413885,-47.33784940885638,17.825140624486327,-25.879921948476195,-41.781552640098894
4.153938152707647,-38.115006242028684,-34.31486712507342,-14.124524897172368,-24.371155388029248,-50,4.153938152707647,-38.115006242028684,-34.31486712507342,-14.124524897172368,-24.371155388029248,-50,-3.1491651954125945,-24.575342512655485,-50,17.30235911041773,-37.12115671168602,-36.54475526607313,-3.1491651954125945,-24.575342512655485,-50,17.30235911041773,-37.12115671168602,-36.54475526607313
19.899232204294723,-25.658115131696068,-50,-19.105357430806507,-31.464517158307586,-41.17769475681488,19.899232204294723,-25.658115131696068,-50,-19.105357430806507,-31.464517158307586,-41.17769475681488,-16.89503388685236,-29.0467595481604,-50,2.804089261329478,-50,-43.06393561713851,-16.89503388685236,-29.0467595481604,-50,2.804089261329478,-50,-43.06393561713851
23.078807400121217,-26.835171499490023,-50,-8.511585989131836,-47.55364196952858,-28.32121655001356,23.078807400121217,-26.835171499490023,-50,-8.511585989131836,-47.55364196952858,-28.32121655001356,-16.196738967117042,-44.721414894820356,-44.28375744781661,-14.262087309733575,-50,-44.832544582862006,-16.196738967117042,-44.721414894820356,-44.28375744781661,-14.262087309733575,-50,-44.832544582862006
11.203970015441389,-40.72156918842095,-50,9.347761007782594,-50,-24.724009870273505,11.203970015441389,-40.72156918842095,-50,9.347761007782594,-50,-24.724009870273505,-1.6011330088155136,-50,-29.400219066656003,-20.46809924781025,-50,-37.37246847751082,-1.6011330088155136,-50,-29.400219066656003,-20.46809924781025,-50,-37.37246847751082
-6.430694521974459,-50,-42.359984425690186,20.465035520900326,-50,-33.17976383388522,-6.430694521974459,-50,-42.359984425690186,20.465035520900326,-50,-33.17976383388522,15.461592472208984,-50,-24.597565918740145,-10.930909582829734,-36.71667732786637,-39.57260221874467,15.461592472208984,-50,-24.597565918740145,-10.930909582829734,-36.71667732786637,-39.57260221874467
-16.022311214903574,-50,-27.516444627031426,16.120609192005503,-45.66352743535473,-47.12150858859413,-16.022311214903574,-50,-27.516444627031426,16.120609192005503,-45.66352743535473,-47.12150858859413,21.629181699282935,-49.00976241071936,-33.62697648930198,6.845395294567436,-25.721001603215818,-45.862212417777364,21.629181699282935,-49.00976241071936,-33.62697648930198,6.845395294567436,-25.721001603215818,-45.862212417777364
-10.063400351844958,-50,-25.19184984698997,-0.27804765215873495,-30.013949995056883,-50,-10.063400351844958,-50,-25.19184984698997,-0.27804765215873495,-30.013949995056883,-50,12.071638147569361,-32.306687778615846,-49.43590510755177,18.873998282889108,-26.93983241867612,-40.316021041941596,12.071638147569361,-32.306687778615846,-49.43590510755177,18.873998282889108,-26.93983241867612,-40.316021041941596
6.7819231594344345,-35.5625201898231,-37.223472590252484,-15.868952240018857,-24.49411025308473,-50,6.7819231594344345,-35.5625201898231,-37.223472590252484,-15.868952240018857,-24.49411025308473,-50,-5.726281912505038,-24.238738311131574,-50,15.690510064754516,-39.41707527118412,-36.97697143550853,-5.726281912505038,-24.238738311131574,-50,15.690510064754516,-39.41707527118412,-36.97697143550853
21.32861152737789,-24.81759417567989,-50,-18.423667321587597,-33.41911924931378,-39.51645964940242,21.32861152737789,-24.81759417567989,-50,-18.423667321587597,-33.41911924931378,-39.51645964940242,-17.826573066741485,-31.161700279713415,-50,-0.20022553774183405,-50,-44.29952924334245,-17.826573066741485,-31.161700279713415,-50,-0.20022553774183405,-50,-44.29952924334245
22.190787762928185,-28.366865116474173,-50,-5.938449439234194,-49.81188948648033,-27.29645627862186,22.190787762928185,-28.366865116474173,-50,-5.938449439234194,-49.81188948648033,-27.29645627862186,-14.753188504510572,-47.62178808307438,-42.055254256682005,-16.295001923834157,-50,-43.742995549322835,-14.753188504510572,-47.62178808307438,-42.055254256682005,-16.295001923834157,-50,-43.742995549322835
8.693615620710354,-43.422295111494215,-50,11.794152003226921,-50,-25.131581296036867,8.693615620710354,-43.422295111494215,-50,11.794152003226921,-50,-25.131581296036867,1.0870258886186537,-50,-27.95664531234359,-19.930068378494795,-49.337305628243485,-36.716512340209036,1.0870258886186537,-50,-27.95664531234359,-19.930068378494795,-49.337305628243485,-36.716512340209036
-8.598497535599725,-50,-39.21918688577079,20.86589949490649,-50,-34.70313583762339,-8.598497535599725,-50,-39.21918688577079,20.86589949490649,-50,-34.70313583762339,17.289193968227206,-50,-25.066444793586637,-8.245268642941557,-34.520990719624216,-41.01111835385719,17.289193968227206,-50,-25.066444793586637,-8.245268642941557,-34.520990719624216,-41.01111835385719
-16.15079600775984,-50,-25.956095822650507,14.161535911079087,-43.298036557067434,-48.577588797304244,-16.15079600775984,-50,-25.956095822650507,14.161535911079087,-43.298036557067434,-48.577588797304244,21.164984420706592,-46.15158220182189,-35.64208368075896,9.565520495950722,-25.016156012698563,-45.75288139990194,21.164984420706592,-46.15158220182189,-35.64208368075896,9.565520495950722,-25.016156012698563,-45.75288139990194
-8.05200025133824,-49.711623345910986,-26.445190935119697,-3.0604953446717706,-28.42006707822882,-50,-8.05200025133824,-49.711623345910986,-26.445190935119697,-3.0604953446717706,-28.42006707822882,-50,9.679166829885677,-30.0440749848632,-50,19.488348904160837,-28.27873394741355,-38.935668747748366,9.679166829885677,-30.0440749848632,-50,19.488348904160837,-28.27873394741355,-38.935668747748366
9.358859852107354,-33.16500475418439,-40.29990979516769,-17.292413030981923,-24.917846430679162,-50,9.358859852107354,-33.16500475418439,-40.29990979516769,-17.292413030981923,-24.917846430679162,-50,-8.173421922905867,-24.354138817946925,-50,13.715700507211476,-41.749441652327945,-37.82064658382486,-8.173421922905867,-24.354138817946925,-50,13.715700507211476,-41.749441652327945,-37.82064658382486
22.454083866761998,-24.355490842985173,-50,-17.37167610393681,-35.529220582194384,-37.863242727255184,22.454083866761998,-24.355490842985173,-50,-17.37167610393681,-35.529220582194384,-37.863242727255184,-18.411963975019297,-33.564203632105446,-50,-3.2103684083844164,-50,-45.23104836953065,-18.411963975019297,-33.564203632105446,-50,-3.2103684083844164,-50,-45.23104836953065
20.98387431270184,-30.20316719635921,-50,-3.236116040317791,-50,-26.414458974704644,20.98387431270184,-30.20316719635921,-50,-3.236116040317791,-50,-26.414458974704644,-13.018395750814863,-50,-39.83065564378722,-17.972026504646585,-50,-42.40375444614939,-13.018395750814863,-50,-39.83065564378722,-17.972026504646585,-50,-42.40375444614939
6.098982804813492,-46.11454304500241,-50,14.027302432651583,-50,-25.705786845378384,6.098982804813492,-46.11454304500241,-50,14.027302432651583,-50,-25.705786845378384,3.7834418257654754,-50,-26.73579482664885,-18.95445206630823,-47.21676310637237,-36.49746628882846,3.7834418257654754,-50,-26.73579482664885,-18.95445206630823,-47.21676310637237,-36.49746628882846
-10.549997792225158,-50,-36.19160293042962,20.878336776326265,-50,-36.28760050205932,-10.549997792225158,-50,-36.19160293042962,20.878336776326265,-50,-36.28760050205932,18.835600954057185,-50,-25.802904546403663,-5.384649426296385,-32.45692618019558,-42.466891434268916,18.835600954057185,-50,-25.802904546403663,-5.384649426296385,-32.45692618019558,-42.466891434268916
-15.931699769403721,-50,-24.871941199307606,11.943505093166653,-40.927235047747196,-49.9417739722242,-15.931699769403721,-50,-24.871941199307606,11.943505093166653,-40.927235047747196,-49.9417739722242,20.35035167924697,-43.22490784416237,-37.760631623998385,12.06033976144307,-24.627695535459676,-45.1974596423386,20.35035167924697,-43.22490784416237,-37.760631623998385,12.06033976144307,-24.627695535459676,-45.1974596423386
-5.833796915148435,-47.12273374829853,-28.1613407849361,-5.7693228706754995,-27.063058408172594,-50,-5.833796915148435,-47.12273374829853,-28.1613407849361,-5.7693228706754995,-27.063058408172594,-50,7.141454050961141,-28.095571922472686,-50,19.65438541592411,-29.8705998303502,-37.775378718513814,7.141454050961141,-28.095571922472686,-50,19.65438541592411,-29.8705998303502,-37.775378718513814
11.839954476474675,-30.97231766769006,-43.459983659900374,-18.36741856599726,-25.635466306556253,-49.89981848809946,11.839954476474675,-30.97231766769006,-43.459983659900374,-18.36741856599726,-25.635466306556253,-49.89981848809946,-10.446867097945221,-24.918802908662844,-50,11.422312810892834,-44.072917337753154,-38.99333987139088,-10.446867097945221,-24.918802908662844,-50,11.422312810892834,-44.072917337753154,-38.99333987139088
23.256085633038417,-24.281414842080178,-50,-15.969698967062431,-37.76047274440419,-36.23627331055757,23.256085633038417,-24.281414842080178,-50,-15.969698967062431,-37.76047274440419,-36.23627331055757,-18.64074860971648,-36.19720260594248,-50,-6.158688632853847,-50,-45.76746836489501,-18.64074860971648,-36.19720260594248,-50,-6.158688632853847,-50,-45.76746836489501
19.479046293769862,-32.305890765806005,-50,-0.45677103243807937,-50,-25.68495004757748,19.479046293769862,-32.305890765806005,-50,-0.45677103243807937,-50,-25.68495004757748,-11.023352758995772,-50,-37.64448868602415,-19.25547117449977,-50,-40.94568699960639,-11.023352758995772,-50,-37.64448868602415,-19.25547117449977,-50,-40.94568699960639
3.46517292590959,-48.742326122089224,-50,16.004087531626627,-50,-26.440294997810042,3.46517292590959,-48.742326122089224,-50,16.004087531626627,-50,-26.440294997810042,6.4399433623368525,-50,-25.756615926067514,-17.563176560803388,-44.98105145385296,-36.736734699721794,6.4399433623368525,-50,-25.756615926067514,-17.563176560803388,-44.98105145385296,-36.736734699721794
-12.251273223386281,-50,-33.36009063737134,20.502107186609642,-50,-37.91568660892627,-12.251273223386281,-50,-33.36009063737134,20.502107186609642,-50,-37.91568660892627,20.073186886348264,-50,-26.795514889334502,-2.4133422179543302,-30.56460674801677,-43.79766865651195,20.073186886348264,-50,-26.795514889334502,-2.4133422179543302,-30.56460674801677,-43.79766865651195
-15.368830953138048,-50,-24.293651599932332,9.509349525195818,-38.5897150200202,-50,-15.368830953138048,-50,-24.293651599932332,9.509349525195818,-38.5897150200202,-50,19.199836879636873,-40.29925704460631,-39.949739210800814,14.273783887287003,-24.563171395969857,-44.25022092111875,19.199836879636873,-40.29925704460631,-39.949739210800814,14.273783887287003,-24.563171395969857,-44.25022092111875
-3.447348393765835,-44.44841338024763,-30.29333228349769,-8.352219580821538,-25.9650134897377,-50,-3.447348393765835,-44.44841338024763,-30.29333228349769,-8.352219580821538,-25.9650134897377,-50,4.503836020950902,-26.507461658221736,-50,19.36837627131378,-31.684486027325953,-36.94853023821558,4.503836020950902,-26.507461658221736,-50,19.36837627131378,-31.684486027325953,-36.94853023821558
14.18207925870579,-29.030057137860737,-46.61721015968067,-19.073209222290615,-26.63528840212432,-48.53246284136554,14.18207925870579,-29.030057137860737,-46.61721015968067,-19.073209222290615,-26.63528840212432,-48.53246284136554,-12.50600236522683,-25.919318037864716,-50,8.861889155154737,-46.34233663498681,-40.38046001333636,-12.50600236522683,-25.919318037864716,-50,8.861889155154737,-46.34233663498681,-40.38046001333636
23.720675983142147,-24.59690662663127,-50,-14.244809740370327,-40.076555219694605,-34.65349129940982,23.720675983142147,-24.59690662663127,-50,-14.244809740370327,-40.076555219694605,-34.65349129940982,-18.508839735916,-38.99815520697171,-50,-8.978924911297035,-50,-45.85637223587857,-18.508839735916,-38.99815520697171,-50,-8.978924911297035,-50,-45.85637223587857
17.702461468039868,-34.6313084611284,-50,2.3459131594237985,-50,-25.115973482053096,17.702461468039868,-34.6313084611284,-50,2.3459131594237985,-50,-25.115973482053096,-8.803700949591494,-50,-35.530683978425756,-20.11649147090684,-50,-39.511270210199996,-8.803700949591494,-50,-35.530683978425756,-20.11649147090684,-50,-39.511270210199996
0.8379683397599273,-50,-47.289283647165725,17.686333252093938,-50,-27.32700664418907,0.8379683397599273,-50,-47.289283647165725,17.686333252093938,-50,-27.32700664418907,9.009072128362664,-50,-25.034306042170094,-15.787509742134914,-42.67363033139502,-37.410937141769935,9.009072128362664,-50,-25.034306042170094,-15.787509742134914,-42.67363033139502,-37.410937141769935
-13.67275130842999,-50,-30.80214204943303,19.744476162161764,-50,-39.569441944856365,-13.67275130842999,-50,-30.80214204943303,19.744476162161764,-50,-39.569441944856365,20.9798423063862,-50,-28.028869926933822,0.6018750669085742,-28.880816934357057,-44.873411353709876,20.9798423063862,-50,-28.028869926933822,0.6018750669085742,-28.880816934357057,-44.873411353709876
-14.471973659403023,-50,-24.23705349383739,6.906075617577644,-36.323526827674506,-50,-14.471973659403023,-50,-24.23705349383739,6.906075617577644,-36.323526827674506,-50,17.733993955787792,-37.44412319730635,-42.175430205841785,16.15610736629054,-24.82383786921841,-43.00372592819328,17.733993955787792,-37.44412319730635,-42.175430205841785,16.15610736629054,-24.82383786921841,-43.00372592819328
-0.9341372695546708,-41.744276294437476,-32.782817678956796,-10.75930669815681,-25.143806393357387,-50,-0.9341372695546708,-41.744276294437476,-32.782817678956796,-10.75930669815681,-25.143806393357387,-50,1.8134337562000797,-25.31746679815989,-50,18.636749312710915,-33.6851326788681,-36.53591990623368,1.8134337562000797,-25.31746679815989,-50,18.636749312710915,-33.6851326788681,-36.53591990623368
16.344522076449984,-27.378613605839192,-49.68518319563269,-19.39615535117783,-27.901037526579398,-47.07370974557206,16.344522076449984,-27.378613605839192,-49.68518319563269,-19.39615535117783,-27.901037526579398,-47.07370974557206,-14.314041296439452,-27.331918829234077,-50,6.091973153542196,-48.51358464551113,-41.84646271941964,-14.314041296439452,-27.331918829234077,-50,6.091973153542196,-48.51358464551113,-41.84646271941964
23.83977914787426,-25.29540536087041,-50,-12.230318066009259,-42.439766616615984,-33.1323493581812,23.83977914787426,-25.29540536087041,-50,-12.230318066009259,-42.439766616615984,-33.1323493581812,-18.01859390415971,-41.90053001485545,-49.325495275869734,-11.607694535103604,-50,-45.48907262244104,-18.01859390415971,-41.90053001485545,-49.325495275869734,-11.607694535103604,-50,-45.48907262244104
15.685001426168453,-37.131061864332125,-50,5.11781340323292,-50,-24.71380314083543,15.685001426168453,-37.131061864332125,-50,5.11781340323292,-50,-24.71380314083543,-6.399094377126695,-50,-33.522049011412676,-20.535736604371216,-50,-38.24067002300782,-6.399094377126695,-50,-33.522049011412676,-20.535736604371216,-50,-38.24067002300782
-1.7369634147566329,-50,-44.14404459276159,19.04155344823957,-50,-28.356144392150203,-1.7369634147566329,-50,-44.14404459276159,19.04155344823957,-50,-28.356144392150203,11.444930667426092,-50,-24.58007584853902,-13.667358398763062,-40.33935334924985,-38.45419302631885,11.444930667426092,-50,-24.58007584853902,-13.667358398763062,-40.33935334924985,-38.45419302631885
-14.789723120595191,-50,-28.587762393909827,18.620074450221324,-50,-41.230631252799924,-14.789723120595191,-50,-28.587762393909827,18.620074450221324,-50,-41.230631252799924,21.539369825323945,-50,-29.483827264717682,3.593237666860933,-27.438287674768013,-45.58900189692302,21.539369825323945,-50,-29.483827264717682,3.593237666860933,-27.438287674768013,-45.58900189692302
-13.256717563071788,-50,-24.703695842291566,4.183955654943491,-34.165559678691835,-50,-13.256717563071788,-50,-24.703695842291566,4.183955654943491,-34.165559678691835,-50,15.979010174992268,-34.727324697348664,-44.403160577816976,17.665006381041334,-25.404627899052507,-41.579777580264754,15.979010174992268,-34.727324697348664,-44.403160577816976,17.665006381041334,-25.404627899052507,-41.579777580264754
1.662150416699256,-39.066556599584494,-35.561665425713976,-12.944100535927065,-24.61280479938549,-50,1.662150416699256,-39.066556599584494,-35.561665425713976,-12.944100535927065,-24.61280479938549,-50,-0.8816887371949251,-24.553853457250273,-50,17.47594731077378,-35.83364951727237,-36.57786649013817,-0.8816887371949251,-24.553853457250273,-50,17.47594731077378,-35.83364951727237,-36.57786649013817
18.28969413972345,-26.05232980358455,-50,-19.330020482626093,-29.412109705871266,-45.539644250965495,18.28969413972345,-26.05232980358455,-50,-19.330020482626093,-29.412109705871266,-45.539644250965495,-15.838683296477605,-29.123051577868377,-50,3.17481660394441,-50,-43.24809558469064,-15.838683296477605,-29.123051577868377,-50,3.17481660394441,-50,-43.24809558469064
23.611324809440095,-26.362385356005575,-50,-9.965126150368116,-44.811638375045966,-31.68962047238768,23.611324809440095,-26.362385356005575,-50,-9.965126150368116,-44.811638375045966,-31.68962047238768,-17.178769350698662,-44.83538651334521,-47.222393750098945,-13.985917866030023,-50,-44.70146069500448,-17.178769350698662,-44.83538651334521,-47.222393750098945,-13.985917866030023,-50,-44.70146069500448
13.461734786475771,-39.75316714464999,-50,7.805401041169092,-50,-24.48287358530761,13.461734786475771,-39.75316714464999,-50,7.805401041169092,-50,-24.48287358530761,-3.852491310882497,-50,-31.64975897926375,-20.50378435295449,-50,-37.25804482586048,-3.852491310882497,-50,-31.64975897926375,-20.50378435295449,-50,-37.25804482586048
-4.214863434350978,-50,-40.97723698356585,20.043577222241577,-50,-29.516360377250713,-4.214863434350978,-50,-40.97723698356585,20.043577222241577,-50,-29.516360377250713,13.704002394217639,-50,-24.400975264531077,-11.250371352114403,-38.02359616466389,-39.76455921655145,13.704002394217639,-50,-24.400975264531077,-11.250371352114403,-38.02359616466389,-39.76455921655145
-15.582772831389669,-50,-26.777554198832803,17.1506155719062,-48.38038393157054,-42.88093730446535,-15.582772831389669,-50,-26.777554198832803,17.1506155719062,-48.38038393157054,-42.88093730446535,21.74177349034899,-48.90064853376619,-31.13780511036413,6.493516936746313,-26.26506007737273,-45.87451540412393,21.74177349034899,-48.90064853376619,-31.13780511036413,6.493516936746313,-26.26506007737273,-45.87451540412393
-11.744186925010647,-50,-25.68080770696438,1.3955569792641973,-32.150941149523845,-50,-11.744186925010647,-50,-25.68080770696438,1.3955569792641973,-32.150941149523845,-50,13.966238302689234,-32.2133940408883,-46.59835464309637,18.766569550670393,-26.29425159591421,-40.11751888472261,13.966238302689234,-32.2133940408883,-46.59835464309637,18.766569550670393,-26.29425159591421,-40.11751888472261
4.296384540955442,-36.47093903935244,-38.553824789627576,-14.864410152429326,-24.380652397831888,-50,4.296384540955442,-36.47093903935244,-38.553824789627576,-14.864410152429326,-24.380652397831888,-50,-3.5333831263040416,-24.23475985037816,-50,15.91205842542547,-38.088271848634264,-37.070271123672654,-3.5333831263040416,-24.23475985037816,-50,15.91205842542547,-38.088271848634264,-37.070271123672654
19.983783380256398,-25.078786576730472,-50,-18.876081758825727,-31.143907575985992,-43.947181845590826,19.983783380256398,-25.078786576730472,-50,-18.876081758825727,-31.143907575985992,-43.947181845590826,-17.052690653217823,-31.250171256149194,-50,0.17598042584599438,-50,-44.44839618883793,-17.052690653217823,-31.250171256149194,-50,0.17598042584599438,-50,-44.44839618883793
23.039284088869767,-27.775658140391393,-50,-7.492977516747871,-47.15356096074629,-30.34121300012421,23.039284088869767,-27.775658140391393,-50,-7.492977516747871,-47.15356096074629,-30.34121300012421,-16.004369531704445,-47.73301264402719,-45.042999763171174,-16.060146107056447,-50,-43.57049900097947,-16.004369531704445,-47.73301264402719,-45.042999763171174,-16.060146107056447,-50,-43.57049900097947
11.071307612630218,-42.443096092622845,-50,10.356775591185203,-50,-24.425731177505305,11.071307612630218,-42.443096092622845,-50,10.356775591185203,-50,-24.425731177505305,-1.2093867858989604,-50,-29.94287292280066,-20.021352819695217,-50,-36.65941314728678,-1.2093867858989604,-50,-29.94287292280066,-20.021352819695217,-50,-36.65941314728678
-6.552659475596377,-50,-37.87552913164981,20.6730543150688,-50,-30.794861391055505,-6.552659475596377,-50,-37.87552913164981,20.6730543150688,-50,-30.794861391055505,15.745929017831774,-50,-24.49978403638906,-8.590868584832918,-35.77137443134133,-41.21399153673929,15.745929017831774,-50,-24.49978403638906,-8.590868584832918,-35.77137443134133,-41.21399153673929
-16.038115207381505,-50,-25.421058739847233,15.36447650851235,-46.07017714539081,-44.502162876594205,-16.038115207381505,-50,-25.421058739847233,15.36447650851235,-46.07017714539081,-44.502162876594205,21.583437362270402,-46.03851732255785,-32.96513275639222,9.23753126136409,-25.383940336012657,-45.70205254307908,21.583437362270402,-46.03851732255785,-32.96513275639222,9.23753126136409,-25.383940336012657,-45.70205254307908
-9.96067339835911,-50,-27.141647761438463,-1.4052731475646572,-30.312465375348374,-50,-9.96067339835911,-50,-27.141647761438463,-1.4052731475646572,-30.312465375348374,-50,11.73163648566129,-29.96204497572233,-48.7269417006312,19.436040063863896,-27.475415699296782,-38.75983639554546,11.73163648566129,-29.96204497572233,-48.7269417006312,19.436040063863896,-27.475415699296782,-38.75983639554546
6.922775372982718,-34.011400995596055,-41.67740718334999,-16.483152107666005,-24.45112818562776,-50,6.922775372982718,-34.011400995596055,-41.67740718334999,-16.483152107666005,-24.45112818562776,-50,-6.094276920790182,-24.367765452782105,-50,13.98022989389455,-40.40517241041787,-37.965017832923294,-6.094276920790182,-24.367765452782105,-50,13.98022989389455,-40.40517241041787,-37.965017832923294
21.397342191779796,-24.47822932479695,-50,-18.043105271067116,-33.06824078096304,-42.31388193540916,21.397342191779796,-24.47822932479695,-50,-18.043105271067116,-33.06824078096304,-42.31388193540916,-17.93437513893201,-33.662752091746015,-50,-2.83713877249738,-50,-45.330075561322026,-17.93437513893201,-33.662752091746015,-50,-2.83713877249738,-50,-45.330075561322026
22.133600517771725,-29.505833881751926,-50,-4.861612266382811,-49.427412354708444,-29.10199525735188,22.133600517771725,-29.505833881751926,-50,-4.861612266382811,-49.427412354708444,-29.10199525735188,-14.516375086689738,-50,-42.82113878963639,-17.783762524253596,-50,-42.20670096704922,-14.516375086689738,-50,-42.82113878963639,-17.783762524253596,-50,-42.20670096704922
8.555271646151496,-45.144910066051835,-50,12.722667006307862,-50,-24.543006002467255,8.555271646151496,-45.144910066051835,-50,12.722667006307862,-50,-24.543006002467255,1.4830001653147873,-50,-28.42788271600714,-19.099284293778464,-48.45405633407602,-36.50327107824148,1.4830001653147873,-50,-28.42788271600714,-19.099284293778464,-48.45405633407602,-36.50327107824148
-8.709714660737955,-50,-34.923807716936956,20.917828782820397,-50,-32.17754994639798,-8.709714660737955,-50,-34.923807716936956,20.917828782820397,-50,-32.17754994639798,17.534231542180752,-50,-24.874968593947017,-5.748620439658323,-33.626468746952156,-42.66085677923707,17.534231542180752,-50,-24.874968593947017,-5.748620439658323,-33.626468746952156,-42.66085677923707
-16.147835232827944,-50,-24.55540020833792,13.296149708661336,-43.70953458320235,-46.07643140401861,-16.147835232827944,-50,-24.55540020833792,13.296149708661336,-43.70953458320235,-46.07643140401861,21.067190114229497,-43.1105776085369,-34.93744900461752,11.763610963712612,-24.812056404089564,-45.088465751718886,21.067190114229497,-43.1105776085369,-34.93744900461752,11.763610963712612,-24.812056404089564,-45.088465751718886
-7.937179012326748,-48.072228110596306,-29.046236140415907,-4.164447397632535,-28.68005922430294,-50,-7.937179012326748,-48.072228110596306,-29.046236140415907,-4.164447397632535,-28.68005922430294,-50,9.315125860155977,-28.026754112241143,-50,19.658372069752776,-28.925159738820405,-37.63939786356844,9.315125860155977,-28.026754112241143,-50,19.658372069752776,-28.925159738820405,-37.63939786356844
9.495669519031313,-31.73908999722253,-44.84692727056504,-17.76906658833807,-24.823084951785283,-50,9.495669519031313,-31.73908999722253,-44.84692727056504,-17.76906658833807,-24.823084951785283,-50,-8.518619781916502,-24.949710963716424,-50,11.723878122760654,-42.73931332298246,-39.17467525273123,-8.518619781916502,-24.949710963716424,-50,11.723878122760654,-42.73931332298246,-39.17467525273123
22.505799304768946,-24.263146986298942,-50,-16.847176776218713,-35.15378485796022,-40.657754224181154,22.505799304768946,-24.263146986298942,-50,-16.847176776218713,-35.15378485796022,-40.657754224181154,-18.46798547023268,-36.30348771339157,-50,-5.796823382585277,-50,-45.80697922918013,-18.46798547023268,-36.30348771339157,-50,-5.796823382585277,-50,-45.80697922918013
20.91001719430661,-31.51693256588476,-50,-2.12184516081159,-50,-27.9856315713038,20.91001719430661,-31.51693256588476,-50,-2.12184516081159,-50,-27.9856315713038,-12.741369019622725,-50,-40.59129541661392,-19.118030123148806,-50,-40.74333193264049,-12.741369019622725,-50,-40.59129541661392,-19.118030123148806,-50,-40.74333193264049
5.9573620308149335,-47.80242326668977,-49.01642192335859,14.857387137320638,-50,-24.833404920554123,5.9573620308149335,-47.80242326668977,-49.01642192335859,14.857387137320638,-50,-24.833404920554123,4.176570080254304,-50,-27.12830189658714,-17.75830157816358,-46.279448977094766,-36.8048762487493,4.176570080254304,-50,-27.12830189658714,-17.75830157816358,-46.279448977094766,-36.8048762487493
-10.648533850633786,-50,-32.202854632153475,20.77317374228451,-50,-33.649179724387196,-10.648533850633786,-50,-32.202854632153475,20.77317374228451,-50,-33.649179724387196,19.036961962849208,-50,-25.520705852540402,-2.787504325501696,-31.630573608725953,-43.9637725818106,19.036961962849208,-50,-25.520705852540402,-2.787504325501696,-31.630573608725953,-43.9637725818106
-15.910025692907094,-50,-24.20426970681469,10.985576998408606,-41.336882989414995,-47.58638409694008,-15.910025692907094,-50,-24.20426970681469,10.985576998408606,-41.336882989414995,-47.58638409694008,20.202254497486667,-40.18637715475612,-37.02414234860338,14.014984285004969,-24.560525046870882,-44.09371247974105,20.202254497486667,-40.18637715475612,-37.02414234860338,14.014984285004969,-24.560525046870882,-44.09371247974105
-5.70887727757745,-45.42246746963177,-31.342448597536677,-6.828682867062494,-27.280295145321823,-50,-5.70887727757745,-45.42246746963177,-31.342448597536677,-6.828682867062494,-27.280295145321823,-50,6.759877361225831,-26.453490686007758,-50,19.428568822194315,-30.61530235934356,-36.86568843069207,6.759877361225831,-26.453490686007758,-50,19.428568822194315,-30.61530235934356,-36.86568843069207
11.970343494663721,-29.701260077466582,-47.97564250489027,-18.697321071571665,-25.490467951799204,-50,11.970343494663721,-29.701260077466582,-47.97564250489027,-18.697321071571665,-25.490467951799204,-50,-10.763100851823554,-25.966773349766093,-50,9.193712936562623,-45.045321574121424,-40.581040098863156,-10.763100851823554,-25.966773349766093,-50,9.193712936562623,-45.045321574121424,-40.581040098863156
23.289886897996176,-24.438012323978242,-50,-15.311391061777073,-37.36659113957592,-38.99706012812498,23.289886897996176,-24.438012323978242,-50,-15.311391061777073,-37.36659113957592,-38.99706012812498,-18.64398870457293,-39.10965235714946,-50,-8.636556698475824,-50,-45.83250591598438,-18.64398870457293,-39.10965235714946,-50,-8.636556698475824,-50,-45.83250591598438
19.389803127858187,-33.767132222063466,-50,0.6734156708840576,-50,-27.00443160976075,19.389803127858187,-33.767132222063466,-50,0.6734156708840576,-50,-27.00443160976075,-10.71106179386063,-50,-38.38807812275692,-20.032962233802554,-50,-39.32338694997154,-10.71106179386063,-50,-38.38807812275692,-20.032962233802554,-50,-39.32338694997154
3.322737083939106,-50,-45.92127106856718,16.71971202476214,-50,-25.293725826350368,3.322737083939106,-50,-45.92127106856718,16.71971202476214,-50,-25.293725826350368,6.8232023627883835,-50,-26.064300722051048,-16.028542260036552,-44.00789279707381,-37.53475690828594,6.8232023627883835,-50,-26.064300722051048,-16.028542260036552,-44.00789279707381,-37.53475690828594
-12.335415406210757,-50,-29.787136166441343,20.241882652631887,-50,-35.193523689081104,-12.335415406210757,-50,-29.787136166441343,20.241882652631887,-50,-35.193523689081104,20.227274017827643,-50,-26.426973590699596,0.22593087969909587,-29.822486920418218,-44.9954227932762,20.227274017827643,-50,-26.426973590699596,0.22593087969909587,-29.822486920418218,-44.9954227932762
-15.328820325991419,-50,-24.377276877426546,8.477378257654976,-38.990844592490376,-49.01537134892045,-15.328820325991419,-50,-24.377276877426546,8.477378257654976,-38.990844592490376,-49.01537134892045,19.004082577074236,-37.335374905103414,-39.19282608221972,15.941053287654384,-24.634235744370844,-42.814996366642205,19.004082577074236,-37.335374905103414,-39.19282608221972,15.941053287654384,-24.634235744370844,-42.814996366642205
-3.314501780616803,-42.722634087697855,-33.96744302735402,-9.34653003167954,-26.135958619509964,-50,-3.314501780616803,-42.722634087697855,-33.96744302735402,-9.34653003167954,-26.135958619509964,-50,4.111540474468288,-25.279624644041,-50,18.75179497791923,-32.51298913406224,-36.514312143575694,4.111540474468288,-25.279624644041,-50,18.75179497791923,-32.51298913406224,-36.514312143575694
14.303781133346703,-27.940289098700475,-50,-19.249989870218542,-26.442413467301115,-50,14.303781133346703,-27.940289098700475,-50,-19.249989870218542,-26.442413467301115,-50,-12.787622501528519,-27.394794185296583,-50,6.44659791228626,-47.27837101817342,-42.04668755920267,-12.787622501528519,-27.394794185296583,-50,6.44659791228626,-47.27837101817342,-42.04668755920267
23.735975522566363,-24.999188911093434,-50,-13.465405958386384,-39.67063937319995,-37.350111415048424,23.735975522566363,-24.999188911093434,-50,-13.465405958386384,-39.67063937319995,-37.350111415048424,-18.45924054615717,-42.01459080030567,-50,-11.292517830163455,-50,-45.404161247570286,-18.45924054615717,-42.01459080030567,-50,-11.292517830163455,-50,-45.404161247570286
17.59938352921365,-36.20963863531199,-50,3.4701904504953682,-50,-26.169214647570413,17.59938352921365,-36.20963863531199,-50,3.4701904504953682,-50,-26.169214647570413,-8.461724825079697,-50,-36.24568213432741,-20.507996438867472,-50,-38.085617832269776,-8.461724825079697,-50,-36.24568213432741,-20.507996438867472,-50,-38.085617832269776
0.6971933292524475,-50,-42.75591301787507,18.27367798203414,-50,-25.918892956919812,0.6971933292524475,-50,-42.75591301787507,18.27367798203414,-50,-25.918892956919812,9.37561495705677,-50,-25.252393115473335,-13.948881390989676,-41.68354423107399,-38.62159179709536,9.37561495705677,-50,-25.252393115473335,-13.948881390989676,-41.68354423107399,-38.62159179709536
-13.741037009209247,-50,-27.74276503252785,19.334215370430112,-50,-36.79355301610802,-13.741037009209247,-50,-27.74276503252785,19.334215370430112,-50,-36.79355301610802,21.083902795687933,-50,-27.579706000912765,3.2239604654340095,-28.237355805728498,-45.65499834060287,21.083902795687933,-50,-27.579706000912765,3.2239604654340095,-28.237355805728498,-45.65499834060287
-14.414321968694761,-50,-25.0696869079261,5.81998975760425,-36.70960840896931,-50,-14.414321968694761,-50,-25.0696869079261,5.81998975760425,-36.70960840896931,-50,17.49407968082761,-34.62529111623991,-41.40984096033372,17.49853100620063,-25.031755645487465,-41.377268858753055,17.49407968082761,-34.62529111623991,-41.40984096033372,17.49853100620063,-25.031755645487465,-41.377268858753055
-0.795672894922018,-40.02887257548582,-36.84937931060173,-11.669366297788477,-25.265677256101103,-50,-0.795672894922018,-40.02887257548582,-36.84937931060173,-11.669366297788477,-25.265677256101103,-50,1.417427708478815,-24.533038991227034,-50,17.643260524721963,-34.581331216750314,-36.61960420362309,1.417427708478815,-24.533038991227034,-50,17.643260524721963,-34.581331216750314,-36.61960420362309
16.45542131752152,-26.49279748005934,-50,-19.416400298983795,-27.663425646610555,-49.48241775575876,16.45542131752152,-26.49279748005934,-50,-19.416400298983795,-27.663425646610555,-49.48241775575876,-14.556016674606123,-29.199853490935254,-50,3.5442724128555048,-49.39505374469652,-43.42839994211018,-14.556016674606123,-29.199853490935254,-50,3.5442724128555048,-49.39505374469652,-43.42839994211018
23.836311016617362,-25.935006753036287,-50,-11.344869612125835,-42.028424061818484,-35.7350682882592,23.836311016617362,-25.935006753036287,-50,-11.344869612125835,-42.028424061818484,-35.7350682882592,-17.917041518750914,-44.949301632214755,-50,-13.70501603053702,-50,-44.56380149312776,-17.917041518750914,-44.949301632214755,-50,-13.70501603053702,-50,-44.56380149312776
15.56988047278686,-38.793658459424044,-50,6.21447016362425,-50,-25.48919026710741,15.56988047278686,-38.793658459424044,-50,6.21447016362425,-50,-25.48919026710741,-6.033542492841322,-50,-34.19735869521118,-20.532456698598335,-50,-37.15097483572867,-6.033542492841322,-50,-34.19735869521118,-20.532456698598335,-50,-37.15097483572867
-1.873630563867172,-50,-39.6069764122386,19.489276096635038,-50,-26.702012860082885,-1.873630563867172,-50,-39.6069764122386,19.489276096635038,-50,-26.702012860082885,11.788209040866816,-50,-24.70518035971115,-11.566057799218402,-39.35158593936173,-39.959179397977,11.788209040866816,-50,-24.70518035971115,-11.566057799218402,-39.35158593936173,-39.959179397977
-14.840965359100498,-50,-26.125691012399734,18.06770001973991,-50,-38.431624862283705,-14.840965359100498,-50,-26.125691012399734,18.06770001973991,-50,-38.431624862283705,21.59154463298065,-48.791331616537015,-28.961011999218737,6.139205951000674,-26.90599338867805,-45.87804792161447,21.59154463298065,-48.791331616537015,-28.961011999218737,6.139205951000674,-26.90599338867805,-45.87804792161447
-13.18242694272221,-50,-26.26255011270318,3.064728799458816,-34.530308599339236,-50,-13.18242694272221,-50,-26.26255011270318,3.064728799458816,-34.530308599339236,-50,15.699221993450427,-32.120498788851535,-43.640777610072846,18.652414289610462,-25.745357420979975,-39.92101941241184,15.699221993450427,-32.120498788851535,-43.640777610072846,18.652414289610462,-25.745357420979975,-39.92101941241184
1.8038256876417642,-37.397201275604374,-39.909385414673075,-13.75233496184377,-24.6836175706249,-50,1.8038256876417642,-37.397201275604374,-39.909385414673075,-13.75233496184377,-24.6836175706249,-50,-1.2743306425834975,-24.231467481383216,-50,16.127878948315956,-36.780122418453495,-37.171275857095026,-1.2743306425834975,-24.231467481383216,-50,16.127878948315956,-36.780122418453495,-37.171275857095026
18.387863034618263,-25.38888665444608,-50,-19.193338776527696,-29.13362874755125,-48.08477035959595,18.387863034618263,-25.38888665444608,-50,-19.193338776527696,-29.13362874755125,-48.08477035959595,-16.036691029110653,-31.339075439596577,-50,0.5519640409464108,-50,-44.59116138371277,-16.036691029110653,-31.339075439596577,-50,0.5519640409464108,-50,-44.59116138371277
23.589149292498455,-27.226004971680652,-50,-8.990732076909978,-44.40156498173566,-34.16973914172885,23.589149292498455,-27.226004971680652,-50,-8.990732076909978,-44.40156498173566,-34.16973914172885,-17.02707800186007,-47.84407625451019,-47.95421928759523,-15.819832200421583,-50,-43.3935435241645,-17.02707800186007,-47.84407625451019,-47.95421928759523,-15.819832200421583,-50,-43.3935435241645
13.336571915309683,-41.46545549423359,-50,8.853259537494086,-50,-24.971856808125125,13.336571915309683,-41.46545549423359,-50,8.853259537494086,-50,-24.971856808125125,-3.46989424711305,-50,-32.27489898808359,-20.105793286886332,-50,-36.610787844304184,-3.46989424711305,-50,-32.27489898808359,-20.105793286886332,-50,-36.610787844304184
-4.345047097276044,-50,-36.560640475009876,20.34303173751753,-50,-27.634450405588424,-4.345047097276044,-50,-36.560640475009876,20.34303173751753,-50,-27.634450405588424,14.017883648139156,-50,-24.43115551808972,-8.933623669176775,-37.05734850651079,-41.41681555884261,14.017883648139156,-50,-24.43115551808972,-8.933623669176775,-37.05734850651079,-41.41681555884261
-15.616080886385596,-50,-24.980169739210048,16.466794503363424,-48.77291699939216,-40.08967690573803,-15.616080886385596,-50,-24.980169739210048,16.466794503363424,-48.77291699939216,-40.08967690573803,21.741130514011296,-45.92535257434805,-30.5494529053368,8.906149366663099,-25.854279821952545,-45.64277594973368,21.741130514011296,-45.92535257434805,-30.5494529053368,8.906149366663099,-25.854279821952545,-45.64277594973368
-11.654548736114466,-50,-27.923220542522223,0.2648027167674859,-32.48841999495243,-50,-11.654548736114466,-50,-27.923220542522223,0.2648027167674859,-32.48841999495243,-50,13.651574627271572,-29.880494606719992,-45.851010584491306,19.37677047100575,-26.76116947385139,-38.58854737981616,13.651574627271572,-29.880494606719992,-45.851010584491306,19.37677047100575,-26.76116947385139,-38.58854737981616
4.438808029445897,-34.882347328471866,-43.06371594145871,-15.555211446096838,-24.399254381133904,-50,4.438808029445897,-34.882347328471866,-43.06371594145871,-15.555211446096838,-24.399254381133904,-50,-3.9156463461488205,-24.38207338491878,-50,14.23970732031533,-39.06662076952203,-38.115419774369336,-3.9156463461488205,-24.38207338491878,-50,14.23970732031533,-39.06662076952203,-38.115419774369336
20.067515502361395,-24.651513091677188,-50,-18.585112883514125,-30.829090676511893,-46.60066202905045,20.067515502361395,-24.651513091677188,-50,-18.585112883514125,-30.829090676511893,-46.60066202905045,-17.20319333440913,-33.76164679202392,-50,-2.463077302755738,-50,-45.42135110268502,-17.20319333440913,-33.76164679202392,-50,-2.463077302755738,-50,-45.42135110268502
22.998786653476266,-28.845336505695286,-50,-6.44845452069737,-46.75143193919243,-32.67138419450801,22.998786653476266,-28.845336505695286,-50,-6.44845452069737,-46.75143193919243,-32.67138419450801,-15.805249183670657,-50,-45.797237562852786,-17.58943742244065,-50,-42.00774065515328,-15.805249183670657,-50,-45.797237562852786,-17.58943742244065,-50,-42.00774065515328
10.938278474679471,-44.169468161248695,-50,11.335600441946465,-50,-24.622918686746253,10.938278474679471,-44.169468161248695,-50,11.335600441946465,-50,-24.622918686746253,-0.8165796348720771,-50,-30.508140716584663,-19.237595145943843,-49.645178323787235,-36.51784194858531,-0.8165796348720771,-50,-30.508140716584663,-19.237595145943843,-49.645178323787235,-36.51784194858531
-6.674096727122761,-50,-33.70027648293124,20.81845787791949,-50,-28.705924001017266,-6.674096727122761,-50,-33.70027648293124,20.81845787791949,-50,-28.705924001017266,16.02480566717295,-50,-24.43457161707508,-6.110740996155036,-34.84542926702398,-42.85206542283977,16.02480566717295,-50,-24.43457161707508,-6.110740996155036,-34.84542926702398,-42.85206542283977
-16.05291009963395,-50,-24.337551521335303,14.562414192003462,-46.47530942770488,-41.74942651145406,-16.05291009963395,-50,-24.337551521335303,14.562414192003462,-46.47530942770488,-41.74942651145406,21.529988088703,-42.99625304749698,-32.32037518357646,11.462605721177756,-25.102659206524656,-44.97217233872419,21.529988088703,-42.99625304749698,-32.32037518357646,11.462605721177756,-25.102659206524656,-44.97217233872419
-9.857245782028592,-49.00793129287457,-30.006249429815554,-2.5257186207163866,-30.6171806356367,-50,-9.857245782028592,-49.00793129287457,-30.006249429815554,-2.5257186207163866,-30.6171806356367,-50,11.387718779380151,-27.958485703636363,-48.006235769842704,19.655320185025314,-28.05944558722581,-37.5100570384936,11.387718779380151,-27.958485703636363,-48.006235769842704,19.655320185025314,-28.05944558722581,-37.5100570384936
7.063471394321287,-32.53660858947849,-46.226044048268164,-17.043180082666435,-24.41721657629451,-50,7.063471394321287,-32.53660858947849,-46.226044048268164,-17.043180082666435,-24.41721657629451,-50,-6.459332326982475,-24.98127933866409,-50,12.02118089092189,-41.3963793742935,-39.359777676381924,-6.459332326982475,-24.98127933866409,-50,12.02118089092189,-41.3963793742935,-39.359777676381924
21.46518206253748,-24.296010905289645,-50,-17.603468178166978,-32.722212557134156,-45.04645739575872,21.46518206253748,-24.296010905289645,-50,-17.603468178166978,-32.722212557134156,-45.04645739575872,-18.03468403997938,-36.410023870801275,-50,-5.433090810975035,-50,-45.83784600606435,-18.03468403997938,-36.410023870801275,-50,-5.433090810975035,-50,-45.83784600606435
22.075485112987824,-30.759326410858776,-50,-3.767131316747707,-49.03977359600764,-31.256525169616964,22.075485112987824,-30.759326410858776,-50,-3.767131316747707,-49.03977359600764,-31.256525169616964,-14.273383022231306,-50,-43.58608263791792,-18.97406113800135,-50,-40.54180845725833,-14.273383022231306,-50,-43.58608263791792,-18.97406113800135,-50,-40.54180845725833
8.416688628260642,-46.84946493911439,-47.6762533882342,13.61355595099881,-50,-24.446223495295676,8.416688628260642,-46.84946493911439,-47.6762533882342,13.61355595099881,-50,-24.446223495295676,1.8789999082765418,-50,-28.92450500663611,-17.947374381976783,-47.545694330341476,-36.88121948043726,1.8789999082765418,-50,-28.92450500663611,-17.947374381976783,-47.545694330341476,-36.88121948043726
-8.820294610673082,-50,-31.10416608413358,20.90637347922121,-50,-29.90461896253758,-8.820294610673082,-50,-31.10416608413358,20.90637347922121,-50,-29.90461896253758,17.77312145874822,-50,-24.71537563680484,-3.1608519645117887,-32.758825384493825,-44.12468163989885,17.77312145874822,-50,-24.71537563680484,-3.1608519645117887,-32.758825384493825,-44.12468163989885
-16.143859789249127,-50,-24.215423355871707,12.391334911968155,-44.120671301573054,-43.392572326124615,-16.143859789249127,-50,-24.215423355871707,12.391334911968155,-44.120671301573054,-43.392572326124615,20.961889414101513,-40.07360834823357,-34.24629308018281,13.751120563145706,-24.665742181872105,-43.93176601267686,20.961889414101513,-40.07360834823357,-34.24629308018281,13.751120563145706,-24.665742181872105,-43.93176601267686
-7.821759805210926,-46.38995578552733,-32.45462901789683,-5.252946959944293,-28.947050718010672,-50,-7.821759805210926,-46.38995578552733,-32.45462901789683,-5.252946959944293,-28.947050718010672,-50,8.948098208951151,-26.40012582689376,-50,19.481803234432444,-29.614948768071855,-36.79093450708262,8.948098208951151,-26.40012582689376,-50,19.481803234432444,-29.614948768071855,-36.79093450708262
9.63219241631795,-30.408766064580202,-49.3098240168599,-18.187506444996437,-24.737211765935303,-50,9.63219241631795,-30.408766064580202,-49.3098240168599,-18.187506444996437,-24.737211765935303,-50,-8.859945663742343,-26.014852319483,-50,9.522159388312376,-43.72411040757596,-40.78275547511162,-8.859945663742343,-26.014852319483,-50,9.522159388312376,-43.72411040757596,-40.78275547511162
22.556567693619446,-24.32977297070612,-50,-16.267361375678476,-34.7821779872212,-43.43929401348802,22.556567693619446,-24.32977297070612,-50,-16.267361375678476,-34.7821779872212,-43.43929401348802,-18.516308573750887,-39.221299403388244,-50,-8.291327643472709,-50,-45.799947740218165,-18.516308573750887,-39.221299403388244,-50,-8.291327643472709,-50,-45.799947740218165
20.835294014589945,-32.928172150165885,-50,-0.9985419735805088,-50,-29.940763116042454,20.835294014589945,-32.928172150165885,-50,-0.9985419735805088,-50,-29.940763116042454,-12.458846289227381,-50,-41.355072935750435,-19.942584960970294,-50,-39.138992445628304,-12.458846289227381,-50,-41.355072935750435,-19.942584960970294,-50,-39.138992445628304
5.815634060481189,-49.44971373089685,-44.539791954594506,15.643136061373509,-50,-24.44371957653253,5.815634060481189,-49.44971373089685,-44.539791954594506,15.643136061373509,-50,-24.44371957653253,4.568687884214047,-50,-27.54857081446251,-16.26412774513359,-45.324647161928524,-37.665412520858496,4.568687884214047,-50,-27.54857081446251,-16.26412774513359,-45.324647161928524,-37.665412520858496
-10.746334336463859,-50,-28.843358907764298,20.60508078763688,-50,-31.217317790398454,-10.746334336463859,-50,-28.843358907764298,20.60508078763688,-50,-31.217317790398454,19.23159738097822,-50,-25.269209333987572,-0.15025313186547873,-30.838098036235188,-45.110308823148465,19.23159738097822,-50,-25.269209333987572,-0.15025313186547873,-30.838098036235188,-45.110308823148465
-15.887349016879782,-50,-24.617127612571565,9.995482760757252,-41.74733162467551,-45.00099607938066,-15.887349016879782,-50,-24.617127612571565,9.995482760757252,-41.74733162467551,-45.00099607938066,20.046983566617573,-37.22684046639027,-36.29731521838578,15.720261226975413,-24.552021911962754,-42.62322166000842,20.046983566617573,-37.22684046639027,-36.29731521838578,15.720261226975413,-24.552021911962754,-42.62322166000842
-5.583472760860355,-43.70178805309599,-35.201352733498084,-7.8642163102484215,-27.505216761753474,-50,-5.583472760860355,-43.70178805309599,-35.201352733498084,-7.8642163102484215,-27.505216761753474,-50,6.376296709941965,-25.242430917407795,-50,18.86011928338078,-31.39744182529367,-36.501449800537664,6.376296709941965,-25.242430917407795,-50,18.86011928338078,-31.39744182529367,-36.501449800537664
12.100320150573664,-28.543069480798767,-50,-18.966092243514314,-25.35403104060101,-50,12.100320150573664,-28.543069480798767,-50,-18.966092243514314,-25.35403104060101,-50,-11.074599426258107,-27.458241723265616,-50,6.798806458391806,-46.00456545783114,-42.2453050016753,-11.074599426258107,-27.458241723265616,-50,6.798806458391806,-46.00456545783114,-42.2453050016753
23.322701320422574,-24.75209718607421,-50,-14.602594271766705,-36.97545467080472,-41.79689338962206,23.322701320422574,-24.75209718607421,-50,-14.602594271766705,-36.97545467080472,-41.79689338962206,-18.63946271886295,-42.12869676741101,-50,-10.97355105750547,-50,-45.31135958461748,-18.63946271886295,-42.12869676741101,-50,-10.97355105750547,-50,-45.31135958461748
19.299771053290765,-35.306771310823514,-50,1.8038487884458572,-50,-28.738606382591904,19.299771053290765,-35.306771310823514,-50,1.8038487884458572,-50,-28.738606382591904,-10.394055662920048,-50,-39.13883503711273,-20.473242040205935,-50,-37.936370653295285,-10.394055662920048,-50,-39.13883503711273,-20.473242040205935,-50,-37.936370653295285
3.1803277559723844,-50,-41.37093126216227,17.385147191162428,-50,-24.61543454010483,3.1803277559723844,-50,-41.37093126216227,17.385147191162428,-50,-24.61543454010483,7.204433047605621,-50,-26.40169344676125,-14.225684949162755,-43.02521141857114,-38.793792603531976,7.204433047605621,-50,-26.40169344676125,-14.225684949162755,-43.02521141857114,-38.793792603531976
-12.418736405216773,-50,-26.979728097363758,19.920398119829137,-50,-32.62954591267575,-12.418736405216773,-50,-26.979728097363758,19.920398119829137,-50,-32.62954591267575,20.374177777971184,-50,-26.08747688439813,2.8533945366242355,-29.120583950703676,-45.71263510099364,20.374177777971184,-50,-26.08747688439813,2.8533945366242355,-29.120583950703676,-45.71263510099364
-15.287836596175893,-50,-25.531670560783567,7.421124464637186,-39.39392382615044,-46.55696236626872,-15.287836596175893,-50,-25.531670560783567,7.421124464637186,-39.39392382615044,-46.55696236626872,18.80161532889178,-34.52356907909521,-38.441608530115374,17.32577274372603,-24.76370898792561,-41.17440543316576,18.80161532889178,-34.52356907909521,-38.441608530115374,17.32577274372603,-24.76370898792561,-41.17440543316576
-3.18129180571633,-40.99933011228281,-38.17124900404963,-10.30909998551661,-26.315149065080917,-50,-3.18129180571633,-40.99933011228281,-38.17124900404963,-10.30909998551661,-26.315149065080917,-50,3.7182594871139973,-24.512899864884655,-50,17.804240215367617,-33.372275145914216,-36.66989030211987,3.7182594871139973,-24.512899864884655,-50,17.804240215367617,-33.372275145914216,-36.66989030211987
14.42495222098253,-26.97831708733926,-50,-19.36390206962995,-26.257633762630796,-50,14.42495222098253,-26.97831708733926,-50,-19.36390206962995,-26.257633762630796,-50,-13.063728850056354,-29.277162518880154,-50,3.912327428721822,-48.19341510421094,-43.604511283154096,-13.063728850056354,-29.277162518880154,-50,3.912327428721822,-48.19341510421094,-43.604511283154096
23.750265579931863,-25.554201072883938,-50,-12.641315479548341,-39.26634025976545,-40.137365577622376,23.750265579931863,-25.554201072883938,-50,-12.641315479548341,-39.26634025976545,-40.137365577622376,-18.40194632790294,-45.06315614513157,-50,-13.419480080730093,-50,-44.41982458095697,-18.40194632790294,-45.06315614513157,-50,-13.419480080730093,-50,-44.41982458095697
17.495607547651545,-37.84565953523118,-50,4.5859235036996395,-50,-27.663310640504022,17.495607547651545,-37.84565953523118,-50,4.5859235036996395,-50,-27.663310640504022,-8.115898604545718,-50,-36.971766255701525,-20.55410625331677,-50,-37.05145886879068,-8.115898604545718,-50,-36.971766255701525,-20.55410625331677,-50,-37.05145886879068
0.5565780822109474,-50,-38.25639581122122,18.805949054150787,-50,-24.959474958108224,0.5565780822109474,-50,-38.25639581122122,18.805949054150787,-50,-24.959474958108224,9.739147840847158,-50,-25.501673113793927,-11.877858476778416,-40.692085483940204,-40.15609856736254,9.739147840847158,-50,-25.501673113793927,-11.877858476778416,-40.692085483940204,-40.15609856736254
-13.80843018920525,-50,-25.564276983891272,18.86554750437582,-50,-34.12573129023183,-13.80843018920525,-50,-25.564276983891272,18.86554750437582,-50,-34.12573129023183,21.180450463829384,-48.681815599582045,-27.157478295118686,5.782586298040846,-27.639669624470642,-45.872803359796116,21.180450463829384,-48.681815599582045,-27.157478295118686,5.782586298040846,-27.639669624470642,-45.872803359796116
-14.355743587194922,-50,-26.934023242836297,4.717973913780417,-37.09875688229719,-48.04331420801604,-14.355743587194922,-50,-26.934023242836297,4.717973913780417,-37.09875688229719,-48.04331420801604,17.24803319043714,-32.028005371105266,-40.64589232391392,18.5315724385422,-25.29668845670418,-39.72689033741326,17.24803319043714,-32.028005371105266,-40.64589232391392,18.5315724385422,-25.29668845670418,-39.72689033741326
-0.6569729920938903,-38.338781153006195,-41.283038532366454,-12.540384403015995,-25.396219653195818,-50,-0.6569729920938903,-38.338781153006195,-41.283038532366454,-12.540384403015995,-25.396219653195818,-50,1.021472345455012,-24.22886132282686,-50,16.33789612556836,-35.50106024366849,-37.279796624106055,1.021472345455012,-24.22886132282686,-50,16.33789612556836,-35.50106024366849,-37.279796624106055
16.565680573298117,-25.747048823345224,-50,-19.37325374715132,-27.433311008529948,-50,16.565680573298117,-25.747048823345224,-50,-19.37325374715132,-27.433311008529948,-50,-14.791798160424857,-31.428409625322075,-50,0.9275937643822774,-50,-44.727557669320724,-14.791798160424857,-31.428409625322075,-50,0.9275937643822774,-50,-44.727557669320724
23.831828311156325,-26.719404412736097,-50,-10.42139960203293,-41.61754351976119,-38.4790094851729,23.831828311156325,-26.719404412736097,-50,-10.42139960203293,-41.61754351976119,-38.4790094851729,-17.808002628514984,-47.95497491101005,-50,-15.5741442811492,-50,-43.21246025831058,-17.808002628514984,-47.95497491101005,-50,-15.5741442811492,-50,-43.21246025831058
15.45416447635687,-40.49203916117738,-50,7.293957033407831,-50,-26.726732718800232,15.45416447635687,-40.49203916117738,-50,7.293957033407831,-50,-26.726732718800232,-5.665074364243267,-50,-34.88750077163907,-20.183360237376224,-50,-36.57072742451862,-5.665074364243267,-50,-34.88750077163907,-20.183360237376224,-50,-36.57072742451862
-2.010007477149668,-50,-35.281423343866024,19.878104293267725,-50,-25.472047243111682,-2.010007477149668,-50,-35.281423343866024,19.878104293267725,-50,-25.472047243111682,12.127549612763904,-50,-24.86247865967494,-9.273413978264594,-38.37062264024542,-41.61921087253845,12.127549612763904,-50,-24.86247865967494,-9.273413978264594,-38.37062264024542,-41.61921087253845
-14.891259254155166,-50,-24.635743240727415,17.460899348796644,-50,-35.689376122967296,-14.891259254155166,-50,-24.635743240727415,17.460899348796644,-50,-35.689376122967296,21.63601138611737,-45.812092036447694,-28.462606515882925,8.571490750483168,-26.42414232716709,-45.575162545042204,21.63601138611737,-45.812092036447694,-28.462606515882925,8.571490750483168,-26.42414232716709,-45.575162545042204
-13.107272151713968,-50,-28.785806459613042,1.9382321284622095,-34.89919171972835,-49.44366223473724,-13.107272151713968,-50,-28.785806459613042,1.9382321284622095,-34.89919171972835,-49.44366223473724,15.413991878624977,-29.79942681750482,-42.87595482081199,19.31056086189042,-26.140599811005814,-38.42212223625965,15.413991878624977,-29.79942681750482,-42.87595482081199,19.31056086189042,-26.140599811005814,-38.42212223625965
1.9456045591453883,-35.77546884345728,-44.45155872600081,-14.514980833146506,-24.763386938778265,-50,1.9456045591453883,-35.77546884345728,-44.45155872600081,-14.514980833146506,-24.763386938778265,-50,-1.6658866431824713,-24.3970620985982,-50,14.494042004625706,-37.74241598697295,-38.27157095875858,-1.6658866431824713,-24.3970620985982,-50,14.494042004625706,-37.74241598697295,-38.27157095875858
18.485293870506993,-24.87486963088496,-50,-18.993966684173458,-28.861925002101,-50,18.485293870506993,-24.87486963088496,-50,-18.993966684173458,-28.861925002101,-50,-16.227935418636925,-33.86088416807891,-50,-2.088314869856023,-50,-45.50470418833277,-16.227935418636925,-33.86088416807891,-50,-2.088314869856023,-50,-45.50470418833277
23.565971745103433,-28.22347612221275,-50,-7.9857158289142784,-43.99079136016214,-36.840111099909585,23.565971745103433,-28.22347612221275,-50,-7.9857158289142784,-43.99079136016214,-36.840111099909585,-16.868242418185055,-50,-48.6757156269638,-17.38911918658987,-50,-41.80724582787148,-16.868242418185055,-50,-48.6757156269638,-17.38911918658987,-50,-41.80724582787148
13.210927344153621,-43.19087718002009,-49.39377396762903,9.875654061223539,-50,-25.939199864063863,13.210927344153621,-43.19087718002009,-49.39377396762903,9.875654061223539,-50,-25.939199864063863,-3.0853668894081716,-50,-32.918387609243894,-19.3693362327996,-50,-36.541151633172134,-3.0853668894081716,-50,-32.918387609243894,-19.3693362327996,-50,-36.541151633172134
-4.474815097050344,-50,-32.52743208118052,20.58090832833358,-50,-26.147499478433634,-4.474815097050344,-50,-32.52743208118052,20.58090832833358,-50,-26.147499478433634,14.326969592653652,-50,-24.49403075770614,-6.470884402794021,-36.105949452633745,-43.040159553479995,14.326969592653652,-50,-24.49403075770614,-6.470884402794021,-36.105949452633745,-43.040159553479995
-15.648401259897906,-50,-24.21953872172989,15.733579063050248,-49.16260897807178,-37.30323876404369,-15.648401259897906,-50,-24.21953872172989,15.733579063050248,-49.16260897807178,-37.30323876404369,21.73272195410031,-42.88193828210349,-29.982605190254677,11.157429344780526,-25.497630510102784,-44.84879702495909,21.73272195410031,-42.88193828210349,-29.982605190254677,11.157429344780526,-25.497630510102784,-44.84879702495909
-11.564123918189512,-49.92729180584916,-31.03634112178296,-0.8644208041686181,-32.83103305096932,-50,-11.564123918189512,-49.92729180584916,-31.03634112178296,-0.8644208041686181,-32.83103305096932,-50,13.332256520791818,-27.890769157533008,-45.09718414122923,19.64523082948676,-27.27903838563917,-37.38759828071137,13.332256520791818,-27.890769157533008,-45.09718414122923,19.64523082948676,-27.27903838563917,-37.38759828071137
4.5812013900203015,-33.3626987589589,-47.59009440338033,-16.194757493663836,-24.426952227651306,-50,4.5812013900203015,-33.3626987589589,-47.59009440338033,-16.194757493663836,-24.426952227651306,-50,-4.295807840793266,-25.01350689555968,-50,12.314117099802944,-40.05277300049066,-39.54830075740677,-4.295807840793266,-25.01350689555968,-50,12.314117099802944,-40.05277300049066,-39.54830075740677
20.150424321106506,-24.379916985231816,-50,-18.233365360520306,-30.520220640830082,-49.05501997930985,20.150424321106506,-24.379916985231816,-50,-18.233365360520306,-30.520220640830082,-49.05501997930985,-17.34648404878139,-36.516807237857485,-50,-5.067618174999692,-50,-45.86001093408605,-17.34648404878139,-36.516807237857485,-50,-5.067618174999692,-50,-45.86001093408605
22.9573171492336,-30.03513815240285,-50,-5.381300081981437,-46.34745184674834,-35.23874185759598,22.9573171492336,-30.03513815240285,-50,-5.381300081981437,-46.34745184674834,-35.23874185759598,-15.599454502467111,-50,-46.545091329880236,-18.823614588640833,-50,-40.34149368735604,-15.599454502467111,-50,-46.545091329880236,-18.823614588640833,-50,-40.34149368735604
10.804889352975692,-45.886049680232766,-46.31340564480857,12.281158977423406,-50,-25.30939586629043,10.804889352975692,-45.886049680232766,-46.31340564480857,12.281158977423406,-50,-25.30939586629043,-0.4228626249641003,-50,-31.094988561183133,-18.130328822448025,-48.77162439410019,-36.965621532553406,-0.4228626249641003,-50,-31.094988561183133,-18.130328822448025,-48.77162439410019,-36.965621532553406
-6.795000113469047,-50,-30.06979249199364,20.900789185828852,-50,-26.97838373942146,-6.795000113469047,-50,-30.06979249199364,20.900789185828852,-50,-26.97838373942146,16.298115167396112,-50,-24.402047935701106,-3.5332545140318534,-33.942088560715746,-44.28009471924764,16.298115167396112,-50,-24.402047935701106,-3.5332545140318534,-33.942088560715746,-44.28009471924764
-16.066695140802583,-50,-24.327053996703203,13.716943235853801,-46.87872586957465,-38.94952383620537,-16.066695140802583,-50,-24.327053996703203,13.716943235853801,-46.87872586957465,-38.94952383620537,21.468854434572552,-39.96095469002135,-31.693883046171912,13.482285038158418,-24.878144496374905,-43.764684572774215,21.468854434572552,-39.96095469002135,-31.693883046171912,13.482285038158418,-24.878144496374905,-43.764684572774215
-9.753122751927616,-47.34824016647751,-33.62403522111819,-3.635862355657217,-30.927946542234594,-50,-9.753122751927616,-47.34824016647751,-33.62403522111819,-3.635862355657217,-30.927946542234594,-50,11.04001729561652,-26.347369004525458,-47.27510550167359,19.528060883217314,-28.689874245315888,-36.724408355523494,11.04001729561652,-26.347369004525458,-47.27510550167359,19.528060883217314,-28.689874245315888,-36.724408355523494
7.204004082962412,-31.150645861406048,-50,-17.54727591920307,-24.392392033227615,-50,7.204004082962412,-31.150645861406048,-50,-17.54727591920307,-24.392392033227615,-50,-6.821307734862778,-26.063553213911366,-50,9.847113598772783,-42.387220603627945,-40.985228669078666,-6.821307734862778,-26.063553213911366,-50,9.847113598772783,-42.387220603627945,-40.985228669078666
21.532127696698133,-24.27248371548586,-50,-17.106137883394794,-32.381204044455394,-47.62859319023717,21.532127696698133,-24.27248371548586,-50,-17.106137883394794,-32.381204044455394,-47.62859319023717,-18.127461192203533,-39.33309232114152,-50,-7.943358529556073,-50,-45.75875863518161,-18.127461192203533,-39.33309232114152,-50,-7.943358529556073,-50,-45.75875863518161
22.016444498004066,-32.11671593418023,-50,-2.658446696194857,-48.649163055682145,-33.692559376097684,22.016444498004066,-32.11671593418023,-50,-2.658446696194857,-48.649163055682145,-33.692559376097684,-14.024305763156539,-50,-44.3486867029547,-19.845391272177395,-50,-38.95843175736649,-14.024305763156539,-50,-44.3486867029547,-19.845391272177395,-50,-38.95843175736649
8.277873600294761,-48.521508976879446,-43.152098295800236,14.46401864948248,-50,-24.84426530642065,8.277873600294761,-48.521508976879446,-43.152098295800236,14.46401864948248,-50,-24.84426530642065,2.274872820446469,-50,-29.445603851491782,-16.494183774517275,-46.61540468939989,-37.80265948168398,2.274872820446469,-50,-29.445603851491782,-16.494183774517275,-46.61540468939989,-37.80265948168398
-8.930231773337951,-50,-27.975764574708975,20.831569589720825,-50,-27.955538218555905,-8.930231773337951,-50,-27.975764574708975,20.831569589720825,-50,-27.955538218555905,18.005771843544192,-50,-24.587957821075282,-0.5265453544964788,-31.921102929131713,-45.21785445537922,18.005771843544192,-50,-24.587957821075282,-0.5265453544964788,-31.921102929131713,-45.21785445537922
-16.138869878781776,-50,-24.955346617430163,11.449935479764441,-44.531245358796745,-40.61007845382551,-16.138869878781776,-50,-24.955346617430163,11.449935479764441,-44.531245358796745,-40.61007845382551,20.84912281779273,-37.11852379351316,-33.569880046344224,15.4938084314793,-24.577726380919287,-42.42876067917115,20.84912281779273,-37.11852379351316,-33.569880046344224,15.4938084314793,-24.577726380919287,-42.42876067917115
-7.70574848765059,-44.67906821910938,-36.47806946344841,-6.322572726143925,-29.22091080080373,-50,-7.70574848765059,-44.67906821910938,-36.47806946344841,-6.322572726143925,-29.22091080080373,-50,8.578225030987273,-25.205886958983662,-49.37591628361897,18.961684330304973,-30.34568236511848,-36.497356946614666,8.578225030987273,-25.205886958983662,-49.37591628361897,18.961684330304973,-30.34568236511848,-36.497356946614666
9.768421615270459,-29.185311081668264,-50,-18.546417386291147,-24.66026892934967,-50,9.768421615270459,-29.185311081668264,-50,-18.546417386291147,-24.66026892934967,-50,-9.197268298279411,-27.522259156044665,-50,7.148475566723159,-44.700379822462736,-42.44194337104428,-9.197268298279411,-27.522259156044665,-50,7.148475566723159,-44.700379822462736,-42.44194337104428
22.606386456757548,-24.554803959185186,-50,-15.634052342771774,-34.414581963696605,-46.12073553849866,22.606386456757548,-24.554803959185186,-50,-15.634052342771774,-34.414581963696605,-46.12073553849866,-18.55691470104944,-42.24284380299022,-50,-10.650905812159303,-50,-45.21084129472365,-18.55691470104944,-42.24284380299022,-50,-10.650905812159303,-50,-45.21084129472365
20.75970856584185,-34.42492184284793,-50,0.13026282328031424,-50,-32.21861275232449,20.75970856584185,-34.42492184284793,-50,0.13026282328031424,-50,-32.21861275232449,-12.17093621470558,-50,-42.120591235859635,-20.431485567704026,-50,-37.79320777456447,-12.17093621470558,-50,-42.120591235859635,-20.431485567704026,-50,-37.79320777456447
5.673806086674869,-50,-39.99636970308047,16.382079486658775,-50,-24.548936981402026,5.673806086674869,-50,-39.99636970308047,16.382079486658775,-50,-24.548936981402026,4.959644433537431,-50,-27.995832899483403,-14.497672229641907,-44.35570556937622,-38.970473203681884,4.959644433537431,-50,-27.995832899483403,-14.497672229641907,-44.35570556937622,-38.970473203681884
-10.84339428622471,-50,-26.302657104391244,20.374586251917158,-50,-29.068188248800617,-10.84339428622471,-50,-26.302657104391244,20.374586251917158,-50,-29.068188248800617,19.419432353846503,-50,-25.0488749832306,2.4816695281637013,-30.08227819194454,-45.76180432156284,19.419432353846503,-50,-25.0488749832306,2.4816695281637013,-30.08227819194454,-45.76180432156284
-15.86367089218999,-50,-26.087221645781913,8.976334384058585,-42.15837993713326,-42.2665923870711,-15.86367089218999,-50,-26.087221645781913,8.976334384058585,-42.15837993713326,-42.2665923870711,19.884598602100937,-34.4221622526919,-35.581479615629256,17.146792035536226,-24.602215946051075,-40.97156692486785,19.884598602100937,-34.4221622526919,-35.581479615629256,17.146792035536226,-24.602215946051075,-40.97156692486785
-5.4575897294231375,-41.97528295200316,-39.52033543148138,-8.872668374579616,-27.737713102557247,-50,-5.4575897294231375,-41.97528295200316,-39.52033543148138,-8.872668374579616,-27.737713102557247,-50,5.990859617930377,-24.49343680417924,-50,17.95883006169273,-32.21427574141169,-36.72863068449965,5.990859617930377,-24.49343680417924,-50,17.95883006169273,-32.21427574141169,-36.72863068449965
12.22987784773712,-27.507564703374243,-50,-19.172887296663372,-25.226222392665154,-50,12.22987784773712,-27.507564703374243,-50,-19.172887296663372,-25.226222392665154,-50,-11.38124302239262,-29.354975874942205,-50,4.278852882296404,-46.94728550475419,-43.77610004803364,-11.38124302239262,-29.354975874942205,-50,4.278852882296404,-46.94728550475419,-43.77610004803364
23.354527234945703,-25.221006702112227,-50,-13.845536443889394,-36.58725489639334,-44.548073529399254,23.354527234945703,-25.221006702112227,-50,-13.845536443889394,-36.58725489639334,-44.548073529399254,-18.62717239322986,-45.176945947976435,-50,-13.12940991540037,-50,-44.26979938464306,-18.62717239322986,-45.176945947976435,-50,-13.12940991540037,-50,-44.26979938464306
19.208954639305055,-36.91175538956645,-50,2.9309752117166386,-50,-30.833154569092223,19.208954639305055,-36.91175538956645,-50,2.9309752117166386,-50,-30.833154569092223,-10.07245628318206,-50,-39.895386278715684,-20.568725442706832,-50,-36.95968315076512,-10.07245628318206,-50,-39.895386278715684,-20.568725442706832,-50,-36.95968315076512
3.037952169456289,-50,-36.93258497121953,17.998301475581194,-50,-24.426667351125428,3.037952169456289,-50,-36.93258497121953,17.998301475581194,-50,-24.426667351125428,7.583488799738536,-50,-26.76817700172695,-12.185664296922418,-42.036452983492154,-40.354948226918665,7.583488799738536,-50,-26.76817700172695,-12.185664296922418,-42.036452983492154,-40.354948226918665
-12.501231991766094,-50,-25.096259222089124,19.538664058802475,-50,-30.304065111282,-12.501231991766094,-50,-25.096259222089124,19.538664058802475,-50,-30.304065111282,20.513841669241206,-48.57210443062846,-25.77764571713094,5.423782746288362,-28.461358985134485,-45.85879153289591,20.513841669241206,-48.57210443062846,-25.77764571713094,5.423782746288362,-28.461358985134485,-45.85879153289591
-15.245881843663703,-50,-27.691702240014493,6.343908098720187,-39.79875531375456,-43.90079996101793,-15.245881843663703,-50,-27.691702240014493,6.343908098720187,-39.79875531375456,-43.90079996101793,18.59251300172464,-31.935917121758994,-37.69746054737794,18.404086275694443,-24.95113714281721,-39.53549493637086,18.59251300172464,-31.935917121758994,-37.69746054737794,18.404086275694443,-24.95113714281721,-39.53549493637086
-3.0477252296286528,-39.29311115760843,-42.66757323422917,-11.236903951137606,-26.502497068291262,-50,-3.0477252296286528,-39.29311115760843,-42.66757323422917,-11.236903951137606,-26.502497068291262,-50,3.3241443103516977,-24.22694146865337,-50,16.542036479702393,-34.25933107013856,-37.39563034816995,3.3241443103516977,-24.22694146865337,-50,16.542036479702393,-34.25933107013856,-37.39563034816995
14.54558637203684,-26.15229644152578,-50,-19.41458777863701,-26.08103978360292,-50,14.54558637203684,-26.15229644152578,-50,-19.41458777863701,-26.08103978360292,-50,-13.334215223402255,-31.518170593096986,-50,1.3027381767813215,-49.08426039074436,-44.8573298052508,-13.334215223402255,-31.518170593096986,-50,1.3027381767813215,-49.08426039074436,-44.8573298052508
23.763545430001276,-26.25723786945875,-50,-11.775128534847019,-38.86385588407062,-42.927948238342644,23.763545430001276,-26.25723786945875,-50,-11.775128534847019,-38.86385588407062,-42.927948238342644,-18.33697911586673,-48.06570461595954,-50,-15.323168306627302,-50,-43.027588067243755,-18.33697911586673,-48.06570461595954,-50,-15.323168306627302,-50,-43.027588067243755
17.391138790107714,-39.52550141951596,-50,5.689605414925231,-50,-29.551461684805464,17.391138790107714,-39.52550141951596,-50,5.689605414925231,-50,-29.551461684805464,-7.766355288879277,-50,-37.707608319237615,-20.254026533271922,-50,-36.5393068535933,-7.766355288879277,-50,-37.707608319237615,-20.254026533271922,-50,-36.5393068535933
0.4161297350260127,-50,-34.0445929107302,19.28147346642582,-50,-24.47880463082433,0.4161297350260127,-50,-34.0445929107302,19.28147346642582,-50,-24.47880463082433,10.099530969057662,-50,-25.78169009870991,-9.610120631650188,-39.702730532029186,-41.82079873244663,10.099530969057662,-50,-25.78169009870991,-9.610120631650188,-39.702730532029186,-41.82079873244663
-13.874927428135273,-50,-24.389587290350786,18.339945652262802,-50,-31.64954131723401,-13.874927428135273,-50,-24.389587290350786,18.339945652262802,-50,-31.64954131723401,21.269448179659175,-45.69873979155855,-26.762959073007913,8.233672497875132,-27.08985411203492,-45.49933885498096,21.269448179659175,-45.69873979155855,-26.762959073007913,8.233672497875132,-27.08985411203492,-45.49933885498096
-14.296241487824936,-50,-29.72487742039076,3.6034918751751865,-37.49078166297423,-45.49468146347763,-14.296241487824936,-50,-29.72487742039076,3.6034918751751865,-37.49078166297423,-45.49468146347763,16.995949111335577,-29.718844530329847,-39.8849815748987,19.237434400886244,-25.617707344840614,-38.26087239873916,16.995949111335577,-29.718844530329847,-39.8849815748987,19.237434400886244,-25.617707344840614,-38.26087239873916
-0.5180446002526757,-36.68833016358863,-45.83365014070479,-13.36962328277683,-25.5353696517645,-50,-0.5180446002526757,-36.68833016358863,-45.83365014070479,-13.36962328277683,-25.5353696517645,-50,0.6257199471249799,-24.412731053522318,-50,14.743144964244824,-36.44109483003305,-38.433179178042224,0.6257199471249799,-24.412731053522318,-50,14.743144964244824,-36.44109483003305,-38.433179178042224
16.675294247988248,-25.147689890503724,-50,-19.266851311291667,-27.210806310519814,-50,16.675294247988248,-25.147689890503724,-50,-19.266851311291667,-27.210806310519814,-50,-15.02129507497655,-33.96046064269831,-50,-1.7129825897275366,-50,-45.57997883838836,-15.02129507497655,-33.96046064269831,-50,-1.7129825897275366,-50,-45.57997883838836
23.826331258993907,-27.64194842940026,-50,-9.462810630412031,-41.20732621836507,-41.27822409817038,23.826331258993907,-27.64194842940026,-50,-9.462810630412031,-41.20732621836507,-41.27822409817038,-17.691519168585526,-50,-50,-17.182877900869695,-50,-41.60559167417537,-17.691519168585526,-50,-50,-17.182877900869695,-50,-41.60559167417537
15.337859309600704,-42.211805558734945,-48.06137495038103,8.352881035213315,-50,-28.387666782025384,15.337859309600704,-42.211805558734945,-48.06137495038103,8.352881035213315,-50,-28.387666782025384,-5.293831700040039,-50,-35.591212956150954,-19.49446146286294,-50,-36.57315651224028,-5.293831700040039,-50,-35.591212956150954,-19.49446146286294,-50,-36.57315651224028
-2.1460872333161713,-50,-31.41143128705416,20.206815897055154,-50,-24.704773924880392,-2.1460872333161713,-50,-31.41143128705416,20.206815897055154,-50,-24.704773924880392,12.462821876535363,-50,-25.05168304649229,-6.8289246583165495,-37.399903092791895,-43.22478718779547,12.462821876535363,-50,-25.05168304649229,-6.8289246583165495,-37.399903092791895,-43.22478718779547
-14.940602253285146,-50,-24.201981310534197,16.80157969630571,-50,-33.08978087251853,-14.940602253285146,-50,-24.201981310534197,16.80157969630571,-50,-33.08978087251853,21.6727529833188,-42.76763743306426,-27.989522408942303,10.848188604785701,-25.994424048463237,-44.71857068449504,21.6727529833188,-42.76763743306426,-27.989522408942303,10.848188604785701,-25.994424048463237,-44.71857068449504
-13.031257004241855,-50,-32.13110381264422,0.8080063776668982,-35.27202838009118,-47.03066184071407,-13.031257004241855,-50,-32.13110381264422,0.8080063776668982,-35.27202838009118,-47.03066184071407,15.12342952681738,-27.823606914908886,-42.11009108719487,19.628107533040755,-26.58896919476866,-37.27225074912832,15.12342952681738,-27.823606914908886,-42.11009108719487,19.628107533040755,-26.58896919476866,-37.27225074912832
2.0874798357642215,-34.21510791075961,-48.93191783655765,-15.229641047827835,-24.8520738369576,-50,2.0874798357642215,-34.21510791075961,-48.93191783655765,-15.229641047827835,-24.8520738369576,-50,-2.0562061509478458,-25.046392472695466,-50,12.602584261527364,-38.71715604531525,-39.73989170974221,-2.0562061509478458,-25.046392472695466,-50,12.602584261527364,-38.71715604531525,-39.73989170974221
18.581981702659156,-24.514636429784474,-50,-18.732530859782113,-28.597131535885964,-50,18.581981702659156,-24.514636429784474,-50,-18.732530859782113,-28.597131535885964,-50,-16.412342914606864,-36.62383396534099,-50,-4.700533340430792,-50,-45.87343253568361,-16.412342914606864,-36.62383396534099,-50,-4.700533340430792,-50,-45.87343253568361
23.541793343543056,-29.346342517781494,-50,-6.953236312180199,-43.579518685882285,-39.617091915644934,23.541793343543056,-29.346342517781494,-50,-6.953236312180199,-43.579518685882285,-39.617091915644934,-16.702323686060417,-50,-49.3855631360451,-18.66674311091791,-50,-40.14276247496108,-16.702323686060417,-50,-49.3855631360451,-18.66674311091791,-50,-40.14276247496108
13.084807449618607,-44.914804545029526,-44.93503287940536,10.86937108417244,-50,-27.354602532392295,13.084807449618607,-44.914804545029526,-44.93503287940536,10.86937108417244,-50,-27.354602532392295,-2.6990571226746773,-50,-33.579047888367036,-18.307100890382745,-49.949335949945315,-37.057924462274194,-2.6990571226746773,-50,-33.579047888367036,-18.307100890382745,-49.949335949945315,-37.057924462274194
-4.604160847796042,-50,-29.105163736982036,20.756459315476377,-50,-25.102083565951464,-4.604160847796042,-50,-29.105163736982036,20.756459315476377,-50,-25.102083565951464,14.631141356775261,-50,-24.5894859832288,-3.9045816837688623,-35.17273498012007,-44.42972099303517,14.631141356775261,-50,-24.5894859832288,-3.9045816837688623,-35.17273498012007,-44.42972099303517
-15.679732311629841,-50,-24.538575631048094,14.953273849037679,-49.54926901674483,-34.608902867836065,-15.679732311629841,-50,-24.538575631048094,14.953273849037679,-49.54926901674483,-34.608902867836065,21.716551044454,-39.84842024094503,-29.43829874164772,13.208571765954371,-25.19636269376482,-43.59278082203267,21.716551044454,-39.84842024094503,-29.43829874164772,13.208571765954371,-25.19636269376482,-43.59278082203267
