-0.4052899617529597,-50,-50,-2.147310258776769,-22.831728827184353,-22.801657369204307,-0.4052899617529597,-50,-50,-2.147310258776769,-22.831728827184353,-22.801657369204307,-0.6523128015771686,-50,-50,-1.8802243068817395,-23.26931304189508,-23.7150584041192,-0.6523128015771686,-50,-50,-1.8802243068817395,-23.26931304189508,-23.7150584041192
12.439788201179887,-48.92194320457935,-48.905432874276926,-14.751184012703073,-32.800327022655836,-29.830584653121527,12.439788201179887,-48.92194320457935,-48.905432874276926,-14.751184012703073,-32.800327022655836,-29.830584653121527,-13.513968820744699,-49.85979841416356,-50,10.979982043526528,-31.258390668916498,-32.080964488149014,-13.513968820744699,-49.85979841416356,-50,10.979982043526528,-31.258390668916498,-32.080964488149014
21.07390385163812,-38.6430461799035,-39.67683643589447,-22.981084396414673,-47.10494855334843,-39.833141167512764,21.07390385163812,-38.6430461799035,-39.67683643589447,-22.981084396414673,-47.10494855334843,-39.833141167512764,-22.262203404595695,-39.32083358227097,-43.14077531119591,19.463114094428267,-42.54929363672519,-43.44240541956708,-22.262203404595695,-39.32083358227097,-43.14077531119591,19.463114094428267,-42.54929363672519,-43.44240541956708
22.520197776199286,-28.65234106621392,-29.89010971250012,-24.009078860379113,-50,-49.37649958958675,22.520197776199286,-28.65234106621392,-29.89010971250012,-24.009078860379113,-50,-49.37649958958675,-23.871796503947778,-28.99098083407953,-30.92756839012537,20.653081307080832,-50,-50,-23.871796503947778,-28.99098083407953,-30.92756839012537,20.653081307080832,-50,-50
16.28001862839707,-22.378731241411813,-22.972393640156934,-17.48193117209742,-50,-50,16.28001862839707,-22.378731241411813,-22.972393640156934,-17.48193117209742,-50,-50,-17.78613600826445,-22.426312399700578,-22.742111625782112,14.140830502845873,-50,-50,-17.78613600826445,-22.426312399700578,-22.742111625782112,14.140830502845873,-50,-50
4.504847294239277,-21.975378236650972,-21.346151684501162,-5.642479342079356,-50,-50,4.504847294239277,-21.975378236650972,-21.346151684501162,-5.642479342079356,-50,-50,-6.109699337257754,-21.88672836565477,-21.425539991958484,2.1649585634176036,-50,-50,-6.109699337257754,-21.88672836565477,-21.425539991958484,2.1649585634176036,-50,-50
-8.745487901660972,-27.58071657329627,-25.580865403125348,7.441041336694532,-50,-49.59143970746799,-8.745487901660972,-27.58071657329627,-25.580865403125348,7.441041336694532,-50,-49.59143970746799,7.1196942231851885,-27.557981602390107,-27.434829540455723,-11.157808914312161,-50,-50,7.1196942231851885,-27.557981602390107,-27.434829540455723,-11.157808914312161,-50,-50
-18.902553548667353,-37.270941741247,-34.19361194063669,17.272912536549992,-47.98960334287054,-40.10835330208332,-18.902553548667353,-37.270941741247,-34.19361194063669,17.272912536549992,-47.98960334287054,-40.10835330208332,17.327198599382783,-37.48773197140707,-38.68418308299068,-21.24774878580669,-42.62971553258639,-41.9240699753258,17.327198599382783,-37.48773197140707,-38.68418308299068,-21.24774878580669,-42.62971553258639,-41.9240699753258
-22.464409705655363,-47.720277888558456,-44.168357738022856,20.47473752210118,-33.57508051088804,-30.07161737751287,-22.464409705655363,-47.720277888558456,-44.168357738022856,20.47473752210118,-33.57508051088804,-30.07161737751287,20.982964814949156,-48.25764327760541,-50,-24.636427691877625,-31.328911449357992,-30.74345347319987,20.982964814949156,-48.25764327760541,-50,-24.636427691877625,-31.328911449357992,-30.74345347319987
-18.203004219159524,-50,-50,15.946315237152195,-23.230672251097854,-22.925789459018745,-18.203004219159524,-50,-50,15.946315237152195,-23.230672251097854,-22.925789459018745,16.822795260132217,-50,-50,-20.158981707557544,-23.30577516521655,-23.01337384222792,16.822795260132217,-50,-50,-20.158981707557544,-23.30577516521655,-23.01337384222792
-7.587578954608276,-50,-50,5.243687939879197,-20.506757937592287,-21.123281916106503,-7.587578954608276,-50,-50,5.243687939879197,-20.506757937592287,-21.123281916106503,6.285314862578787,-50,-50,-9.354540224474768,-21.308705778102787,-21.363493071471527,6.285314862578787,-50,-50,-9.354540224474768,-21.308705778102787,-21.363493071471527
5.721893511478653,-50,-50,-7.955541156029452,-26.3382319551045,-25.28270631412389,5.721893511478653,-50,-50,-7.955541156029452,-26.3382319551045,-25.28270631412389,-6.985518655613485,-50,-50,4.0628522987715385,-26.02181776740272,-26.355076886054356,-6.985518655613485,-50,-50,4.0628522987715385,-26.02181776740272,-26.355076886054356
17.136590497028337,-44.68317490284363,-44.194224894766805,-19.115894359624836,-38.72363181758691,-33.97656902181219,17.136590497028337,-44.68317490284363,-44.194224894766805,-19.115894359624836,-38.72363181758691,-33.97656902181219,-18.400528901906224,-45.35118350641632,-49.52962265676308,15.480945203242769,-35.830591289362786,-36.290060214327035,-18.400528901906224,-45.35118350641632,-49.52962265676308,15.480945203242769,-35.830591289362786,-36.290060214327035
22.720967556553127,-34.072222069242315,-34.220609227818585,-24.402486117347845,-50,-44.22117987949972,22.720967556553127,-34.072222069242315,-34.220609227818585,-24.402486117347845,-50,-44.22117987949972,-24.012300254585995,-34.43074260659538,-36.86147307450215,20.974750349013167,-47.374940793280615,-47.78870451962007,-24.012300254585995,-34.43074260659538,-36.86147307450215,20.974750349013167,-47.374940793280615,-47.78870451962007
20.549650398826184,-25.31821070479037,-25.59953884183286,-21.99875435545288,-50,-50,20.549650398826184,-25.31821070479037,-25.59953884183286,-21.99875435545288,-50,-50,-21.88023052188107,-25.402837276290775,-26.161442205629484,18.655763217804743,-50,-50,-21.88023052188107,-25.402837276290775,-26.161442205629484,18.655763217804743,-50,-50
11.37126294179312,-21.425599333303595,-21.349962162320065,-12.730661840544181,-50,-50,11.37126294179312,-21.425599333303595,-21.349962162320065,-12.730661840544181,-50,-50,-12.741609043693304,-21.3753417731284,-21.143462307980588,9.321139434710473,-50,-50,-12.741609043693304,-21.3753417731284,-21.143462307980588,9.321139434710473,-50,-50
-1.6496822724445044,-23.730368561622104,-22.960006794241693,0.2171185549262793,-50,-50,-1.6496822724445044,-23.730368561622104,-22.960006794241693,0.2171185549262793,-50,-50,0.24334474910643622,-23.734729386207324,-23.549251479328724,-3.8203287837545306,-50,-50,0.24334474910643622,-23.734729386207324,-23.549251479328724,-3.8203287837545306,-50,-50
-14.02384061408492,-31.441500047963853,-29.865863200159914,12.395511153564225,-50,-45.79050219105441,-14.02384061408492,-31.441500047963853,-29.865863200159914,12.395511153564225,-50,-45.79050219105441,12.584314304627917,-31.668776265346573,-32.54377119328855,-16.25124021041266,-49.148469880151985,-48.88966065984646,12.584314304627917,-31.668776265346573,-32.54377119328855,-16.25124021041266,-49.148469880151985,-48.88966065984646
-21.484865793719145,-41.91246139045387,-39.649220962688645,19.619814898861677,-41.562622609381535,-35.62943212983994,-21.484865793719145,-41.91246139045387,-39.649220962688645,19.619814898861677,-41.562622609381535,-35.62943212983994,20.013678748297092,-42.44617108723146,-45.00506439022293,-23.69844867923524,-37.70007008898998,-37.454142276220935,20.013678748297092,-42.44617108723146,-45.00506439022293,-23.69844867923524,-37.70007008898998,-37.454142276220935
-21.460355211389803,-50,-48.88411889707703,19.407637203240043,-28.34624575774065,-26.451855874207084,-21.460355211389803,-50,-48.88411889707703,19.407637203240043,-28.34624575774065,-26.451855874207084,19.962295465996146,-50,-50,-23.60196407976898,-27.34683912919662,-27.18628088305297,19.962295465996146,-50,-50,-23.60196407976898,-27.34683912919662,-27.18628088305297
-13.958759593933038,-50,-50,11.831885900786931,-20.994609772216837,-21.407471652004777,-13.958759593933038,-50,-50,11.831885900786931,-20.994609772216837,-21.407471652004777,12.447933269743055,-50,-50,-15.994953151132133,-21.63537145248431,-21.579055350364094,12.447933269743055,-50,-50,-15.994953151132133,-21.63537145248431,-21.579055350364094
-1.566469364322922,-50,-50,-0.5042831139535007,-22.03092295176092,-22.227486876029882,-1.566469364322922,-50,-50,-0.5042831139535007,-22.03092295176092,-22.227486876029882,0.06912777892860844,-50,-50,-3.4923383611120915,-22.522182822099015,-22.53996321392715,0.06912777892860844,-50,-50,-3.4923383611120915,-22.522182822099015,-22.53996321392715
11.443917699176891,-50,-48.25026764189115,-13.361954147376592,-31.099504734918778,-28.630476426405487,11.443917699176891,-50,-48.25026764189115,-13.361954147376592,-31.099504734918778,-28.630476426405487,-12.893416117157834,-50,-50,9.608085975649375,-29.703487850135737,-29.7421174293087,-12.893416117157834,-50,-50,9.608085975649375,-29.703487850135737,-29.7421174293087
20.586697192303816,-40.10289134307232,-38.84268773336488,-22.323014618367537,-45.08786140464075,-38.4189663429043,20.586697192303816,-40.10289134307232,-38.84268773336488,-22.323014618367537,-45.08786140464075,-38.4189663429043,-21.9571314151993,-40.45769463158589,-43.31195410770064,18.803027533544338,-40.719264475133826,-40.735448646166965,-21.9571314151993,-40.45769463158589,-43.31195410770064,18.803027533544338,-40.719264475133826,-40.735448646166965
22.709633440642303,-29.85670992442352,-29.16908186091392,-24.30829304212943,-50,-48.23359588751106,22.709633440642303,-29.85670992442352,-29.16908186091392,-24.30829304212943,-50,-48.23359588751106,-23.987701930953016,-29.93082145233644,-31.07215291644497,20.931710089783827,-50,-50,-23.987701930953016,-29.93082145233644,-31.07215291644497,20.931710089783827,-50,-50
17.08078323353597,-22.914273145317555,-22.616978012375856,-18.6356142752605,-50,-50,17.08078323353597,-22.914273145317555,-22.616978012375856,-18.6356142752605,-50,-50,-18.282937688069133,-22.84559059605174,-22.809917247604528,15.262395528658956,-50,-50,-18.282937688069133,-22.84559059605174,-22.809917247604528,15.262395528658956,-50,-50
5.640854256445352,-21.658290199135006,-21.4808086319493,-7.254206398287711,-50,-50,5.640854256445352,-21.658290199135006,-21.4808086319493,-7.254206398287711,-50,-50,-6.815598675779057,-21.641106792116513,-21.393031685017416,3.7439200174783407,-50,-50,-6.815598675779057,-21.641106792116513,-21.393031685017416,3.7439200174783407,-50,-50
-7.66590959177204,-26.519826172648422,-26.15844041235114,5.92508692189623,-50,-50,-7.66590959177204,-26.519826172648422,-26.15844041235114,5.92508692189623,-50,-50,6.448803715220134,-26.73201597123322,-27.313290790871477,-9.664221618338821,-50,-50,6.448803715220134,-26.73201597123322,-27.313290790871477,-9.664221618338821,-50,-50
-18.251619502804754,-35.83035647908691,-35.01184832115417,16.37363826305084,-49.98699624691025,-41.51099608386062,-18.251619502804754,-35.83035647908691,-35.01184832115417,16.37363826305084,-49.98699624691025,-41.51099608386062,16.923317035373845,-36.36576258404558,-38.515799440336885,-20.352958727561646,-44.44453458880714,-44.616165941077526,16.923317035373845,-36.36576258404558,-38.515799440336885,-20.352958727561646,-44.44453458880714,-44.616165941077526
-22.46654812124008,-46.39442009197567,-44.9407233862693,20.501149194396532,-35.39001652926352,-31.33849783514404,-22.46654812124008,-46.39442009197567,-44.9407233862693,20.501149194396532,-35.39001652926352,-31.33849783514404,20.985758157579873,-47.22591031370984,-50,-24.648020419640996,-32.97012255152379,-33.16066512081783,20.985758157579873,-47.22591031370984,-50,-24.648020419640996,-32.97012255152379,-33.16066512081783
-18.857477816035324,-50,-50,16.889337359271362,-24.240234031447354,-23.62212056146738,-18.857477816035324,-50,-50,16.889337359271362,-24.240234031447354,-23.62212056146738,17.23129754580734,-50,-50,-21.072972202170593,-24.211166361171138,-24.333400510824593,17.23129754580734,-50,-50,-21.072972202170593,-24.211166361171138,-24.333400510824593
-8.668739173539342,-50,-50,6.779282208837614,-20.36444646017415,-21.010086314856135,-8.668739173539342,-50,-50,6.779282208837614,-20.36444646017415,-21.010086314856135,6.958262240527539,-50,-50,-10.856742756203563,-21.16812698960761,-21.137280660614703,6.958262240527539,-50,-50,-10.856742756203563,-21.16812698960761,-21.137280660614703
4.586807690752674,-50,-50,-6.355030825189715,-25.092890974093212,-24.39883217286477,4.586807690752674,-50,-50,-6.355030825189715,-25.092890974093212,-24.39883217286477,-6.28083758336545,-50,-50,2.4888223109714627,-24.88342555092229,-24.659579606655683,-6.28083758336545,-50,-50,2.4888223109714627,-24.88342555092229,-24.659579606655683
16.338932493925004,-46.063552735330525,-43.4074168968763,-18.000430305379062,-36.80268384199935,-32.625357521137246,16.338932493925004,-46.063552735330525,-43.4074168968763,-18.000430305379062,-36.80268384199935,-32.625357521137246,-17.907799336939963,-46.42809917890137,-49.69135399743111,14.376163146101124,-34.08435236490183,-33.70206187212218,-17.907799336939963,-46.42809917890137,-49.69135399743111,14.376163146101124,-34.08435236490183,-33.70206187212218
22.53575286447416,-35.48188231554914,-33.41155200556888,-24.15536059838221,-50,-42.866360042255614,22.53575286447416,-35.48188231554914,-33.41155200556888,-24.15536059838221,-50,-42.866360042255614,-23.901912616188213,-35.5266317010332,-37.026863798993595,20.718986864419342,-45.619045359136486,-45.188604954344555,-23.901912616188213,-35.5266317010332,-37.026863798993595,20.718986864419342,-45.619045359136486,-45.188604954344555
21.0407370994672,-26.27334479232391,-25.05155011772259,-22.70488386726788,-50,-50,21.0407370994672,-26.27334479232391,-25.05155011772259,-22.70488386726788,-50,-50,-22.1903578715606,-26.1404378054092,-26.273085942470967,19.33693742255482,-50,-50,-22.1903578715606,-26.1404378054092,-26.273085942470967,19.33693742255482,-50,-50
12.369334798428172,-21.59839631560672,-21.25493802602039,-14.147408375686016,-50,-50,12.369334798428172,-21.59839631560672,-21.25493802602039,-14.147408375686016,-50,-50,-13.365006489116992,-21.50073329658301,-21.162608021710415,10.70509658008801,-50,-50,-13.365006489116992,-21.50073329658301,-21.162608021710415,10.70509658008801,-50,-50
-0.48873918211668044,-23.0615228992391,-23.35122304026809,-1.423427004008106,-50,-50,-0.48873918211668044,-23.0615228992391,-23.35122304026809,-1.423427004008106,-50,-50,-0.47774621687603847,-23.204745624156796,-23.469253779415606,-2.2093262335375923,-50,-50,-0.47774621687603847,-23.204745624156796,-23.469253779415606,-2.2093262335375923,-50,-50
-13.10029474541193,-30.160565823909085,-30.60632272524135,11.094885688784762,-50,-47.051846174173534,-13.10029474541193,-30.160565823909085,-30.60632272524135,11.094885688784762,-50,-47.051846174173534,12.014889711979068,-30.665865175625296,-32.39239691909027,-14.966977020981723,-50,-50,12.014889711979068,-30.665865175625296,-32.39239691909027,-14.966977020981723,-50,-50
-21.11713609537834,-40.45906720328459,-40.47962776095646,19.106026369889335,-43.56714960996902,-37.033652468371756,-21.11713609537834,-40.45906720328459,-40.47962776095646,19.106026369889335,-43.56714960996902,-37.033652468371756,19.79283279484155,-41.315586795175676,-44.834854866791844,-23.18239242571274,-39.51901264900314,-40.150942413243676,19.79283279484155,-41.315586795175676,-44.834854866791844,-23.18239242571274,-39.51901264900314,-40.150942413243676
-21.775227052592278,-50,-49.51367899702637,19.85723201245084,-29.87738716506419,-27.517031177515577,-21.775227052592278,-50,-49.51367899702637,19.85723201245084,-29.87738716506419,-27.517031177515577,20.16639871539117,-50,-50,-24.03150994465664,-28.73532318782691,-29.264354009953124,20.16639871539117,-50,-50,-24.03150994465664,-28.73532318782691,-29.264354009953124
-14.847671869004806,-50,-50,13.090375690389271,-21.52685144038648,-21.768039088277963,-14.847671869004806,-50,-50,13.090375690389271,-21.52685144038648,-21.768039088277963,13.006404939517079,-50,-50,-17.222444039734462,-22.117759029882407,-22.331470856698182,13.006404939517079,-50,-50,-17.222444039734462,-22.117759029882407,-22.331470856698182
-2.722944050140528,-50,-50,1.1306633428969497,-21.381590358151023,-21.759701506144797,-2.722944050140528,-50,-50,1.1306633428969497,-21.381590358151023,-21.759701506144797,0.7888432247768811,-50,-50,-5.095822269715301,-21.933227618610346,-21.710760158612512,0.7888432247768811,-50,-50,-5.095822269715301,-21.933227618610346,-21.710760158612512
10.418608447240203,-50,-47.57019778254001,-11.912346195333924,-29.49146002779153,-27.494879847566118,10.418608447240203,-50,-47.57019778254001,-11.912346195333924,-29.49146002779153,-27.494879847566118,-12.261341121603222,-50,-50,8.17980926729962,-28.24494188550291,-27.613378773953997,-12.261341121603222,-50,-50,8.17980926729962,-28.24494188550291,-27.613378773953997
20.046058170431085,-41.558707858592705,-38.00667820500727,-21.55685490764368,-43.0730132690967,-37.00528961615483,20.046058170431085,-41.558707858592705,-38.00667820500727,-21.55685490764368,-43.0730132690967,-37.00528961615483,-21.631274221838368,-41.59258047270287,-43.48308345665863,18.04093048360781,-38.89076607924854,-38.031340685800096,-21.631274221838368,-41.59258047270287,-43.48308345665863,18.04093048360781,-38.89076607924854,-38.031340685800096
22.84006547070711,-31.123612074866504,-28.469888613373662,-24.488846968789748,-50,-47.027005788585086,22.84006547070711,-31.123612074866504,-28.469888613373662,-24.488846968789748,-50,-47.027005788585086,-24.080746956861816,-30.907961326004695,-31.217463700739515,21.097764807569774,-50,-49.420604985010456,-24.080746956861816,-30.907961326004695,-31.217463700739515,21.097764807569774,-50,-49.420604985010456
17.83731612911242,-23.55744827094695,-22.29944632115614,-19.700840465492114,-50,-50,17.83731612911242,-23.55744827094695,-22.29944632115614,-19.700840465492114,-50,-50,-18.762709106781475,-23.32860216900953,-22.878972752069416,16.299520432913706,-50,-50,-18.762709106781475,-23.32860216900953,-22.878972752069416,16.299520432913706,-50,-50
6.762651585450861,-21.456994585092165,-21.656132554903515,-8.838075170621758,-50,-50,6.762651585450861,-21.456994585092165,-21.656132554903515,-8.838075170621758,-50,-50,-7.516187114266393,-21.463712375486057,-21.361863056781484,5.295601723446771,-50,-50,-7.516187114266393,-21.463712375486057,-21.361863056781484,5.295601723446771,-50,-50
-6.565619659787167,-25.543146355178152,-26.765224570778123,4.366819585812184,-50,-50,-6.565619659787167,-25.543146355178152,-26.765224570778123,4.366819585812184,-50,-50,5.769668188110506,-25.95528394363849,-27.192716519643476,-8.131376238898065,-50,-50,5.769668188110506,-25.95528394363849,-27.192716519643476,-8.131376238898065,-50,-50
-17.552193505796133,-34.41349810054802,-35.837607490169816,15.376419296366372,-50,-42.89391609161919,-17.552193505796133,-34.41349810054802,-35.837607490169816,15.376419296366372,-50,-42.89391609161919,16.500485736559916,-35.257084481542236,-38.34767030962067,-19.365867784790098,-46.228816513454035,-47.237946738778305,16.500485736559916,-35.257084481542236,-38.34767030962067,-19.365867784790098,-46.228816513454035,-47.237946738778305
-22.40913324875122,-45.023662191224254,-45.69629111303928,20.407639849789767,-37.26996011918762,-32.65218035874747,-22.40913324875122,-45.023662191224254,-45.69629111303928,20.407639849789767,-37.26996011918762,-32.65218035874747,20.965450042478512,-46.16695076487976,-50,-24.545998042073148,-34.67957063924847,-35.72353457177943,20.965450042478512,-46.16695076487976,-50,-24.545998042073148,-34.67957063924847,-35.72353457177943
-19.46186949345496,-50,-50,17.73166902436179,-25.386969496815755,-24.41571633512944,-19.46186949345496,-50,-50,17.73166902436179,-25.386969496815755,-24.41571633512944,17.620535347562804,-50,-50,-21.89108874921856,-25.260193453051038,-25.965507262944413,17.620535347562804,-50,-50,-21.89108874921856,-25.260193453051038,-25.965507262944413
-9.726556020969344,-50,-50,8.268015519580668,-20.384394406058025,-21.011237241808324,-9.726556020969344,-50,-50,8.268015519580668,-20.384394406058025,-21.011237241808324,7.622443944243697,-50,-50,-12.313769324660335,-21.19737921068277,-21.2834054544508,7.622443944243697,-50,-50,-12.313769324660335,-21.19737921068277,-21.2834054544508
3.4402783961745524,-50,-50,-4.731449738310475,-23.979204921327973,-23.60714326073866,3.4402783961745524,-50,-50,-4.731449738310475,-23.979204921327973,-23.60714326073866,-5.57139212482266,-50,-50,0.8937409907726899,-23.88288228392179,-23.2700128875386,-5.57139212482266,-50,-50,0.8937409907726899,-23.88288228392179,-23.2700128875386
15.498989637712517,-47.401179866650914,-42.607566801022784,-16.799891281647632,-34.937600056947375,-31.31253244136791,15.498989637712517,-47.401179866650914,-42.607566801022784,-16.799891281647632,-34.937600056947375,-31.31253244136791,-17.398422893789913,-47.480764801254516,-49.85263159185166,13.191338890886326,-32.39675890481846,-31.24951426619989,-17.398422893789913,-47.480764801254516,-49.85263159185166,13.191338890886326,-32.39675890481846,-31.24951426619989
22.29199085692824,-36.91753322701455,-32.613937486441024,-23.79038909058689,-49.49846955068039,-41.48295379019783,22.29199085692824,-36.91753322701455,-32.613937486441024,-23.79038909058689,-49.49846955068039,-41.48295379019783,-23.768752251433,-36.63894277400868,-37.192603397706904,20.351704952783006,-43.822502361265265,-42.50739790764862,-23.768752251433,-36.63894277400868,-37.192603397706904,20.351704952783006,-43.822502361265265,-42.50739790764862
21.477199889895758,-27.31429067212445,-24.535481862842474,-23.300890239863303,-50,-50,21.477199889895758,-27.31429067212445,-24.535481862842474,-23.300890239863303,-50,-50,-22.47946166511312,-26.929479043157862,-26.385760081341136,19.913451613267593,-50,-50,-22.47946166511312,-26.929479043157862,-26.385760081341136,19.913451613267593,-50,-50
13.335539311134355,-21.887374808098492,-21.201134133695025,-15.49959478881887,-50,-50,13.335539311134355,-21.887374808098492,-21.201134133695025,-15.49959478881887,-50,-50,-13.976399687880855,-21.694875693119073,-21.18310801739793,12.027229175702674,-50,-50,-13.976399687880855,-21.694875693119073,-21.18310801739793,12.027229175702674,-50,-50
0.6740803121398331,-22.499353884723842,-23.778524694799373,-3.0671594047193533,-50,-50,0.6740803121398331,-22.499353884723842,-23.778524694799373,-3.0671594047193533,-50,-50,-1.2000034246634856,-22.73715527566399,-23.39046417625475,-0.5960604785531294,-50,-50,-1.2000034246634856,-22.73715527566399,-23.39046417625475,-0.5960604785531294,-50,-50
-12.141775669069423,-28.9401909627488,-31.36509634293163,9.724421471015622,-50,-48.25723202037095,-12.141775669069423,-28.9401909627488,-31.36509634293163,9.724421471015622,-50,-48.25723202037095,11.431531686212088,-29.69751098397243,-32.24166523152729,-13.617140852599055,-50,-50,11.431531686212088,-29.69751098397243,-32.24166523152729,-13.617140852599055,-50,-50
-20.693394402879786,-38.9993305546443,-41.30416406025655,18.479744949906273,-45.583758314369206,-38.44743040829742,-20.693394402879786,-38.9993305546443,-41.30416406025655,18.479744949906273,-45.583758314369206,-38.44743040829742,19.5501045263885,-40.179826605221855,-44.66449938096798,-22.55999423798423,-41.34981799121936,-42.8616111825038,19.5501045263885,-40.179826605221855,-44.66449938096798,-22.55999423798423,-41.34981799121936,-42.8616111825038
-22.032359855963037,-49.224381929933465,-50,20.190334246906037,-31.50921621539009,-28.653999699580304,-22.032359855963037,-49.224381929933465,-50,20.190334246906037,-31.50921621539009,-28.653999699580304,20.348237873868612,-50,-50,-24.350500134166435,-30.228498262690927,-31.56154291478043,20.348237873868612,-50,-50,-24.350500134166435,-30.228498262690927,-31.56154291478043
-15.69702525326671,-50,-50,14.268402034547286,-22.213828954629918,-22.237996287390864,-15.69702525326671,-50,-50,14.268402034547286,-22.213828954629918,-22.237996287390864,13.54992987004028,-50,-50,-18.37316920629971,-22.761802987416697,-23.433709248264112,13.54992987004028,-50,-50,-18.37316920629971,-22.761802987416697,-23.433709248264112
-3.871679055317709,-50,-50,2.7488240802936543,-20.887933801846888,-21.401360424183036,-3.871679055317709,-50,-50,2.7488240802936543,-20.887933801846888,-21.401360424183036,1.5060980030631828,-50,-50,-6.682718752322544,-21.5075172798942,-21.243082378145033,1.5060980030631828,-50,-50,-6.682718752322544,-21.5075172798942,-21.243082378145033
9.366551188705685,-50,-46.866889122583814,-10.410078380499026,-27.986600847511827,-26.43122134999808,9.366551188705685,-50,-46.866889122583814,-10.410078380499026,-27.986600847511827,-26.43122134999808,-11.618389800427593,-50,-50,6.7022397340464615,-26.895308240996272,-25.734882080619393,-11.618389800427593,-50,-50,6.7022397340464615,-26.895308240996272,-25.734882080619393
19.45340559780022,-43.001038352304846,-37.17085565030973,-20.68668456872028,-41.07344509699492,-35.60135597465545,19.45340559780022,-43.001038352304846,-37.17085565030973,-20.68668456872028,-41.07344509699492,-35.60135597465545,-21.284964843193016,-42.72125698672358,-43.65415251263383,17.180604847176042,-37.07953854225633,-35.38106265577598,-21.284964843193016,-42.72125698672358,-43.65415251263383,17.180604847176042,-37.07953854225633,-35.38106265577598
22.911151570530293,-32.44481738171697,-27.794242638845148,-24.549779307584288,-50,-45.76462000080431,22.911151570530293,-32.44481738171697,-27.794242638845148,-24.549779307584288,-50,-45.76462000080431,-24.150836491762554,-31.918754866906593,-31.363491533841625,21.150421414784788,-48.57150646131557,-46.9001321127084,-24.150836491762554,-31.918754866906593,-31.363491533841625,21.150421414784788,-48.57150646131557,-46.9001321127084
18.547631927943872,-24.304078380349978,-22.020576358152834,-20.671938102915956,-50,-50,18.547631927943872,-24.304078380349978,-22.020576358152834,-20.671938102915956,-50,-50,-19.224959948864733,-23.873545062054248,-22.949273762738397,17.247058488788387,-50,-50,-19.224959948864733,-23.873545062054248,-22.949273762738397,17.247058488788387,-50,-50
7.867295321976007,-21.372799064766888,-21.871693998641685,-10.385652583204804,-50,-50,7.867295321976007,-21.372799064766888,-21.871693998641685,-10.385652583204804,-50,-50,-8.210748667184063,-21.35520695242106,-21.33203608258317,6.812303469109288,-50,-50,-8.210748667184063,-21.35520695242106,-21.33203608258317,6.812303469109288,-50,-50
-5.447505622615512,-24.65702189467369,-27.399731564857397,2.7745360932445244,-50,-50,-5.447505622615512,-24.65702189467369,-27.399731564857397,2.7745360932445244,-50,-50,5.082981703001872,-25.230683410863143,-27.07311436824602,-6.566879513033331,-50,-50,5.082981703001872,-25.230683410863143,-27.07311436824602,-6.566879513033331,-50,-50
-16.80611107783865,-33.02957089729375,-36.66886675637905,14.286565181932957,-50,-44.24806947693678,-16.80611107783865,-33.02957089729375,-36.66886675637905,14.286565181932957,-50,-44.24806947693678,16.059136826962977,-34.165834004959486,-38.1798063461373,-18.29137439104587,-47.96720183788934,-49.739983382465645,16.059136826962977,-34.165834004959486,-38.1798063461373,-18.29137439104587,-47.96720183788934,-49.739983382465645
-22.292315763397493,-43.61690899691174,-46.433210160474694,20.19470736500653,-39.20274348972315,-34.00407389059616,-22.292315763397493,-43.61690899691174,-46.433210160474694,20.19470736500653,-39.20274348972315,-34.00407389059616,20.922061224079286,-45.08471547839504,-50,-24.330866844680187,-36.44254042907346,-38.383743508159135,20.922061224079286,-45.08471547839504,-50,-24.330866844680187,-36.44254042907346,-38.383743508159135
-20.014593132035216,-50,-50,18.468825361600025,-26.66345648970965,-25.301386920978153,-20.014593132035216,-50,-50,18.468825361600025,-26.66345648970965,-25.301386920978153,17.99011087317065,-50,-50,-22.609271449687743,-26.443826198216193,-27.878923645997965,17.99011087317065,-50,-50,-22.609271449687743,-26.443826198216193,-27.878923645997965
-10.758253443110208,-50,-50,9.701961330977536,-20.566472663691588,-21.126727170274012,-10.758253443110208,-50,-50,9.701961330977536,-20.566472663691588,-21.126727170274012,8.277181195051405,-50,-50,-13.718389443247931,-21.3962106321461,-21.799112531443384,8.277181195051405,-50,-50,-13.718389443247931,-21.3962106321461,-21.799112531443384
2.285314491706712,-50,-50,-3.093442413635368,-23.00438204450952,-22.91281696651614,2.285314491706712,-50,-50,-3.093442413635368,-23.00438204450952,-22.91281696651614,-4.857907317194435,-50,-50,-0.7144760792564497,-23.028800850227427,-22.21257452293324,-4.857907317194435,-50,-50,-0.7144760792564497,-23.028800850227427,-22.21257452293324
14.618966210307178,-48.6873667125529,-41.796633834417335,-15.520669381548858,-33.14045207441935,-30.046679232826516,14.618966210307178,-48.6873667125529,-41.796633834417335,-15.520669381548858,-33.14045207441935,-30.046679232826516,-16.8729201436578,-48.50525300805834,-50,11.93235212166391,-30.782338063406613,-28.978655793489388,-16.8729201436578,-48.50525300805834,-50,11.93235212166391,-30.782338063406613,-28.978655793489388
21.99032124432083,-38.369848430645824,-31.829719421616744,-23.309514830972375,-47.49580865402653,-40.08000815162909,21.99032124432083,-38.369848430645824,-31.829719421616744,-23.309514830972375,-47.49580865402653,-40.08000815162909,-23.612955247200766,-37.763525930295316,-37.35868136678485,19.8747272486374,-42.00077681416427,-39.79563274109323,-23.612955247200766,-37.763525930295316,-37.35868136678485,19.8747272486374,-42.00077681416427,-39.79563274109323
21.857893350481167,-28.434286080843222,-24.05259818277061,-23.783600125136758,-50,-49.569415464985276,21.857893350481167,-28.434286080843222,-24.05259818277061,-23.783600125136758,-50,-49.569415464985276,-22.74724644500177,-27.767017174136875,-26.499457481441564,20.382444841337602,-50,-50,-22.74724644500177,-27.767017174136875,-26.499457481441564,20.382444841337602,-50,-50
14.267340846541764,-22.290657529062052,-21.18868227760162,-16.780021562646716,-50,-50,14.267340846541764,-22.290657529062052,-21.18868227760162,-16.780021562646716,-50,-50,-14.575163809966801,-21.95704464143454,-21.2049609958423,13.280976145580027,-50,-50,-14.575163809966801,-21.95704464143454,-21.2049609958423,13.280976145580027,-50,-50
1.8357245956057362,-22.047513518623457,-24.240865085423692,-4.705326836263181,-50,-50,1.8357245956057362,-22.047513518623457,-24.240865085423692,-4.705326836263181,-50,-50,-1.9226887437285665,-22.333702862564824,-23.312887663189613,1.011462658469187,-50,-50,-1.9226887437285665,-22.333702862564824,-23.312887663189613,1.011462658469187,-50,-50
-11.150798849354784,-27.78830334657134,-32.14032544256516,8.29141533503056,-50,-49.398776897073404,-11.150798849354784,-27.78830334657134,-32.14032544256516,8.29141533503056,-50,-49.398776897073404,10.834836406032677,-28.767326500271093,-32.09158568332029,-12.208430260071616,-50,-50,10.834836406032677,-28.767326500271093,-32.09158568332029,-12.208430260071616,-50,-50
-20.214752751575716,-37.54273428492797,-42.120810164695015,17.744305182043327,-47.5993963771559,-39.86152030032397,-20.214752751575716,-37.54273428492797,-42.120810164695015,17.744305182043327,-47.5993963771559,-39.86152030032397,19.28574200573733,-39.0431278983557,-44.49400872914324,-21.834342763746328,-43.17672616377962,-45.53504377437528,19.28574200573733,-39.0431278983557,-44.49400872914324,-21.834342763746328,-43.17672616377962,-45.53504377437528
-22.23107882180068,-47.962994461215565,-50,20.405170352844834,-33.23117102014038,-29.855326034943015,-22.23107882180068,-47.962994461215565,-50,20.405170352844834,-33.23117102014038,-29.855326034943015,20.50762710592205,-49.623642110838034,-50,-24.557351661179386,-31.813510793252075,-34.03453821094181,20.50762710592205,-49.623642110838034,-50,-24.557351661179386,-31.813510793252075,-34.03453821094181
-16.504590768530957,-50,-50,15.359692705587541,-23.051095905588546,-22.814269881650652,-16.504590768530957,-50,-50,15.359692705587541,-23.051095905588546,-22.814269881650652,14.077952591129225,-50,-50,-19.441418183308667,-23.561959261208976,-24.86498979235035,14.077952591129225,-50,-50,-19.441418183308667,-23.561959261208976,-24.86498979235035
-5.00965972739349,-50,-50,4.341583439845053,-20.55314843710959,-21.154807064624194,-5.00965972739349,-50,-50,4.341583439845053,-20.55314843710959,-21.154807064624194,2.220159095629761,-50,-50,-8.245152843578687,-21.248716408783725,-21.145747100290393,2.220159095629761,-50,-50,-8.245152843578687,-21.248716408783725,-21.145747100290393
8.290506862335672,-50,-46.142064411662304,-8.863149306475302,-26.594667279895916,-25.446456915371552,8.290506862335672,-50,-46.142064411662304,-8.863149306475302,-26.594667279895916,-25.446456915371552,-10.96521923533645,-50,-50,5.18270980684061,-25.666204842767897,-24.14204304338842,-10.96521923533645,-50,-50,5.18270980684061,-25.666204842767897,-24.14204304338842
18.810294786583842,-44.420513058860045,-36.33726741076962,-19.71713669533702,-39.102098940221275,-34.2163466891795,18.810294786583842,-44.420513058860045,-36.33726741076962,-19.71713669533702,-39.102098940221275,-34.2163466891795,-20.91855719961406,-43.83951322098254,-43.8251504340113,16.226319985644235,-35.30117328621089,-32.83458080638545,-20.91855719961406,-43.83951322098254,-43.8251504340113,16.226319985644235,-35.30117328621089,-32.83458080638545
22.9227051871777,-33.8117429412945,-27.143798927413886,-24.490765633254235,-50,-44.454694117876834,22.9227051871777,-33.8117429412945,-27.143798927413886,-24.490765633254235,-50,-44.454694117876834,-24.197898905736114,-32.95943092918884,-31.510227161140474,21.089418603295588,-46.85307471600057,-44.2662839767386,-24.197898905736114,-32.95943092918884,-31.510227161140474,21.089418603295588,-46.85307471600057,-44.2662839767386
19.209866531468357,-25.149313164282212,-21.781051213388405,-21.543736721264047,-50,-50,19.209866531468357,-25.149313164282212,-21.781051213388405,-21.543736721264047,-50,-50,-19.66921780441531,-24.47838616056034,-23.020815824238255,18.100307543720124,-50,-50,-19.66921780441531,-24.47838616056034,-23.020815824238255,18.100307543720124,-50,-50
8.951886523319336,-21.406250594818765,-22.126964946916246,-11.888698788157138,-50,-50,8.951886523319336,-21.406250594818765,-22.126964946916246,-11.888698788157138,-50,-50,-8.898573508337318,-21.315995343252947,-21.30355265272676,8.286498630119208,-50,-50,-8.898573508337318,-21.315995343252947,-21.30355265272676,8.286498630119208,-50,-50
-4.314501773386777,-23.867209293060817,-28.060407174148214,1.1567143230075674,-50,-50,-4.314501773386777,-23.867209293060817,-28.060407174148214,1.1567143230075674,-50,-50,4.38944603794783,-24.560917767996045,-26.954491916544875,-4.978495247426088,-50,-50,4.38944603794783,-24.560917767996045,-26.954491916544875,-4.978495247426088,-50,-50
-16.015330180705384,-31.68756523124926,-37.50358995602771,13.109878687379926,-50,-45.5646005157738,-16.015330180705384,-31.68756523124926,-37.50358995602771,13.109878687379926,-50,-45.5646005157738,15.599721355184752,-33.09608247504009,-38.01221818837671,-17.134810714081038,-49.644726180923016,-50,15.599721355184752,-33.09608247504009,-38.01221818837671,-17.134810714081038,-49.644726180923016,-50
-22.116402232070396,-42.183299154717,-47.14967545052694,19.863485467684,-41.175856848498576,-35.38533748535983,-22.116402232070396,-42.183299154717,-47.14967545052694,19.863485467684,-41.175856848498576,-35.38533748535983,20.855636044773085,-43.98324214043752,-50,-24.00369441488502,-38.24385591163497,-41.09113845019818,20.855636044773085,-43.98324214043752,-50,-24.00369441488502,-38.24385591163497,-41.09113845019818
-20.51419820605021,-50,-50,19.096881490697157,-28.06143304580897,-26.27334032057159,-20.51419820605021,-50,-50,19.096881490697157,-28.06143304580897,-26.27334032057159,18.339646424803973,-50,-50,-23.223956325746492,-27.751875640663165,-30.037575617629816,18.339646424803973,-50,-50,-23.223956325746492,-27.751875640663165,-30.037575617629816
-11.761123932000102,-50,-50,11.073484809864352,-20.9095027454942,-21.35580083357005,-11.761123932000102,-50,-50,11.073484809864352,-20.9095027454942,-21.35580083357005,8.921804866291325,-50,-50,-15.063632692098201,-21.762909671909608,-22.67467915737593,8.921804866291325,-50,-50,-15.063632692098201,-21.762909671909608,-22.67467915737593
1.1249469764581095,-50,-49.8791036583257,-1.4497301797847375,-22.174731810065232,-22.320393959017856,1.1249469764581095,-50,-49.8791036583257,-1.4497301797847375,-22.174731810065232,-22.320393959017856,-4.141112325814236,-50,-50,-2.3278481304587677,-22.328533359846965,-21.50720062119941,-4.141112325814236,-50,-50,-2.3278481304587677,-22.328533359846965,-21.50720062119941
13.701171678016985,-49.913757858661306,-40.97660437168557,-14.169575633581672,-31.42287179712288,-28.83607616502892,13.701171678016985,-49.913757858661306,-40.97660437168557,-14.169575633581672,-31.42287179712288,-28.83607616502892,-16.33182813846637,-49.49774156035263,-50,10.605450553580152,-29.25498710989204,-26.93229942739601,-16.33182813846637,-49.49774156035263,-50,10.605450553580152,-29.25498710989204,-26.93229942739601
21.63153570535593,-39.82939329774355,-31.06081874775667,-22.715298163671502,-45.47980151634265,-38.66669793610296,21.63153570535593,-39.82939329774355,-31.06081874775667,-22.715298163671502,-45.47980151634265,-38.66669793610296,-23.43468082450544,-38.89618548903928,-37.525087180926036,19.290420751302594,-40.169550508934215,-37.10443493491148,-23.43468082450544,-38.89618548903928,-37.525087180926036,19.290420751302594,-40.169550508934215,-37.10443493491148
22.18181841836496,-29.626055228211094,-23.604081897701377,-24.15044340543713,-50,-48.43843909264729,22.18181841836496,-29.626055228211094,-23.604081897701377,-24.15044340543713,-50,-48.43843909264729,-22.99343854123926,-28.649927447027736,-26.614170937124122,20.741589730364915,-50,-48.56319284419225,-22.99343854123926,-28.649927447027736,-26.614170937124122,20.741589730364915,-50,-48.56319284419225
15.162294055828452,-22.805624645885498,-21.217612958474522,-17.981871253498053,-50,-50,15.162294055828452,-22.805624645885498,-21.217612958474522,-17.981871253498053,-50,-50,-15.160686931987122,-22.28626202156493,-21.228165572096504,14.460115777049932,-50,-50,-15.160686931987122,-22.28626202156493,-21.228165572096504,14.460115777049932,-50,-50
2.9931451376957643,-21.7089370770234,-24.737111712590377,-6.329207117553259,-50,-50,2.9931451376957643,-21.7089370770234,-24.737111712590377,-6.329207117553259,-50,-50,-2.645063606023581,-21.995893615980304,-23.236529156683158,2.6052658525115904,-50,-50,-2.645063606023581,-21.995893615980304,-23.236529156683158,2.6052658525115904,-50,-50
-10.129964930189038,-26.712385945970766,-32.930111105888685,6.803497110830261,-50,-50,-10.129964930189038,-26.712385945970766,-32.930111105888685,6.803497110830261,-50,-50,10.225413680518843,-27.878782127938607,-31.942167785860214,-10.747835962222796,-50,-50,10.225413680518843,-27.878782127938607,-31.942167785860214,-10.747835962222796,-50,-50
-19.682467252079633,-36.09874083378736,-42.927565705355235,16.903622806968702,-49.60101773530657,-41.266674455093835,-19.682467252079633,-36.09874083378736,-42.927565705355235,16.903622806968702,-49.60101773530657,-41.266674455093835,19.00001540540379,-37.90973155705365,-44.3233937162758,-21.009039044580884,-44.9840107624689,-48.12083740073379,19.00001540540379,-37.90973155705365,-44.3233937162758,-21.009039044580884,-44.9840107624689,-48.12083740073379
-22.370862447220084,-46.64651700893892,-50,20.50059646707974,-35.032106358692616,-31.113153898914888,-22.370862447220084,-46.64651700893892,-50,20.50059646707974,-35.032106358692616,-31.113153898914888,20.644403519362005,-48.635567731721295,-50,-24.65103802609277,-33.47671666311969,-36.63671599689576,20.644403519362005,-48.635567731721295,-50,-24.65103802609277,-33.47671666311969,-36.63671599689576
-17.268249101503223,-50,-50,16.358437287146398,-24.03323314703242,-23.49309122861452,-17.268249101503223,-50,-50,16.358437287146398,-24.03323314703242,-23.49309122861452,14.589933475507802,-50,-50,-20.421889790893943,-24.51133994020502,-26.598328255193515,14.589933475507802,-50,-50,-20.421889790893943,-24.51133994020502,-26.598328255193515
-6.133899636757621,-50,-50,5.900461009053121,-20.37940113657765,-21.021653806491905,-6.133899636757621,-50,-50,5.900461009053121,-20.37940113657765,-21.021653806491905,2.9302967481933804,-50,-50,-9.775370972615136,-21.15905281681945,-21.420589407556662,2.9302967481933804,-50,-50,-9.775370972615136,-21.15905281681945,-21.420589407556662
7.193299356722685,-50,-45.39749910283134,-7.279795369158883,-25.32466850837906,-24.547026583766865,7.193299356722685,-50,-45.39749910283134,-7.279795369158883,-25.32466850837906,-24.547026583766865,-10.302496951871406,-50,-50,3.628760144864894,-24.568212067627595,-22.86489179234595,-10.302496951871406,-50,-50,3.628760144864894,-24.568212067627595,-22.86489179234595
18.11841346770435,-45.80791069022726,-35.50795535494508,-18.65337350227157,-37.171734185828186,-32.85931927134746,18.11841346770435,-45.80791069022726,-35.50795535494508,-18.65337350227157,-37.171734185828186,-32.85931927134746,-20.53242575142443,-44.94317709959037,-43.99606638368432,15.182811532562695,-33.57097884784034,-30.43990449664683,-20.53242575142443,-44.94317709959037,-43.99606638368432,15.182811532562695,-33.57097884784034,-30.43990449664683
22.87469600021972,-35.215508838906864,-26.520150736398264,-24.312120155412217,-50,-43.1057946303178,22.87469600021972,-35.215508838906864,-26.520150736398264,-24.312120155412217,-50,-43.1057946303178,-24.22188610206005,-34.02610687900175,-31.657661283168462,20.91505909922977,-45.083372626475814,-41.56871707113537,-24.22188610206005,-34.02610687900175,-31.657661283168462,20.91505909922977,-45.083372626475814,-41.56871707113537
19.82228202174309,-26.087661751112936,-21.581457602028397,-22.311594557262826,-50,-50,19.82228202174309,-26.087661751112936,-21.581457602028397,-22.311594557262826,-50,-50,-20.095028651954582,-25.14086887709608,-23.09359440254344,18.85503335381152,-50,-50,-20.095028651954582,-25.14086887709608,-23.09359440254344,18.85503335381152,-50,-50
10.013578871122583,-21.55713186514549,-22.421320115326154,-13.339211037452316,-50,-50,10.013578871122583,-21.55713186514549,-22.421320115326154,-13.339211037452316,-50,-50,-9.578958696298056,-21.34622384165233,-21.276414572368505,9.710871520830176,-50,-50,-9.578958696298056,-21.34622384165233,-21.276414572368505,9.710871520830176,-50,-50
-3.1695814809174654,-23.178839384623846,-28.74563307837003,-0.4780318712878977,-50,-50,-3.1695814809174654,-23.178839384623846,-28.74563307837003,-0.4780318712878977,-50,-50,3.6897699707093343,-23.94848582792511,-26.836856682316515,-3.3741057905471337,-50,-50,3.6897699707093343,-23.94848582792511,-26.836856682316515,-3.3741057905471337,-50,-50
-15.181926079420032,-30.396199130801214,-38.339732440480915,11.852624906549204,-50,-46.83489952203782,-15.181926079420032,-30.396199130801214,-38.339732440480915,11.852624906549204,-50,-46.83489952203782,15.122708833444705,-32.05182100261214,-37.84491645734949,-15.90191619499163,-50,-50,15.122708833444705,-32.05182100261214,-37.84491645734949,-15.90191619499163,-50,-50
-21.88185430881356,-40.73214577830003,-47.84393200648293,19.41573770000502,-43.17652937038236,-36.78693812702002,-21.88185430881356,-40.73214577830003,-47.84393200648293,19.41573770000502,-43.17652937038236,-36.78693812702002,20.766242389590538,-42.866640211983125,-50,-23.56610434413053,-40.06801098989832,-43.7946763104274,20.766242389590538,-42.866640211983125,-50,-23.56610434413053,-40.06801098989832,-43.7946763104274
-20.959373590080073,-50,-50,19.612493419345228,-29.57185086889854,-27.325220273843996,-20.959373590080073,-50,-50,19.612493419345228,-29.57185086889854,-27.325220273843996,18.668784785036088,-50,-50,-23.732093006966423,-29.173081819670315,-32.40076565725078,18.668784785036088,-50,-50,-23.732093006966423,-29.173081819670315,-32.40076565725078
-12.732535630880015,-50,-50,12.375283481587694,-21.411264415527448,-21.696960164218382,-12.732535630880015,-50,-50,12.375283481587694,-21.411264415527448,-21.696960164218382,9.55565616715388,-50,-50,-16.34282330874293,-22.29431970863289,-23.89359809011074,9.55565616715388,-50,-50,-16.34282330874293,-22.29431970863289,-23.89359809011074
-0.03777896963871624,-50,-49.26621096700347,0.1909352596722127,-21.495624065610688,-21.833748492612315,-0.03777896963871624,-50,-49.26621096700347,0.1909352596722127,-21.495624065610688,-21.833748492612315,-3.4217396989481994,-50,-50,-3.938368812610501,-21.78810786048293,-21.16718974517406,-3.4217396989481994,-50,-50,-3.938368812610501,-21.78810786048293,-21.16718974517406
12.748014630754493,-50,-40.14948706925652,-12.753803737307514,-29.79597613188657,-27.688640189485405,12.748014630754493,-50,-40.14948706925652,-12.753803737307514,-29.79597613188657,-27.688640189485405,-15.775699862004922,-50,-50,9.217218928610047,-27.82785379785873,-25.14902555579215,-15.775699862004922,-50,-50,9.217218928610047,-27.82785379785873,-25.14902555579215
21.216575809414625,-41.28668623377687,-30.30911888167938,-22.010902907764383,-43.46349658946063,-37.25226573414632,21.216575809414625,-41.28668623377687,-30.30911888167938,-22.010902907764383,-43.46349658946063,-37.25226573414632,-23.23411117577417,-40.032695637327116,-37.691810294051564,18.601685078664154,-38.34458702117102,-34.484542208554195,-23.23411117577417,-40.032695637327116,-37.691810294051564,18.601685078664154,-38.34458702117102,-34.484542208554195
22.44812500932528,-30.881856062520953,-23.191031645135602,-24.399466877777055,-50,-47.24243671532024,22.44812500932528,-30.881856062520953,-23.191031645135602,-24.399466877777055,-50,-47.24243671532024,-23.217786351072505,-29.574915832654604,-26.729893178347453,20.989104025747682,-49.73570387511732,-45.997931113900364,-23.217786351072505,-29.574915832654604,-26.729893178347453,20.989104025747682,-49.73570387511732,-45.997931113900364
16.018050292106302,-23.42893079419649,-21.287855310813438,-19.098744789800477,-50,-50,16.018050292106302,-23.42893079419649,-21.287855310813438,-19.098744789800477,-50,-50,-15.732370662556596,-22.681299564128185,-21.252720275555138,15.558796595962122,-50,-50,-15.732370662556596,-22.681299564128185,-21.252720275555138,15.558796595962122,-50,-50
4.143304492288624,-21.48582404320725,-25.26604902365959,-7.930154137329801,-50,-50,4.143304492288624,-21.48582404320725,-25.26604902365959,-7.930154137329801,-50,-50,-3.366389760780544,-21.724987860485168,-23.161393496006394,4.17743986369966,-50,-50,-3.366389760780544,-21.724987860485168,-23.161393496006394,4.17743986369966,-50,-50
-9.081952910186478,-25.719428208665363,-33.73251875844788,5.268588999737295,-50,-50,-9.081952910186478,-25.719428208665363,-33.73251875844788,5.268588999737295,-50,-50,9.60388632590994,-27.03519291627994,-31.793421008605456,-9.242606150487925,-50,-50,9.60388632590994,-27.03519291627994,-31.793421008605456,-9.242606150487925,-50,-50
-19.097934793825395,-34.6767307695884,-43.72245454018714,15.962173914104149,-50,-42.65370362007282,-19.097934793825395,-34.6767307695884,-43.72245454018714,15.962173914104149,-50,-42.65370362007282,18.693216731509832,-36.78386614307397,-44.15266515520531,-20.088178645804746,-46.7561143068638,-50,18.693216731509832,-36.78386614307397,-44.15266515520531,-20.088178645804746,-46.7561143068638,-50
-22.451343894744806,-45.283501763373636,-50,20.47610450732767,-36.90036581496677,-32.41925750513144,-22.451343894744806,-45.283501763373636,-50,20.47610450732767,-36.90036581496677,-32.41925750513144,20.758427331788052,-47.61500750995698,-50,-24.631094310818956,-35.20379865143132,-39.31901686639298,20.758427331788052,-47.61500750995698,-50,-24.631094310818956,-35.20379865143132,-39.31901686639298
-17.985996165546883,-50,-50,17.259318110876166,-25.153883870869244,-24.270021056789354,-17.985996165546883,-50,-50,17.259318110876166,-25.153883870869244,-24.270021056789354,15.085349290294008,-50,-50,-21.309718443917706,-25.60177255874087,-28.60104564142617,15.085349290294008,-50,-50,-21.309718443917706,-25.60177255874087,-28.60104564142617
-7.24144841400856,-50,-50,7.417156774019777,-20.367816466349772,-21.002771428917757,-7.24144841400856,-50,-50,7.417156774019777,-20.367816466349772,-21.002771428917757,3.63578521613758,-50,-50,-11.265779440104641,-21.2392983467857,-22.06242763999786,3.63578521613758,-50,-50,-11.265779440104641,-21.2392983467857,-22.06242763999786
6.077808099490714,-50,-44.635017003603636,-5.668446903263876,-24.18482450276454,-23.738812337901734,6.077808099490714,-50,-44.635017003603636,-5.668446903263876,-24.18482450276454,-23.738812337901734,-9.630900237214322,-50,-50,2.048102215051933,-23.610781664965984,-21.927506729208005,-9.630900237214322,-50,-50,2.048102215051933,-23.610781664965984,-21.927506729208005
17.37957736168135,-47.15421833965024,-34.684950876911714,-17.501058839887552,-35.2948449718787,-31.539148240439637,17.37957736168135,-47.15421833965024,-34.684950876911714,-17.501058839887552,-35.2948449718787,-31.539148240439637,-20.126965116229268,-46.02813098893472,-44.16688952974118,14.055257893080187,-31.90384909948961,-28.24218106374207,-20.126965116229268,-46.02813098893472,-44.16688952974118,14.055257893080187,-31.90384909948961,-28.24218106374207
22.76725000130194,-36.64699583515478,-25.92482568767668,-24.0147940455795,-49.88472718119562,-41.72674290337888,22.76725000130194,-36.64699583515478,-25.92482568767668,-24.0147940455795,-49.88472718119562,-41.72674290337888,-24.222773566362374,-35.114803080126755,-31.805784556189877,20.628208160698968,-43.27763415513591,-38.858289193323316,-24.222773566362374,-35.114803080126755,-31.805784556189877,20.628208160698968,-43.27763415513591,-38.858289193323316
20.38327122230264,-27.11302837699863,-21.422284427226696,-22.971423265017368,-50,-50,20.38327122230264,-27.11302837699863,-21.422284427226696,-22.971423265017368,-50,-50,-20.501957322429448,-25.858521570472107,-23.16760488526307,19.507490596243827,-50,-50,-20.501957322429448,-25.858521570472107,-23.16760488526307,19.507490596243827,-50,-50
11.049586141030172,-21.824462710587525,-22.754038482946783,-14.72946629236837,-50,-50,11.049586141030172,-21.824462710587525,-22.754038482946783,-14.72946629236837,-50,-50,-10.251208892796491,-21.445779668825356,-21.250623561402318,11.078353698347215,-50,-50,-10.251208892796491,-21.445779668825356,-21.250623561402318,11.078353698347215,-50,-50
-2.015749386627309,-22.59638400473137,-29.453730821466813,-2.1209985244291865,-50,-50,-2.015749386627309,-22.59638400473137,-29.453730821466813,-2.1209985244291865,-50,-50,2.98466855439837,-23.395672498574307,-26.720216120772278,-1.7616729165436726,-50,-50,2.98466855439837,-23.395672498574307,-26.720216120772278,-1.7616729165436726,-50,-50
-14.308085896089793,-29.16386165615007,-39.17524608457572,10.521497901925647,-50,-48.05065915213747,-14.308085896089793,-29.16386165615007,-39.17524608457572,10.521497901925647,-50,-48.05065915213747,14.628586757748621,-31.03694559824806,-37.67791175591433,-14.598809066271777,-50,-50,14.628586757748621,-31.03694559824806,-37.67791175591433,-14.598809066271777,-50,-50
-21.589287523292896,-39.27287594881943,-48.51427925176843,18.85384802897761,-45.191811855669364,-38.19970980186625,-21.589287523292896,-39.27287594881943,-48.51427925176843,18.85384802897761,-45.191811855669364,-38.19970980186625,20.653971616824887,-41.739075596910155,-50,-23.020268170815612,-41.899302958854626,-46.4433867197539,20.653971616824887,-41.739075596910155,-50,-23.020268170815612,-41.899302958854626,-46.4433867197539
-21.348950999828535,-49.45391868877904,-50,20.012915847811684,-31.184933895272337,-28.450147826985756,-21.348950999828535,-49.45391868877904,-50,20.012915847811684,-31.184933895272337,-28.450147826985756,18.977189581908902,-50,-50,-24.131159867769377,-30.695210697873563,-34.923940044962826,18.977189581908902,-50,-50,-24.131159867769377,-30.695210697873563,-34.923940044962826
-13.669939241038703,-50,-50,13.600426110955139,-22.068510059802282,-22.14797409082152,-13.669939241038703,-50,-50,13.600426110955139,-22.068510059802282,-22.14797409082152,10.17808731594917,-50,-50,-17.54961331655008,-22.98586625457372,-25.432888794101963,10.17808731594917,-50,-50,-17.54961331655008,-22.98586625457372,-25.432888794101963
-1.199811977365176,-50,-48.625925102652204,1.8198184233745285,-20.971454284021984,-21.45606307084924,-1.199811977365176,-50,-48.625925102652204,1.8198184233745285,-20.971454284021984,-21.45606307084924,-2.7005246191466585,-50,-50,-5.538045925391634,-21.41217644684852,-21.198952191566942,-2.7005246191466585,-50,-50,-5.538045925391634,-21.41217644684852,-21.198952191566942
11.76199646111695,-50,-39.31730794517342,-11.28089176155752,-28.27029503633111,-26.611875165406254,11.76199646111695,-50,-39.31730794517342,-11.28089176155752,-28.27029503633111,-26.611875165406254,-15.205103664790617,-50,-50,7.774546338809532,-26.51322318666049,-23.662454616832733,-15.205103664790617,-50,-50,7.774546338809532,-26.51322318666049,-23.662454616832733
20.746530545572867,-42.73226027336288,-29.576461106945615,-21.200079511990463,-41.45994425262946,-35.84596147371321,20.746530545572867,-42.73226027336288,-29.576461106945615,-21.200079511990463,-41.45994425262946,-35.84596147371321,-23.011451278650565,-41.16881619617075,-37.85884013997338,17.811938077834665,-36.54159601484013,-31.985347951776937,-23.011451278650565,-41.16881619617075,-37.85884013997338,17.811938077834665,-36.54159601484013,-31.985347951776937
22.656114248672754,-32.19353056507141,-22.814459188775952,-24.529344653374583,-50,-45.98922980073361,22.656114248672754,-32.19353056507141,-22.814459188775952,-24.529344653374583,-50,-45.98922980073361,-23.420060596115146,-30.53853131360039,-26.84661687113762,21.123759439111407,-48.061983619367936,-43.3363035055246,-23.420060596115146,-30.53853131360039,-26.84661687113762,21.123759439111407,-48.061983619367936,-43.3363035055246
16.832363774031716,-24.156526810245346,-21.399237276467943,-20.124695542994463,-50,-50,16.832363774031716,-24.156526810245346,-21.399237276467943,-20.124695542994463,-50,-50,-16.28963075383549,-23.140683432845755,-21.278623550047556,16.57156640459581,-50,-50,-16.28963075383549,-23.140683432845755,-21.278623550047556,16.57156640459581,-50,-50
5.283184268969225,-21.379623819224108,-25.82638139039041,-9.499643889104608,-50,-50,5.283184268969225,-21.379623819224108,-25.82638139039041,-9.499643889104608,-50,-50,-4.085930028987494,-21.521996311992226,-23.087485442931733,5.720182786864095,-50,-50,-4.085930028987494,-21.521996311992226,-23.087485442931733,5.720182786864095,-50,-50
-8.009513112093924,-24.815880654172222,-34.54558290831464,3.6948633938021747,-50,-50,-8.009513112093924,-24.815880654172222,-34.54558290831464,3.6948633938021747,-50,-50,8.970889529101878,-26.23970619244812,-31.645354778481845,-7.7002105198025355,-50,-50,8.970889529101878,-26.23970619244812,-31.645354778481845,-7.7002105198025355,-50,-50
-18.462689379177345,-33.28594185072478,-44.503529594553996,14.924971109346309,-50,-44.01353707428293,-18.462689379177345,-33.28594185072478,-44.503529594553996,14.924971109346309,-50,-44.01353707428293,18.365659525359614,-35.6697321212158,-43.981833865967765,-19.07633133224963,-48.47778216234749,-50,18.365659525359614,-35.6697321212158,-43.981833865967765,-19.07633133224963,-48.47778216234749,-50
-22.47231195500739,-43.88280323676421,-50,20.331824877419166,-38.82385722268639,-33.76509535952791,-22.47231195500739,-43.88280323676421,-50,20.331824877419166,-38.82385722268639,-33.76509535952791,20.84958201344338,-46.565769029677924,-50,-24.497619485938916,-36.97988967845684,-42.0308708358029,20.84958201344338,-46.565769029677924,-50,-24.497619485938916,-36.97988967845684,-42.0308708358029
-18.65594836005485,-50,-50,18.057538569586246,-26.40579475109778,-25.13997849702762,-18.65594836005485,-50,-50,18.057538569586246,-26.40579475109778,-25.13997849702762,15.563693731732673,-50,-50,-22.10049829741081,-26.82387044682051,-30.83538429806019,15.563693731732673,-50,-50,-22.10049829741081,-26.82387044682051,-30.83538429806019
-8.32939949267811,-50,-50,8.883595311646754,-20.518469407316978,-21.098283416528275,-8.32939949267811,-50,-50,8.883595311646754,-20.518469407316978,-21.098283416528275,4.335903506208028,-50,-50,-12.708982101953662,-21.488762228527914,-23.05916108613999,4.335903506208028,-50,-50,-12.708982101953662,-21.488762228527914,-23.05916108613999
4.946960500746923,-50,-43.856485808543795,-4.037683296245557,-23.18251281610083,-23.027099636870872,4.946960500746923,-50,-43.856485808543795,-4.037683296245557,-23.18251281610083,-23.027099636870872,-8.951115448014377,-50,-50,0.44858002397239005,-22.802155394137273,-21.347560572138864,-8.951115448014377,-50,-50,0.44858002397239005,-22.802155394137273,-21.347560572138864
16.59572541359402,-48.45069003190558,-33.870269920378064,-16.266328037797663,-33.483579320095544,-30.264467086916735,16.59572541359402,-48.45069003190558,-33.870269920378064,-16.266328037797663,-33.483579320095544,-30.264467086916735,-19.702589665625208,-47.0903270600622,-44.33760904615149,12.849254546136024,-30.314135039580854,-26.28284465075823,-19.702589665625208,-47.0903270600622,-44.33760904615149,12.849254546136024,-30.314135039580854,-26.28284465075823
22.60064916350216,-38.09690460695485,-25.359282025789327,-23.60037037281331,-47.886165183520134,-40.32655748818004,22.60064916350216,-38.09690460695485,-25.359282025789327,-23.60037037281331,-47.886165183520134,-40.32655748818004,-24.200560391674625,-36.221457741506946,-31.954587592794553,20.230289283960182,-41.451403473020235,-36.186100611350085,-24.200560391674625,-36.221457741506946,-31.954587592794553,20.230289283960182,-41.451403473020235,-36.186100611350085
20.891361915911304,-28.21875198559844,-21.303921582560935,-23.51970968380682,-50,-49.76011178592276,20.891361915911304,-28.21875198559844,-21.303921582560935,-23.51970968380682,-50,-49.76011178592276,-20.889587943943692,-26.628666767130362,-23.242842581933957,20.054441455421404,-50,-47.68838311172261,-20.889587943943692,-26.628666767130362,-23.242842581933957,20.054441455421404,-50,-47.68838311172261
12.057189514645062,-22.206506478343616,-23.124305058465367,-16.05206234367119,-50,-50,12.057189514645062,-22.206506478343616,-23.124305058465367,-16.05206234367119,-50,-50,-10.914637073338582,-21.61429139427744,-21.22618125435054,12.382159039636763,-50,-50,-10.914637073338582,-21.61429139427744,-21.22618125435054,12.382159039636763,-50,-50
-0.85603351938959,-22.123626939595866,-30.18296592297288,-3.7634379025821905,-50,-50,-0.85603351938959,-22.123626939595866,-30.18296592297288,-3.7634379025821905,-50,-50,2.2748623867125035,-22.904540258195105,-26.604577624084726,-0.14919831497761504,-50,-50,2.2748623867125035,-22.904540258195105,-26.604577624084726,-0.14919831497761504,-50,-50
-13.396102870188477,-27.998558401726495,-40.008084303488744,9.123585063088209,-50,-49.20392873231665,-13.396102870188477,-27.998558401726495,-40.008084303488744,9.123585063088209,-50,-49.20392873231665,14.117860109680459,-30.055242636729147,-37.51121466810437,-13.231955990117777,-50,-50,14.117860109680459,-30.055242636729147,-37.51121466810437,-13.231955990117777,-50,-50
-21.239469665447945,-37.81496947408749,-49.159075175497925,18.180808153354338,-47.208660542785196,-39.61441344125332,-21.239469665447945,-37.81496947408749,-49.159075175497925,18.180808153354338,-47.208660542785196,-39.61441344125332,20.518938464666245,-40.60475509952689,-50,-22.36889460404746,-43.72196767766106,-48.98733298257246,20.518938464666245,-40.60475509952689,-50,-22.36889460404746,-43.72196767766106,-48.98733298257246
-21.68190805807918,-48.20377612288429,-50,20.296016785882937,-32.89024156855695,-29.64076631857047,-21.68190805807918,-48.20377612288429,-50,20.296016785882937,-32.89024156855695,-29.64076631857047,19.264545632696343,-50,-50,-24.419176540980917,-32.305159474395765,-37.55952884223493,19.264545632696343,-50,-50,-24.419176540980917,-32.305159474395765,-37.55952884223493
-14.570874711996089,-50,-50,14.74238960657587,-22.876985706211915,-22.705893128546364,-14.570874711996089,-50,-50,14.74238960657587,-22.876985706211915,-22.705893128546364,10.788462202122961,-50,-50,-18.67801402652393,-23.83159633372695,-27.26353069727704,10.788462202122961,-50,-50,-18.67801402652393,-23.83159633372695,-27.26353069727704
-2.358102495997567,-50,-47.95981444101468,3.4282465629524044,-20.605615114074467,-21.189807633917898,-2.358102495997567,-50,-47.95981444101468,3.4282465629524044,-20.605615114074467,-21.189807633917898,-1.9782041519067655,-50,-50,-7.118941079637169,-21.203975214472074,-21.60188913628133,-1.9782041519067655,-50,-50,-7.118941079637169,-21.203975214472074,-21.60188913628133
10.74570479992262,-50,-38.48210541637537,-9.758682009095432,-26.85570336452497,-25.61282278689486,10.74570479992262,-50,-38.48210541637537,-9.758682009095432,-26.85570336452497,-25.61282278689486,-14.62062268322971,-50,-50,6.284592039232992,-25.32241188908354,-22.500613245748628,-14.62062268322971,-50,-50,6.284592039232992,-25.32241188908354,-22.500613245748628
20.222633464740948,-44.15672458020986,-28.8646400636459,-20.2871450860361,-39.48211234493602,-34.4569819286557,20.222633464740948,-44.15672458020986,-28.8646400636459,-20.2871450860361,-39.48211234493602,-34.4569819286557,-22.766928686512706,-42.300308440093154,-38.02616613306461,16.92509886410586,-34.776098010232104,-29.653970000648002,-22.766928686512706,-42.300308440093154,-38.02616613306461,16.92509886410586,-34.776098010232104,-29.653970000648002
22.80524030532418,-33.55255774684013,-22.475286940218247,-24.539385217152585,-50,-44.68701391574153,22.80524030532418,-33.55255774684013,-22.475286940218247,-24.539385217152585,-50,-44.68701391574153,-23.60005455666439,-31.537178759525922,-26.96433461805347,21.144887743683412,-46.3265864809964,-40.62849024534414,-23.60005455666439,-31.537178759525922,-26.96433461805347,21.144887743683412,-46.3265864809964,-40.62849024534414
17.603097479461383,-24.983686035358048,-21.55148602609285,-21.054260989480493,-50,-50,17.603097479461383,-24.983686035358048,-21.55148602609285,-21.054260989480493,-50,-50,-16.831897698616267,-23.662699723244284,-21.305873753936613,17.493399338161822,-50,-50,-16.831897698616267,-23.662699723244284,-21.305873753936613,17.493399338161822,-50,-50
6.409793054262706,-21.39102631018453,-26.416736282572437,-11.029319855976448,-50,-50,6.409793054262706,-21.39102631018453,-26.416736282572437,-11.029319855976448,-50,-50,-4.802949056766999,-21.38767630689655,-23.014809681430886,7.225838768453402,-50,-50,-4.802949056766999,-21.38767630689655,-23.014809681430886,7.225838768453402,-50,-50
-6.915459965055401,-24.00761296950393,-35.367311960544455,2.090699363107407,-50,-50,-6.915459965055401,-24.00761296950393,-35.367311960544455,2.090699363107407,-50,-50,8.32707019850201,-25.495289819155808,-31.497978479284573,-6.128303200281047,-50,-50,8.32707019850201,-25.495289819155808,-31.497978479284573,-6.128303200281047,-50,-50
-17.778398097711335,-31.935409014664746,-45.26887763057684,13.797536826185045,-50,-45.33728194787586,-17.778398097711335,-31.935409014664746,-45.26887763057684,13.797536826185045,-50,-45.33728194787586,18.01767854300817,-34.57148618790235,-43.81091067510899,-17.978518390827777,-50,-50,18.01767854300817,-34.57148618790235,-43.81091067510899,-17.978518390827777,-50,-50
-22.433711601031032,-42.453520742046514,-50,20.06852577298232,-40.790130930997975,-35.141866118940506,-22.433711601031032,-42.453520742046514,-50,20.06852577298232,-40.790130930997975,-35.141866118940506,20.917774406305355,-45.49176687005802,-50,-24.25127591956127,-38.78970078450314,-44.7211507506735,20.917774406305355,-45.49176687005802,-50,-24.25127591956127,-38.78970078450314,-44.7211507506735
-19.276347513627513,-50,-50,18.74884865607149,-27.780862890405906,-26.097274309764693,-19.276347513627513,-50,-50,18.74884865607149,-27.780862890405906,-26.097274309764693,16.024477942625243,-50,-50,-22.79030511055587,-28.16711353251773,-33.25921976747935,16.024477942625243,-50,-50,-22.79030511055587,-28.16711353251773,-33.25921976747935
-9.394897737002413,-50,-50,10.291968786037657,-20.83038486985447,-21.307565151895407,-9.394897737002413,-50,-50,10.291968786037657,-20.83038486985447,-21.307565151895407,5.029936113349607,-50,-50,-14.097817072628095,-21.905297025245368,-24.391998120246612,5.029936113349607,-50,-50,-14.097817072628095,-21.905297025245368,-24.391998120246612
3.8037242706080105,-50,-43.06381252436522,-2.3961873086173746,-22.32422083403157,-22.41654285095757,3.8037242706080105,-50,-43.06381252436522,-2.3961873086173746,-22.32422083403157,-22.41654285095757,-8.263837308948766,-50,-50,-1.161868808007173,-22.149294077685582,-21.135987168270706,-8.263837308948766,-50,-50,-1.161868808007173,-22.149294077685582,-21.135987168270706
15.768914704660727,-49.68890353950064,-33.06590804064503,-14.955755238205587,-31.749660508719955,-29.043611812192232,15.768914704660727,-49.68890353950064,-33.06590804064503,-14.955755238205587,-31.749660508719955,-29.043611812192232,-19.25973310172299,-48.12580239062781,-44.50821411345309,11.570786276925583,-28.81552125624367,-24.59883504005087,-19.25973310172299,-48.12580239062781,-44.50821411345309,11.570786276925583,-28.81552125624367,-24.59883504005087
22.375330701342033,-39.555816158432904,-24.82490504597713,-23.07105567488927,-45.871730392067526,-38.91439514330989,22.375330701342033,-39.555816158432904,-24.82490504597713,-23.07105567488927,-45.871730392067526,-38.91439514330989,-24.155269279358823,-37.341942071289246,-32.10406096249077,19.72327713932284,-39.620401152365446,-33.602530659758244,-24.155269279358823,-37.341942071289246,-32.10406096249077,19.72327713932284,-39.620401152365446,-33.602530659758244
21.345220708137035,-29.397649500080668,-21.22665899699057,-23.953534543390553,-50,-48.641289418360344,21.345220708137035,-29.397649500080668,-21.22665899699057,-23.953534543390553,-50,-48.641289418360344,-21.257524366771385,-27.448431150466124,-23.319302724316888,20.49317169061441,-50,-45.084146184142774,-21.257524366771385,-27.448431150466124,-23.319302724316888,20.49317169061441,-50,-45.084146184142774
13.033744714586495,-22.700781309732793,-23.531212876497072,-17.299957223585636,-50,-50,13.033744714586495,-22.700781309732793,-23.531212876497072,-17.299957223585636,-50,-50,-11.568565229332366,-21.851130321574516,-21.203089200260685,13.615817417627168,-50,-50,-11.568565229332366,-21.851130321574516,-21.203089200260685,13.615817417627168,-50,-50
0.30652265099877074,-21.763639345784,-30.93155212661181,-5.396605079310936,-50,-50,0.30652265099877074,-21.763639345784,-30.93155212661181,-5.396605079310936,-50,-50,1.5610768734973646,-22.476921460514134,-26.489948520920727,1.4553161175163232,-50,-50,1.5610768734973646,-22.476921460514134,-26.489948520920727,1.4553161175163232,-50,-50
-12.448370340355247,-26.907859489705366,-40.83620706583271,7.666329370948157,-50,-50,-12.448370340355247,-26.907859489705366,-40.83620706583271,7.666329370948157,-50,-50,13.591050840320515,-29.11037473055064,-37.34483575845877,-11.808139967650215,-50,-50,13.591050840320515,-29.11037473055064,-37.34483575845877,-11.808139967650215,-50,-50
-20.833318770562077,-36.36789730519954,-49.77674035456988,17.40020157477255,-49.214021533033694,-41.02179734211415,-20.833318770562077,-36.36789730519954,-49.77674035456988,17.40020157477255,-49.214021533033694,-41.02179734211415,20.3612809339413,-39.467910729504176,-50,-21.615216081686974,-45.52031527063213,-50,20.3612809339413,-39.467910729504176,-50,-21.615216081686974,-45.52031527063213,-50
-21.95737097774406,-46.896979391240976,-50,20.460288904332547,-34.67673641541368,-30.889289489736043,-21.95737097774406,-46.896979391240976,-50,20.460288904332547,-34.67673641541368,-30.889289489736043,19.53055926601528,-49.98392721346047,-50,-24.59471374539209,-33.98906937647251,-40.25784273797952,19.53055926601528,-49.98392721346047,-50,-24.59471374539209,-33.98906937647251,-40.25784273797952
-15.432977697473683,-50,-50,15.795093752099152,-23.83145855804033,-23.367068667798108,-15.432977697473683,-50,-50,15.795093752099152,-23.83145855804033,-23.367068667798108,11.386157036349925,-50,-50,-19.72242575614236,-24.824229726275696,-29.35101032199826,11.386157036349925,-50,-50,-19.72242575614236,-24.824229726275696,-29.35101032199826
-3.509610796315048,-50,-47.26951061549448,5.007655839796762,-20.400474421783052,-21.036723406039275,-3.509610796315048,-50,-47.26951061549448,5.007655839796762,-20.400474421783052,-21.036723406039275,-1.255516492405187,-50,-50,-8.673209091552408,-21.165296402716024,-22.368403924173098,-1.255516492405187,-50,-50,-8.673209091552408,-21.165296402716024,-22.368403924173098
9.701806725430979,-50,-37.64592530561112,-8.195279261433388,-25.561356952747847,-24.698016532552032,9.701806725430979,-50,-37.64592530561112,-8.195279261433388,-25.561356952747847,-24.698016532552032,-14.022854243662808,-50,-50,4.754749920168114,-24.265670655598377,-21.68540588278559,-14.022854243662808,-50,-50,4.754749920168114,-24.265670655598377,-21.68540588278559
19.64625944242693,-45.55082545250641,-28.17539935244381,-19.276960414720698,-37.54280223195884,-33.09441057480528,19.64625944242693,-45.55082545250641,-28.17539935244381,-19.276960414720698,-37.54280223195884,-33.09441057480528,-22.500793295917997,-43.42295091128752,-38.19377766892884,15.945568372359066,-33.0632907801076,-27.534362315053674,-22.500793295917997,-43.42295091128752,-38.19377766892884,15.945568372359066,-33.0632907801076,-27.534362315053674
22.895111824239663,-34.95010900311357,-22.17434569951147,-24.429535109608793,-50,-43.34430512997214,22.895111824239663,-34.95010900311357,-22.17434569951147,-24.429535109608793,-50,-43.34430512997214,-23.757584282964505,-32.56713234015846,-27.083038958654264,21.052384090364615,-44.54445111826777,-37.925542307474934,-23.757584282964505,-32.56713234015846,-27.083038958654264,21.052384090364615,-44.54445111826777,-37.925542307474934
18.328228753691512,-25.905035021577238,-21.744228627441537,-21.882491795021267,-50,-50,18.328228753691512,-25.905035021577238,-21.744228627441537,-21.882491795021267,-50,-50,-17.358617312348905,-24.245400857020833,-21.334469160222465,18.31972080562973,-50,-49.3240157749651,-17.358617312348905,-24.245400857020833,-21.334469160222465,18.31972080562973,-50,-49.3240157749651
7.52017426206989,-21.519957442452014,-27.0356676300293,-12.511037503675693,-50,-50,7.52017426206989,-21.519957442452014,-27.0356676300293,-12.511037503675693,-50,-50,-5.51671406689359,-21.322528976546693,-22.943370817378714,8.686935998666407,-50,-50,-5.51671406689359,-21.322528976546693,-22.943370817378714,8.686935998666407,-50,-50
-5.8026646186372055,-23.299875878109273,-36.19569309557606,0.464638042641762,-50,-50,-5.8026646186372055,-23.299875878109273,-36.19569309557606,0.464638042641762,-50,-50,7.673086302901265,-24.804721121945114,-31.351301451084908,-4.534684773637101,-50,-50,7.673086302901265,-24.804721121945114,-31.351301451084908,-4.534684773637101,-50,-50
-17.046856751232145,-30.633905684576117,-46.01662393359894,12.5858739223204,-50,-46.61628137861905,-17.046856751232145,-30.633905684576117,-46.01662393359894,12.5858739223204,-50,-46.61628137861905,17.64962941314719,-33.49322576306168,-43.63990641500025,-16.800187712422556,-50,-50,17.64962941314719,-33.49322576306168,-43.63990641500025,-16.800187712422556,-50,-50
-22.335644132638226,-41.00493928127136,-50,19.687609091298597,-42.78646038388346,-36.540566149037716,-22.335644132638226,-41.00493928127136,-50,19.687609091298597,-42.78646038388346,-36.540566149037716,20.96293481929116,-44.39700800050012,-50,-23.893286090324132,-40.61765274044754,-47.33913619675221,20.96293481929116,-44.39700800050012,-50,-23.893286090324132,-40.61765274044754,-47.33913619675221
-19.84556549808338,-50,-50,19.329567591648782,-29.270188265551692,-27.13564809079986,-19.84556549808338,-50,-50,19.329567591648782,-29.270188265551692,-27.13564809079986,16.467231011932384,-50,-50,-23.375715720711224,-29.619938900935168,-35.82685496871648,16.467231011932384,-50,-50,-23.375715720711224,-29.619938900935168,-35.82685496871648
-10.435146934721287,-50,-50,11.634778520168421,-21.301544005014556,-21.629248000331984,-10.435146934721287,-50,-50,11.634778520168421,-21.301544005014556,-21.629248000331984,5.717173751938723,-50,-50,-15.42539226597189,-22.485317119072224,-26.035810484794723,5.717173751938723,-50,-50,-15.42539226597189,-22.485317119072224,-26.035810484794723
2.651099630969237,-50,-42.25893879872872,-0.7526988438714692,-21.615503785690862,-21.911134823561355,2.651099630969237,-50,-42.25893879872872,-0.7526988438714692,-21.615503785690862,-21.911134823561355,-7.569768202727509,-50,-50,-2.7752524371228393,-21.657817681142312,-21.29677535557886,-7.569768202727509,-50,-50,-2.7752524371228393,-21.657817681142312,-21.29677535557886
14.901315053793398,-50,-32.273835516506374,-13.576318392854214,-30.104311194491164,-27.884566413885302,14.901315053793398,-50,-32.273835516506374,-13.576318392854214,-30.104311194491164,-27.884566413885302,-18.798848013912302,-49.13069375007001,-44.67869391943604,10.22619747743587,-27.420908127544585,-23.221901219742698,-18.798848013912302,-49.13069375007001,-44.67869391943604,10.22619747743587,-27.420908127544585,-23.221901219742698
22.091885923394273,-41.01425300924655,-24.32300370091207,-22.429668209915683,-43.85446108177875,-37.49949095259265,22.091885923394273,-41.01425300924655,-24.32300370091207,-22.429668209915683,-43.85446108177875,-37.49949095259265,-24.08694651590719,-38.47207568083488,-32.25419519230481,19.10968777185835,-37.800388840661604,-31.156287927372006,-24.08694651590719,-38.47207568083488,-32.25419519230481,19.10968777185835,-37.800388840661604,-31.156287927372006
21.743656526609733,-30.64206248631462,-21.1906859246782,-24.270588007233005,-50,-47.45611447045537,21.743656526609733,-30.64206248631462,-21.1906859246782,-24.270588007233005,-50,-47.45611447045537,-21.605390568211472,-28.314756280817836,-23.396980466699873,20.82150410536398,-49.24067327444315,-42.400771158356854,-21.605390568211472,-28.314756280817836,-23.396980466699873,20.82150410536398,-49.24067327444315,-42.400771158356854
13.97668894393154,-23.304076263013002,-23.97376521918956,-18.46650669971553,-50,-50,13.97668894393154,-23.304076263013002,-23.97376521918956,-18.46650669971553,-50,-50,-12.212325060994885,-22.15541283393202,-21.18134886260692,14.773206809178298,-50,-50,-12.212325060994885,-22.15541283393202,-21.18134886260692,14.773206809178298,-50,-50
1.4688682008660774,-21.51875979916111,-31.6976557757171,-7.011804496648612,-50,-50,1.4688682008660774,-21.51875979916111,-31.6976557757171,-7.011804496648612,-50,-50,0.8440414874009585,-22.114411498448575,-26.37633607597534,3.04390798660011,-50,-50,0.8440414874009585,-22.114411498448575,-26.37633607597534,3.04390798660011,-50,-50
-11.467375463497763,-25.898850392463483,-41.65758589069725,6.157489768695163,-50,-50,-11.467375463497763,-25.898850392463483,-41.65758589069725,6.157489768695163,-50,-50,13.048697336825157,-28.20586706516505,-37.17878557135072,-10.334426678308636,-50,-50,13.048697336825157,-28.20586706516505,-37.17878557135072,-10.334426678308636,-50,-50
-20.37190071004092,-34.94106001069638,-50,16.516184517928387,-50,-42.412657670098866,-20.37190071004092,-34.94106001069638,-50,16.516184517928387,-50,-42.412657670098866,20.181160147080092,-38.33278391276917,-49.83921604945715,-20.762972729393123,-47.278865188941765,-50,20.181160147080092,-38.33278391276917,-49.83921604945715,-20.762972729393123,-47.278865188941765,-50
-22.174616854963592,-45.54201779556409,-50,20.504857560473255,-36.53285548473943,-32.187552403791585,-22.174616854963592,-45.54201779556409,-50,20.504857560473255,-36.53285548473943,-32.187552403791585,19.774958621949946,-49.008950896120105,-50,-24.6569003785595,-35.73244495864059,-42.96800985160941,19.774958621949946,-49.008950896120105,-50,-24.6569003785595,-35.73244495864059,-42.96800985160941
-16.253985760203637,-50,-50,16.75293357943062,-24.925750862839077,-24.12717683494422,-16.253985760203637,-50,-50,16.75293357943062,-24.925750862839077,-24.12717683494422,11.970560988029897,-50,-50,-20.67766561775159,-25.955221638232523,-31.655971974930942,11.970560988029897,-50,-50,-20.67766561775159,-25.955221638232523,-31.655971974930942
-4.651314947831856,-50,-46.55670452048004,6.54963692195782,-20.357359964570826,-20.997811508424284,-4.651314947831856,-50,-46.55670452048004,6.54963692195782,-20.357359964570826,-20.997811508424284,-0.5332002110820582,-50,-50,-10.193136914393897,-21.29647296680897,-23.484045290390835,-0.5332002110820582,-50,-50,-10.193136914393897,-21.29647296680897,-23.484045290390835
8.633041764064142,-50,-36.81081583020866,-6.59900762611531,-24.395633359040474,-23.873438938643844,8.633041764064142,-50,-36.81081583020866,-6.59900762611531,-24.395633359040474,-23.873438938643844,-13.412409251913061,-50,-50,3.192611814994663,-23.352096133774925,-21.23220180417538,-13.412409251913061,-50,-50,3.192611814994663,-23.352096133774925,-21.23220180417538
19.01892107061887,-46.90550643744687,-27.510427263636682,-18.174904077464134,-35.65456594990981,-31.767158186985416,19.01892107061887,-46.90550643744687,-27.510427263636682,-18.174904077464134,-35.65456594990981,-31.767158186985416,-22.21331709121539,-44.532555169357096,-38.361664125074356,14.878207517450356,-31.41791852411924,-25.66648630543672,-22.21331709121539,-44.532555169357096,-38.361664125074356,14.878207517450356,-31.41791852411924,-25.66648630543672
22.925492953465177,-36.37710546646774,-21.912372620118123,-24.200379211453157,-50,-41.96988432349503,22.925492953465177,-36.37710546646774,-21.912372620118123,-24.200379211453157,-50,-41.96988432349503,-23.892488783198687,-33.624549425902735,-27.202722369974076,20.84670752804266,-42.73091852176985,-35.27841893907043,-23.892488783198687,-33.624549425902735,-27.202722369974076,20.84670752804266,-42.73091852176985,-35.27841893907043
19.005854617557734,-26.91458843902017,-21.97699295886121,-22.604978166741862,-50,-50,19.005854617557734,-26.91458843902017,-21.97699295886121,-22.604978166741862,-50,-50,-17.86925129950307,-24.88661284821721,-21.364407956652364,19.04643019111214,-50,-46.79815837164828,-17.86925129950307,-24.88661284821721,-21.364407956652364,19.04643019111214,-50,-46.79815837164828
8.611413892708192,-21.765579644845236,-27.681659364757977,-13.936907644935628,-50,-50,8.611413892708192,-21.765579644845236,-27.681659364757977,-13.936907644935628,-50,-50,-6.226495607672953,-21.3267973775855,-22.873173378260375,10.09622379026867,-50,-50,-6.226495607672953,-21.3267973775855,-22.873173378260375,10.09622379026867,-50,-50
-4.674047408003009,-22.697267029766714,-37.02869719961724,-1.1746628437134476,-50,-50,-4.674047408003009,-22.697267029766714,-37.02869719961724,-1.1746628437134476,-50,-50,7.009606199047216,-24.170576527330205,-31.205332989636304,-2.9272635628370045,-50,-50,7.009606199047216,-24.170576527330205,-31.205332989636304,-2.9272635628370045,-50,-50
-16.26998514100904,-29.389886774819523,-46.74493690428448,11.296433718331016,-50,-47.84217112496604,-16.26998514100904,-29.389886774819523,-46.74493690428448,11.296433718331016,-50,-47.84217112496604,17.261888273661768,-32.43897370315819,-43.46883192314937,-15.547186756758872,-50,-50,17.261888273661768,-32.43897370315819,-43.46883192314937,-15.547186756758872,-50,-50
-22.17836691060718,-39.546469227744325,-50,19.19110296710705,-44.79992449181942,-37.952048405167616,-22.17836691060718,-39.546469227744325,-50,19.19110296710705,-44.79992449181942,-37.952048405167616,20.985017099480295,-43.28557683112733,-50,-23.42542652085106,-42.44801015697137,-49.83546974263534,20.985017099480295,-43.28557683112733,-50,-23.42542652085106,-42.44801015697137,-49.83546974263534
-20.362108501193937,-49.68118035736249,-50,19.79660342392153,-30.86413133208321,-28.248309212310225,-20.362108501193937,-49.68118035736249,-50,19.79660342392153,-30.86413133208321,-28.248309212310225,16.89150045603275,-50,-50,-23.853825030837342,-31.169840330172544,-38.48988173415457,16.89150045603275,-50,-50,-23.853825030837342,-31.169840330172544,-38.48988173415457
-11.447417135246287,-50,-50,12.904874921488654,-21.928897271371785,-22.061228260318696,-11.447417135246287,-50,-50,12.904874921488654,-21.928897271371785,-22.061228260318696,6.396914080654701,-50,-50,-16.685119597148997,-23.223829576819334,-27.95960703881494,6.396914080654701,-50,-50,-16.685119597148997,-23.223829576819334,-27.95960703881494
1.4921114419520658,-50,-41.44383616419173,0.8840315858482586,-21.06094878790712,-21.514180759296558,1.4921114419520658,-50,-41.44383616419173,0.8840315858482586,-21.06094878790712,-21.514180759296558,-6.869617452276672,-50,-50,-4.383564455695511,-21.33195693519784,-21.82689376048017,-6.869617452276672,-50,-50,-4.383564455695511,-21.33195693519784,-21.82689376048017
13.995203323288951,-50,-31.49599252406611,-12.135362109950982,-28.558180774860205,-26.794910673066614,13.995203323288951,-50,-31.49599252406611,-12.135362109950982,-28.558180774860205,-26.794910673066614,-18.32040541632724,-50,-44.84903765983012,8.822160662432946,-26.142300772358652,-22.178002813358155,-18.32040541632724,-50,-44.84903765983012,8.822160662432946,-26.142300772358652,-22.178002813358155
21.75105868049805,-42.46274076283585,-23.8548073944254,-21.679622950933847,-41.84741387380126,-36.091097930636074,21.75105868049805,-42.46274076283585,-23.8548073944254,-21.679622950933847,-41.84741387380126,-36.091097930636074,-23.99566192563843,-39.607642181235164,-32.40498076738053,18.392566115539523,-36.00703358112467,-28.893491944015768,-23.99566192563843,-39.607642181235164,-32.40498076738053,18.392566115539523,-36.00703358112467,-28.893491944015768
22.08562374678138,-31.94390690411096,-21.196090481412632,-24.469181970887544,-50,-46.212337602059826,22.08562374678138,-31.94390690411096,-21.196090481412632,-24.469181970887544,-50,-46.212337602059826,-21.932831036875754,-29.224410006128352,-23.47587088620418,21.037809351808047,-47.54690044261511,-39.688848269283646,-21.932831036875754,-29.224410006128352,-23.47587088620418,21.037809351808047,-47.54690044261511,-39.688848269283646
14.883547611822586,-24.012472172519644,-24.450878057677166,-19.545499651280362,-50,-50,14.883547611822586,-24.012472172519644,-24.450878057677166,-19.545499651280362,-50,-50,-12.845258660341779,-22.526003690879527,-21.160961619197614,15.848583675589875,-50,-50,-12.845258660341779,-22.526003690879527,-21.160961619197614,15.848583675589875,-50,-50
2.6279527592760847,-21.390579102875673,-32.47940030476284,-8.600436263316785,-50,-50,2.6279527592760847,-21.390579102875673,-32.47940030476284,-8.600436263316785,-50,-50,0.12448902236658665,-21.818362851891454,-26.263747489512852,4.608693913571958,-50,-50,0.12448902236658665,-21.818362851891454,-26.263747489512852,4.608693913571958,-50,-50
-10.455692687688153,-24.97808590345319,-42.470208816400344,4.605099850445642,-50,-50,-10.455692687688153,-24.97808590345319,-42.470208816400344,4.605099850445642,-50,-50,12.491353872205451,-27.34509424695208,-37.013074630321,-8.818129416453813,-50,-50,12.491353872205451,-27.34509424695208,-37.013074630321,-8.818129416453813,-50,-50
-19.85642639422113,-33.54372670795308,-50,15.53346380137054,-50,-43.77789864966524,-19.85642639422113,-33.54372670795308,-50,15.53346380137054,-50,-43.77789864966524,19.978760183451975,-37.203609667270385,-49.6779002710441,-19.81639380026941,-48.982479470396314,-50,19.978760183451975,-37.203609667270385,-49.6779002710441,-19.81639380026941,-48.982479470396314,-50
-22.33307556624075,-44.14769352943081,-50,20.42948545506313,-38.44658518798167,-33.52706484225639,-22.33307556624075,-44.14769352943081,-50,20.42948545506313,-38.44658518798167,-33.52706484225639,19.997493929887543,-48.00009568966313,-50,-24.605427839646783,-37.52027888253706,-45.63893483131348,19.997493929887543,-48.00009568966313,-50,-24.605427839646783,-37.52027888253706,-45.63893483131348
-17.031744309295778,-50,-50,17.6108092115585,-26.15277989745594,-24.98124676904567,-17.031744309295778,-50,-50,17.6108092115585,-26.15277989745594,-24.98124676904567,12.541076809545068,-50,-50,-21.538993238618595,-27.214836256796985,-34.134959728226804,12.541076809545068,-50,-50,-21.538993238618595,-27.214836256796985,-34.134959728226804
-5.780218749323543,-50,-45.8231421695122,8.045979758393162,-20.476550797460753,-21.073326412265654,-5.780218749323543,-50,-45.8231421695122,8.045979758393162,-20.476550797460753,-21.073326412265654,0.18800650116386652,-50,-50,-11.671181914424151,-21.59637571169813,-24.9277798131166,0.18800650116386652,-50,-50,-11.671181914424151,-21.59637571169813,-24.9277798131166
7.542214701005141,-50,-35.978822584983085,-4.97836621623349,-23.366077640103246,-23.144482475255614,7.542214701005141,-50,-35.978822584983085,-4.97836621623349,-23.366077640103246,-23.144482475255614,-12.789911568952116,-50,-50,1.6059298257520345,-22.589552562454784,-21.149545361932717,-12.789911568952116,-50,-50,1.6059298257520345,-22.589552562454784,-21.149545361932717
18.342264688252687,-48.211967164376844,-26.87135264170194,-16.98684381083273,-33.829624963541505,-30.483904565435495,18.342264688252687,-48.211967164376844,-26.87135264170194,-16.98684381083273,-33.829624963541505,-30.483904565435495,-21.904793866582597,-45.62498141786733,-38.529814861585606,13.728313071945953,-29.85414494768495,-24.085557431885167,-21.904793866582597,-45.62498141786733,-38.529814861585606,13.728313071945953,-29.85414494768495,-24.085557431885167
22.896303963084243,-37.82427698552412,-21.690009403262636,-23.853137629496516,-48.27592281167964,-40.57273976271249,22.896303963084243,-37.82427698552412,-21.690009403262636,-23.853137629496516,-48.27592281167964,-40.57273976271249,-24.0046301880196,-34.70548492421854,-27.323377266997305,20.528878725564226,-40.90159995598677,-32.73702691492753,-24.0046301880196,-34.70548492421854,-27.323377266997305,20.528878725564226,-40.90159995598677,-32.73702691492753
19.63419676146818,-28.00578795818443,-22.24920886575117,-23.217873332423174,-50,-49.948550332241325,19.63419676146818,-28.00578795818443,-22.24920886575117,-23.217873332423174,-50,-49.948550332241325,-18.36327780369582,-25.583943414093618,-21.395688245835235,19.669921203148252,-50,-44.16084823709228,-18.36327780369582,-25.583943414093618,-21.395688245835235,19.669921203148252,-50,-44.16084823709228
9.680648180188996,-22.126297289724842,-28.353129134525506,-15.299338444308038,-50,-50,9.680648180188996,-22.126297289724842,-28.353129134525506,-15.299338444308038,-50,-50,-6.9315682984276,-21.40046558513593,-22.804221812885153,11.446708560089052,-50,-50,-6.9315682984276,-21.40046558513593,-22.804221812885153,11.446708560089052,-50,-50
-3.53257019000983,-22.203701133019468,-37.86428383494553,-2.818475079958376,-50,-50,-3.53257019000983,-22.203701133019468,-37.86428383494553,-2.818475079958376,-50,-50,6.337307948596275,-23.59522195046746,-31.060082345786864,-1.3140163870906651,-50,-50,6.337307948596275,-23.59522195046746,-31.060082345786864,-1.3140163870906651,-50,-50
-15.44982202959419,-28.211433765557707,-47.45203254511002,9.93608164856942,-50,-49.00693426548572,-15.44982202959419,-28.211433765557707,-47.45203254511002,9.93608164856942,-50,-49.00693426548572,16.85485138722471,-31.41266329241114,-43.29769804151577,-14.225733534415438,-50,-50,16.85485138722471,-31.41266329241114,-43.29769804151577,-14.225733534415438,-50,-50
-21.96229268127402,-38.08758519371908,-50,18.58165097409968,-46.817491262539264,-39.36708225106581,-21.96229268127402,-38.08758519371908,-50,18.58165097409968,-46.817491262539264,-39.36708225106581,20.98399867928197,-42.161619974354586,-50,-22.850018961767436,-44.26501693805299,-50,20.98399867928197,-42.161619974354586,-50,-22.850018961767436,-44.26501693805299,-50
-20.824620946931436,-48.44256793520542,-50,20.1474694894241,-32.55237541555141,-29.427981231355318,-20.824620946931436,-48.44256793520542,-50,20.1474694894241,-32.55237541555141,-29.427981231355318,17.296852681152604,-50,-50,-24.222260426025365,-32.80347594747696,-41.19809345890257,17.296852681152604,-50,-50,-24.222260426025365,-32.80347594747696,-41.19809345890257
-12.429051813932611,-50,-49.618132810494274,14.09549554887284,-22.708384172946623,-22.600680921030214,-12.429051813932611,-50,-49.618132810494274,14.09549554887284,-22.708384172946623,-22.600680921030214,7.068462420259168,-50,-50,-17.870747675977967,-24.114477130177992,-30.127118040408398,7.068462420259168,-50,-50,-17.870747675977967,-24.114477130177992,-30.127118040408398
0.32980126368959595,-50,-40.62050120895247,2.505289450560805,-20.664145155440934,-21.22827660902649,0.32980126368959595,-50,-40.62050120895247,2.505289450560805,-20.664145155440934,-21.22827660902649,-6.1641005958239,-50,-50,-5.978823623886439,-21.174516916694838,-22.716347948956102,-6.1641005958239,-50,-50,-5.978823623886439,-21.174516916694838,-22.716347948956102
13.052957443606317,-50,-30.734284384289893,-10.640558548881856,-27.12127646057928,-25.781770584947402,13.052957443606317,-50,-30.734284384289893,-10.640558548881856,-27.12127646057928,-25.781770584947402,-17.824894266478857,-50,-45.01923453898776,7.365643357144499,-24.990705707817717,-21.48682065757329,-17.824894266478857,-50,-45.01923453898776,7.365643357144499,-24.990705707817717,-21.48682065757329
21.353743413653024,-43.891869654642456,-23.421462970093238,-20.824913403397076,-39.863579227506925,-34.69842651111576,21.353743413653024,-43.891869654642456,-23.421462970093238,-20.824913403397076,-39.863579227506925,-34.69842651111576,-23.881508799338693,-40.744404914136155,-32.55640813158205,17.575470882772184,-34.25577294753945,-26.856803679276894,-23.881508799338693,-40.744404914136155,-32.55640813158205,17.575470882772184,-34.25577294753945,-26.856803679276894
22.37022493598293,-33.29472562331168,-21.242859428770014,-24.54825905005968,-50,-44.918092710583785,22.37022493598293,-33.29472562331168,-21.242859428770014,-24.54825905005968,-50,-44.918092710583785,-22.239511136012403,-30.17399852070409,-23.55596898309755,21.141014016311587,-45.79588467091236,-36.99950597074098,-22.239511136012403,-30.17399852070409,-23.55596898309755,21.141014016311587,-45.79588467091236,-36.99950597074098
15.751940827595686,-24.82136710861488,-24.96138270740188,-20.53119113931111,-50,-50,15.751940827595686,-24.82136710861488,-24.96138270740188,-20.53119113931111,-50,-50,-13.466719183552344,-22.961520263703548,-21.14192876208784,16.83661146488146,-50,-48.46452598947477,-13.466719183552344,-22.961520263703548,-21.14192876208784,16.83661146488146,-50,-48.46452598947477
3.7807345131908923,-21.379929953075806,-33.27487083599744,-10.154041943577015,-50,-50,3.7807345131908923,-21.379929953075806,-33.27487083599744,-10.154041943577015,-50,-50,-0.5968451552637615,-21.589880041776834,-26.152189896909636,6.1419086565909,-50,-50,-0.5968451552637615,-21.589880041776834,-26.152189896909636,6.1419086565909,-50,-50
-9.415976995978612,-24.151547555506895,-43.27208532877392,3.0174250875567665,-50,-50,-9.415976995978612,-24.151547555506895,-43.27208532877392,3.0174250875567665,-50,-50,11.919590038874338,-26.531267712979044,-36.84771343741134,-7.266772799183956,-50,-50,11.919590038874338,-26.531267712979044,-36.84771343741134,-7.266772799183956,-50,-50
-19.28824859454938,-32.184974848509796,-50,14.457271776739077,-50,-45.10859204750329,-19.28824859454938,-32.184974848509796,-50,14.457271776739077,-50,-45.10859204750329,19.754287891241187,-36.084600802649035,-49.51613159902292,-18.78017668721686,-50,-50,19.754287891241187,-36.084600802649035,-49.51613159902292,-18.78017668721686,-50,-50
-22.43233126462933,-42.72306449687226,-50,20.234573895770442,-40.405539056173176,-34.89906682813647,-22.43233126462933,-42.72306449687226,-50,20.234573895770442,-40.405539056173176,-34.89906682813647,20.197937763777414,-46.96112550825788,-50,-24.440551560854495,-39.33718110317843,-48.22026216551782,20.197937763777414,-46.96112550825788,-50,-24.440551560854495,-39.33718110317843,-48.22026216551782
-17.764212254583043,-50,-50,18.36415301609695,-27.50460381041835,-25.923693129676238,-17.764212254583043,-50,-50,18.36415301609695,-27.50460381041835,-25.923693129676238,13.0971214466317,-50,-50,-22.30213428500544,-28.59223055825096,-36.74123670328024,13.0971214466317,-50,-50,-22.30213428500544,-28.59223055825096,-36.74123670328024
-6.89335959182498,-50,-45.07062041843486,9.488717292172396,-20.757275466913526,-21.262774274578817,-6.89335959182498,-50,-45.07062041843486,9.488717292172396,-20.757275466913526,-21.262774274578817,0.9073665873873655,-50,-50,-13.10000930119086,-22.062423012394184,-26.672388461107182,0.9073665873873655,-50,-50,-13.10000930119086,-22.062423012394184,-26.672388461107182
6.432188219531112,-50,-35.151983531564795,-3.3419838981559256,-22.479353516492797,-22.515914281284445,6.432188219531112,-50,-35.151983531564795,-3.3419838981559256,-22.479353516492797,-22.515914281284445,-12.155997373330187,-50,-50,0.0025778533724949426,-21.984604074753243,-21.438994895384106,-12.155997373330187,-50,-50,0.0025778533724949426,-21.984604074753243,-21.438994895384106
17.61806606068734,-49.46172051435822,-26.2597408954526,-15.71910526664276,-32.079791063649886,-29.25304177272905,17.61806606068734,-49.46172051435822,-26.2597408954526,-15.71910526664276,-32.079791063649886,-29.25304177272905,-21.57553892577596,-46.69615394941487,-38.6982192217972,12.501591380915519,-28.385431337875993,-22.821381279663377,-21.57553892577596,-46.69615394941487,-38.6982192217972,12.501591380915519,-28.385431337875993,-22.821381279663377
22.80762145445516,-39.282222346335544,-21.50780072608819,-23.38965920037192,-46.263552317678304,-39.16200832001003,22.80762145445516,-39.282222346335544,-21.50780072608819,-23.38965920037192,-46.263552317678304,-39.16200832001003,-24.093893891448296,-35.805905998272216,-27.444996003139153,20.10047490667142,-39.07224257429738,-30.349279634508235,-24.093893891448296,-35.805905998272216,-27.444996003139153,20.10047490667142,-39.07224257429738,-30.349279634508235
20.211606212263185,-29.17154485461568,-22.56020955715293,-23.71791402207266,-50,-48.8421062085356,20.211606212263185,-29.17154485461568,-22.56020955715293,-23.71791402207266,-50,-48.8421062085356,-18.840191941015416,-26.334790900439305,-21.42830804536182,20.187099770906627,-50,-41.46180713512346,-18.840191941015416,-26.334790900439305,-21.42830804536182,20.187099770906627,-50,-41.46180713512346
10.725071107665638,-22.59976705861824,-29.048432178831,-16.59107583977152,-50,-50,10.725071107665638,-22.59976705861824,-29.048432178831,-16.59107583977152,-50,-50,-7.631211570817299,-21.543258752214758,-22.736520491104617,12.731688534640343,-50,-50,-7.631211570817299,-21.543258752214758,-22.736520491104617,12.731688534640343,-50,-50
-2.3812285703363636,-21.82238452418026,-38.70040623794665,-4.458046430076765,-50,-50,-2.3812285703363636,-21.82238452418026,-38.70040623794665,-4.458046430076765,-50,-50,5.656878625152085,-23.08080396821859,-30.915558724893295,0.297051023070964,-50,-50,5.656878625152085,-23.08080396821859,-30.915558724893295,0.297051023070964,-50,-50
-14.588519790452482,-27.106202203296963,-48.13617883025229,8.512060707166711,-50,-50,-14.588519790452482,-27.106202203296963,-48.13617883025229,8.512060707166711,-50,-50,16.42893473632619,-30.418123568199665,-43.12651561582368,-12.842385749980584,-50,-50,16.42893473632619,-30.418123568199665,-43.12651561582368,-12.842385749980584,-50,-50
-21.68798849335237,-36.637764480777264,-50,17.862498049603996,-48.82610214960677,-40.77641382422172,-21.68798849335237,-36.637764480777264,-50,17.862498049603996,-48.82610214960677,-40.77641382422172,20.959880599498575,-41.029330774390225,-50,-22.16991887002519,-46.05303191270699,-50,20.959880599498575,-41.029330774390225,-50,-22.16991887002519,-46.05303191270699,-50
-21.231889052938055,-47.14575009170426,-50,20.380297653494654,-34.32399348539668,-30.666949475453308,-21.231889052938055,-47.14575009170426,-50,20.380297653494654,-34.32399348539668,-30.666949475453308,17.682873426487486,-50,-50,-24.4791935475863,-34.506783078848954,-43.900431656523594,17.682873426487486,-50,-50,-24.4791935475863,-34.506783078848954,-43.900431656523594
-13.377474843660503,-50,-48.993233372138945,15.200301118242368,-23.634959540454666,-23.244078136989216,-13.377474843660503,-50,-48.993233372138945,15.200301118242368,-23.634959540454666,-23.244078136989216,7.731132463540394,-50,-50,-18.97639282942239,-25.149592900403256,-32.49747894781724,7.731132463540394,-50,-50,-18.97639282942239,-25.149592900403256,-32.49747894781724
-0.8327806257078225,-50,-39.790950686220604,4.1024426016765245,-20.42766116941963,-21.055292093185844,-0.8327806257078225,-50,-39.790950686220604,4.1024426016765245,-20.42766116941963,-21.055292093185844,-5.4539386556367155,-50,-50,-7.553113476557159,-21.186852901945315,-23.948368853722236,-5.4539386556367155,-50,-50,-7.553113476557159,-21.186852901945315,-23.948368853722236
12.077050172907526,-50,-29.99057689593429,-9.099866570931212,-25.802898504798062,-24.85177175718033,12.077050172907526,-50,-29.99057689593429,-9.099866570931212,-25.802898504798062,-24.85177175718033,-17.31282096555314,-50,-45.18927377056791,5.863873520952193,-23.976036102930244,-21.16138575524658,-17.31282096555314,-50,-45.18927377056791,5.863873520952193,-23.976036102930244,-21.16138575524658
20.90098280671741,-45.29235568046023,-23.024031902049508,-19.8700903423399,-37.91579736074061,-33.33058431352385,20.90098280671741,-45.29235568046023,-23.024031902049508,-19.8700903423399,-37.91579736074061,-33.33058431352385,-23.74460379892074,-41.87812275818739,-32.708467688098885,16.662456904302896,-32.56168215442584,-25.0846212462819,-23.74460379892074,-41.87812275818739,-32.708467688098885,16.662456904302896,-32.56168215442584,-25.0846212462819
22.596713208577622,-34.685743363576194,-21.330878206541097,-24.507398210494404,-50,-43.581843737942044,22.596713208577622,-34.685743363576194,-21.330878206541097,-24.507398210494404,-50,-43.581843737942044,-22.525117445497763,-31.159979027084535,-23.637269681109377,21.130605946275796,-44.002699066032946,-34.383446999896506,-22.525117445497763,-31.159979027084535,-23.637269681109377,21.130605946275796,-44.002699066032946,-34.383446999896506
16.57958964638109,-25.72550627305715,-25.504028690796915,-21.418332994732847,-50,-50,16.57958964638109,-25.72550627305715,-25.504028690796915,-21.418332994732847,-50,-50,-14.076071512030431,-23.46033769386292,-21.124251497497582,17.732387094403112,-50,-45.89453614307808,-14.076071512030431,-23.46033769386292,-21.124251497497582,17.732387094403112,-50,-45.89453614307808
4.924188190170324,-21.486881529491942,-34.08211886992163,-11.664349592926174,-50,-50,4.924188190170324,-21.486881529491942,-34.08211886992163,-11.664349592926174,-50,-50,-1.3192238582784461,-21.42981550924826,-26.041670368202336,7.635943645649647,-50,-50,-1.3192238582784461,-21.42981550924826,-26.041670368202336,7.635943645649647,-50,-50
-8.350956938866014,-23.4246047631971,-44.061251236912746,1.4029188203416978,-50,-50,-8.350956938866014,-23.4246047631971,-44.061251236912746,1.4029188203416978,-50,-50,11.333990166535145,-25.767423749524326,-36.68271247249647,-5.6880554254608064,-50,-50,11.333990166535145,-25.767423749524326,-36.68271247249647,-5.6880554254608064,-50,-50
-18.668858393472515,-30.87363124851175,-50,13.293338469880117,-50,-46.396035560284346,-18.668858393472515,-30.87363124851175,-50,13.293338469880117,-50,-46.396035560284346,19.5079726760524,-34.97993220276459,-49.35392028558995,-17.65946361214896,-50,-50,19.5079726760524,-34.97993220276459,-49.35392028558995,-17.65946361214896,-50,-50
-22.47212347105092,-41.27738546980321,-50,19.921160660470143,-42.39703791039991,-36.29458591333168,-22.47212347105092,-41.27738546980321,-50,19.921160660470143,-42.39703791039991,-36.29458591333168,20.37608527455572,-45.895916621322506,-50,-24.163089739839418,-41.167511349657815,-50,20.37608527455572,-45.895916621322506,-50,-24.163089739839418,-41.167511349657815,-50
-18.449467363100982,-50,-50,19.008953924973497,-28.97247302496074,-26.948352623236513,-18.449467363100982,-50,-50,19.008953924973497,-28.97247302496074,-26.948352623236513,13.638126634249438,-50,-50,-22.96330167352844,-30.075547646953105,-39.42566621097441,13.638126634249438,-50,-50,-22.96330167352844,-30.075547646953105,-39.42566621097441
-7.987816233479256,-50,-44.300982564009566,10.870167879902608,-21.197717004001394,-21.56491616777514,-7.987816233479256,-50,-44.300982564009566,10.870167879902608,-21.197717004001394,-21.56491616777514,1.6241448778535608,-50,-50,-14.472528526386917,-22.690603037134565,-28.68497975981557,1.6241448778535608,-50,-50,-14.472528526386917,-22.690603037134565,-28.68497975981557
5.305875388409475,-50,-34.33232400642718,-1.6985733483935301,-21.741200242202286,-21.991844988898333,5.305875388409475,-50,-34.33232400642718,-1.6985733483935301,-21.741200242202286,-21.991844988898333,-11.511314511014902,-50,-50,-1.6094874765067697,-21.54245819264087,-22.095093351468307,-11.511314511014902,-50,-50,-1.6094874765067697,-21.54245819264087,-22.095093351468307
16.848225719520048,-50,-25.677090163579795,-14.378438331955419,-30.416389916166615,-28.082619252408684,16.848225719520048,-50,-25.677090163579795,-14.378438331955419,-30.416389916166615,-28.082619252408684,-21.225888759896627,-47.74207635159048,-38.86686653297168,11.204130044227758,-27.024420685867725,-21.897791628210456,-21.225888759896627,-47.74207635159048,-38.86686653297168,11.204130044227758,-27.024420685867725,-21.897791628210456
22.659678159184157,-40.74147034519384,-21.36619290747407,-22.81241164667651,-44.245811267429374,-37.746915721576684,22.659678159184157,-40.74147034519384,-21.36619290747407,-22.81241164667651,-44.245811267429374,-37.746915721576684,-24.16018866799918,-36.921707112955026,-27.567570870731952,19.563622023036828,-37.25859386421674,-28.160193800554133,-24.16018866799918,-36.921707112955026,-27.567570870731952,19.563622023036828,-37.25859386421674,-28.160193800554133
20.736567660655922,-30.404286059158633,-22.90923323904996,-24.102437842725003,-50,-47.667996227796834,20.736567660655922,-30.404286059158633,-22.90923323904996,-24.102437842725003,-50,-47.667996227796834,-19.299506316002198,-27.136353988022808,-21.46226528793079,20.595399398495534,-48.73916761361252,-38.751920656507984,-19.299506316002198,-27.136353988022808,-21.46226528793079,20.595399398495534,-48.73916761361252,-38.751920656507984
11.741941771332172,-23.1829131650438,-29.765865357734636,-17.805242165916567,-50,-50,11.741941771332172,-23.1829131650438,-29.765865357734636,-17.805242165916567,-50,-50,-8.324710405244875,-21.754644135152525,-22.670073703534715,13.944787007631652,-50,-50,-8.324710405244875,-21.754644135152525,-22.670073703534715,13.944787007631652,-50,-50
-1.2230440420434585,-21.555794338110733,-39.53501633264737,-6.084647238024633,-50,-50,-1.2230440420434585,-21.555794338110733,-39.53501633264737,-6.084647238024633,-50,-50,4.969013612090646,-22.629241810536886,-30.771771286235442,1.8979437541936797,-50,-50,4.969013612090646,-22.629241810536886,-30.771771286235442,1.8979437541936797,-50,-50
-13.688338759433986,-26.081371968403346,-48.79569994817511,7.031952883779486,-50,-50,-13.688338759433986,-26.081371968403346,-48.79569994817511,7.031952883779486,-50,-50,15.984573598148422,-29.459065035393696,-42.95529549487229,-11.404008259476715,-50,-50,15.984573598148422,-29.459065035393696,-42.95529549487229,-11.404008259476715,-50,-50
-21.356174209814835,-35.20642551273935,-50,17.03747321739019,-50,-42.170826553139214,-21.356174209814835,-35.20642551273935,-50,17.03747321739019,-50,-42.170826553139214,20.91268750826205,-39.892933662384536,-50,-21.388501238712198,-47.79666347742774,-50,20.91268750826205,-39.892933662384536,-50,-21.388501238712198,-47.79666347742774,-50
-21.58284401588475,-45.79915130304357,-50,20.493848256883812,-36.16751887931573,-31.95711149403778,-21.58284401588475,-45.79915130304357,-50,20.493848256883812,-36.16751887931573,-31.95711149403778,18.04916818756816,-50,-50,-24.62334936627062,-36.26509930345507,-46.54594857540792,18.04916818756816,-50,-50,-24.62334936627062,-36.26509930345507,-46.54594857540792
-14.290197255427117,-50,-48.34160941746241,16.213409255148793,-24.70262618577814,-23.987212299033118,-14.290197255427117,-50,-48.34160941746241,16.213409255148793,-24.70262618577814,-23.987212299033118,8.384246976704956,-50,-50,-19.9965682992889,-26.320266396395276,-35.026000847270275,8.384246976704956,-50,-50,-19.9965682992889,-26.320266396395276,-35.026000847270275
-1.9925832350738113,-50,-38.95721657419511,5.666987232600926,-20.35302745433514,-20.996358474416013,-1.9925832350738113,-50,-38.95721657419511,5.666987232600926,-20.35302745433514,-20.996358474416013,-4.739857401152829,-50,-50,-9.098621608687212,-21.368858700231378,-25.499728924996887,-4.739857401152829,-50,-50,-9.098621608687212,-21.368858700231378,-25.499728924996887
11.07004260774058,-50,-29.266691765286428,-7.521489363497256,-24.611580007886598,-24.010996080535996,11.07004260774058,-50,-29.266691765286428,-7.521489363497256,-24.611580007886598,-24.010996080535996,-16.784708840879595,-50,-45.35914457822204,4.324303678680417,-23.10702644396677,-21.207833599183285,-16.784708840879595,-50,-45.35914457822204,4.324303678680417,-23.10702644396677,-21.207833599183285
20.393965050067308,-46.65510090781688,-22.66348769491356,-18.82023758244699,-36.016675142491906,-31.996516582293715,20.393965050067308,-46.65510090781688,-22.66348769491356,-18.82023758244699,-36.016675142491906,-31.996516582293715,-23.58508683819796,-43.004565952143956,-32.86114980005628,15.658055007144903,-30.93934428646729,-23.610355973950114,-23.58508683819796,-43.004565952143956,-32.86114980005628,15.658055007144903,-30.93934428646729,-23.610355973950114
22.764494186031595,-36.10792370095065,-21.459931213345843,-24.346817009710612,-50,-42.21232931912123,22.764494186031595,-36.10792370095065,-21.459931213345843,-24.346817009710612,-50,-42.21232931912123,-22.78935808214448,-32.1786729537838,-23.719767827754264,21.006636791692934,-42.18277974133951,-31.88999246790852,-22.78935808214448,-32.1786729537838,-23.719767827754264,21.006636791692934,-42.18277974133951,-31.88999246790852
17.364322049796538,-26.719016135576396,-26.07748680032448,-22.2022017614678,-50,-50,17.364322049796538,-26.719016135576396,-26.07748680032448,-22.2022017614678,-50,-50,-14.672692901481,-24.020594955137234,-21.107930945735177,18.531465282357804,-50,-43.23012974577887,-14.672692901481,-24.020594955137234,-21.107930945735177,18.531465282357804,-50,-43.23012974577887
6.055312997668856,-21.710739046026898,-34.89916705812712,-13.123317800847998,-50,-50,6.055312997668856,-21.710739046026898,-34.89916705812712,-13.123317800847998,-50,-50,-2.0419088319845144,-21.338766435306383,-25.932195907639215,9.083384740059456,-50,-50,-2.0419088319845144,-21.338766435306383,-25.932195907639215,9.083384740059456,-50,-50
-7.263427473691648,-22.801979941681758,-44.83577348444909,-0.22982275049744438,-50,-50,-7.263427473691648,-22.801979941681758,-44.83577348444909,-0.22982275049744438,-50,-50,10.73515272501006,-25.056412164069375,-36.51808219262201,-4.08981167185671,-50,-50,10.73515272501006,-25.056412164069375,-36.51808219262201,-4.08981167185671,-50,-50
-17.99988127135411,-29.618214747349988,-50,12.047861072165917,-50,-47.63180972490351,-17.99988127135411,-29.618214747349988,-50,12.047861072165917,-50,-47.63180972490351,19.240066266463433,-33.893725249719985,-49.191276610994805,-16.459816107740103,-50,-50,19.240066266463433,-33.893725249719985,-49.191276610994805,-16.459816107740103,-50,-50
-22.452347757876446,-39.82004796654118,-50,19.49091447174867,-44.40819192681838,-37.704495855539776,-22.452347757876446,-39.82004796654118,-50,19.49091447174867,-44.40819192681838,-37.704495855539776,20.53175439949647,-44.808443191645324,-50,-23.774419279412502,-42.99551375983865,-50,20.53175439949647,-44.808443191645324,-50,-23.774419279412502,-42.99551375983865,-50
-19.08571130365102,-49.90611508213691,-50,19.5417787907673,-30.54688686998732,-28.048524308897576,-19.08571130365102,-49.90611508213691,-50,19.5417787907673,-30.54688686998732,-28.048524308897576,14.163539477335062,-50,-50,-23.51921436453778,-31.65201882195486,-42.137638136005386,14.163539477335062,-50,-50,-23.51921436453778,-31.65201882195486,-42.137638136005386
-9.060716465819317,-50,-43.5161138287745,12.182976191501782,-21.795024684600477,-21.977776181846234,-9.060716465819317,-50,-43.5161138287745,12.182976191501782,-21.795024684600477,-21.977776181846234,2.337608841364431,-50,-50,-15.78192847065559,-23.475508282062638,-30.927609901297373,2.337608841364431,-50,-50,-15.78192847065559,-23.475508282062638,-30.927609901297373
4.166232017058633,-50,-33.521851759840786,-0.0568846642433547,-21.15639545777864,-21.57570184133368,4.166232017058633,-50,-33.521851759840786,-0.0568846642433547,-21.15639545777864,-21.57570184133368,-10.856521833307642,-50,-50,-3.222266298260259,-21.266920999515015,-23.105471167711638,-10.856521833307642,-50,-50,-3.222266298260259,-21.266920999515015,-23.105471167711638
16.034763974978702,-50,-25.124827644973628,-12.971981190301952,-28.850187757650957,-26.980291188233636,16.034763974978702,-50,-25.124827644973628,-12.971981190301952,-28.850187757650957,-26.980291188233636,-20.856200703504406,-48.75884641709878,-39.03574610697378,9.842367706864705,-25.782828853451015,-21.332201107889603,-20.856200703504406,-48.75884641709878,-39.03574610697378,9.842367706864705,-25.782828853451015,-21.332201107889603
22.452862328362375,-42.19254131610351,-21.265532814780954,-22.124468437945296,-42.235759335380706,-36.33671621414531,22.452862328362375,-42.19254131610351,-21.265532814780954,-22.124468437945296,-42.235759335380706,-36.33671621414531,-24.20344676591033,-38.04872535212636,-27.691094101512135,18.920984204240813,-35.47626608975849,-26.211040709670563,-24.20344676591033,-38.04872535212636,-27.691094101512135,18.920984204240813,-35.47626608975849,-26.211040709670563
21.207703437893176,-31.69600335464449,-23.295424980376065,-24.369397453961533,-50,-46.43389868857972,21.207703437893176,-31.69600335464449,-23.295424980376065,-24.369397453961533,-50,-46.43389868857972,-19.740751519755452,-27.98564214396943,-21.49755782147937,20.892793901184177,-47.02665666277348,-36.08227886217036,-19.740751519755452,-27.98564214396943,-21.49755782147937,20.892793901184177,-47.02665666277348,-36.08227886217036
12.728591573438667,-23.87194733564503,-30.50367132368556,-18.935372773060823,-50,-50,12.728591573438667,-23.87194733564503,-30.50367132368556,-18.935372773060823,-50,-50,-9.011356061589758,-22.033833081194725,-22.604885661284694,15.079983984343304,-50,-47.58786222133832,-9.011356061589758,-22.033833081194725,-22.604885661284694,15.079983984343304,-50,-47.58786222133832
-0.06105605619867488,-21.405662416090554,-40.366069747461644,-7.689616907498125,-50,-50,-0.06105605619867488,-21.405662416090554,-40.366069747461644,-7.689616907498125,-50,-50,4.274415891894542,-22.242220200058565,-30.628729142437635,3.4807173846138824,-50,-50,4.274415891894542,-22.242220200058565,-30.628729142437635,3.4807173846138824,-50,-50
-12.751641302922872,-25.143600632678904,-49.428980406515706,5.5036387944027405,-50,-50,-12.751641302922872,-25.143600632678904,-49.428980406515706,5.5036387944027405,-50,-50,15.52222209972236,-28.53906582292229,-42.78404852985037,-9.917739003551953,-50,-50,15.52222209972236,-28.53906582292229,-42.78404852985037,-9.917739003551953,-50,-50
-20.96772061873856,-33.802866651057094,-50,16.11096920060096,-50,-43.54120143072735,-20.96772061873856,-33.802866651057094,-50,16.11096920060096,-50,-43.54120143072735,20.84246763584405,-38.75666839560025,-50,-20.509643848668706,-49.48090209030141,-50,20.84246763584405,-38.75666839560025,-50,-20.509643848668706,-49.48090209030141,-50
-21.876564816355863,-44.41151943576445,-50,20.487516716136724,-38.07101952035647,-33.29003004585873,-21.876564816355863,-44.41151943576445,-50,20.487516716136724,-38.07101952035647,-33.29003004585873,18.39536261943506,-49.37759803281452,-50,-24.65401250959489,-38.06328867078546,-49.08476772750737,18.39536261943506,-49.37759803281452,-50,-24.65401250959489,-38.06328867078546,-49.08476772750737
-15.16482377020597,-50,-47.6648570947802,17.129425814611306,-25.904473718307187,-24.825223550712174,-15.16482377020597,-50,-47.6648570947802,17.129425814611306,-25.904473718307187,-24.825223550712174,9.027138491495045,-50,-50,-20.926211470234193,-27.616420218053584,-37.66501298246227,9.027138491495045,-50,-50,-20.926211470234193,-27.616420218053584,-37.66501298246227
-3.1465628669717107,-50,-38.12134109874717,7.190593156001846,-20.440727071193603,-21.051861159473816,-3.1465628669717107,-50,-38.12134109874717,7.190593156001846,-20.440727071193603,-21.051861159473816,-4.022586607260496,-50,-50,-10.607678444389075,-21.718967567916817,-27.34118004437721,-4.022586607260496,-50,-50,-10.607678444389075,-21.718967567916817,-27.34118004437721
10.034577461890928,-50,-28.564402143906584,-5.9138307634273755,-23.555031687595196,-23.26494195530797,10.034577461890928,-50,-28.564402143906584,-5.9138307634273755,-23.555031687595196,-23.26494195530797,-16.241097611102788,-50,-45.52883619627502,2.754573937484853,-22.391157346192383,-21.625288498392187,-16.241097611102788,-50,-45.52883619627502,2.754573937484853,-22.391157346192383,-21.625288498392187
19.834020722400698,-47.97125257857777,-22.34071349919695,-17.680944910029464,-34.17850449590128,-30.704947687799994,19.834020722400698,-47.97125257857777,-22.34071349919695,-17.680944910029464,-34.17850449590128,-30.704947687799994,-23.40312093989564,-44.1195318755819,-33.0144447911241,14.567249530370376,-29.402724764295208,-22.46180249619069,-23.40312093989564,-44.1195318755819,-33.0144447911241,14.567249530370376,-29.402724764295208,-22.46180249619069
22.873127556754863,-37.552027770900565,-21.629702334747492,-24.06737043864848,-48.66498635461292,-40.81850563433881,22.873127556754863,-37.552027770900565,-21.629702334747492,-24.06737043864848,-48.66498635461292,-40.81850563433881,-23.031962997999507,-33.22627967958545,-23.803458194657427,20.769721748833202,-40.35179293959598,-29.566151998607893,-23.031962997999507,-33.22627967958545,-23.803458194657427,20.769721748833202,-40.35179293959598,-29.566151998607893
18.104078646023588,-27.795442589902976,-26.680352354359222,-22.87862384577914,-50,-50,18.104078646023588,-27.795442589902976,-26.680352354359222,-22.87862384577914,-50,-50,-15.255973618340187,-24.64020179688463,-21.092968141126367,19.229880607486873,-50,-40.5215394129431,-15.255973618340187,-24.64020179688463,-21.092968141126367,19.229880607486873,-50,-40.5215394129431
7.171140498082726,-22.050048264272323,-35.724014046795844,-14.523178506114867,-50,-50,7.171140498082726,-22.050048264272323,-35.724014046795844,-14.523178506114867,-50,-50,-2.7641615086866533,-21.317072512800095,-25.823773453236463,10.4770490210878,-50,-50,-2.7641615086866533,-21.317072512800095,-25.823773453236463,10.4770490210878,-50,-50
-6.156242629768771,-22.287717828629177,-45.5937548845589,-1.8721063330696996,-50,-50,-6.156242629768771,-22.287717828629177,-45.5937548845589,-1.8721063330696996,-50,-50,10.12368971261807,-24.400885653019873,-36.3538330313406,-2.4799728144977706,-50,-50,10.12368971261807,-24.400885653019873,-36.3538330313406,-2.4799728144977706,-50,-50
-17.28307284068832,-28.42688086699448,-50,10.72747094446536,-50,-48.80783297903977,-17.28307284068832,-28.42688086699448,-50,10.72747094446536,-50,-48.80783297903977,18.95084245676462,-32.83003244749564,-49.028210882887706,-15.187187418350339,-50,-50,18.95084245676462,-32.83003244749564,-49.028210882887706,-15.187187418350339,-50,-50
-22.373056022978062,-38.36051924199037,-50,18.94612611203572,-46.42598406505282,-39.119576300918574,-22.373056022978062,-38.36051924199037,-50,18.94612611203572,-46.42598406505282,-39.119576300918574,20.664786048275392,-43.70276244827308,-50,-23.276468954666882,-44.805452510081764,-50,20.664786048275392,-43.70276244827308,-50,-23.276468954666882,-44.805452510081764,-50
-19.671274366201356,-48.679315413837315,-50,19.959790665998838,-32.21765507244016,-29.21701342057882,-19.671274366201356,-48.679315413837315,-50,19.959790665998838,-32.21765507244016,-29.21701342057882,14.67282301584829,-50,-50,-23.967113644261097,-33.30807349262466,-44.82602310008785,14.67282301584829,-50,-50,-23.967113644261097,-33.30807349262466,-44.82602310008785
-10.109244651373237,-50,-42.71793674320248,13.420152372572023,-22.545332480484085,-22.49865434617493,-10.109244651373237,-50,-42.71793674320248,13.420152372572023,-22.545332480484085,-22.49865434617493,3.0470293338885,-50,-50,-17.021711243738224,-24.410382120141772,-33.3579981068323,3.0470293338885,-50,-50,-17.021711243738224,-24.410382120141772,-33.3579981068323
3.0162488985498137,-50,-32.722552037900236,1.5743412248172692,-20.728724267410115,-21.27020627983611,3.0162488985498137,-50,-32.722552037900236,1.5743412248172692,-20.728724267410115,-21.27020627983611,-10.192288523513009,-50,-50,-4.827755205562843,-21.16036437664506,-24.45107947818783,-10.192288523513009,-50,-50,-4.827755205562843,-21.16036437664506,-24.45107947818783
15.17981561397118,-50,-24.604306102807513,-11.50722231547574,-27.391321711648686,-25.95326644830041,15.17981561397118,-50,-24.604306102807513,-11.50722231547574,-27.391321711648686,-25.95326644830041,-20.466852569430266,-49.742670702410386,-39.20484724094907,8.42306210718442,-24.67134372046562,-21.135272915985855,-20.466852569430266,-49.742670702410386,-39.20484724094907,8.42306210718442,-24.67134372046562,-21.135272915985855
22.187716713669158,-43.62600871323358,-21.206067014201224,-21.329492426417215,-40.24640642875138,-34.940632045220276,22.187716713669158,-43.62600871323358,-21.206067014201224,-21.329492426417215,-40.24640642875138,-34.940632045220276,-24.22362397638424,-39.18275594993802,-27.815557867113444,18.175750537041232,-33.74060189783048,-24.538568155899085,-24.22362397638424,-39.18275594993802,-27.815557867113444,18.175750537041232,-33.74060189783048,-24.538568155899085
21.623777131204434,-33.038305399416856,-23.717838807164206,-24.517371468671673,-50,-45.14788418861967,21.623777131204434,-33.038305399416856,-23.717838807164206,-24.517371468671673,-50,-45.14788418861967,-20.163476609658353,-28.879486779069246,-21.534183409319958,21.07780746033482,-45.261381138348185,-33.50321307153783,-20.163476609658353,-28.879486779069246,-21.534183409319958,21.07780746033482,-45.261381138348185,-33.50321307153783
13.682431225559109,-24.662393419828042,-31.26004282613486,-19.975450447325418,-50,-50,13.682431225559109,-24.662393419828042,-31.26004282613486,-19.975450447325418,-50,-50,-9.690446803523747,-22.379783970867763,-22.540960495689752,16.131646055814727,-50,-44.97956430791241,-9.690446803523747,-22.379783970867763,-22.540960495689752,16.131646055814727,-50,-44.97956430791241
1.1016859546248252,-21.37296405531187,-41.191530822867335,-9.264410014004458,-50,-50,1.1016859546248252,-21.37296405531187,-41.191530822867335,-9.264410014004458,-50,-50,3.5737953277213688,-21.921183066609277,-30.486441358890136,5.037517408606936,-50,-50,3.5737953277213688,-21.921183066609277,-30.486441358890136,5.037517408606936,-50,-50
-11.78088561822296,-24.298980209988542,-50,3.935255722189196,-50,-50,-11.78088561822296,-24.298980209988542,-50,3.935255722189196,-50,-50,15.042352753820591,-27.661558334213385,-42.61278557364734,-8.390953585483889,-50,-50,15.042352753820591,-27.661558334213385,-42.61278557364734,-8.390953585483889,-50,-50
-20.523647148076098,-32.4362057901694,-50,15.087919033341748,-50,-44.87857664964684,-20.523647148076098,-32.4362057901694,-50,15.087919033341748,-50,-44.87857664964684,20.74929274536577,-37.62477423940344,-50,-19.53770802501811,-50,-50,20.74929274536577,-37.62477423940344,-50,-19.53770802501811,-50,-50
-22.11228063590348,-42.99186891828312,-50,20.361336742609147,-40.02217514637219,-34.656988275801766,-22.11228063590348,-42.99186891828312,-50,20.361336742609147,-40.02217514637219,-34.656988275801766,18.721102919210086,-48.38097401009212,-50,-24.57103081187341,-39.8858719940532,-50,18.721102919210086,-48.38097401009212,-50,-24.57103081187341,-39.8858719940532,-50
-15.999059084935105,-50,-46.964634104170564,17.943473601444094,-27.23272327191384,-25.752631570175698,-15.999059084935105,-50,-46.964634104170564,17.943473601444094,-27.23272327191384,-25.752631570175698,9.659149987325371,-50,-50,-21.760708992965796,-29.026896804625913,-40.36476150140295,9.659149987325371,-50,-50,-21.760708992965796,-29.026896804625913,-40.36476150140295
-4.291691105342443,-50,-37.28537173100413,8.665148156660702,-20.690192390940116,-21.221437178796386,-4.291691105342443,-50,-37.28537173100413,8.665148156660702,-20.690192390940116,-21.221437178796386,-3.302859308485739,-50,-50,-12.072795297141758,-22.23416569530108,-29.438004945800195,-3.302859308485739,-50,-50,-12.072795297141758,-22.23416569530108,-29.438004945800195
8.973372131047045,-50,-27.885428285307444,-4.2854505120309225,-22.640091972026724,-22.618488333558176,8.973372131047045,-50,-27.885428285307444,-4.2854505120309225,-22.640091972026724,-22.618488333558176,-15.682542834602565,-50,-45.69833787040857,1.1624740728566954,-21.8345911591798,-22.405880087671818,-15.682542834602565,-50,-45.69833787040857,1.1624740728566954,-21.8345911591798,-22.405880087671818
19.22261929886943,-49.23226061883637,-22.056499948033203,-16.45827832103389,-32.41318283972875,-29.464324071805844,19.22261929886943,-49.23226061883637,-22.056499948033203,-16.45827832103389,-32.41318283972875,-29.464324071805844,-23.19889206904564,-45.218860728354414,-33.168342946131105,13.395453590357498,-27.965051127253503,-21.660614733792137,-23.19889206904564,-45.218860728354414,-33.168342946131105,13.395453590357498,-27.965051127253503,-21.660614733792137
22.922328231621638,-39.008674286451836,-21.839775717572298,-23.670546369395687,-46.655171605154514,-39.40948783852909,22.922328231621638,-39.008674286451836,-21.839775717572298,-23.670546369395687,-46.655171605154514,-39.40948783852909,-23.25268425632682,-34.298890713189266,-23.888335477886645,20.421036507337,-38.525500174702714,-27.45573744614139,-23.25268425632682,-34.298890713189266,-23.888335477886645,20.421036507337,-38.525500174702714,-27.45573744614139
18.796918074319038,-28.947792881368557,-27.311148637946676,-23.44399773795818,-50,-49.04084921462735,18.796918074319038,-28.947792881368557,-27.311148637946676,-23.44399773795818,-50,-49.04084921462735,-15.82531756291128,-25.316846542509367,-21.079364031948927,19.82416718745406,-49.89835938874881,-37.81983076900345,-15.82531756291128,-25.316846542509367,-21.079364031948927,19.82416718745406,-49.89835938874881,-37.81983076900345
8.268742398895085,-22.502604940631,-36.554639379003085,-15.856478356686955,-50,-50,8.268742398895085,-22.502604940631,-36.554639379003085,-15.856478356686955,-50,-50,-3.485243762489235,-21.36481467907479,-25.716409876339842,11.810020437152465,-50,-49.22717911297204,-3.485243762489235,-21.36481467907479,-25.716409876339842,11.810020437152465,-50,-49.22717911297204
-5.032308018488123,-21.885159208518008,-46.33333876710852,-3.5151878304487454,-50,-50,-5.032308018488123,-21.885159208518008,-46.33333876710852,-3.5151878304487454,-50,-50,9.500226030724345,-23.803289904821106,-36.189975398052994,-0.8665276701533904,-50,-50,9.500226030724345,-23.803289904821106,-36.189975398052994,-0.8665276701533904,-50,-50
-16.52031423880437,-27.307368831541318,-50,9.339198309438988,-50,-49.91641451195041,-16.52031423880437,-27.307368831541318,-50,9.339198309438988,-50,-49.91641451195041,18.640596827146187,-31.792822302554555,-48.86473343566852,-13.847892957083632,-50,-50,18.640596827146187,-31.792822302554555,-48.86473343566852,-13.847892957083632,-50,-50
-22.234456353532245,-36.90828078581559,-50,18.289696226672056,-48.43735431999231,-40.53057308221225,-22.234456353532245,-36.90828078581559,-50,18.289696226672056,-48.43735431999231,-40.53057308221225,20.77504426555709,-42.582999549492605,-50,-22.671709841440475,-46.58174727247676,-50,20.77504426555709,-42.582999549492605,-50,-22.671709841440475,-46.58174727247676,-50
-20.204619843748862,-47.39277234913756,-50,20.260763908037156,-33.9739637130608,-30.44617841838658,-20.204619843748862,-47.39277234913756,-50,20.260763908037156,-33.9739637130608,-30.44617841838658,15.1654567735346,-50,-50,-24.304776814904926,-35.029455997104826,-47.4401364148649,15.1654567735346,-50,-50,-24.304776814904926,-35.029455997104826,-47.4401364148649
-11.130649112808843,-50,-41.90840643647729,14.575109260850589,-23.443784081895494,-23.124144286467555,-11.130649112808843,-50,-41.90840643647729,14.575109260850589,-23.443784081895494,-23.124144286467555,3.7516813437320593,-50,-50,-18.185724430215885,-25.4871769636013,-35.930323755330136,3.7516813437320593,-50,-50,-18.185724430215885,-25.4871769636013,-35.930323755330136
1.8589439607974263,-50,-31.93638271967925,3.18641909692355,-20.460954740129285,-21.077356146317182,1.8589439607974263,-50,-31.93638271967925,3.18641909692355,-20.460954740129285,-21.077356146317182,-9.519293413046261,-50,-50,-6.417986968249142,-21.223705585526783,-26.10654924581533,-9.519293413046261,-50,-50,-6.417986968249142,-21.223705585526783,-26.10654924581533
14.28562429771523,-50,-24.11680055095558,-9.991960600255279,-26.049234176936135,-25.008261441382974,14.28562429771523,-50,-24.11680055095558,-9.991960600255279,-26.049234176936135,-25.008261441382974,-20.058242262658766,-50,-39.37415921799977,6.953256541675939,-23.699533181315193,-21.310719781207588,-20.058242262658766,-50,-39.37415921799977,6.953256541675939,-23.699533181315193,-21.310719781207588
21.864937143016604,-45.03256034828664,-21.18794116679717,-20.431716344716,-38.29062848190337,-33.56779315256916,21.864937143016604,-45.03256034828664,-21.18794116679717,-20.431716344716,-38.29062848190337,-33.56779315256916,-24.220699678768298,-40.319567978299425,-27.940954279561254,17.331619239547862,-32.06654224555013,-23.17430761679842,-24.220699678768298,-40.319567978299425,-27.940954279561254,17.331619239547862,-32.06654224555013,-23.17430761679842
21.983696828549174,-34.42247223973233,-24.175440019702364,-24.545572021019815,-50,-43.81836284574114,21.983696828549174,-34.42247223973233,-24.175440019702364,-24.545572021019815,-50,-43.81836284574114,-20.567249570232587,-29.81455306939074,-21.572139730281364,21.149521947143985,-43.45853689794176,-31.063346955532218,-20.567249570232587,-29.81455306939074,-21.572139730281364,21.149521947143985,-43.45853689794176,-31.063346955532218
14.600957543720035,-25.54911646803565,-32.03312713838154,-20.919937448400546,-50,-50,14.600957543720035,-25.54911646803565,-32.03312713838154,-20.919937448400546,-50,-50,-10.361288615672063,-22.79120610413193,-22.47830225805014,17.094554354609727,-50,-42.2941000004374,-10.361288615672063,-22.79120610413193,-22.47830225805014,17.094554354609727,-50,-42.2941000004374
2.262130579050215,-21.457911673087548,-42.00937759773808,-10.80064180371162,-50,-50,2.262130579050215,-21.457911673087548,-42.00937759773808,-10.80064180371162,-50,-50,2.8678679379371452,-21.66732816008104,-30.344916953176657,6.5606182143344896,-50,-50,2.8678679379371452,-21.66732816008104,-30.344916953176657,6.5606182143344896,-50,-50
-10.778619282451793,-23.552997580908027,-50,2.335154291687819,-50,-50,-10.778619282451793,-23.552997580908027,-50,2.335154291687819,-50,-50,14.545455976058253,-26.82981644132237,-42.44151748016792,-6.831228669789212,-50,-50,14.545455976058253,-26.82981644132237,-42.44151748016792,-6.831228669789212,-50,-50
-20.025119190346334,-31.115321125215452,-50,13.973769795470055,-50,-46.174206209626036,-20.025119190346334,-31.115321125215452,-50,13.973769795470055,-50,-46.174206209626036,20.633258059457336,-36.501474151084906,-50,-18.477516994117046,-50,-50,20.633258059457336,-36.501474151084906,-50,-18.477516994117046,-50,-50
-22.289372879923704,-41.5494221807447,-50,20.115980162975934,-42.00835705197487,-36.049046720295806,-22.289372879923704,-41.5494221807447,-50,20.115980162975934,-42.00835705197487,-36.049046720295806,19.02605618767629,-47.35281400245174,-50,-24.374816069339836,-41.71716009824244,-50,19.02605618767629,-47.35281400245174,-50,-24.374816069339836,-41.71716009824244,-50
-16.79071389613341,-50,-46.24265563694739,18.651218338166288,-28.6787778530674,-26.763371409699662,-16.79071389613341,-50,-46.24265563694739,18.651218338166288,-28.6787778530674,-26.763371409699662,10.279635562745577,-50,-50,-22.49591967796589,-30.539554481303792,-43.074347476245045,10.279635562745577,-50,-50,-22.49591967796589,-30.539554481303792,-43.074347476245045
-5.4249627630490735,-50,-36.45135617208041,10.082801183768895,-21.09980876839436,-21.50397756020443,-5.4249627630490735,-50,-36.45135617208041,10.082801183768895,-21.09980876839436,-21.50397756020443,-2.5814110498450784,-50,-50,-13.486701532355905,-22.910018150117885,-31.750671747452955,-2.5814110498450784,-50,-50,-13.486701532355905,-22.910018150117885,-31.750671747452955
7.8892115614740765,-50,-27.231433331202744,-2.645018679996193,-21.87268273843261,-22.075862812352447,7.8892115614740765,-50,-27.231433331202744,-2.645018679996193,-21.87268273843261,-22.075862812352447,-15.109615341723982,-50,-45.867638858340406,-0.444095128091754,-21.44211892002701,-23.534891709269843,-15.109615341723982,-50,-45.867638858340406,-0.444095128091754,-21.44211892002701,-23.534891709269843
18.56136529469893,-50,-21.811543220526335,-15.15874772353965,-30.732136083222507,-28.28275901047266,18.56136529469893,-50,-21.811543220526335,-15.15874772353965,-30.732136083222507,-28.28275901047266,-22.972608942933576,-46.298451050295476,-33.32283451167852,12.14848221822625,-26.638699167998265,-21.22189764850475,-22.972608942933576,-46.298451050295476,-33.32283451167852,12.14848221822625,-26.638699167998265,-21.22189764850475
22.91196709213638,-40.46840048154109,-22.089636788539533,-23.158457633232608,-44.63745157359689,-37.99449045118609,22.91196709213638,-40.46840048154109,-22.089636788539533,-23.158457633232608,-44.63745157359689,-37.99449045118609,-23.451296284993923,-35.39250427531247,-23.974394298287166,19.962311415860587,-36.7196225533179,-25.598536900877306,-23.451296284993923,-35.39250427531247,-23.974394298287166,19.962311415860587,-36.7196225533179,-25.598536900877306
19.44102209977386,-30.168581033717093,-27.96833052000474,-23.895313188030205,-50,-47.87803952111212,19.44102209977386,-30.168581033717093,-27.96833052000474,-23.895313188030205,-50,-47.87803952111212,-16.380142878561998,-26.048004714040395,-21.067119480372252,20.311375878267025,-48.23157608747452,-35.17593969644371,-16.380142878561998,-26.048004714040395,-21.067119480372252,20.311375878267025,-48.23157608747452,-35.17593969644371
9.345238237460826,-23.065469145674495,-37.38900844381061,-17.116118393988277,-50,-50,9.345238237460826,-23.065469145674495,-37.38900844381061,-17.116118393988277,-50,-50,-4.204418663640429,-21.481814814004906,-25.610111981186883,13.075684124689243,-50,-46.696011256402,-4.204418663640429,-21.481814814004906,-25.610111981186883,13.075684124689243,-50,-46.696011256402
-3.8945732080494917,-21.596919210007293,-47.05271352655354,-5.15031889733037,-50,-50,-3.8945732080494917,-21.596919210007293,-47.05271352655354,-5.15031889733037,-50,-50,8.865398845108427,-23.26585447539757,-36.02651967734483,0.7425170482289896,-50,-50,8.865398845108427,-23.26585447539757,-36.02651967734483,0.7425170482289896,-50,-50
-15.713607191152827,-26.266951291137893,-50,7.890434820152684,-50,-50,-15.713607191152827,-26.266951291137893,-50,7.890434820152684,-50,-50,18.309646441623528,-30.785964517836437,-48.700854629828356,-12.448578965580223,-50,-50,18.309646441623528,-30.785964517836437,-48.700854629828356,-12.448578965580223,-50,-50
-22.036912479931747,-35.472766728143384,-50,17.52511987984916,-50,-41.928258738003905,-22.036912479931747,-35.472766728143384,-50,17.52511987984916,-50,-41.928258738003905,20.862416369937606,-41.45333219237168,-50,-21.963143053616893,-48.30910733353411,-50,20.862416369937606,-41.45333219237168,-50,-21.963143053616893,-48.30910733353411,-50
-20.684348065134188,-46.054843616505764,-49.96091970927516,20.44309602920691,-35.80444521865463,-31.727980961806814,-20.684348065134188,-46.054843616505764,-49.96091970927516,20.44309602920691,-35.80444521865463,-31.727980961806814,15.64093728983745,-50,-50,-24.530528224780454,-36.8013483180037,-49.93069365105528,15.64093728983745,-50,-50,-24.530528224780454,-36.8013483180037,-49.93069365105528
-12.12224935422341,-50,-41.08950584741986,15.641697458581373,-24.48456432963942,-23.850155501337277,-12.12224935422341,-50,-41.08950584741986,15.641697458581373,-24.48456432963942,-23.850155501337277,4.450844732480932,-50,-50,-19.268191620841716,-26.6966235392401,-38.59609024918928,4.450844732480932,-50,-50,-19.268191620841716,-26.6966235392401,-38.59609024918928
0.697354346539401,-50,-31.165269521420917,4.770765681003377,-20.35481999369817,-20.998412618116134,0.697354346539401,-50,-31.165269521420917,4.770765681003377,-20.35481999369817,-20.998412618116134,-8.838224287686499,-50,-50,-7.985070069655369,-21.456399371905327,-28.040669550142834,-8.838224287686499,-50,-50,-7.985070069655369,-21.456399371905327,-28.040669550142834
13.354536673644814,-50,-23.66350513085454,-8.434263832352256,-24.832611712317124,-24.151456193797262,13.354536673644814,-50,-23.66350513085454,-8.434263832352256,-24.832611712317124,-24.151456193797262,-19.630787373680253,-50,-39.5436713078676,5.44024491264248,-22.875762782549135,-21.85523396682711,-19.630787373680253,-50,-39.5436713078676,5.44024491264248,-22.875762782549135,-21.85523396682711
21.485370694471037,-46.403058884965574,-21.211199671705163,-19.435920269291138,-36.38108411784233,-32.22717745739076,21.485370694471037,-46.403058884965574,-21.211199671705163,-19.435920269291138,-36.38108411784233,-32.22717745739076,-24.19467686162848,-41.454920131945656,-28.06727539177518,16.392779308835884,-30.46849778538872,-22.14397978384756,-24.19467686162848,-41.454920131945656,-28.06727539177518,16.392779308835884,-30.46849778538872,-22.14397978384756
22.286517984147636,-35.83951195692021,-24.667107727023705,-24.453848961320688,-50,-42.45402929841226,22.286517984147636,-35.83951195692021,-24.667107727023705,-24.453848961320688,-50,-42.45402929841226,-20.951657754646142,-30.787352398099458,-21.611424378856693,21.10758147885237,-41.63364319845343,-28.808679824287495,-20.951657754646142,-30.787352398099458,-21.611424378856693,21.10758147885237,-41.63364319845343,-28.808679824287495
15.481760017566057,-26.526356089756618,-32.82103059581441,-21.763804994430938,-50,-50,15.481760017566057,-26.526356089756618,-32.82103059581441,-21.763804994430938,-50,-50,-11.023195912877753,-23.266564515824808,-22.416914919373003,17.96393045341686,-50,-39.58209892349802,-11.023195912877753,-23.266564515824808,-22.416914919373003,17.96393045341686,-50,-39.58209892349802
3.41723243478552,-21.659953426931395,-42.817606762123816,-12.290132836836495,-50,-50,3.41723243478552,-21.659953426931395,-42.817606762123816,-12.290132836836495,-50,-50,2.1573551643654834,-21.481602581775565,-30.204164894499804,8.042461422147138,-50,-50,2.1573551643654834,-21.481602581775565,-30.204164894499804,8.042461422147138,-50,-50
-9.74747256687596,-22.91049884847644,-50,0.7118540071722621,-50,-50,-9.74747256687596,-22.91049884847644,-50,0.7118540071722621,-50,-50,14.032039583701922,-26.046943270519005,-42.27025510364054,-5.24630438306829,-50,-50,14.032039583701922,-26.046943270519005,-42.27025510364054,-5.24630438306829,-50,-50
-19.473445044267013,-29.84879347689885,-50,12.77445361042046,-50,-47.41961711346623,-19.473445044267013,-29.84879347689885,-50,12.77445361042046,-50,-47.41961711346623,20.494482162942894,-35.39095902452968,-50,-17.334331948317143,-50,-50,20.494482162942894,-35.39095902452968,-50,-17.334331948317143,-50,-50
-22.40737680104933,-40.093549743649355,-50,19.75275334218936,-44.01670982686316,-37.45710176850564,-22.40737680104933,-40.093549743649355,-50,19.75275334218936,-44.01670982686316,-37.45710176850564,19.3099107694916,-46.29695394788863,-50,-24.066341996610326,-43.541388875778935,-50,19.3099107694916,-46.29695394788863,-50,-24.066341996610326,-43.541388875778935,-50
-17.537710645344344,-50,-45.50069017431263,19.24889174222135,-30.233277984216784,-27.850833158478196,-17.537710645344344,-50,-45.50069017431263,19.24889174222135,-30.233277984216784,-27.850833158478196,10.88796109553353,-50,-50,-23.12819504611961,-32.14137197727592,-45.742686511511714,10.88796109553353,-50,-50,-23.12819504611961,-32.14137197727592,-45.742686511511714
-6.543403768458029,-50,-35.621337337249884,11.436004152692476,-21.666924992917885,-21.89763458122068,-6.543403768458029,-50,-35.621337337249884,11.436004152692476,-21.666924992917885,-21.89763458122068,-1.8589791351390041,-50,-50,-14.842380647857652,-23.74070705435138,-34.235579254699886,-1.8589791351390041,-50,-50,-14.842380647857652,-23.74070705435138,-34.235579254699886
6.78494094141344,-50,-26.60401923765491,-1.0012695048747333,-21.25777098431621,-21.640613986646585,6.78494094141344,-50,-26.60401923765491,-1.0012695048747333,-21.25777098431621,-21.640613986646585,-14.52290065140459,-50,-46.036728430508695,-2.0571610742462303,-21.21711911111685,-24.99103786912327,-14.52290065140459,-50,-46.036728430508695,-2.0571610742462303,-21.21711911111685,-24.99103786912327
17.85199405442217,-50,-21.60644333646579,-13.789272276711028,-29.14624467279392,-27.16797955616517,17.85199405442217,-50,-21.60644333646579,-13.789272276711028,-29.14624467279392,-27.16797955616517,-22.72450281779556,-47.35427502325959,-33.47790969676143,10.832523502778571,-25.435086399109395,-21.153922466002882,-22.72450281779556,-47.35427502325959,-33.47790969676143,10.832523502778571,-25.435086399109395,-21.153922466002882
22.842071329282707,-41.9217235836835,-22.378673514704765,-22.533830771172262,-42.62488579834605,-36.58276709639202,22.842071329282707,-41.9217235836835,-22.378673514704765,-22.533830771172262,-42.62488579834605,-36.58276709639202,-23.627596107000272,-36.503040228832546,-24.06162920182445,19.395822895231152,-34.94970544431295,-24.029564556124228,-23.627596107000272,-36.503040228832546,-24.06162920182445,19.395822895231152,-34.94970544431295,-24.029564556124228
20.03470038495045,-31.449876480009628,-28.650288238113628,-24.230167233387817,-50,-46.653868654088924,20.03470038495045,-31.449876480009628,-28.650288238113628,-24.230167233387817,-50,-46.653868654088924,-16.919882546370914,-26.830948450648748,-21.05623526240292,20.689088909388317,-46.501656016460984,-32.6397120308978,-16.919882546370914,-26.830948450648748,-21.05623526240292,20.689088909388317,-46.501656016460984,-32.6397120308978
10.397802940273513,-23.73498436271127,-38.225077460034846,-18.295391850261964,-50,-50,10.397802940273513,-23.73498436271127,-38.225077460034846,-18.295391850261964,-50,-50,-4.920951231660312,-21.66763640453825,-25.504886504477223,14.267759234380875,-50,-44.05531646968122,-4.920951231660312,-21.66763640453825,-25.504886504477223,14.267759234380875,-50,-44.05531646968122
-2.7460239828425386,-21.424870317358874,-47.750117059456414,-6.76879351930404,-50,-50,-2.7460239828425386,-21.424870317358874,-47.750117059456414,-6.76879351930404,-50,-50,8.219856934793063,-22.790584469955817,-35.86347622833087,2.339176464792354,-50,-50,8.219856934793063,-22.790584469955817,-35.86347622833087,2.339176464792354,-50,-50
-14.86506875813197,-25.3123870768979,-50,6.388894204313411,-50,-50,-14.86506875813197,-25.3123870768979,-50,6.388894204313411,-50,-50,17.958329524003943,-29.813215555375372,-48.536584851295274,-10.996189532082164,-50,-50,17.958329524003943,-29.813215555375372,-48.536584851295274,-10.996189532082164,-50,-50
-21.7809428212393,-34.063302552928455,-50,16.65646794565664,-50,-43.30349285732115,-21.7809428212393,-34.063302552928455,-50,16.65646794565664,-50,-43.30349285732115,20.926813069102785,-40.317975026288785,-50,-21.15428485011214,-49.97266321981612,-50,20.926813069102785,-40.317975026288785,-50,-21.15428485011214,-49.97266321981612,-50
-21.10920006823229,-44.674220759477436,-49.351901569992,20.505816228997844,-37.69725193783797,-33.05403847784552,-21.10920006823229,-44.674220759477436,-49.351901569992,20.505816228997844,-37.69725193783797,-33.05403847784552,16.098778634425415,-50,-50,-24.643247583716956,-38.60849763896061,-50,16.098778634425415,-50,-50,-24.643247583716956,-38.60849763896061,-50
-13.081443095635889,-50,-40.26324086729071,16.61423807408065,-25.660936853255617,-24.671940112856767,-13.081443095635889,-50,-40.26324086729071,16.61423807408065,-25.660936853255617,-24.671940112856767,5.1438049709681755,-50,-50,-20.263741077939457,-28.028310680251565,-41.30503933084821,5.1438049709681755,-50,-50,-20.263741077939457,-28.028310680251565,-41.30503933084821
-0.46547155710901655,-50,-30.411101279506482,6.318945357141253,-20.411006977136186,-21.033891960308996,-0.46547155710901655,-50,-30.411101279506482,6.318945357141253,-20.411006977136186,-21.033891960308996,-8.149777184672812,-50,-50,-9.521227868223683,-21.856442659436805,-30.216976013436085,-8.149777184672812,-50,-50,-9.521227868223683,-21.856442659436805,-30.216976013436085
12.388996217047712,-50,-23.24553018646359,-6.842425738663131,-23.74932881353625,-23.388453934033276,12.388996217047712,-50,-23.24553018646359,-6.842425738663131,-23.74932881353625,-23.388453934033276,-19.184924751721454,-50,-39.71337276761138,3.8915355322459453,-22.207123710503947,-22.75854963213784,-19.184924751721454,-50,-39.71337276761138,3.8915355322459453,-22.207123710503947,-22.75854963213784
21.050013473246516,-47.72860119756242,-21.275785557380196,-18.347406169604454,-34.53013271624946,-30.927552151619743,21.050013473246516,-47.72860119756242,-21.275785557380196,-18.347406169604454,-34.53013271624946,-30.927552151619743,-24.145582119695227,-42.58457655222455,-28.194513198070908,15.363889733067708,-28.960224815288,-21.467009644840974,-24.145582119695227,-42.58457655222455,-28.194513198070908,15.363889733067708,-28.960224815288,-21.467009644840974
22.53144589727401,-37.28021908129216,-25.191637592520024,-24.24269065548926,-49.05326079793588,-41.06380584563136,22.53144589727401,-37.28021908129216,-25.191637592520024,-24.24269065548926,-49.05326079793588,-41.06380584563136,-21.316308306430567,-31.794255371055396,-21.652034865355272,20.95219418481074,-39.80240910309638,-26.781719392425757,-21.316308306430567,-31.794255371055396,-21.652034865355272,20.95219418481074,-39.80240910309638,-26.781719392425757
16.322527136319668,-27.587763874563638,-33.62182323442855,-22.502560037021148,-50,-50,16.322527136319668,-27.587763874563638,-33.62182323442855,-22.502560037021148,-50,-50,-11.675492240856629,-23.804085702426068,-22.356802370121663,18.735460077968668,-50,-36.89469100500001,-11.675492240856629,-23.804085702426068,-22.356802370121663,18.735460077968668,-50,-36.89469100500001
4.563960160693086,-21.977776799475027,-43.614238564342685,-13.72495253786832,-50,-50,4.563960160693086,-21.977776799475027,-43.614238564342685,-13.72495253786832,-50,-50,1.4429831349878732,-21.36469925088555,-30.06419410311468,9.475693393007559,-50,-48.36563688972062,1.4429831349878732,-21.36469925088555,-30.06419410311468,9.475693393007559,-50,-48.36563688972062
-8.690151534224613,-22.375657856611852,-50,-0.9260021082061478,-50,-50,-8.690151534224613,-22.375657856611852,-50,-0.9260021082061478,-50,-50,13.502628276690167,-25.315859624908008,-42.09900929793196,-3.64404590366367,-50,-50,13.502628276690167,-25.315859624908008,-42.09900929793196,-3.64404590366367,-50,-50
-18.87007248135671,-28.6448505481804,-50,11.496356060486043,-50,-48.606664777695855,-18.87007248135671,-28.6448505481804,-50,11.496356060486043,-50,-48.606664777695855,20.33310688164932,-34.29737205451113,-50,-16.113825937329352,-50,-50,20.33310688164932,-34.29737205451113,-50,-16.113825937329352,-50,-50
-22.46598271879737,-38.633709344438934,-50,19.2735902279307,-46.03423456148403,-38.87194519699485,-22.46598271879737,-38.633709344438934,-50,19.2735902279307,-46.03423456148403,-38.87194519699485,19.57237657169472,-45.21733312985176,-50,-23.647139394630504,-45.34285498723547,-50,19.57237657169472,-45.21733312985176,-50,-23.647139394630504,-45.34285498723547,-50
-18.238088971319872,-48.913964540886354,-44.740555155473174,19.733311589643396,-31.886162282292315,-29.007905169296905,-18.238088971319872,-48.913964540886354,-44.740555155473174,19.733311589643396,-31.886162282292315,-29.007905169296905,11.483504890756166,-50,-50,-23.654397434275424,-33.81856051552623,-48.3194718489887,11.483504890756166,-50,-50,-23.654397434275424,-33.81856051552623,-48.3194718489887
-7.644078970369447,-50,-34.79734835183826,12.717552133632664,-22.387870448171956,-22.399833852575735,-7.644078970369447,-50,-34.79734835183826,12.717552133632664,-22.387870448171956,-22.399833852575735,-1.1363018734416137,-50,-50,-16.133105093247256,-24.719081665735988,-36.845878982569,-1.1363018734416137,-50,-50,-16.133105093247256,-24.719081665735988,-36.845878982569
5.66345823438737,-50,-26.00472285109415,0.6370451130755801,-20.79933667892182,-21.315588242626102,5.66345823438737,-50,-26.00472285109415,0.6370451130755801,-20.79933667892182,-21.315588242626102,-13.922998372785333,-50,-46.205595870749605,-3.6687189344263436,-21.161528577440418,-26.746865536778987,-13.922998372785333,-50,-46.205595870749605,-3.6687189344263436,-21.161528577440418,-26.746865536778987
17.0963671977736,-50,-21.441702686581895,-12.357143550756915,-27.665773169164748,-26.127276005033046,17.0963671977736,-50,-21.441702686581895,-12.357143550756915,-27.665773169164748,-26.127276005033046,-22.454827252478875,-48.38239349841232,-33.633558673387064,9.45410788214232,-24.364573768775816,-21.457970736730346,-22.454827252478875,-48.38239349841232,-33.633558673387064,9.45410788214232,-24.364573768775816,-21.457970736730346
22.712824372165283,-43.35920241660018,-22.706177902630575,-21.799991516895783,-40.630500457278686,-35.18354998711936,22.712824372165283,-43.35920241660018,-22.706177902630575,-21.799991516895783,-40.630500457278686,-35.18354998711936,-23.781403547916007,-37.62635530127329,-24.1500346599286,18.724382141719435,-33.23098466101512,-22.778400578187213,-23.781403547916007,-37.62635530127329,-24.1500346599286,18.724382141719435,-33.23098466101512,-22.778400578187213
20.576394925873856,-32.7833555817132,-29.355351341616622,-24.44677699301143,-50,-45.376342294076295,20.576394925873856,-32.7833555817132,-29.355351341616622,-24.44677699301143,-50,-45.376342294076295,-17.443984964607427,-27.66275668595852,-21.046712067835468,20.955431881910073,-44.72349068624219,-30.258963807110945,-17.443984964607427,-27.66275668595852,-21.046712067835468,20.955431881910073,-44.72349068624219,-30.258963807110945
11.4236742368732,-24.506801241500416,-39.06079848247263,-19.38801985777076,-50,-50,11.4236742368732,-24.506801241500416,-39.06079848247263,-19.38801985777076,-50,-50,-5.634109186473646,-21.92158617327222,-25.400740114945265,15.380330099834321,-50,-41.354880328205425,-5.634109186473646,-21.92158617327222,-25.400740114945265,15.380330099834321,-50,-41.354880328205425
-1.5896745077815415,-21.370130206278702,-48.42384108074477,-8.361994366745634,-50,-50,-1.5896745077815415,-21.370130206278702,-48.42384108074477,-8.361994366745634,-50,-50,7.564260029007842,-22.379253062183107,-35.70085538399728,3.9155271656721684,-50,-50,7.564260029007842,-22.379253062183107,-35.70085538399728,3.9155271656721684,-50,-50
-13.976925779233396,-24.44987729372593,-50,4.842571193661217,-50,-50,-13.976925779233396,-24.44987729372593,-50,4.842571193661217,-50,-50,17.587005112230152,-28.878204621401125,-48.371934510774885,-9.497932131427842,-50,-50,17.587005112230152,-28.878204621401125,-48.371934510774885,-9.497932131427842,-50,-50
-21.46721912468802,-32.68904451710722,-50,15.688365433312462,-50,-44.64728185495994,-21.46721912468802,-32.68904451710722,-50,15.688365433312462,-50,-44.64728185495994,20.96816855108283,-39.18116392859843,-50,-20.249149185459018,-50,-50,20.96816855108283,-39.18116392859843,-50,-20.249149185459018,-50,-50
-21.478060903876518,-43.25987267405825,-48.715280359147506,20.448590562948677,-39.64013282405448,-34.415678980338015,-21.478060903876518,-43.25987267405825,-48.715280359147506,20.448590562948677,-39.64013282405448,-34.415678980338015,16.538512903801156,-49.74131687389283,-50,-24.64237552249509,-40.43534764405066,-50,16.538512903801156,-49.74131687389283,-50,-24.64237552249509,-40.43534764405066,-50
-14.005713102209576,-50,-39.43163542637521,17.487552958156016,-26.96528767166068,-25.584123916139955,-14.005713102209576,-50,-39.43163542637521,17.487552958156016,-26.96528767166068,-25.584123916139955,5.829853869505475,-50,-50,-21.167432392622054,-29.470774947705397,-44.006098612298025,5.829853869505475,-50,-50,-21.167432392622054,-29.470774947705397,-44.006098612298025
-1.6264821186071399,-50,-29.675725323765697,7.8227150707951925,-20.629152024495337,-21.183562149502364,-1.6264821186071399,-50,-29.675725323765697,7.8227150707951925,-20.629152024495337,-21.183562149502364,-7.454655681371168,-50,-50,-11.01883718904961,-22.42039179258467,-32.594438271240875,-7.454655681371168,-50,-50,-11.01883718904961,-22.42039179258467,-32.594438271240875
11.391536818594934,-50,-22.863899544483132,-5.224921826540524,-22.806396946208118,-22.72424444945662,11.391536818594934,-50,-22.863899544483132,-5.224921826540524,-22.806396946208118,-22.72424444945662,-18.7211100582962,-50,-39.88325284228912,2.314813862549477,-21.699371748901466,-24.00363637651338,-18.7211100582962,-50,-39.88325284228912,2.314813862549477,-21.699371748901466,-24.00363637651338
20.56000799760225,-49.00057620804508,-21.381540621147387,-17.171969678573582,-32.74975441834291,-29.67741636333711,20.56000799760225,-49.00057620804508,-21.381540621147387,-17.171969678573582,-32.74975441834291,-29.67741636333711,-24.073465626684243,-43.70432263056005,-28.322659634668508,14.250056371292011,-27.55470686159624,-21.15616026049435,-24.073465626684243,-43.70432263056005,-28.322659634668508,14.250056371292011,-27.55470686159624,-21.15616026049435
22.71783779780939,-38.73523439334123,-25.747744783957515,-23.913221384808118,-47.04649261596595,-39.65678409798285,22.71783779780939,-38.73523439334123,-25.747744783957515,-23.913221384808118,-47.04649261596595,-39.65678409798285,-21.660828560970703,-32.83150535763273,-21.69396861606073,20.684131173639507,-37.98059825452566,-25.020680372193983,-21.660828560970703,-32.83150535763273,-21.69396861606073,20.684131173639507,-37.98059825452566,-25.020680372193983
17.121052454931867,-28.726444633091212,-34.43354351826128,-23.13226918381088,-50,-49.237478603727865,17.121052454931867,-28.726444633091212,-34.43354351826128,-23.13226918381088,-50,-49.237478603727865,-12.317510967517066,-24.401764238780515,-22.29796841996861,19.40531451660712,-49.40556097657569,-34.28254251284524,-12.317510967517066,-24.401764238780515,-22.29796841996861,19.40531451660712,-49.40556097657569,-34.28254251284524
5.699304372062356,-22.409317124932,-44.39732166037165,-15.09746142074533,-50,-50,5.699304372062356,-22.409317124932,-44.39732166037165,-15.09746142074533,-50,-50,0.7254819218585773,-21.31705431929928,-29.925013449762567,10.853201720883199,-50,-45.79099429929945,0.7254819218585773,-21.31705431929928,-29.925013449762567,10.853201720883199,-50,-45.79099429929945
-7.609430937107224,-21.951949075704366,-50,-2.569693530917733,-50,-50,-7.609430937107224,-21.951949075704366,-50,-2.569693530917733,-50,-50,12.957763101402996,-24.639293087271277,-41.92779091585811,-2.0324044307594598,-50,-50,12.957763101402996,-24.639293087271277,-41.92779091585811,-2.0324044307594598,-50,-50
-18.216584946511915,-27.511313474911557,-50,10.146282187729236,-50,-49.727586295505404,-18.216584946511915,-27.511313474911557,-50,10.146282187729236,-50,-49.727586295505404,20.149297137463666,-33.224793278939934,-50,-14.822055715741786,-50,-50,20.149297137463666,-33.224793278939934,-50,-14.822055715741786,-50,-50
-22.46503683227084,-37.1793844974988,-50,18.681042053591643,-48.047872981475244,-40.28432438852123,-22.46503683227084,-37.1793844974988,-50,18.681042053591643,-48.047872981475244,-40.28432438852123,19.81318536017304,-44.11797948026527,-50,-23.11928855408293,-47.106051038932456,-50,19.81318536017304,-44.11797948026527,-50,-23.11928855408293,-47.106051038932456,-50
-18.89001085464337,-47.63798980128497,-43.96411252583795,20.101898658340144,-33.62673258023723,-30.2270205663992,-18.89001085464337,-47.63798980128497,-43.96411252583795,20.101898658340144,-33.62673258023723,-30.2270205663992,12.065658316126537,-50,-50,-24.071915565880722,-35.556682509484496,-50,12.065658316126537,-50,-50,-24.071915565880722,-35.556682509484496,-50
-8.724099840801413,-50,-33.981407571098714,13.92062171321705,-23.257978869900754,-23.007291153878892,-8.724099840801413,-50,-33.981407571098714,13.92062171321705,-23.257978869900754,-23.007291153878892,-0.41411782456672186,-50,-50,-17.352469655327837,-25.836719932827975,-39.532358400128146,-0.41411782456672186,-50,-50,-17.352469655327837,-25.836719932827975,-39.532358400128146
4.527706574007145,-50,-25.435012143825247,2.261202209095692,-20.500347003188455,-21.102911143263135,4.527706574007145,-50,-25.435012143825247,2.261202209095692,-20.500347003188455,-21.102911143263135,-13.310521592424623,-50,-46.37423047697767,-5.270771361322282,-21.275825853833915,-28.769271723147632,-13.310521592424623,-50,-46.37423047697767,-5.270771361322282,-21.275825853833915,-28.769271723147632
16.29646773419599,-50,-21.317724801943623,-10.869986704038293,-26.300303810781465,-25.167454220840387,16.29646773419599,-50,-21.317724801943623,-10.869986704038293,-26.300303810781465,-25.167454220840387,-22.163857849310986,-49.37897069271101,-33.789771577198835,8.02007573650303,-23.43637647160595,-22.128310174555647,-22.163857849310986,-49.37897069271101,-33.789771577198835,8.02007573650303,-23.43637647160595,-22.128310174555647
22.52456540663255,-44.77149873263049,-23.071347732610736,-20.960847089373107,-38.66720405680404,-33.80598954954969,22.52456540663255,-44.77149873263049,-23.071347732610736,-20.960847089373107,-38.66720405680404,-33.80598954954969,-23.912561420015813,-38.75825854284575,-24.239605069845375,17.951321176493504,-31.578255308168465,-21.868633425245235,-23.912561420015813,-38.75825854284575,-24.239605069845375,17.951321176493504,-31.578255308168465,-21.868633425245235
21.06468414074045,-34.16035570128851,-30.081792783375988,-24.543989160155746,-50,-44.05381504921533,21.06468414074045,-34.16035570128851,-30.081792783375988,-24.543989160155746,-50,-44.05381504921533,-17.951914512455808,-28.54032604618346,-21.038550500208643,21.109083070247422,-42.91238691254323,-28.078579773107123,-17.951914512455808,-28.54032604618346,-21.038550500208643,21.109083070247422,-42.91238691254323,-28.078579773107123
12.420159908935917,-25.375905852794638,-39.894124418329625,-20.388184879699747,-50,-50,12.420159908935917,-25.375905852794638,-39.894124418329625,-20.388184879699747,-50,-50,-6.343163696782919,-22.24271666498635,-25.297679412937185,16.407875594047205,-50,-38.64561472370588,-6.343163696782919,-22.24271666498635,-25.297679412937185,16.407875594047205,-50,-38.64561472370588
-0.42855941816107745,-21.433054483195512,-49.07223530814459,-9.921438676520996,-50,-50,-0.42855941816107745,-21.433054483195512,-49.07223530814459,-9.921438676520996,-50,-50,6.899278132958512,-22.033394878756248,-35.53866745054914,5.463746518900024,-50,-49.97498486270027,6.899278132958512,-22.033394878756248,-35.53866745054914,5.463746518900024,-50,-49.97498486270027
-13.05150902909619,-23.685025036275796,-50,3.2596989571963064,-50,-50,-13.05150902909619,-23.685025036275796,-50,3.2596989571963064,-50,-50,17.196052691450284,-27.984420126220847,-48.20691404309295,-7.961241858001085,-50,-50,17.196052691450284,-27.984420126220847,-48.20691404309295,-7.961241858001085,-50,-50
-21.09656470279998,-31.358920169102873,-50,14.625966861981606,-50,-45.950837786615566,-21.09656470279998,-31.358920169102873,-50,14.625966861981606,-50,-45.950837786615566,20.98644055151076,-38.04714020109281,-50,-19.252227790580342,-50,-50,20.98644055151076,-38.04714020109281,-50,-19.252227790580342,-50,-50
-21.789962561846266,-41.820987344375894,-48.0526154759412,20.271723720685376,-41.62051272953591,-35.80399778192588,-21.789962561846266,-41.820987344375894,-48.0526154759412,20.271723720685376,-41.62051272953591,-35.80399778192588,16.95969069948974,-48.75744382415773,-50,-24.527916368714106,-42.266172429776525,-50,16.95969069948974,-48.75744382415773,-50,-24.527916368714106,-42.266172429776525,-50
-14.892633790291642,-50,-38.59672653637955,18.25699227440011,-28.389174474057548,-26.58074152490063,-14.892633790291642,-50,-38.59672653637955,18.25699227440011,-28.389174474057548,-26.58074152490063,6.508290301639425,-50,-50,-21.97478100154718,-31.011599310205966,-46.64834445363621,6.508290301639425,-50,-50,-21.97478100154718,-31.011599310205966,-46.64834445363621
-2.7826304704615854,-50,-28.960942952454474,9.274068221721762,-21.007843208660134,-21.446444391191385,-2.7826304704615854,-50,-28.960942952454474,9.274068221721762,-21.007843208660134,-21.446444391191385,-6.753570176231785,-50,-50,-12.470466153842017,-23.143392180320348,-35.12823352651725,-6.753570176231785,-50,-50,-12.470466153842017,-23.143392180320348,-35.12823352651725
10.364776134593686,-50,-22.51954800649927,-3.590364257206997,-22.009919164643048,-22.163171454718757,10.364776134593686,-50,-22.51954800649927,-3.590364257206997,-22.009919164643048,-22.163171454718757,-18.23981730152801,-50,-40.053300765637154,0.7179043764548014,-21.356877731869545,-25.56702031713997,-18.23981730152801,-50,-40.053300765637154,0.7179043764548014,-21.356877731869545,-25.56702031713997
20.016640200504863,-50,-21.52820581671827,-15.915869234581077,-31.05147258633103,-28.484945575226575,20.016640200504863,-50,-21.52820581671827,-15.915869234581077,-31.05147258633103,-28.484945575226575,-23.97840108401986,-44.80998073263941,-28.45170658020162,13.056806615642554,-26.26404291418229,-21.217292139763806,-23.97840108401986,-44.80998073263941,-28.45170658020162,13.056806615642554,-26.26404291418229,-21.217292139763806
22.845204533077894,-40.19510572374107,-26.33406712066324,-23.467195359857904,-45.029286356618066,-38.24216552145254,22.845204533077894,-40.19510572374107,-26.33406712066324,-23.467195359857904,-45.029286356618066,-38.24216552145254,-21.9848664263607,-33.895232506247524,-21.73722297339349,20.30472270660577,-36.18389317813478,-23.558764003408637,-21.9848664263607,-33.895232506247524,-21.73722297339349,20.30472270660577,-36.18389317813478,-23.558764003408637
17.875240384510903,-29.93500119003074,-35.25420314415901,-23.649579641243562,-50,-48.086202252641186,17.875240384510903,-29.93500119003074,-35.25420314415901,-23.649579641243562,-50,-48.086202252641186,-12.948595964245197,-25.057370260090483,-22.24041679755489,19.970169620242395,-47.71829261382894,-31.79490083310857,-12.948595964245197,-25.057370260090483,-22.24041679755489,19.970169620242395,-47.71829261382894,-31.79490083310857
6.820285558210003,-22.95177100171998,-45.1649378936482,-16.400351764176975,-50,-50,6.820285558210003,-22.95177100171998,-45.1649378936482,-16.400351764176975,-50,-50,0.005584794984946129,-21.338845544371694,-29.786631755110715,12.168150528021812,-50,-43.12388725416686,0.005584794984946129,-21.338845544371694,-29.786631755110715,12.168150528021812,-50,-43.12388725416686
-6.508146936164084,-21.64212503152401,-50,-4.210468668198813,-50,-50,-6.508146936164084,-21.64212503152401,-50,-4.210468668198813,-50,-50,12.398000897722737,-24.019767843794618,-41.75661080849881,-0.4193777265925278,-50,-50,12.398000897722737,-24.019767843794618,-41.75661080849881,-0.4193777265925278,-50,-50
-17.514697402536328,-26.45554601764335,-50,8.731420261536895,-50,-50,-17.514697402536328,-26.45554601764335,-50,8.731420261536895,-50,-50,19.943240779786052,-32.17722435674811,-50,-13.465431686408545,-50,-50,19.943240779786052,-32.17722435674811,-50,-13.465431686408545,-50,-50
-22.404541623782137,-35.74002288671099,-50,17.978263754607834,-50,-41.68500284115271,-22.404541623782137,-35.74002288671099,-50,17.978263754607834,-50,-41.68500284115271,20.032091033792703,-43.002994551809046,-50,-22.485408931957,-48.815799073797045,-50,20.032091033792703,-43.002994551809046,-50,-22.485408931957,-48.815799073797045,-50
-19.491765441287807,-46.30903639547781,-43.17326417619309,20.35269046077965,-35.44372317007416,-31.5002067304018,-19.491765441287807,-46.30903639547781,-43.17326417619309,20.35269046077965,-35.44372317007416,-31.5002067304018,12.63382642401433,-50,-50,-24.378677509427558,-37.34077584476399,-50,12.63382642401433,-50,-50,-24.378677509427558,-37.34077584476399,-50
-9.780632055422938,-50,-33.17551363626201,15.03880732475502,-24.27161854796946,-23.71603391135543,-9.780632055422938,-50,-33.17551363626201,15.03880732475502,-24.27161854796946,-23.71603391135543,0.30683495572613007,-50,-50,-18.494423243945953,-27.08400099376992,-42.24436874469938,0.30683495572613007,-50,-50,-18.494423243945953,-27.08400099376992,-42.24436874469938
3.3806665402341722,-50,-24.896282618237606,3.862554198067678,-20.36273714489845,-21.003973527824535,3.3806665402341722,-50,-24.896282618237606,3.862554198067678,-20.36273714489845,-21.003973527824535,-12.686096247735552,-50,-46.54262156186164,-6.85536817828634,-21.559027045651604,-31.020127578142983,-12.686096247735552,-50,-46.54262156186164,-6.85536817828634,-21.559027045651604,-31.020127578142983
15.454394858783616,-50,-21.234813365511503,-9.33571988403438,-25.05867449351124,-24.294791126821984,15.454394858783616,-50,-21.234813365511503,-9.33571988403438,-25.05867449351124,-24.294791126821984,-21.85189197243916,-50,-33.94653850809919,6.537543442758036,-22.658484622322455,-23.152302728768692,-21.85189197243916,-50,-33.94653850809919,6.537543442758036,-22.658484622322455,-23.152302728768692
22.277788485143255,-46.14943787649242,-23.4732885237029,-20.02086538945017,-36.747703882541785,-32.459094582254075,22.277788485143255,-46.14943787649242,-23.4732885237029,-20.02086538945017,-36.747703882541785,-32.459094582254075,-24.020935682921664,-39.8945269623622,-24.33033475498998,17.080476310482577,-30.005744422605574,-21.317415129180755,-24.020935682921664,-39.8945269623622,-24.33033475498998,17.080476310482577,-30.005744422605574,-21.317415129180755
21.498286600607383,-35.57193147700161,-30.82783315016571,-24.52128614296224,-50,-42.69493581884197,21.498286600607383,-35.57193147700161,-30.82783315016571,-24.52128614296224,-50,-42.69493581884197,-18.443152097409357,-29.46038242843357,-21.031751076767268,21.149279981195527,-41.08393505203785,-26.13966716863856,-18.443152097409357,-29.46038242843357,-21.031751076767268,21.149279981195527,-41.08393505203785,-26.13966716863856
13.38464485552935,-26.336652260168645,-40.72301404155788,-21.290561684775362,-50,-50,13.38464485552935,-26.336652260168645,-40.72301404155788,-21.290561684775362,-50,-50,-7.047390124919968,-22.629829781480048,-25.195710929994085,17.34529652796961,-50,-35.978598011654185,-7.047390124919968,-22.629829781480048,-25.195710929994085,17.34529652796961,-50,-35.978598011654185
0.7342741442098449,-21.613234375146416,-49.69371150453391,-11.438823417203908,-50,-50,0.7342741442098449,-21.613234375146416,-49.69371150453391,-11.438823417203908,-50,-50,6.225590843100306,-21.754300273839405,-35.376922706753774,6.976151494168109,-50,-47.48714479650802,6.225590843100306,-21.754300273839405,-35.376922706753774,6.976151494168109,-50,-47.48714479650802
-12.09124710079946,-23.022798989748566,-50,1.6487052648881981,-50,-50,-12.09124710079946,-23.022798989748566,-50,1.6487052648881981,-50,-50,16.78587180619464,-27.13519666939024,-48.04153390653051,-6.3937445291106645,-50,-50,16.78587180619464,-27.13519666939024,-48.04153390653051,-6.3937445291106645,-50,-50
-20.669952272746613,-30.081570353077183,-50,13.47492881630107,-50,-47.20563581918876,-20.669952272746613,-30.081570353077183,-50,13.47492881630107,-50,-47.20563581918876,20.981610396815476,-36.92013474623023,-50,-18.16846788259551,-50,-50,20.981610396815476,-36.92013474623023,-50,-18.16846788259551,-50,-50
-22.044086511238316,-40.36691215506884,-47.36553011336693,19.976157403646305,-43.625573796983126,-37.20991572782738,-22.044086511238316,-40.36691215506884,-47.36553011336693,19.976157403646305,-43.625573796983126,-37.20991572782738,17.361881587310698,-47.740630227127426,-50,-24.3004381253158,-44.08521187690533,-50,17.361881587310698,-47.740630227127426,-50,-24.3004381253158,-44.08521187690533,-50
-15.739877592929714,-50,-37.760559300786305,18.918459256559846,-29.923381262146304,-27.655275383142907,-15.739877592929714,-50,-37.760559300786305,18.918459256559846,-29.923381262146304,-27.655275383142907,7.178420920682065,-50,-50,-22.681780441536347,-32.63752003227227,-49.18196203711125,7.178420920682065,-50,-50,-22.681780441536347,-32.63752003227227,-49.18196203711125
-3.9308825051901675,-50,-28.268505019989014,10.66527729394335,-21.544629479938155,-21.82081952075828,-3.9308825051901675,-50,-28.268505019989014,10.66527729394335,-21.544629479938155,-21.82081952075828,-6.047237162782953,-50,-50,-13.868911061584424,-24.01922008544871,-37.77059160329615,-6.047237162782953,-50,-50,-13.868911061584424,-24.01922008544871,-37.77059160329615
9.311408717406666,-50,-22.21331905919424,-1.947455991570543,-21.365050610295338,-21.708904185270423,9.311408717406666,-50,-22.21331905919424,-1.947455991570543,-21.365050610295338,-21.708904185270423,-17.741538351727886,-50,-40.223505760755515,-0.8912682712073984,-21.182589918895992,-27.419226647076684,-17.741538351727886,-50,-40.223505760755515,-0.8912682712073984,-21.182589918895992,-27.419226647076684
19.421336054923756,-50,-21.715421888723,-14.585792759340933,-29.44627921933231,-27.357938159568924,19.421336054923756,-50,-21.715421888723,-14.585792759340933,-29.44627921933231,-27.357938159568924,-23.86048564551443,-45.89742578464869,-28.581645856234896,11.790061961685213,-25.09934327582303,-21.649252750446585,-23.86048564551443,-45.89742578464869,-28.581645856234896,11.790061961685213,-25.09934327582303,-21.649252750446585
22.913211851541774,-41.65034935716699,-26.94916841017813,-22.906987380481787,-43.01469823294693,-36.82920126282327,22.913211851541774,-41.65034935716699,-26.94916841017813,-22.906987380481787,-43.01469823294693,-36.82920126282327,-22.288090743231628,-34.98146818229361,-21.78179519607994,19.81585159620969,-34.42776028362771,-22.42353210348314,-22.288090743231628,-34.98146818229361,-21.78179519607994,19.81585159620969,-34.42776028362771,-22.42353210348314
18.583111691823905,-31.205582438164793,-36.08179191211279,-24.05173706601982,-50,-46.8722034112816,18.583111691823905,-31.205582438164793,-36.08179191211279,-24.05173706601982,-50,-46.8722034112816,-13.568102276448997,-25.768457781267635,-22.184151150252543,20.42722229842704,-45.972305931873535,-29.478665998688548,-13.568102276448997,-25.768457781267635,-22.184151150252543,20.42722229842704,-45.972305931873535,-29.478665998688548
7.923961901676647,-23.60161450410935,-45.91520699358273,-17.626686520524334,-50,-50,7.923961901676647,-23.60161450410935,-45.91520699358273,-17.626686520524334,-50,-50,-0.7159725270528243,-21.429991625733486,-29.649057789190827,13.414014387961778,-50,-40.41459928558873,-0.7159725270528243,-21.429991625733486,-29.649057789190827,13.414014387961778,-50,-40.41459928558873
-5.389189657063439,-21.44819842407699,-50,-5.839591454618386,-50,-50,-5.389189657063439,-21.44819842407699,-50,-5.839591454618386,-50,-50,11.823913729960212,-23.4595952666416,-41.585479824506315,1.1870295723942461,-50,-50,11.823913729960212,-23.4595952666416,-41.585479824506315,1.1870295723942461,-50,-50
-16.766251829523515,-25.484406724663053,-50,7.259303505738616,-50,-50,-16.766251829523515,-25.484406724663053,-50,7.259303505738616,-50,-50,19.715148393553225,-31.158573638195755,-50,-12.050686088860829,-50,-50,19.715148393553225,-31.158573638195755,-50,-12.050686088860829,-50,-50
-22.284655852338734,-34.32497499076415,-50,17.16899717046906,-50,-43.064820571997984,-22.284655852338734,-34.32497499076415,-50,17.16899717046906,-50,-43.064820571997984,20.228869875906764,-41.87653821553477,-50,-21.748646152505867,-50,-50,20.228869875906764,-41.87653821553477,-50,-21.748646152505867,-50,-50
-20.041773532448836,-44.93573756087289,-42.36994728403457,20.48435169296714,-37.32537371934059,-32.819137436638655,-20.041773532448836,-44.93573756087289,-42.36994728403457,20.48435169296714,-37.32537371934059,-32.819137436638655,13.187428559464792,-50,-50,-24.57316096040276,-39.155482676142796,-50,13.187428559464792,-50,-50,-24.57316096040276,-39.155482676142796,-50
-10.810902931738372,-50,-32.3816405788802,16.066155353735308,-25.42222877717732,-24.52142717719027,-10.810902931738372,-50,-32.3816405788802,16.066155353735308,-25.42222877717732,-24.52142717719027,1.0258196700028348,-50,-50,-19.553298920490366,-28.45018799466372,-44.93077991364793,1.0258196700028348,-50,-50,-19.553298920490366,-28.45018799466372,-44.93077991364793
2.225348337375932,-50,-24.389853888532734,5.432574917302994,-20.387397773322697,-21.019422416233592,2.225348337375932,-50,-24.389853888532734,5.432574917302994,-20.387397773322697,-21.019422416233592,-12.05036048729643,-50,-46.71075845350476,-8.414645832040353,-22.008694298334532,-33.456997241926764,-12.05036048729643,-50,-46.71075845350476,-8.414645832040353,-22.008694298334532,-33.456997241926764
14.572358443313219,-50,-21.19317146826872,-7.762512068337285,-23.948921568037292,-23.514993656641156,14.572358443313219,-50,-21.19317146826872,-7.762512068337285,-23.948921568037292,-23.514993656641156,-21.519248443933165,-50,-34.10384953088042,5.013868059529987,-22.037594475198745,-24.510642851928782,-21.519248443933165,-50,-34.10384953088042,5.013868059529987,-22.037594475198745,-24.510642851928782
21.973141230213077,-47.484068386298645,-23.911015724753206,-18.985051211171612,-34.884423752391726,-31.15167334157165,21.973141230213077,-47.484068386298645,-23.911015724753206,-18.985051211171612,-34.884423752391726,-31.15167334157165,-24.106415580588237,-41.03092128269463,-24.422217965308402,16.116169106702564,-28.52698850396569,-21.135137924707582,-24.106415580588237,-41.03092128269463,-24.422217965308402,16.116169106702564,-28.52698850396569,-21.135137924707582
21.876064392277023,-37.00891293439197,-31.591645021328404,-24.378788820300414,-49.44065131996962,-41.30859123248983,21.876064392277023,-37.00891293439197,-31.591645021328404,-24.378788820300414,-49.44065131996962,-41.30859123248983,-18.917195685767652,-30.41949321598707,-21.02631422842928,21.07582313779759,-39.25387479732738,-24.47878072169429,-18.917195685767652,-30.41949321598707,-21.02631422842928,21.07582313779759,-39.25387479732738,-24.47878072169429
14.314597955981302,-27.382799197535732,-41.54543699282855,-22.090345700675183,-50,-50,14.314597955981302,-27.382799197535732,-41.54543699282855,-22.090345700675183,-50,-50,-7.746068767404257,-23.081481251529713,-25.09484112843622,18.187940955201952,-50,-33.404112020221675,-7.746068767404257,-23.081481251529713,-25.09484112843622,18.187940955201952,-50,-33.404112020221675
1.8957745276909288,-21.909499385275467,-50,-12.906069497347637,-50,-50,1.8957745276909288,-21.909499385275467,-50,-12.906069497347637,-50,-50,5.5438866526046375,-21.54301051493108,-35.21563140329162,8.445236789831233,-50,-44.87486239280662,5.5438866526046375,-21.54301051493108,-35.21563140329162,8.445236789831233,-50,-44.87486239280662
-11.098660032448029,-22.467501151981086,-50,0.01816761525217858,-50,-50,-11.098660032448029,-22.467501151981086,-50,0.01816761525217858,-50,-50,16.356881652049687,-26.333702598736394,-47.87580458216404,-4.803218841914196,-50,-50,16.356881652049687,-26.333702598736394,-47.87580458216404,-4.803218841914196,-50,-50
-20.18850140362468,-28.865293075690737,-50,12.24137982872574,-50,-48.403469980429925,-20.18850140362468,-28.865293075690737,-50,12.24137982872574,-50,-48.403469980429925,20.953683023305782,-35.80435228216325,-50,-17.00324761428506,-50,-50,20.953683023305782,-35.80435228216325,-50,-17.00324761428506,-50,-50
-22.239765848558342,-38.907093168177255,-46.65570728220984,19.56346531113133,-45.64233842216605,-38.62423857056075,-22.239765848558342,-38.907093168177255,-46.65570728220984,19.56346531113133,-45.64233842216605,-38.62423857056075,17.744674537276392,-46.694669688741115,-50,-23.961069651873434,-45.876807316841045,-50,17.744674537276392,-46.694669688741115,-50,-23.961069651873434,-45.876807316841045,-50
-16.54522106816048,-49.14646177723442,-36.92518190538676,19.468432021163625,-31.557977999965274,-28.80069838786372,-16.54522106816048,-49.14646177723442,-36.92518190538676,19.468432021163625,-31.557977999965274,-28.80069838786372,7.8395608683026925,-50,-50,-23.28492223162817,-34.33454085132159,-50,7.8395608683026925,-50,-50,-23.28492223162817,-34.33454085132159,-50
-5.068224837801986,-50,-27.600107648236992,11.98893499976586,-22.236036530289905,-22.304239246251083,-5.068224837801986,-50,-27.600107648236992,11.98893499976586,-22.236036530289905,-22.304239246251083,-5.336378497383361,-50,-50,-15.207232136857797,-25.04033619982866,-40.471695567828476,-5.336378497383361,-50,-50,-15.207232136857797,-25.04033619982866,-40.471695567828476
8.23419894407731,-50,-21.945962808231137,-0.30494445258784597,-20.875965145504964,-21.36441340175248,8.23419894407731,-50,-21.945962808231137,-0.30494445258784597,-20.875965145504964,-21.36441340175248,-17.226782438708767,-50,-40.39385704079152,-2.504718569730448,-21.17800861559963,-29.525335329995627,-17.226782438708767,-50,-40.39385704079152,-2.504718569730448,-21.17800861559963,-29.525335329995627
18.775657831618197,-50,-21.942730252703694,-13.188822049041706,-27.94456380850498,-26.303764379417565,18.775657831618197,-50,-21.942730252703694,-13.188822049041706,-27.94456380850498,-26.303764379417565,-23.71983981807822,-46.96260066341467,-28.71246922778004,10.456108623028841,-24.070633922414217,-22.443898248106844,-23.71983981807822,-46.96260066341467,-28.71246922778004,10.456108623028841,-24.070633922414217,-22.443898248106844
22.92168127998567,-43.09151164105629,-27.591541966197532,-22.23558019151216,-41.01576751232453,-35.4271316501767,22.92168127998567,-43.09151164105629,-27.591541966197532,-22.23558019151216,-41.01576751232453,-35.4271316501767,-22.570191623192205,-36.08615977463117,-21.827682459326386,19.219943862736276,-32.72731672695408,-21.636387438700506,-22.570191623192205,-36.08615977463117,-21.827682459326386,19.219943862736276,-32.72731672695408,-21.636387438700506
19.242808693446,-32.52993434126245,-36.91428264922732,-24.336600230194747,-50,-45.60342123841863,19.242808693446,-32.52993434126245,-36.91428264922732,-24.336600230194747,-50,-45.60342123841863,-14.17539678269396,-26.53237382259979,-22.129175043934502,20.774204429676402,-44.18263074595953,-27.377506473108774,-14.17539678269396,-26.53237382259979,-22.129175043934502,20.774204429676402,-44.18263074595953,-27.377506473108774
9.007436998516633,-24.354626074587507,-46.646291181264736,-18.76993625109437,-50,-50,9.007436998516633,-24.354626074587507,-46.646291181264736,-18.76993625109437,-50,-50,-1.4384526289971238,-21.590152508613144,-29.512300270842815,14.58461070792443,-50,-37.71420917066264,-1.4384526289971238,-21.590152508613144,-29.512300270842815,14.58461070792443,-50,-37.71420917066264
-4.255495605873811,-21.371429052566288,-50,-7.448387865973005,-50,-50,-4.255495605873811,-21.371429052566288,-50,-7.448387865973005,-50,-50,11.236088302211936,-22.960865290508004,-41.41440880942089,2.7788456785255145,-50,-49.13009783903152,11.236088302211936,-22.960865290508004,-41.41440880942089,2.7788456785255145,-50,-49.13009783903152
-15.973212390903274,-24.60420437702755,-50,5.737769989064648,-50,-50,-15.973212390903274,-24.60420437702755,-50,5.737769989064648,-50,-50,19.465253084023242,-30.172641583293647,-50,-10.584839590603693,-50,-50,19.465253084023242,-30.172641583293647,-50,-10.584839590603693,-50,-50
-22.105694137007813,-32.94343333994266,-50,16.257551121848277,-50,-44.414754020517464,-22.105694137007813,-32.94343333994266,-50,16.257551121848277,-50,-44.414754020517464,20.403320782990775,-40.742813140897695,-50,-20.912656397105216,-50,-50,20.403320782990775,-40.742813140897695,-50,-20.912656397105216,-50,-50
-20.538591728876817,-43.527014614663315,-41.556129568468734,20.49618134407355,-39.25950538893378,-34.175187305968365,-20.538591728876817,-43.527014614663315,-41.556129568468734,20.49618134407355,-39.25950538893378,-34.175187305968365,13.725898953620954,-50,-50,-24.654400795715027,-40.98518163108095,-50,13.725898953620954,-50,-50,-24.654400795715027,-40.98518163108095,-50
-11.812208705503716,-50,-31.60173298545152,16.997195836969826,-26.702362320918024,-25.418203940581563,-11.812208705503716,-50,-31.60173298545152,16.997195836969826,-26.702362320918024,-25.418203940581563,1.7421015321527076,-50,-50,-20.52384202004845,-29.92352051463439,-47.54094443101903,1.7421015321527076,-50,-50,-20.52384202004845,-29.92352051463439,-47.54094443101903
1.0647838943349532,-50,-23.916966448340453,6.962905022843648,-20.574169274432005,-21.14915677776946,1.0647838943349532,-50,-23.916966448340453,6.962905022843648,-20.574169274432005,-21.14915677776946,-11.403964018670658,-50,-46.87863049612178,-9.940866415521457,-22.620956782969056,-36.033937897118214,-11.403964018670658,-50,-46.87863049612178,-9.940866415521457,-22.620956782969056,-36.033937897118214
13.652673236821967,-50,-21.192901111751148,-6.158739570130495,-22.978227825195958,-22.83316143289413,13.652673236821967,-50,-21.192901111751148,-6.158739570130495,-22.978227825195958,-22.83316143289413,-21.16626721795296,-50,-34.261694675851516,3.4566108178042194,-21.579050781313565,-26.177721471399153,-21.16626721795296,-50,-34.261694675851516,3.4566108178042194,-21.579050781313565,-26.177721471399153
21.61142313484285,-48.76672014465292,-24.383457126045563,-17.858919594489983,-33.089423604326214,-29.892275938469332,21.61142313484285,-48.76672014465292,-24.383457126045563,-17.858919594489983,-33.089423604326214,-29.892275938469332,-24.168913754494135,-42.16320175699675,-24.515248877642215,15.063184934523346,-27.15471698970006,-21.32523832237829,-24.168913754494135,-42.16320175699675,-24.515248877642215,15.063184934523346,-27.15471698970006,-21.32523832237829
22.197026104550282,-38.46196505688463,-32.3713574450324,-24.11725589816615,-47.43741978442225,-39.90384753421466,22.197026104550282,-38.46196505688463,-32.3713574450324,-24.11725589816615,-47.43741978442225,-39.90384753421466,-19.373560815708817,-31.414080084959323,-21.02224029975856,20.88907706924821,-37.437959686402124,-23.127233474520995,-19.373560815708817,-31.414080084959323,-21.02224029975856,20.88907706924821,-37.437959686402124,-23.127233474520995
15.207578712362212,-28.507550614084483,-42.35937875287717,-22.7832785952641,-50,-49.431954966547764,15.207578712362212,-28.507550614084483,-42.35937875287717,-22.7832785952641,-50,-49.431954966547764,-8.43848559047104,-23.59598601928681,-24.99507640095311,18.931627257254938,-48.90615954269185,-30.970694076428043,-8.43848559047104,-23.59598601928681,-24.99507640095311,18.931627257254938,-48.90615954269185,-30.970694076428043
3.0528935793386576,-22.319924896694747,-50,-14.31536478141436,-50,-50,3.0528935793386576,-22.319924896694747,-50,-14.31536478141436,-50,-50,4.854862247730374,-21.40031389802444,-35.05480376210664,9.863712077920898,-50,-42.187387562316275,4.854862247730374,-21.40031389802444,-35.05480376210664,9.863712077920898,-50,-42.187387562316275
-10.076352693776805,-22.022738886515068,-50,-1.623232434275093,-50,-50,-10.076352693776805,-22.022738886515068,-50,-1.623232434275093,-50,-50,15.909520647246897,-25.582928189639212,-47.70973657319765,-3.1975577716761974,-50,-50,15.909520647246897,-25.582928189639212,-47.70973657319765,-3.1975577716761974,-50,-50
-19.653475578344462,-27.717989600028897,-50,10.931887749062065,-50,-49.53650682333678,-19.653475578344462,-27.717989600028897,-50,10.931887749062065,-50,-49.53650682333678,20.90268697212563,-34.70395565544675,-50,-15.762349385032607,-50,-50,20.90268697212563,-34.70395565544675,-50,-15.762349385032607,-50,-50
-22.376487047890468,-37.45101375898635,-45.924885688528065,19.03584476137158,-47.657753250473284,-40.037717097346274,-22.376487047890468,-37.45101375898635,-45.924885688528065,19.03584476137158,-47.657753250473284,-40.037717097346274,18.107678343650708,-45.623464558575606,-50,-23.511495062631333,-47.625536324691566,-50,18.107678343650708,-45.623464558575606,-50,-23.511495062631333,-47.625536324691566,-50
-17.30655073404283,-47.881346497687545,-36.09264060126323,19.90398231927155,-33.28238488529169,-30.009519844029818,-17.30655073404283,-47.881346497687545,-36.09264060126323,19.90398231927155,-33.28238488529169,-30.009519844029818,8.49103447442984,-50,-50,-23.78121328389795,-36.08805346040096,-50,8.49103447442984,-50,-50,-23.78121328389795,-36.08805346040096,-50
-6.191672713897492,-50,-26.957388071883585,13.23799371879206,-23.07758928052384,-22.893542159419873,-6.191672713897492,-50,-26.957388071883585,13.23799371879206,-23.07758928052384,-22.893542159419873,-4.621720661509375,-50,-50,-16.47878796844579,-26.19795054429998,-43.18062093776982,-4.621720661509375,-50,-50,-16.47878796844579,-26.19795054429998,-43.18062093776982
7.135973761706759,-50,-21.718134140875154,1.3284250490957294,-20.545828338493155,-21.13195196218365,7.135973761706759,-50,-21.718134140875154,1.3284250490957294,-20.545828338493155,-21.13195196218365,-16.69607563136991,-50,-40.56434380961734,-4.114439780587373,-21.343173258788884,-31.845639455015387,-16.69607563136991,-50,-40.56434380961734,-4.114439780587373,-21.343173258788884,-31.845639455015387
18.081299999229753,-50,-22.209574118413403,-11.732395068369723,-26.556046091857606,-25.32931818946568,18.081299999229753,-50,-22.209574118413403,-11.732395068369723,-26.556046091857606,-25.32931818946568,-23.556607338565392,-48.00153133302786,-28.844168403820483,9.061566336023366,-23.18677019729187,-23.586247013688553,-23.556607338565392,-48.00153133302786,-28.844168403820483,9.061566336023366,-23.18677019729187,-23.586247013688553
22.870590591888067,-44.509230399062346,-28.259614299192968,-21.456548601586526,-39.045432120780546,-34.04512576414102,22.870590591888067,-44.509230399062346,-28.259614299192968,-21.456548601586526,-39.045432120780546,-34.04512576414102,-22.830880765524196,-37.205185815373724,-21.874881854996413,18.519956695144487,-31.09720027870391,-21.212170213329273,-22.830880765524196,-37.205185815373724,-21.874881854996413,18.519956695144487,-31.09720027870391,-21.212170213329273
19.852600130922863,-33.899453554511595,-37.74963617527049,-24.502652421828007,-50,-44.28815315804443,19.852600130922863,-33.899453554511595,-37.74963617527049,-24.502652421828007,-50,-44.28815315804443,-14.76985884173171,-27.346268307692625,-22.07549196274739,21.009394117009297,-42.364672951036034,-25.53103585974425,-14.76985884173171,-27.346268307692625,-22.07549196274739,21.009394117009297,-42.364672951036034,-25.53103585974425
10.067867459390788,-25.205913948229753,-47.356399671094614,-19.82401389116563,-50,-50,10.067867459390788,-25.205913948229753,-47.356399671094614,-19.82401389116563,-50,-50,-2.1611171525263053,-21.818730652538555,-29.376367867167083,15.674130409896964,-50,-35.07362793338451,-2.1611171525263053,-21.818730652538555,-29.376367867167083,15.674130409896964,-50,-35.07362793338451
-3.1100399627253457,-21.412315631399128,-50,-9.028292102842272,-50,-50,-3.1100399627253457,-21.412315631399128,-50,-9.028292102842272,-50,-50,10.635125358768386,-22.525438615333698,-41.2434086049798,4.348171212838985,-50,-46.593693762711226,10.635125358768386,-22.525438615333698,-41.2434086049798,4.348171212838985,-50,-46.593693762711226
-15.137660278843533,-23.820657005030238,-50,4.174920892511661,-50,-50,-15.137660278843533,-23.820657005030238,-50,4.174920892511661,-50,-50,19.19381023854974,-29.223106582763457,-50,-9.075166447086625,-50,-50,19.19381023854974,-29.223106582763457,-50,-9.075166447086625,-50,-50
-21.86812613125443,-31.604372798982403,-49.70164565813428,15.248778468918815,-50,-45.72597505969105,-21.86812613125443,-31.604372798982403,-49.70164565813428,15.248778468918815,-50,-45.72597505969105,20.55526547016373,-39.606049116120744,-50,-19.98158826046886,-50,-50,20.55526547016373,-39.606049116120744,-50,-19.98158826046886,-50,-50
-20.980916218820408,-42.09201899856623,-40.73380447029261,20.38811642886487,-41.23359965972079,-35.55948821196101,-20.980916218820408,-42.09201899856623,-40.73380447029261,20.38811642886487,-41.23359965972079,-35.55948821196101,14.248687301920173,-50,-50,-24.621993863113754,-42.81412228172979,-50,14.248687301920173,-50,-50,-24.621993863113754,-42.81412228172979,-50
-12.781921626279104,-50,-30.837701234166637,17.826971586605318,-28.10373361285084,-26.400499572289235,-12.781921626279104,-50,-30.837701234166637,17.826971586605318,-28.10373361285084,-26.400499572289235,2.454948518314958,-50,-50,-21.40123622764913,-31.49131580197053,-50,2.454948518314958,-50,-50,-21.40123622764913,-31.49131580197053,-50
-0.09798109215396067,-50,-23.47877863213492,8.44539649755476,-20.921842783986673,-21.39232819177577,-0.09798109215396067,-50,-23.47877863213492,8.44539649755476,-20.921842783986673,-21.39232819177577,-10.747567444427624,-50,-47.046227050708204,-11.426456067200329,-23.390544017182794,-38.70236593840442,-10.747567444427624,-50,-47.046227050708204,-11.426456067200329,-23.390544017182794,-38.70236593840442
12.697752790966321,-50,-21.23400295819515,-4.532941439746039,-22.15287600591065,-22.25375341723186,12.697752790966321,-50,-21.23400295819515,-4.532941439746039,-22.15287600591065,-22.25375341723186,-20.79330903332698,-50,-34.420063939473394,1.8734995983615121,-21.28680077982703,-28.12210880260332,-20.79330903332698,-50,-34.420063939473394,1.8734995983615121,-21.28680077982703,-28.12210880260332
21.193583464391136,-49.989060702056676,-24.889455485674837,-16.64846646124961,-31.3743214393578,-28.68913842358856,21.193583464391136,-49.989060702056676,-24.889455485674837,-16.64846646124961,-31.3743214393578,-28.68913842358856,-24.208366332919272,-43.28714398667106,-24.609421596094297,13.926749222299694,-25.900742677435925,-21.8841323193301,-24.208366332919272,-43.28714398667106,-24.609421596094297,13.926749222299694,-25.900742677435925,-21.8841323193301
22.46032943000927,-39.921648428558655,-33.16506052115345,-23.7380798700634,-45.42121992533266,-38.48989129229804,22.46032943000927,-39.921648428558655,-33.16506052115345,-23.7380798700634,-45.42121992533266,-38.48989129229804,-19.811781092393005,-32.4404323545896,-21.019529548943016,20.589968501919405,-35.6518214929245,-22.11050643222102,-19.811781092393005,-32.4404323545896,-21.019529548943016,20.589968501919405,-35.6518214929245,-22.11050643222102
16.061243654138522,-29.70359982324282,-43.16284557706065,-23.365670949457062,-50,-48.29244270153494,16.061243654138522,-29.70359982324282,-43.16284557706065,-23.365670949457062,-50,-48.29244270153494,-9.123932959789633,-24.1714245310113,-24.896423070201987,19.572664894810934,-47.19971552772918,-28.72422192164958,-9.123932959789633,-24.1714245310113,-24.896423070201987,19.572664894810934,-47.19971552772918,-28.72422192164958
4.202594644239758,-22.841844675311766,-50,-15.65920568434126,-50,-50,4.202594644239758,-22.841844675311766,-50,-15.65920568434126,-50,-50,4.15922179583351,-21.3267428065719,-34.89444997575557,11.224538182366059,-50,-39.47538783445321,4.15922179583351,-21.3267428065719,-34.89444997575557,11.224538182366059,-50,-39.47538783445321
-9.027007950129478,-21.691401488197453,-50,-3.266755491010719,-50,-50,-9.027007950129478,-21.691401488197453,-50,-3.266755491010719,-50,-50,15.444245984613797,-24.885674488688824,-47.54334040430399,-1.5847294029197105,-50,-50,15.444245984613797,-24.885674488688824,-47.54334040430399,-1.5847294029197105,-50,-50
-19.06627887784163,-26.647113116882416,-50,9.553424774918113,-50,-50,-19.06627887784163,-26.647113116882416,-50,9.553424774918113,-50,-50,20.8286743600857,-33.62305030998153,-50,-14.45193114570293,-50,-50,20.8286743600857,-33.62305030998153,-50,-14.45193114570293,-50,-50
-22.4538913085551,-36.00813300948362,-45.17485547469913,18.396104992234008,-49.658773663750374,-41.4411076169563,-22.4538913085551,-36.00813300948362,-45.17485547469913,18.396104992234008,-49.658773663750374,-41.4411076169563,18.45052202475534,-44.53101137066359,-50,-22.95394536909779,-49.316345478695496,-50,18.45052202475534,-44.53101137066359,-50,-22.95394536909779,-49.316345478695496,-50
-18.02186861511583,-46.561671641629026,-35.26497469251276,20.22279112750409,-35.085440826599346,-31.273834451292856,-18.02186861511583,-46.561671641629026,-35.26497469251276,20.22279112750409,-35.085440826599346,-31.273834451292856,9.132175947775567,-50,-50,-24.168190756637678,-37.88296325951813,-50,9.132175947775567,-50,-50,-24.168190756637678,-37.88296325951813,-50
-7.2982778426263195,-50,-26.341920628031566,14.405803021933988,-24.063840844902362,-23.584874410301126,-7.2982778426263195,-50,-26.341920628031566,14.405803021933988,-24.063840844902362,-23.584874410301126,-3.9039940193023903,-50,-50,-17.67726846729549,-27.48209813464499,-45.84629577217112,-3.9039940193023903,-50,-50,-17.67726846729549,-27.48209813464499,-45.84629577217112
6.019615268633254,-50,-21.530391121852283,2.943955878262061,-20.37677697446448,-21.013040089000274,6.019615268633254,-50,-21.530391121852283,2.943955878262061,-20.37677697446448,-21.013040089000274,-16.149960300062858,-50,-40.734955262523314,-5.712443670832801,-21.6766620769813,-34.336393839419,-16.149960300062858,-50,-40.734955262523314,-5.712443670832801,-21.6766620769813,-34.336393839419
17.340084777451587,-50,-22.515299853671088,-10.22426634816426,-25.2897131439914,-24.4409721518196,17.340084777451587,-50,-22.515299853671088,-10.22426634816426,-25.2897131439914,-24.4409721518196,-23.370955026877397,-49.01034167148498,-28.976735037831673,7.613355509349274,-22.4553605826014,-25.05476210515338,-23.370955026877397,-49.01034167148498,-28.976735037831673,7.613355509349274,-22.4553605826014,-25.05476210515338
22.760073865750908,-45.89429575026722,-28.95174897066095,-20.574040449607217,-37.11644490326677,-32.69222147507879,22.760073865750908,-45.89429575026722,-28.95174897066095,-20.574040449607217,-37.11644490326677,-32.69222147507879,-23.0698917518214,-38.33437135657826,-21.92339039179768,17.71936377602965,-29.551443319140013,-21.158878284129525,-23.0698917518214,-38.33437135657826,-21.92339039179768,17.71936377602965,-29.551443319140013,-21.158878284129525
20.410885714153267,-35.30524331415073,-38.58580629762542,-24.54900952049524,-50,-42.935000596913056,20.410885714153267,-35.30524331415073,-38.58580629762542,-24.54900952049524,-50,-42.935000596913056,-15.350880926785724,-28.20710469674942,-22.02310530889287,21.13162423285307,-40.534081904612144,-23.974066058249438,-15.350880926785724,-28.20710469674942,-22.02310530889287,21.13162423285307,-40.534081904612144,-23.974066058249438
11.102470371541212,-26.149947930911594,-48.043793057296945,-20.783307159675168,-50,-50,11.102470371541212,-26.149947930911594,-48.043793057296945,-20.783307159675168,-50,-50,-2.883227550845316,-22.114873260687897,-29.24126919296797,16.677166758151913,-50,-32.54263900834822,-2.883227550845316,-22.114873260687897,-29.24126919296797,16.677166758151913,-50,-32.54263900834822
-1.9558287739704259,-21.57059255040406,-50,-10.57089219793564,-50,-50,-1.9558287739704259,-21.57059255040406,-50,-10.57089219793564,-50,-50,10.02163907016288,-22.15493976426302,-41.07249004843689,5.887218405716704,-50,-43.94969176953117,10.02163907016288,-22.15493976426302,-41.07249004843689,5.887218405716704,-50,-43.94969176953117
-14.26178825252688,-23.13885474234473,-50,2.5790773757889545,-50,-50,-14.26178825252688,-23.13885474234473,-50,2.5790773757889545,-50,-50,18.901097265580255,-28.313511234408963,-50,-7.529158403256668,-50,-50,18.901097265580255,-28.313511234408963,-50,-7.529158403256668,-50,-50
-21.57257529041858,-30.31649226395043,-49.080531346954984,14.148050273016729,-50,-46.98990872910098,-21.57257529041858,-30.31649226395043,-49.080531346954984,14.148050273016729,-50,-46.98990872910098,20.684548653392604,-38.470487267374466,-50,-18.960062163273843,-50,-50,20.684548653392604,-38.470487267374466,-50,-18.960062163273843,-50,-50
-21.367586199652212,-40.64007282859899,-39.90498626907831,20.160732323057285,-43.23487935769175,-36.96298727556966,-21.367586199652212,-40.64007282859899,-39.90498626907831,20.160732323057285,-43.23487935769175,-36.96298727556966,14.755259326496919,-49.1293087840309,-50,-24.47610098182957,-44.62656072788169,-50,14.755259326496919,-49.1293087840309,-50,-24.47610098182957,-44.62656072788169,-50
-13.717496853496465,-50,-30.09141681545161,18.551064583940555,-29.617272384592734,-27.46189017740256,-13.717496853496465,-50,-30.09141681545161,18.551064583940555,-29.617272384592734,-27.46189017740256,3.1636321149956297,-50,-50,-22.181127479204807,-33.140077949879846,-50,3.1636321149956297,-50,-50,-22.181127479204807,-33.140077949879846,-50
-1.259895150417757,-50,-23.07636377790483,9.872156034042812,-21.428168011817714,-21.74734639605615,-1.259895150417757,-50,-23.07636377790483,9.872156034042812,-21.428168011817714,-21.74734639605615,-10.081841587017308,-50,-47.21353749572359,-12.864042556330112,-24.31083123455033,-41.411972929526534,-10.081841587017308,-50,-47.21353749572359,-12.864042556330112,-24.31083123455033,-41.411972929526534
11.710103126071326,-50,-21.31637632891567,-2.8937739997474656,-21.478208136633906,-21.78055875019672,11.710103126071326,-50,-21.31637632891567,-2.8937739997474656,-21.478208136633906,-21.78055875019672,-20.400755044882924,-50,-34.57894728498661,0.2723905822102579,-21.163360219326947,-30.307146901367616,-20.400755044882924,-50,-34.57894728498661,0.2723905822102579,-21.163360219326947,-30.307146901367616
20.72071876539351,-50,-25.42777136420088,-15.360136690782948,-29.750218124922654,-27.550128926144772,20.72071876539351,-50,-25.42777136420088,-15.360136690782948,-29.750218124922654,-27.550128926144772,-24.224732996220993,-44.398554682080885,-24.70473015240747,12.712501526210673,-24.77586003796609,-22.80128296924259,-24.224732996220993,-44.398554682080885,-24.70473015240747,12.712501526210673,-24.77586003796609,-22.80128296924259
22.665283375505407,-41.37848055511853,-33.97081007956307,-23.24327960287735,-43.405101441906936,-37.07596932206969,22.665283375505407,-41.37848055511853,-33.97081007956307,-23.24327960287735,-43.405101441906936,-37.07596932206969,-20.23140866461079,-33.494720831328486,-21.018182147778305,20.179981760485806,-33.91083566467908,-21.4477681640194,-20.23140866461079,-33.494720831328486,-21.018182147778305,20.179981760485806,-33.91083566467908,-21.4477681640194
16.873352488199945,-30.96317696887653,-43.95386937901705,-23.834421900985603,-50,-47.08885920058983,16.873352488199945,-30.96317696887653,-43.95386937901705,-23.834421900985603,-50,-47.08885920058983,-9.801710363654662,-24.805649896690383,-24.798887388401734,20.10787272200214,-45.43901721260058,-26.70704876890669,-9.801710363654662,-24.805649896690383,-24.798887388401734,20.10787272200214,-45.43901721260058,-26.70704876890669
5.341860534679781,-23.471868190400677,-50,-16.930437123269314,-50,-50,5.341860534679781,-23.471868190400677,-50,-16.930437123269314,-50,-50,3.457676225719224,-21.322571725228727,-34.73458020676832,12.520962010859465,-50,-36.78999311168436,3.457676225719224,-21.322571725228727,-34.73458020676832,12.520962010859465,-50,-36.78999311168436
-7.953379621751511,-21.475641413547518,-50,-4.903650858628932,-50,-50,-7.953379621751511,-21.475641413547518,-50,-4.903650858628932,-50,-50,14.961533164330238,-24.244542863321165,-47.37662662094827,0.027262612155344312,-50,-48.26652844514729,14.961533164330238,-24.244542863321165,-47.37662662094827,0.027262612155344312,-50,-48.26652844514729
-18.42845229631442,-25.659620326818185,-50,8.11333032926919,-50,-50,-18.42845229631442,-25.659620326818185,-50,8.11333032926919,-50,-50,20.731720826401197,-32.56566897010491,-50,-13.078495839837458,-50,-50,20.731720826401197,-32.56566897010491,-50,-13.078495839837458,-50,-50
-22.471775496719243,-34.587824259625776,-44.40745383448195,17.64765220384586,-50,-42.82523241045892,-22.471775496719243,-34.587824259625776,-44.40745383448195,17.64765220384586,-50,-42.82523241045892,18.77285520210395,-43.42138593291321,-50,-22.291187408662335,-50,-50,18.77285520210395,-43.42138593291321,-50,-22.291187408662335,-50,-50
-18.68929748573557,-45.19601017052251,-34.444211540985584,20.42316099534242,-36.95547568236942,-32.58537400209064,-18.68929748573557,-45.19601017052251,-34.444211540985584,20.42316099534242,-36.95547568236942,-32.58537400209064,9.762330056257907,-50,-50,-24.443934276196746,-39.703819293089104,-50,9.762330056257907,-50,-50,-24.443934276196746,-39.703819293089104,-50
-8.385136133959262,-50,-25.75521289987666,15.486145080648452,-25.188407785692185,-24.37371491014692,-8.385136133959262,-50,-25.75521289987666,15.486145080648452,-25.188407785692185,-24.37371491014692,-3.183932071154453,-50,-50,-18.796726180305193,-28.881724762239102,-48.418463541537285,-3.183932071154453,-50,-50,-18.796726180305193,-28.881724762239102,-48.418463541537285
4.888053150870883,-50,-21.383193626373508,4.533046379079929,-20.369905225428234,-21.00845542729437,4.888053150870883,-50,-21.383193626373508,4.533046379079929,-20.369905225428234,-21.00845542729437,-15.58899456230208,-50,-40.9056805868942,-7.29080015465868,-22.175604329307234,-36.9506397658308,-15.58899456230208,-50,-40.9056805868942,-7.29080015465868,-22.175604329307234,-36.9506397658308
16.553957354932457,-50,-22.859158585428176,-8.672465697554502,-24.1537612079474,-23.64453576150857,16.553957354932457,-50,-22.859158585428176,-8.672465697554502,-24.1537612079474,-23.64453576150857,-23.16307261547698,-49.985267932014175,-29.110160728317123,6.118662881533077,-21.882701203906244,-26.821757297965572,-23.16307261547698,-49.985267932014175,-29.110160728317123,6.118662881533077,-21.882701203906244,-26.821757297965572
22.590421133234166,-47.23770993903176,-29.666250601568336,-19.59275452018097,-35.2412910818446,-31.377266338344878,22.590421133234166,-47.23770993903176,-29.666250601568336,-19.59275452018097,-35.2412910818446,-31.377266338344878,-23.286980318262692,-39.469503546463535,-21.97320499546914,16.82213804349564,-28.103352044561312,-21.47751637507424,-23.286980318262692,-39.469503546463535,-21.97320499546914,16.82213804349564,-28.103352044561312,-21.47751637507424
20.91620032106827,-36.73817123323157,-39.42074482343115,-24.47542470465586,-49.82706331490247,-41.55281273399822,20.91620032106827,-36.73817123323157,-39.42074482343115,-24.47542470465586,-49.82706331490247,-41.55281273399822,-15.917869246428864,-29.1116713155276,-21.972018402409137,21.140288210908107,-38.706615713844386,-22.735950948448327,-15.917869246428864,-29.1116713155276,-21.972018402409137,21.140288210908107,-38.706615713844386,-22.735950948448327
12.108530602060927,-27.180595324935382,-48.70678757458365,-21.64270844097854,-50,-50,12.108530602060927,-27.180595324935382,-48.70678757458365,-21.64270844097854,-50,-50,-3.604045843462531,-22.47747546156792,-29.10701281021457,17.588742190147084,-50,-30.168959663212945,-3.604045843462531,-22.47747546156792,-29.10701281021457,17.588742190147084,-50,-30.168959663212945
-0.79589106335083,-21.845231600306143,-50,-12.06797480436813,-50,-50,-0.79589106335083,-21.845231600306143,-50,-12.06797480436813,-50,-50,9.396256405504195,-21.850751022746604,-40.90166397186666,7.388349743647863,-50,-41.24793978631725,9.396256405504195,-21.850751022746604,-40.90166397186666,7.388349743647863,-50,-41.24793978631725
-13.34789488364113,-22.563226759154116,-50,0.9587362725338093,-50,-50,-13.34789488364113,-22.563226759154116,-50,0.9587362725338093,-50,-50,18.587413311151458,-27.44724912612747,-50,-5.9544875158105395,-50,-50,18.587413311151458,-27.44724912612747,-50,-5.9544875158105395,-50,-50
-21.21981723556663,-29.088158151879135,-48.43247868367622,12.961227199214946,-50,-48.19828931239685,-21.21981723556663,-29.088158151879135,-48.43247868367622,12.961227199214946,-50,-48.19828931239685,20.791038208188755,-37.34036423565594,-50,-17.853147423344755,-50,-50,20.791038208188755,-37.34036423565594,-50,-17.853147423344755,-50,-50
-21.697586924190272,-39.18060833611859,-39.071705149208356,19.8152396998148,-45.250391353240985,-38.37650606801889,-21.697586924190272,-39.18060833611859,-39.071705149208356,19.8152396998148,-45.250391353240985,-38.37650606801889,15.245097322201662,-48.124371916736,-50,-24.21744614450994,-46.40689512372578,-50,15.245097322201662,-48.124371916736,-50,-24.21744614450994,-46.40689512372578,-50
-14.616479134944882,-49.37675407475147,-29.364707747768172,19.165619502513678,-31.23318237233635,-28.59543460553283,-14.616479134944882,-49.37675407475147,-29.364707747768172,19.165619502513678,-31.23318237233635,-28.59543460553283,3.867428063590636,-50,-50,-22.859645568526552,-34.855614072052134,-50,3.867428063590636,-50,-50,-22.859645568526552,-34.855614072052134,-50
-2.417909041894462,-50,-22.710707598018914,11.235587061403285,-22.08986780665768,-22.211889686673555,-2.417909041894462,-50,-22.710707598018914,11.235587061403285,-22.08986780665768,-22.211889686673555,-9.407466803206052,-50,-47.38055122775627,-14.246491867606277,-25.37389641195547,-44.11167407877902,-9.407466803206052,-50,-47.38055122775627,-14.246491867606277,-25.37389641195547,-44.11167407877902
10.692316154527136,-50,-21.439819450917515,-1.24996475562107,-20.95859095348982,-21.416671971472038,10.692316154527136,-50,-21.439819450917515,-1.24996475562107,-20.95859095348982,-21.416671971472038,-19.989006433916686,-50,-34.738334643056,-1.3387707356745833,-21.209791701743796,-32.691640783898585,-19.989006433916686,-50,-34.738334643056,-1.3387707356745833,-21.209791701743796,-32.691640783898585
20.194069987871824,-50,-25.99708616064718,-14.00078980510437,-28.227625545365736,-26.482696198913636,20.194069987871824,-50,-25.99708616064718,-14.00078980510437,-28.227625545365736,-26.482696198913636,-24.21799701803964,-45.49328730719916,-24.801168506338076,11.426467543988483,-23.789752294206952,-24.059399037604006,-24.21799701803964,-45.49328730719916,-24.801168506338076,11.426467543988483,-23.789752294206952,-24.059399037604006
22.81135007554904,-42.822997464724075,-34.78663244235595,-22.635489587716783,-41.40211350665342,-35.671328214733606,22.81135007554904,-42.822997464724075,-34.78663244235595,-22.635489587716783,-41.40211350665342,-35.671328214733606,-20.63201468247611,-34.57301209508828,-21.018198181656857,19.661151401971825,-32.22998896853171,-21.151513414169287,-20.63201468247611,-34.57301209508828,-21.018198181656857,19.661151401971825,-32.22998896853171,-21.151513414169287
17.641773978113182,-32.27809950035442,-44.73051255148026,-24.187035654484752,-50,-45.8290755095321,17.641773978113182,-32.27809950035442,-44.73051255148026,-24.187035654484752,-50,-45.8290755095321,-10.471125128891945,-25.496295899821973,-24.70247553694161,20.53459477283218,-43.63922105334484,-24.957204808786372,-10.471125128891945,-25.496295899821973,-24.70247553694161,20.53459477283218,-43.63922105334484,-24.957204808786372
6.467701448219586,-24.205902640396566,-50,-18.122290613733863,-50,-50,6.467701448219586,-24.205902640396566,-50,-18.122290613733863,-50,-50,2.750942501089928,-21.387816215784134,-34.57520458699529,13.746550067046925,-50,-34.181831706716636,2.750942501089928,-21.387816215784134,-34.57520458699529,13.746550067046925,-50,-34.181831706716636
-6.858285256874492,-21.376860297821178,-50,-6.5252031289618415,-50,-50,-6.858285256874492,-21.376860297821178,-50,-6.5252031289618415,-50,-50,14.461875507978696,-23.66192529644205,-47.20960578872833,1.630418771745843,-50,-45.68730861920928,14.461875507978696,-23.66192529644205,-47.20960578872833,1.630418771745843,-50,-45.68730861920928
-17.741669697156095,-24.761926247591035,-50,6.619271982775311,-50,-50,-17.741669697156095,-24.761926247591035,-50,6.619271982775311,-50,-50,20.61192545539028,-31.535756594991966,-50,-11.648859132838298,-50,-50,20.61192545539028,-31.535756594991966,-50,-11.648859132838298,-50,-50
-22.430092678484634,-33.19931421561481,-43.62456051282279,16.79447142278562,-50,-44.18103975052383,-22.430092678484634,-33.19931421561481,-43.62456051282279,16.79447142278562,-50,-44.18103975052383,19.074348458481055,-42.298728120779835,-50,-21.526510114177857,-50,-50,19.074348458481055,-42.298728120779835,-50,-21.526510114177857,-50,-50
-19.307085796519434,-43.79323378720199,-33.632361600275495,20.5040250829521,-38.880385795187834,-33.93556145304351,-19.307085796519434,-43.79323378720199,-33.632361600275495,20.5040250829521,-38.880385795187834,-33.93556145304351,10.380852796633233,-50,-50,-24.60707546682626,-41.534947254965786,-50,10.380852796633233,-50,-50,-24.60707546682626,-41.534947254965786,-50
-9.449395319961003,-50,-25.198702023892324,16.473267772845624,-26.44401142947953,-25.254904897879335,-9.449395319961003,-50,-25.198702023892324,16.473267772845624,-26.44401142947953,-25.254904897879335,-2.462270704087451,-50,-50,-19.831605804526845,-30.38478215096962,-50,-2.462270704087451,-50,-50,-19.831605804526845,-30.38478215096962,-50
3.744256993665823,-50,-21.2769022136736,6.087235673350026,-20.52525756825388,-21.11822795926685,3.744256993665823,-50,-21.2769022136736,6.087235673350026,-20.52525756825388,-21.11822795926685,-15.013751712381495,-50,-41.07650896289806,-8.841676646406887,-22.835705017442272,-39.639090304796824,-15.013751712381495,-50,-41.07650896289806,-8.841676646406887,-22.835705017442272,-39.639090304796824
15.72498078447246,-50,-23.24030803412807,-7.085255450427363,-23.155542645650996,-22.945217454271102,15.72498078447246,-50,-23.24030803412807,-7.085255450427363,-23.155542645650996,-22.945217454271102,-22.933172555485918,-50,-29.24443701933422,4.584905856792411,-21.473721631834042,-28.853919059332398,-22.933172555485918,-50,-29.24443701933422,4.584905856792411,-21.473721631834042,-28.853919059332398
22.36207761801894,-48.53074578682904,-30.401369025172244,-18.51791552563416,-33.43210744604134,-30.108859734143437,22.36207761801894,-48.53074578682904,-30.401369025172244,-18.51791552563416,-33.43210744604134,-30.108859734143437,-23.481924605244107,-40.60634734703345,-22.024322508976873,15.832731975468487,-26.76539192480708,-22.162077135077535,-23.481924605244107,-40.60634734703345,-22.024322508976873,15.832731975468487,-26.76539192480708,-22.162077135077535
21.367217842585724,-38.18892862804763,-40.252406576612884,-24.28228976581802,-47.8278576410166,-40.15062862973227,21.367217842585724,-38.18892862804763,-40.252406576612884,-24.28228976581802,-47.8278576410166,-40.15062862973227,-16.470244351424764,-30.05659333770138,-21.922234480963166,21.035343056229234,-36.8980055864841,-21.840032975461035,-16.470244351424764,-30.05659333770138,-21.922234480963166,21.035343056229234,-36.8980055864841,-21.840032975461035
13.083407923276678,-28.291160768675404,-49.34375922252528,-22.397641979594958,-50,-49.62423932531786,13.083407923276678,-28.291160768675404,-49.34375922252528,-22.397641979594958,-50,-49.62423932531786,-4.322835370389126,-22.90518443115337,-28.973607227495165,18.404333017648344,-48.40054264895346,-27.9973413749636,-4.322835370389126,-22.90518443115337,-28.973607227495165,18.404333017648344,-48.40054264895346,-27.9973413749636
0.36672911714864187,-22.234448652250073,-50,-13.511568926412128,-50,-50,0.36672911714864187,-22.234448652250073,-50,-13.511568926412128,-50,-50,8.759616491728307,-21.61400728140767,-40.73094120148627,8.844115870353804,-50,-38.53937451265522,8.759616491728307,-21.61400728140767,-40.73094120148627,8.844115870353804,-50,-38.53937451265522
-12.398378524182176,-22.097512489071825,-50,-0.6774751498232177,-50,-50,-12.398378524182176,-22.097512489071825,-50,-0.6774751498232177,-50,-50,18.25307895316868,-26.627552174849704,-50,-4.358968080650151,-50,-49.8798842315863,18.25307895316868,-26.627552174849704,-50,-4.358968080650151,-50,-49.8798842315863
-20.81077771801061,-27.927350050283305,-47.75907506876062,11.694628312079486,-50,-49.343214392395026,-20.81077771801061,-27.927350050283305,-47.75907506876062,11.694628312079486,-50,-49.343214392395026,20.874625304636172,-36.219896370410886,-50,-16.666337099192624,-50,-50,20.874625304636172,-36.219896370410886,-50,-16.666337099192624,-50,-50
-21.970052363723084,-37.723106593522644,-38.23600222695331,19.353478083697354,-47.26709039930648,-39.79080063475665,-21.970052363723084,-37.723106593522644,-38.23600222695331,19.353478083697354,-47.26709039930648,-39.79080063475665,15.71770068568382,-47.08885641523792,-50,-23.847312924409803,-48.139799981770494,-50,15.71770068568382,-47.08885641523792,-50,-23.847312924409803,-48.139799981770494,-50
-15.476509250147048,-48.12278691244842,-28.659354099890123,19.66736423522323,-32.941004722417404,-29.793719843685572,-15.476509250147048,-48.12278691244842,-28.659354099890123,19.66736423522323,-32.941004722417404,-29.793719843685572,4.565617100561664,-50,-50,-23.433423353204645,-36.62315647796641,-50,4.565617100561664,-50,-50,-23.433423353204645,-36.62315647796641,-50
-3.568983763322107,-50,-22.382705764730368,12.52843019204967,-22.902659367251296,-22.78292010114112,-3.568983763322107,-50,-22.382705764730368,12.52843019204967,-22.902659367251296,-22.78292010114112,-8.725132288767316,-50,-47.547257662198966,-15.56694360367265,-26.570588464008253,-46.75057135138959,-8.725132288767316,-50,-47.547257662198966,-15.56694360367265,-26.570588464008253,-46.75057135138959
9.647062878771013,-50,-21.604029951137452,0.3897340725486229,-20.597387638908838,-21.16447278259597,9.647062878771013,-50,-21.604029951137452,0.3897340725486229,-20.597387638908838,-21.16447278259597,-19.55848399819417,-50,-34.89821591240086,-2.9519889758202886,-21.42569553525301,-35.2306350844516,-19.55848399819417,-50,-34.89821591240086,-2.9519889758202886,-21.42569553525301,-35.2306350844516
19.615019228676562,-50,-26.596005342404787,-12.57766344639,-26.816398564570076,-25.493820905803286,19.615019228676562,-50,-26.596005342404787,-12.57766344639,-26.816398564570076,-25.493820905803286,-24.188165282392543,-46.56725754981599,-24.898730546040746,10.075029212431398,-22.950908066008584,-25.634760997017665,-24.188165282392543,-46.56725754981599,-24.898730546040746,10.075029212431398,-22.950908066008584,-25.634760997017665
22.898146203841986,-44.24581518848417,-35.61052925836571,-21.917945912952092,-39.425220305612825,-34.28515386765991,22.898146203841986,-44.24581518848417,-35.61052925836571,-21.917945912952092,-39.425220305612825,-34.28515386765991,-21.013189735701143,-35.671283174350606,-21.01957764956253,19.036052119271485,-30.623750481234048,-21.22732753591006,-21.013189735701143,-35.671283174350606,-21.01957764956253,19.036052119271485,-30.623750481234048,-21.22732753591006
18.364491537176118,-33.63982532858667,-45.490872712435454,-24.42163476998577,-50,-44.521330205201195,18.364491537176118,-33.63982532858667,-45.490872712435454,-24.42163476998577,-50,-44.521330205201195,-11.131493128754796,-26.240785825471974,-24.607193625987343,20.85071344139392,-41.81582006834684,-23.50768021828359,-11.131493128754796,-26.240785825471974,-24.607193625987343,20.85071344139392,-41.81582006834684,-23.50768021828359
7.577162813904637,-25.03917954083373,-50,-19.228420307459345,-50,-50,7.577162813904637,-25.03917954083373,-50,-19.228420307459345,-50,-50,2.0397428878245836,-21.522232859102626,-34.416333216973264,14.895220376716715,-50,-31.700075836212587,2.0397428878245836,-21.522232859102626,-34.416333216973264,14.895220376716715,-50,-31.700075836212587
-5.744598737557622,-21.3956998496139,-50,-8.12277858590202,-50,-50,-5.744598737557622,-21.3956998496139,-50,-8.12277858590202,-50,-50,13.945783654380799,-23.13999546223218,-47.04228849270142,3.21678342193454,-50,-43.01757914654833,13.945783654380799,-23.13999546223218,-47.04228849270142,3.21678342193454,-50,-43.01757914654833
-17.00773342019562,-23.959862540471192,-50,5.079204628934165,-50,-50,-17.00773342019562,-23.959862540471192,-50,5.079204628934165,-50,-50,20.469410675212135,-30.53715566050603,-50,-10.170115589260758,-50,-50,20.469410675212135,-30.53715566050603,-50,-10.170115589260758,-50,-50
-22.32895224305767,-31.851623010736304,-42.82809320143318,15.84110528439508,-50,-45.49966309678394,-22.32895224305767,-31.851623010736304,-42.82809320143318,15.84110528439508,-50,-45.49966309678394,19.354693674598963,-41.16722643189381,-50,-20.663708192651967,-50,-50,19.354693674598963,-41.16722643189381,-50,-20.663708192651967,-50,-50
-19.873612270983088,-42.362455302915755,-32.83141349113155,20.464952841414792,-40.84771233174113,-35.315567016036844,-19.873612270983088,-42.362455302915755,-32.83141349113155,20.464952841414792,-40.84771233174113,-35.315567016036844,10.987112052652996,-50,-50,-24.656804741235085,-43.360584416112125,-50,10.987112052652996,-50,-50,-24.656804741235085,-43.360584416112125,-50
-10.488262440059675,-50,-24.673751169573954,17.361915309213455,-27.822524977821708,-26.222681676715116,-10.488262440059675,-50,-24.673751169573954,17.361915309213455,-27.822524977821708,-26.222681676715116,-1.7397474396932273,-50,-50,-20.776771755330667,-31.978331671293763,-50,-1.7397474396932273,-50,-50,-20.776771755330667,-31.978331671293763,-50
2.5912284883435075,-50,-21.211777243824216,7.598248709200599,-20.841828496797916,-21.341639808153694,2.5912284883435075,-50,-21.211777243824216,7.598248709200599,-20.841828496797916,-21.341639808153694,-14.424819635480674,-50,-41.24742956417567,-10.357376929737582,-23.651281857843042,-42.35105953168954,-14.424819635480674,-50,-41.24742956417567,-10.357376929737582,-23.651281857843042,-42.35105953168954
14.855330568904732,-50,-23.65781457686404,-5.471086473852113,-22.301518350312346,-22.34759054507411,14.855330568904732,-50,-23.65781457686404,-5.471086473852113,-22.301518350312346,-22.34759054507411,-22.68148979956475,-50,-29.37955540103296,3.019695696203164,-21.231942447310907,-31.112934615248243,-22.68148979956475,-50,-29.37955540103296,3.019695696203164,-21.231942447310907,-31.112934615248243
22.07564256739639,-49.765003386330825,-31.155303574037838,-17.355246287804803,-31.700603798409233,-28.89529663036975,22.07564256739639,-49.765003386330825,-31.155303574037838,-17.355246287804803,-31.700603798409233,-28.89529663036975,-23.654525384114343,-41.74066133448381,-22.076739692715268,14.756055494299755,-25.549080397908842,-23.199654395848878,-23.654525384114343,-41.74066133448381,-22.076739692715268,14.756055494299755,-25.549080397908842,-23.199654395848878
21.76275466274974,-39.64809098984377,-41.078754407527455,-23.970633022503172,-45.81315656445781,-38.737618113482924,21.76275466274974,-39.64809098984377,-41.078754407527455,-23.970633022503172,-45.81315656445781,-38.737618113482924,-17.007441726911857,-31.038345375916855,-21.873756699644353,20.817309558588647,-35.12382041338052,-21.30320306965549,-17.007441726911857,-31.038345375916855,-21.873756699644353,20.817309558588647,-35.12382041338052,-21.30320306965549
14.024543941562104,-29.474429731442427,-49.953147743529385,-23.04408824314707,-50,-48.496719532216225,14.024543941562104,-29.474429731442427,-49.953147743529385,-23.04408824314707,-50,-48.496719532216225,-5.038861544988915,-23.396404440107826,-28.841060899475174,19.119891875511744,-46.67624727234905,-26.068726120897942,-5.038861544988915,-23.396404440107826,-28.841060899475174,19.119891875511744,-46.67624727234905,-26.068726120897942
1.5289806758727214,-22.735715247978128,-50,-14.893988359896502,-50,-50,1.5289806758727214,-22.735715247978128,-50,-14.893988359896502,-50,-50,8.112369960425136,-21.445591801903976,-40.56033255696579,10.247292554171654,-50,-35.875061100523126,8.112369960425136,-21.445591801903976,-40.56033255696579,10.247292554171654,-50,-35.875061100523126
-11.415731012406333,-21.7447373367809,-50,-2.320845124679966,-50,-50,-11.415731012406333,-21.7447373367809,-50,-2.320845124679966,-50,-50,17.898435873782514,-25.857478568654813,-50,-2.7505178544883666,-50,-47.3862337910724,17.898435873782514,-25.857478568654813,-50,-2.7505178544883666,-50,-47.3862337910724
-20.346530189836578,-26.84160887961987,-47.061969999649435,10.354997430735821,-50,-50,-20.346530189836578,-26.84160887961987,-47.061969999649435,10.354997430735821,-50,-50,20.935224518613182,-35.113263998851416,-50,-15.40552073073739,-50,-50,20.935224518613182,-35.113263998851416,-50,-15.40552073073739,-50,-50
-22.184267480749288,-36.27703592265652,-37.399924550770756,18.777906056383983,-49.27192356573268,-41.196621947918594,-22.184267480749288,-36.27703592265652,-37.399924550770756,18.777906056383983,-49.27192356573268,-41.196621947918594,16.172586426997064,-46.02662565997238,-50,-23.367538105664856,-49.810358097816405,-50,16.172586426997064,-46.02662565997238,-50,-23.367538105664856,-49.810358097816405,-50
-16.295330201717412,-46.81269171200825,-27.977083630640806,20.05362731617811,-34.72968568544419,-31.048909494961748,-16.295330201717412,-46.81269171200825,-27.977083630640806,20.05362731617811,-34.72968568544419,-31.048909494961748,5.2574856925072435,-50,-50,-23.899613464033774,-38.42748979623182,-50,5.2574856925072435,-50,-50,-23.899613464033774,-38.42748979623182,-50
-4.710098522066911,-50,-22.093161716233993,13.743801873249344,-23.861281962458648,-23.456703285711754,-4.710098522066911,-50,-22.093161716233993,13.743801873249344,-23.861281962458648,-23.456703285711754,-8.0355353741392,-50,-47.71364623392318,-16.81884502981052,-27.890606017484743,-49.27891306087958,-8.0355353741392,-50,-47.71364623392318,-16.81884502981052,-27.890606017484743,-49.27891306087958
8.577086381712402,-50,-21.80860559710459,2.0165921499811192,-20.396936053686982,-21.025610484485135,8.577086381712402,-50,-21.80860559710459,2.0165921499811192,-20.396936053686982,-21.025610484485135,-19.10962772190548,-50,-35.05858096043851,-4.559258551288348,-21.809213174905086,-37.87626160834448,-19.10962772190548,-50,-35.05858096043851,-4.559258551288348,-21.809213174905086,-37.87626160834448
18.985086104419405,-50,-27.223061861130127,-11.098334841221297,-25.52567124111132,-24.58996997057588,18.985086104419405,-50,-27.223061861130127,-11.098334841221297,-25.52567124111132,-24.58996997057588,-24.135268276638676,-47.61645855960622,-24.997410088457872,8.664893037072476,-22.26654829835561,-27.497668216426284,-24.135268276638676,-47.61645855960622,-24.997410088457872,8.664893037072476,-22.26654829835561,-27.497668216426284
22.925443979250755,-45.637690721230086,-36.440482398108415,-21.09446903414042,-37.48721712865675,-32.926511411594646,22.925443979250755,-45.637690721230086,-36.440482398108415,-21.09446903414042,-37.48721712865675,-32.926511411594646,-21.37454427200438,-36.785436555370254,-21.022320464070603,18.307785964251117,-29.105947036611823,-21.67378118962341,-21.37454427200438,-36.785436555370254,-21.022320464070603,18.307785964251117,-29.105947036611823,-21.67378118962341
19.039608520594765,-35.039508317729904,-46.23308736499054,-24.53697015906914,-50,-43.17417551783518,19.039608520594765,-35.039508317729904,-46.23308736499054,-24.53697015906914,-50,-43.17417551783518,-11.782139482086087,-27.036342073684544,-24.5130476940919,21.05465999047544,-39.98451047122406,-22.385803190013696,-11.782139482086087,-27.036342073684544,-24.5130476940919,21.05465999047544,-39.98451047122406,-22.385803190013696
8.667333046015486,-25.9662857016974,-50,-20.24293677989096,-50,-50,8.667333046015486,-25.9662857016974,-50,-20.24293677989096,-50,-50,1.3248042158393116,-21.725320163290366,-34.25797616528187,15.961272669567858,-50,-29.391514566677564,1.3248042158393116,-21.725320163290366,-34.25797616528187,15.961272669567858,-50,-29.391514566677564
-4.615242737691025,-21.532037682149294,-50,-9.687871174347968,-50,-50,-4.615242737691025,-21.532037682149294,-50,-9.687871174347968,-50,-50,13.413785037735979,-22.680700616436066,-46.874685336709796,4.778484236584126,-50,-40.30767299960989,13.413785037735979,-22.680700616436066,-46.874685336709796,4.778484236584126,-50,-40.30767299960989
-16.228569551774605,-23.258639626206307,-50,3.5013281294267085,-50,-50,-16.228569551774605,-23.258639626206307,-50,3.5013281294267085,-50,-50,20.304322132748155,-29.57359182339276,-50,-8.649603466076748,-50,-50,20.304322132748155,-29.57359182339276,-50,-8.649603466076748,-50,-50
-22.16861961567672,-30.553505608159853,-42.020002841417465,14.792629846189914,-50,-46.77247908013427,-22.16861961567672,-30.553505608159853,-42.020002841417465,14.792629846189914,-50,-46.77247908013427,19.613604343988726,-40.03110235930044,-50,-19.70706329403245,-50,-50,19.613604343988726,-40.03110235930044,-50,-19.70706329403245,-50,-50
-20.387390160291687,-40.91296943806595,-32.04332913033991,20.306152305122918,-42.84472192166106,-36.716365902172164,-20.387390160291687,-40.91296943806595,-32.04332913033991,20.306152305122918,-42.84472192166106,-36.716365902172164,11.580488241072239,-50,-50,-24.592875318163436,-45.16501531344288,-50,11.580488241072239,-50,-50,-24.592875318163436,-45.16501531344288,-50
-11.499011170686458,-50,-24.18164620036481,18.147356216897983,-29.31502610733084,-27.270716300333998,-11.499011170686458,-50,-24.18164620036481,18.147356216897983,-29.31502610733084,-27.270716300333998,-1.017100680403194,-50,-50,-21.627533651711563,-33.64865571864355,-50,-1.017100680403194,-50,-50,-21.627533651711563,-33.64865571864355,-50
1.4319935548977418,-50,-21.187978239983014,9.05804032038896,-21.31756902996541,-21.67722993290717,1.4319935548977418,-50,-21.187978239983014,9.05804032038896,-21.31756902996541,-21.67722993290717,-13.822800206859487,-50,-41.418431558518066,-11.830379350054352,-24.615314196021746,-45.03541811907444,-13.822800206859487,-50,-41.418431558518066,-11.830379350054352,-24.615314196021746,-45.03541811907444
13.947288951871888,-50,-24.11065553428201,-3.8385531726765905,-21.59721592878977,-21.855563320116293,13.947288951871888,-50,-24.11065553428201,-3.8385531726765905,-21.59721592878977,-21.855563320116293,-22.408281561796514,-50,-29.51550731019819,1.430799746864298,-21.159444935671083,-33.55621426932853,-22.408281561796514,-50,-29.51550731019819,1.430799746864298,-21.159444935671083,-33.55621426932853
21.73186767964888,-50,-31.92620749076569,-16.11093726771599,-30.0579871637251,-27.744513336210773,21.73186767964888,-50,-31.92620749076569,-16.11093726771599,-30.0579871637251,-27.744513336210773,-23.80460626078194,-42.86821352343391,-22.130453224709786,13.597451601299475,-24.464887725596558,-24.57068649460487,-23.80460626078194,-42.86821352343391,-22.130453224709786,13.597451601299475,-24.464887725596558,-24.57068649460487
22.10177276492204,-41.10617920894735,-41.897764182947064,-23.542113845114713,-43.79600008367702,-37.323021815838736,22.10177276492204,-41.10617920894735,-41.897764182947064,-23.542113845114713,-43.79600008367702,-37.323021815838736,-17.52891236932478,-32.05326463457921,-21.826588130763565,20.48726970805847,-33.39933274824129,-21.13558219839491,-17.52891236932478,-32.05326463457921,-21.826588130763565,20.48726970805847,-33.39933274824129,-21.13558219839491
14.92946881139067,-30.72271538100474,-50,-23.578605323766023,-50,-47.303792598948874,14.92946881139067,-30.72271538100474,-50,-23.578605323766023,-50,-47.303792598948874,-5.751392604709279,-23.949302807250355,-28.709382226367975,19.731867806710202,-44.90220371882095,-24.419474490874798,-5.751392604709279,-23.949302807250355,-28.709382226367975,19.731867806710202,-44.90220371882095,-24.419474490874798
2.6878134885489904,-23.345775025374127,-50,-16.20787261626436,-50,-50,2.6878134885489904,-23.345775025374127,-50,-16.20787261626436,-50,-50,7.455178282907777,-21.346132921587465,-40.38984885073882,11.590916538269363,-50,-33.30523041222675,7.455178282907777,-21.346132921587465,-40.38984885073882,11.590916538269363,-50,-33.30523041222675
-10.40253113343391,-21.50719302419392,-50,-3.9626237707764096,-50,-50,-10.40253113343391,-21.50719302419392,-50,-3.9626237707764096,-50,-50,17.523846510197423,-25.139901357053606,-50,-1.1371187630183646,-50,-44.770043509494634,17.523846510197423,-25.139901357053606,-50,-1.1371187630183646,-50,-44.770043509494634
-19.82829298682104,-25.837987905451076,-46.34287103033003,8.949467222400237,-50,-50,-19.82829298682104,-25.837987905451076,-46.34287103033003,8.949467222400237,-50,-50,20.972773919093967,-34.024595829668506,-50,-14.076955112503084,-50,-50,20.972773919093967,-34.024595829668506,-50,-14.076955112503084,-50,-50
-22.339670105467466,-34.85179038606182,-36.565520087078276,18.09158816631626,-50,-42.584776391971204,-22.339670105467466,-34.85179038606182,-36.565520087078276,18.09158816631626,-50,-42.584776391971204,16.60928966320413,-44.94164270268729,-50,-22.7805025682618,-50,-50,16.60928966320413,-44.94164270268729,-50,-22.7805025682618,-50,-50
-17.07079313845384,-45.45497920288211,-27.319567556759075,20.322352144523563,-36.587648160844076,-32.35279502605243,-17.07079313845384,-45.45497920288211,-27.319567556759075,20.322352144523563,-36.587648160844076,-32.35279502605243,5.942326765377739,-50,-50,-24.25590243506903,-40.25308195165829,-50,5.942326765377739,-50,-50,-24.25590243506903,-40.25308195165829,-50
-5.838258663660883,-50,-21.842784688649633,14.875231037583116,-24.95953098093468,-24.2288329168407,-5.838258663660883,-50,-21.842784688649633,14.875231037583116,-24.95953098093468,-24.2288329168407,-7.339380811768517,-50,-47.87970639794039,-17.995983591852635,-29.322586087682915,-50,-7.339380811768517,-50,-47.87970639794039,-17.995983591852635,-29.322586087682915,-50
7.485194627995526,-50,-22.053045282206064,3.621947510577198,-20.358533605360883,-21.000993191541397,7.485194627995526,-50,-22.053045282206064,3.621947510577198,-20.358533605360883,-21.000993191541397,-18.642896326011027,-50,-35.21941962392993,-6.152603395360966,-22.357043221365714,-40.57864180110497,-18.642896326011027,-50,-35.21941962392993,-6.152603395360966,-22.357043221365714,-40.57864180110497
18.30592376350689,-50,-27.876719746270442,-9.570680456762382,-24.36379770875864,-23.77705428526321,18.30592376350689,-50,-27.876719746270442,-9.570680456762382,-24.36379770875864,-23.77705428526321,-24.0593600603213,-48.63697589719591,-25.097200879706573,7.203056811183666,-21.7425641019761,-29.612998913384704,-24.0593600603213,-48.63697589719591,-25.097200879706573,7.203056811183666,-21.7425641019761,-29.612998913384704
22.8931717635773,-46.98958206655966,-37.274458897177546,-20.169443432575314,-35.600647552953745,-31.604285927644245,22.8931717635773,-46.98958206655966,-37.274458897177546,-20.169443432575314,-35.600647552953745,-31.604285927644245,-21.7157089952242,-37.9113154694958,-21.026426451353426,17.479966953832616,-27.68964420131337,-22.48245729048154,-21.7157089952242,-37.9113154694958,-21.026426451353426,17.479966953832616,-27.68964420131337,-22.48245729048154
19.665353202890127,-36.46805575205328,-46.95533845955005,-24.532427735451535,-50,-41.79642140225824,19.665353202890127,-36.46805575205328,-46.95533845955005,-24.532427735451535,-50,-41.79642140225824,-12.422399243031524,-27.879996522359743,-24.42004370781753,21.145422336411553,-38.161056554566386,-21.612724708046247,-12.422399243031524,-27.879996522359743,-24.42004370781753,21.145422336411553,-38.161056554566386,-21.612724708046247
9.735351185011087,-26.981198392954262,-50,-21.160438387573034,-50,-50,9.735351185011087,-26.981198392954262,-50,-21.160438387573034,-50,-50,0.6068571362836601,-21.996320434699403,-34.10014346790206,16.939416666765673,-49.56972258714837,-27.2996716902925,0.6068571362836601,-21.996320434699403,-34.10014346790206,16.939416666765673,-49.56972258714837,-27.2996716902925
-3.4731810529534735,-21.7849881083365,-50,-11.21214778944849,-50,-50,-3.4731810529534735,-21.7849881083365,-50,-11.21214778944849,-50,-50,12.866423348595664,-22.285754331394273,-46.70680694271707,6.307771283706137,-50,-37.60868061012056,12.866423348595664,-22.285754331394273,-46.70680694271707,6.307771283706137,-50,-37.60868061012056
-15.40622287007331,-22.662812836734403,-50,1.8940436551547921,-50,-50,-15.40622287007331,-22.662812836734403,-50,1.8940436551547921,-50,-50,20.11682854475413,-28.648660021312423,-50,-7.094868296608648,-50,-49.03277480033301,20.11682854475413,-28.648660021312423,-50,-7.094868296608648,-50,-49.03277480033301
-21.94951556105039,-29.31339492635511,-41.20226884445628,13.654627561135003,-50,-47.991163896769685,-21.94951556105039,-29.31339492635511,-41.20226884445628,13.654627561135003,-50,-47.991163896769685,19.850815865802858,-38.894594641587716,-50,-18.661322763539484,-50,-50,19.850815865802858,-38.894594641587716,-50,-18.661322763539484,-50,-50
-20.847071144970805,-39.454192441208356,-31.27003892502612,20.02846898413085,-44.858489073289334,-38.12879734096012,-20.847071144970805,-39.454192441208356,-31.27003892502612,20.02846898413085,-44.858489073289334,-38.12879734096012,12.160374944848627,-49.496374943544254,-50,-24.415604447033502,-46.93270703178716,-50,12.160374944848627,-49.496374943544254,-50,-24.415604447033502,-46.93270703178716,-50
-12.47898898002631,-49.604788888402396,-23.72359252394247,18.825408531530655,-30.911854718728062,-28.392154962135418,-12.47898898002631,-49.604788888402396,-23.72359252394247,18.825408531530655,-30.911854718728062,-28.392154962135418,-0.2950689548590364,-50,-50,-22.37966959228274,-35.38137579740925,-50,-0.2950689548590364,-50,-50,-22.37966959228274,-35.38137579740925,-50
0.2695944010024053,-50,-21.205563497643325,10.458838061599801,-21.949399973583215,-22.1228036829302,0.2695944010024053,-50,-21.205563497643325,10.458838061599801,-21.949399973583215,-22.1228036829302,-13.208308676756314,-50,-41.58950410856285,-13.253374140679057,-25.71950344179514,-47.64155728873185,-13.208308676756314,-50,-41.58950410856285,-13.253374140679057,-25.71950344179514,-47.64155728873185
13.00323892847895,-50,-24.597721675626445,-2.1963477298887137,-21.04719392457764,-21.472353477902406,13.00323892847895,-50,-24.597721675626445,-2.1963477298887137,-21.04719392457764,-21.472353477902406,-22.113827054820277,-50,-29.652284130786484,-0.1738971035257495,-21.25685317052142,-36.13769435528729,-22.113827054820277,-50,-29.652284130786484,-0.1738971035257495,-21.25685317052142,-36.13769435528729
21.331655131350406,-50,-32.712192451607734,-14.79161360538061,-28.514889252380605,-26.664035601253282,21.331655131350406,-50,-32.712192451607734,-14.79161360538061,-28.514889252380605,-26.664035601253282,-23.93201385598585,-43.98479715593486,-22.185459700830457,12.362669862125738,-23.522146863115466,-26.249325074214575,-23.93201385598585,-43.98479715593486,-22.185459700830457,12.362669862125738,-23.522146863115466,-26.249325074214575
22.383382455873594,-42.55372115360137,-42.7074297441595,-22.99901382086486,-41.78944408954097,-35.91609073788733,22.383382455873594,-42.55372115360137,-42.7074297441595,-22.99901382086486,-41.78944408954097,-35.91609073788733,-18.034123347462724,-33.09756457529359,-21.780731763660494,20.046861325641864,-31.73938733832468,-21.340330553293967,-18.034123347462724,-33.09756457529359,-21.780731763660494,20.046861325641864,-31.73938733832468,-21.340330553293967
15.79580771700975,-32.02790851931495,-50,-23.9983472640237,-50,-46.053259880838404,15.79580771700975,-32.02790851931495,-50,-23.9983472640237,-50,-46.053259880838404,-6.459700358924684,-24.561816737063573,-28.57857955339496,20.237223883940786,-43.093683322986166,-23.08068017348808,-6.459700358924684,-24.561816737063573,-28.57857955339496,20.237223883940786,-43.093683322986166,-23.08068017348808
3.840186402801194,-24.06066487266377,-50,-17.446226112406876,-50,-50,3.840186402801194,-24.06066487266377,-50,-17.446226112406876,-50,-50,6.788713094204963,-21.31600170925616,-40.2195008873246,12.868320095773749,-50,-30.878332007373416,6.788713094204963,-21.31600170925616,-40.2195008873246,12.868320095773749,-50,-30.878332007373416
-9.361437851686572,-21.386422702813977,-50,-5.594069679644171,-50,-50,-9.361437851686572,-21.386422702813977,-50,-5.594069679644171,-50,-50,17.12969368426981,-24.477497731989978,-50,0.473222709347608,-50,-42.08063697363574,17.12969368426981,-24.477497731989978,-50,0.473222709347608,-50,-42.08063697363574
-19.257426131120443,-24.92300691853693,-45.60353958869442,7.485521225547863,-50,-50,-19.257426131120443,-24.92300691853693,-45.60353958869442,7.485521225547863,-50,-50,20.98723513144066,-32.957953549336004,-50,-12.687233244305691,-50,-50,20.98723513144066,-32.957953549336004,-50,-12.687233244305691,-50,-50
-22.435852411091748,-33.45662876062697,-35.7348327037683,17.298178611963927,-50,-43.94618588697624,-22.435852411091748,-33.45662876062697,-35.7348327037683,17.298178611963927,-50,-43.94618588697624,17.027364093475907,-43.83795548078304,-50,-22.089119472932996,-50,-50,17.027364093475907,-43.83795548078304,-50,-22.089119472932996,-50,-50
-17.800862994618676,-44.058469449319915,-26.688416459265607,20.47210793451117,-38.50286662875921,-33.69684944838495,-17.800862994618676,-44.058469449319915,-26.688416459265607,20.47210793451117,-38.50286662875921,-33.69684944838495,6.619440427087838,-50,-50,-24.500522184186057,-42.08421786857914,-50,6.619440427087838,-50,-50,-24.500522184186057,-42.08421786857914,-50
-6.950503530744416,-50,-21.63218797875442,15.916693557195828,-26.190298090001022,-25.094259517112757,-6.950503530744416,-50,-21.63218797875442,15.916693557195828,-26.190298090001022,-25.094259517112757,-6.637380055870965,-50,-48.04542763007989,-19.092517745944136,-30.854201893350186,-50,-6.637380055870965,-50,-48.04542763007989,-19.092517745944136,-30.854201893350186,-50
6.37425309499133,-50,-22.33675025314418,5.197252676288561,-20.48242885083683,-21.090781892878155,6.37425309499133,-50,-22.33675025314418,5.197252676288561,-20.48242885083683,-21.090781892878155,-18.158766799439977,-50,-35.38072170961695,-7.724116542721945,-23.064469840045543,-43.28682711940676,-18.158766799439977,-50,-35.38072170961695,-7.724116542721945,-23.064469840045543,-43.28682711940676
17.579314547743913,-50,-28.55537786740988,-8.0028340636644,-23.338298104984705,-23.060390054849478,17.579314547743913,-50,-28.55537786740988,-8.0028340636644,-23.338298104984705,-23.060390054849478,-23.9605182099205,-49.625002138446305,-25.198096595480667,5.696774889259169,-21.38346604143936,-31.940872312423224,-23.9605182099205,-49.625002138446305,-25.198096595480667,5.696774889259169,-21.38346604143936,-31.940872312423224
22.80141424956099,-48.292706976064636,-38.11041593597607,-19.14779427075834,-33.777722255626585,-30.32712434172614,22.80141424956099,-48.292706976064636,-38.11041593597607,-19.14779427075834,-33.777722255626585,-30.32712434172614,-22.03633524273072,-39.044719401563206,-21.031895351191316,16.556703135451293,-26.387033803703808,-23.638109697512625,-22.03633524273072,-39.044719401563206,-21.031895351191316,16.556703135451293,-26.387033803703808,-23.638109697512625
20.240083427483818,-37.91618740465299,-47.655856847111615,-24.40803168459826,-48.21771083573783,-40.397077923632814,20.240083427483818,-37.91618740465299,-47.655856847111615,-24.40803168459826,-48.21771083573783,-40.397077923632814,-13.051618080598159,-28.76860160095236,-24.32818756135224,21.12255007154332,-36.36115498763799,-21.20301978393538,-13.051618080598159,-28.76860160095236,-24.32818756135224,21.12255007154332,-36.36115498763799,-21.20301978393538
10.778414405613765,-28.077324469824404,-50,-21.976040028400075,-50,-49.81429314159768,10.778414405613765,-28.077324469824404,-50,-21.976040028400075,-50,-49.81429314159768,-0.11336462516705903,-22.334222604790092,-33.94284512758688,17.824798333925404,-47.889102680744,-25.463985161695387,-0.11336462516705903,-22.334222604790092,-33.94284512758688,17.824798333925404,-47.889102680744,-25.463985161695387
-2.321410822853252,-22.15290789443116,-50,-12.687492644987634,-50,-50,-2.321410822853252,-22.15290789443116,-50,-12.687492644987634,-50,-50,12.304257978224847,-21.956630102914936,-46.53866395012547,7.797055484462369,-50,-34.971486650464335,12.304257978224847,-21.956630102914936,-46.53866395012547,7.797055484462369,-50,-34.971486650464335
-14.542851478950904,-22.17625282252798,-49.43707312973867,0.26590895544820325,-50,-50,-14.542851478950904,-22.17625282252798,-49.43707312973867,0.26590895544820325,-50,-50,19.907121525435944,-27.765811060576922,-50,-5.513625445867671,-50,-46.49120889134131,19.907121525435944,-27.765811060576922,-50,-5.513625445867671,-50,-46.49120889134131
-21.672215079134745,-28.139347056588356,-40.376894244250465,12.433157554698163,-50,-49.14774774316268,-21.672215079134745,-28.139347056588356,-40.376894244250465,12.433157554698163,-50,-49.14774774316268,20.066085815233066,-37.76194344867301,-50,-17.53167608299485,-50,-50,20.066085815233066,-37.76194344867301,-50,-17.53167608299485,-50,-50
-21.251448873333135,-37.995600918581715,-30.513437044135443,19.63338136236096,-46.87597983293262,-39.54362448878902,-21.251448873333135,-37.995600918581715,-30.513437044135443,19.63338136236096,-46.87597983293262,-39.54362448878902,12.726179532891068,-48.50383893079987,-50,-24.12587183360021,-48.648442914441766,-50,12.726179532891068,-48.50383893079987,-50,-24.12587183360021,-48.648442914441766,-50
-13.42562408912117,-48.36225595690327,-23.300712139580703,19.392462063480103,-32.60267546109641,-29.57966381691039,-13.42562408912117,-48.36225595690327,-23.300712139580703,19.392462063480103,-32.60267546109641,-29.57966381691039,0.42560983685198517,-50,-50,-23.029447106440387,-37.161576294009755,-50,0.42560983685198517,-50,-50,-23.029447106440387,-37.161576294009755,-50
-0.8929184617338661,-50,-21.264489941839592,11.793183591681832,-22.733231850248526,-22.67544715038094,-0.8929184617338661,-50,-21.264489941839592,11.793183591681832,-22.733231850248526,-22.67544715038094,-12.581973041611809,-50,-41.76063637247241,-14.619299697533359,-26.954344505268914,-50,-12.581973041611809,-50,-41.76063637247241,-14.619299697533359,-26.954344505268914,-50
12.025657991547108,-50,-25.117819935793975,-0.5532138263729482,-20.655012312982635,-21.20046708654049,12.025657991547108,-50,-25.117819935793975,-0.5532138263729482,-20.655012312982635,-21.20046708654049,-21.798427204480024,-50,-29.78987719447511,-1.7864315553798027,-21.523328641586396,-38.80870568497552,-21.798427204480024,-50,-29.78987719447511,-1.7864315553798027,-21.523328641586396,-38.80870568497552
20.876055209763244,-50,-33.511333191903915,-13.40429984522302,-27.081297647450814,-25.66092939952677,20.876055209763244,-50,-33.511333191903915,-13.40429984522302,-27.081297647450814,-25.66092939952677,-24.036617962046414,-45.08624639636716,-22.24175563500498,11.057837874593393,-22.728973119212892,-28.203922407747648,-24.036617962046414,-45.08624639636716,-22.24175563500498,11.057837874593393,-22.728973119212892,-28.203922407747648
22.606844700627622,-43.981313203476546,-43.505767821040756,-22.344224605801426,-39.80647586207828,-34.526025752664076,22.606844700627622,-43.981313203476546,-43.505767821040756,-22.344224605801426,-39.80647586207828,-34.526025752664076,-18.522558347136627,-34.16734904396656,-21.73619050451315,19.498269935594358,-30.158273337778205,-21.913587970461244,-18.522558347136627,-34.16734904396656,-21.73619050451315,19.498269935594358,-30.158273337778205,-21.913587970461244
16.621287104725788,-33.38153026203099,-50,-24.30107920981244,-50,-44.753299456360885,16.621287104725788,-33.38153026203099,-50,-24.30107920981244,-50,-44.753299456360885,-7.163060933136061,-25.231661015730886,-28.448661170263257,20.63345228035731,-41.26625420326634,-22.077583740175903,-7.163060933136061,-25.231661015730886,-28.448661170263257,20.63345228035731,-41.26625420326634,-22.077583740175903
4.9830752191173975,-24.87574067384876,-50,-18.602455417620778,-50,-50,4.9830752191173975,-24.87574067384876,-50,-18.602455417620778,-50,-50,6.1136555066605185,-21.35531058074156,-40.04929946263953,14.073164118323142,-50,-28.640120713081636,6.1136555066605185,-21.35531058074156,-40.04929946263953,14.073164118323142,-50,-28.640120713081636
-8.295183332903028,-21.38321092900803,-50,-7.206496457955439,-50,-50,-8.295183332903028,-21.38321092900803,-50,-7.206496457955439,-50,-50,16.716380211269914,-23.872739039573208,-50,2.072515251619739,-50,-39.36871813176087,16.716380211269914,-23.872739039573208,-50,2.072515251619739,-50,-39.36871813176087
-18.63542776213483,-24.102609880530075,-44.845786661933914,5.970954004908271,-50,-50,-18.63542776213483,-24.102609880530075,-44.845786661933914,5.970954004908271,-50,-50,20.978593376621436,-31.91731666845689,-50,-11.243251613523006,-50,-50,20.978593376621436,-31.91731666845689,-50,-11.243251613523006,-50,-50
-22.47256198412094,-32.10061439009569,-34.90989716377182,16.401901785580456,-50,-45.27194725628987,-22.47256198412094,-32.10061439009569,-34.90989716377182,16.401901785580456,-50,-45.27194725628987,17.42638245520375,-42.71968171496405,-50,-21.296819804612745,-50,-50,17.42638245520375,-42.71968171496405,-50,-21.296819804612745,-50,-50
-18.48362383060991,-42.63223455286403,-26.085176338355957,20.50209733350541,-40.462944984308336,-35.07228308186315,-18.48362383060991,-42.63223455286403,-26.085176338355957,20.50209733350541,-40.462944984308336,-35.07228308186315,7.288134682795231,-50,-50,-24.63225878718076,-43.90513474947966,-50,7.288134682795231,-50,-50,-24.63225878718076,-43.90513474947966,-50
-8.043914232789467,-50,-21.461887441714854,16.86264431837419,-27.545617243784957,-26.04732347718718,-8.043914232789467,-50,-21.461887441714854,16.86264431837419,-27.545617243784957,-26.04732347718718,-5.930250535336039,-50,-48.21079942764746,-20.10300594717622,-32.47226896817145,-50,-5.930250535336039,-50,-48.21079942764746,-20.10300594717622,-32.47226896817145,-50
5.247177252857387,-50,-22.659025576578422,6.734120166901235,-20.76781988762522,-21.294389399503736,5.247177252857387,-50,-22.659025576578422,6.734120166901235,-20.76781988762522,-21.294389399503736,-17.65773391161487,-50,-35.542476994871706,-9.265999367735215,-23.925403355981764,-45.94975957464145,-17.65773391161487,-50,-35.542476994871706,-9.265999367735215,-23.925403355981764,-45.94975957464145
16.807165314891975,-50,-29.257373856231723,-6.403143429005609,-22.455809897451704,-22.444664031014543,16.807165314891975,-50,-29.257373856231723,-6.403143429005609,-22.455809897451704,-22.444664031014543,-23.83884373957105,-50,-25.300090841446508,4.153522187326901,-21.192345307281183,-34.437400525704554,-23.83884373957105,-50,-25.300090841446508,4.153522187326901,-21.192345307281183,-34.437400525704554
22.650412238617474,-49.53860000117132,-38.94630584358875,-18.034961169098718,-32.0302399810795,-29.103378876477137,22.650412238617474,-49.53860000117132,-38.94630584358875,-18.034961169098718,-32.0302399810795,-29.103378876477137,-22.336095341753254,-40.181419761492826,-21.03872681698906,15.542576200896345,-25.209328984079463,-25.118950652314584,-22.336095341753254,-40.181419761492826,-21.03872681698906,15.542576200896345,-25.209328984079463,-25.118950652314584
20.76229091624537,-39.3744958242989,-48.332926612789024,-24.164444334950634,-46.205000557960126,-38.985296334555066,20.76229091624537,-39.3744958242989,-48.332926612789024,-24.164444334950634,-46.205000557960126,-38.985296334555066,-13.66915294737032,-29.698842033671514,-24.23748507614093,20.986156699363466,-34.60029969619485,-21.164412670970393,-13.66915294737032,-29.698842033671514,-24.23748507614093,20.986156699363466,-34.60029969619485,-21.164412670970393
11.793785372325335,-29.247543203613837,-50,-22.68539915162447,-50,-48.69899180266287,11.793785372325335,-29.247543203613837,-50,-22.68539915162447,-50,-48.69899180266287,-0.8351250181679386,-22.73776600230146,-33.786091113224145,18.613023969233886,-46.14829408667041,-23.91906356591491,-0.8351250181679386,-22.73776600230146,-33.786091113224145,18.613023969233886,-46.14829408667041,-23.91906356591491
-1.1629546652627227,-22.63340693492098,-50,-14.106050484689131,-50,-50,-1.1629546652627227,-22.63340693492098,-50,-14.106050484689131,-50,-50,11.727863446912835,-21.69455585284225,-46.37026701510989,9.238946273925821,-50,-32.44581069419364,11.727863446912835,-21.69455585284225,-46.37026701510989,9.238946273925821,-50,-32.44581069419364
-13.640721144382407,-21.802120407808932,-48.804145895065744,-1.3744072064066615,-50,-50,-13.640721144382407,-21.802120407808932,-48.804145895065744,-1.3744072064066615,-50,-50,19.67541539062263,-26.92833874161478,-50,-3.9137218230924646,-50,-43.843977234361255,19.67541539062263,-26.92833874161478,-50,-3.9137218230924646,-50,-43.843977234361255
-21.33744589614731,-27.038988928398794,-39.54590079010789,11.13472336393265,-50,-50,-21.33744589614731,-27.038988928398794,-39.54590079010789,11.13472336393265,-50,-50,20.259194191260395,-36.6373745622592,-50,-16.323729118044017,-50,-50,20.259194191260395,-36.6373745622592,-50,-16.323729118044017,-50,-50
-21.59946212733578,-36.54667027153757,-29.775376778679256,19.12299302563519,-48.88413614612985,-40.95159483488589,-21.59946212733578,-36.54667027153757,-29.775376778679256,19.12299302563519,-48.88413614612985,-40.95159483488589,13.277323765709072,-47.47930853929444,-50,-23.725115274416947,-50,-50,13.277323765709072,-47.47930853929444,-50,-23.725115274416947,-50,-50
-14.336432221050346,-47.062039332190345,-22.914040889822015,19.845497619778023,-34.376544626648275,-30.825476941814454,-14.336432221050346,-47.062039332190345,-22.914040889822015,19.845497619778023,-34.376544626648275,-30.825476941814454,1.1441991773065303,-50,-50,-23.573641676725526,-38.973932873585944,-50,1.1441991773065303,-50,-50,-23.573641676725526,-38.973932873585944,-50
-2.0524942232923498,-50,-21.36461323265922,13.053972384492685,-23.66399136815819,-23.331546226183306,-2.0524942232923498,-50,-21.36461323265922,13.053972384492685,-23.66399136815819,-23.331546226183306,-11.944433402277312,-50,-41.93181750462478,-15.921377622304549,-28.309207618621627,-50,-11.944433402277312,-50,-41.93181750462478,-15.921377622304549,-28.309207618621627,-50
11.017111629864413,-50,-25.66967633773556,1.0820999135377471,-20.423209459456285,-21.04168219486759,11.017111629864413,-50,-25.66967633773556,1.0820999135377471,-20.423209459456285,-21.04168219486759,-21.462404342288384,-50,-29.92827778121432,-3.398801415059006,-21.956577472778385,-41.51889111883606,-21.462404342288384,-50,-29.92827778121432,-3.398801415059006,-21.956577472778385,-41.51889111883606
20.36626355654365,-50,-34.321672222004466,-11.956382534921243,-25.7664911608275,-24.741754720321197,20.36626355654365,-50,-34.321672222004466,-11.956382534921243,-25.7664911608275,-24.741754720321197,-24.118311675933324,-46.168451873661866,-22.299337459440764,9.68943086049903,-22.09219429787847,-30.39762805970712,-24.118311675933324,-46.168451873661866,-22.299337459440764,9.68943086049903,-22.09219429787847,-30.39762805970712
22.771573061926563,-45.37968133810543,-44.29082289005766,-21.581232528608776,-37.859930011303895,-33.16191743442697,22.771573061926563,-45.37968133810543,-44.29082289005766,-21.581232528608776,-37.859930011303895,-33.16191743442697,-18.9937181988252,-35.258626806878475,-21.69296717615275,18.844217919772085,-28.66960130363807,-22.844546706991462,-18.9937181988252,-35.258626806878475,-21.69296717615275,18.844217919772085,-28.66960130363807,-22.844546706991462
17.403740649445087,-34.77478711961764,-50,-24.48518930949836,-50,-43.41241264516453,17.403740649445087,-34.77478711961764,-50,-24.48518930949836,-50,-43.41241264516453,-7.860755508746602,-25.956336536983606,-28.31963531063753,20.918586714649617,-39.43564724829757,-21.429096779414202,-7.860755508746602,-25.956336536983606,-28.31963531063753,20.918586714649617,-39.43564724829757,-21.429096779414202
6.1134806273283395,-25.785707478131712,-50,-19.670404359354396,-50,-50,6.1134806273283395,-25.785707478131712,-50,-19.670404359354396,-50,-50,5.430695413859052,-21.463912879499443,-39.87925536330941,15.199469573863311,-50,-26.63279399862999,5.430695413859052,-21.463912879499443,-39.87925536330941,15.199469573863311,-50,-26.63279399862999
-7.206565774051829,-21.497578567319415,-50,-8.791318976940294,-50,-50,-7.206565774051829,-21.497578567319415,-50,-8.791318976940294,-50,-50,16.284328488217916,-23.327881559788665,-50,3.652822383061147,-50,-36.68541536135847,16.284328488217916,-23.327881559788665,-50,3.652822383061147,-50,-36.68541536135847
-17.96393020490469,-23.382126310409703,-44.071468360537814,4.413829650457302,-50,-50,-17.96393020490469,-23.382126310409703,-44.071468360537814,4.413829650457302,-50,-50,20.946857486314183,-30.906567674697946,-50,-9.752175971319417,-50,-48.16720356237195,20.946857486314183,-30.906567674697946,-50,-9.752175971319417,-50,-48.16720356237195
-22.449702486753882,-30.792556307151713,-34.09273414091991,15.407529781050211,-50,-46.553390450450934,-22.449702486753882,-30.792556307151713,-34.09273414091991,15.407529781050211,-50,-46.553390450450934,17.805936960647745,-41.590993546528516,-50,-20.407535346190155,-50,-50,17.805936960647745,-41.590993546528516,-50,-20.407535346190155,-50,-50
-19.117283861007515,-41.18553971754959,-25.51132482648326,20.412160667370507,-42.45519677041846,-36.47010103652506,-19.117283861007515,-41.18553971754959,-25.51132482648326,20.412160667370507,-42.45519677041846,-36.47010103652506,7.94772614209646,-50,-50,-24.650458501861596,-45.70015776442533,-50,7.94772614209646,-50,-50,-24.650458501861596,-45.70015776442533,-50
-9.115621306213045,-50,-21.332300227504387,17.708046745685778,-29.016716242841376,-27.081792067807605,-9.115621306213045,-50,-21.332300227504387,17.708046745685778,-29.016716242841376,-27.081792067807605,-5.218714920538401,-50,-48.37581131009452,-21.022433653225935,-34.162858655387836,-50,-5.218714920538401,-50,-48.37581131009452,-21.022433653225935,-34.162858655387836,-50
4.106924913400569,-50,-23.019081841360247,8.22436715793449,-21.212859544093043,-21.610484184347005,4.106924913400569,-50,-23.019081841360247,8.22436715793449,-21.212859544093043,-21.610484184347005,-17.140309706813625,-50,-35.70467522834799,-10.770600285080578,-24.932432675022433,-48.517234339974664,-17.140309706813625,-50,-35.70467522834799,-10.770600285080578,-24.932432675022433,-48.517234339974664
15.991502434457207,-50,-29.980988178474988,-4.78012586983958,-21.722044923510133,-21.93390286229768,15.991502434457207,-50,-29.980988178474988,-4.78012586983958,-21.722044923510133,-21.93390286229768,-23.69446099782931,-50,-25.403177153650347,2.5809570887140696,-21.170847106395048,-37.05551598065674,-23.69446099782931,-50,-25.403177153650347,2.5809570887140696,-21.170847106395048,-37.05551598065674
22.440562008897817,-50,-39.78008111353772,-16.83686924345897,-30.36951117452854,-27.941052430425703,22.440562008897817,-50,-39.78008111353772,-16.83686924345897,-30.36951117452854,-27.941052430425703,-22.614682944251147,-41.3171756606398,-21.046920415798088,14.44261874968711,-24.166667669632012,-26.89706154824917,-22.614682944251147,-41.3171756606398,-21.046920415798088,14.44261874968711,-24.166667669632012,-26.89706154824917
21.230605227703002,-40.83350744875433,-48.98488927893044,-23.802962631456783,-44.18729869571768,-37.570309228830304,21.230605227703002,-40.83350744875433,-48.98488927893044,-23.802962631456783,-44.18729869571768,-37.570309228830304,-14.274372736682801,-30.6672472083602,-24.147942000514416,20.736919071256036,-32.893648487560405,-21.497631237189093,-14.274372736682801,-30.6672472083602,-24.147942000514416,20.736919071256036,-32.893648487560405,-21.497631237189093
12.778799423088373,-30.48425253987755,-50,-23.284738879125886,-50,-47.516960528502864,12.778799423088373,-30.48425253987755,-50,-23.284738879125886,-50,-47.516960528502864,-1.5576864199235931,-23.20544505666043,-33.62989135920129,19.300182007167134,-44.362282046124974,-22.69403363540317,-1.5576864199235931,-23.20544505666043,-33.62989135920129,19.300182007167134,-44.362282046124974,-22.69403363540317
-0.0008527440958554233,-23.223363779293095,-50,-15.460268406377786,-50,-50,-0.0008527440958554233,-23.223363779293095,-50,-15.460268406377786,-50,-50,11.137828816832522,-21.500509347833578,-46.20162680993903,10.62628827672445,-50,-30.07926984244635,11.137828816832522,-21.500509347833578,-46.20162680993903,10.62628827672445,-50,-30.07926984244635
-12.702199348355434,-21.54284605698919,-48.144957312523175,-3.018171208727074,-50,-50,-12.702199348355434,-21.54284605698919,-48.144957312523175,-3.018171208727074,-50,-50,19.421946938742707,-26.13936757020643,-50,-2.303096941499774,-50,-41.140988645768516,19.421946938742707,-26.13936757020643,-50,-2.303096941499774,-50,-41.140988645768516
-20.94608655477794,-26.01946876301904,-38.711323994676995,9.766238310346786,-50,-50,-20.94608655477794,-26.01946876301904,-38.711323994676995,9.766238310346786,-50,-50,20.429943641493004,-35.52508360996184,-50,-15.04347629907443,-50,-50,20.429943641493004,-35.52508360996184,-50,-15.04347629907443,-50,-50
-21.89019760755988,-35.116813141788036,-29.05766600211173,18.500021461440472,-50,-42.343500709740646,-21.89019760755988,-35.116813141788036,-29.05766600211173,18.500021461440472,-50,-42.343500709740646,13.813244386364591,-46.42660616537229,-50,-23.21532352177779,-50,-50,13.813244386364591,-46.42660616537229,-50,-23.21532352177779,-50,-50
-15.209023120477243,-45.71258556984091,-22.56452592318567,20.182103079364992,-36.22198098303604,-32.12144712297991,-15.209023120477243,-45.71258556984091,-22.56452592318567,20.182103079364992,-36.22198098303604,-32.12144712297991,1.8599646844544604,-50,-50,-24.009552740476973,-40.80284439505139,-50,1.8599646844544604,-50,-50,-24.009552740476973,-40.80284439505139,-50
-3.206089781558457,-50,-21.50568811880216,14.234491555897936,-24.73565425760146,-24.086810235129622,-3.206089781558457,-50,-21.50568811880216,14.234491555897936,-24.73565425760146,-24.086810235129622,-11.296341309841912,-50,-42.10303665630455,-17.15314636021572,-29.772429839349353,-50,-11.296341309841912,-50,-42.10303665630455,-17.15314636021572,-29.772429839349353,-50
9.980246595516963,-50,-26.251939113057958,2.7008865028191105,-20.353285690218403,-20.99703720458734,9.980246595516963,-50,-26.251939113057958,2.7008865028191105,-20.353285690218403,-20.99703720458734,-21.106101876009063,-50,-30.067477119773137,-5.003005305708397,-22.552870168358446,-44.21715495966031,-21.106101876009063,-50,-30.067477119773137,-5.003005305708397,-22.552870168358446,-44.21715495966031
19.80361802999347,-50,-35.141224622127154,-10.455570896825211,-24.57897977681965,-23.912522667985073,19.80361802999347,-50,-35.141224622127154,-10.455570896825211,-24.57897977681965,-23.912522667985073,-24.17701150851906,-47.22737601284937,-22.358201524852298,8.264239532373583,-21.617291923192195,-32.78908363507787,-24.17701150851906,-47.22737601284937,-22.358201524852298,8.264239532373583,-21.617291923192195,-32.78908363507787
22.877135239233333,-46.739741383401395,-45.060671964314594,-20.71410002816538,-35.962405406188545,-31.83268660924864,22.877135239233333,-46.739741383401395,-45.060671964314594,-20.71410002816538,-35.962405406188545,-31.83268660924864,-19.44712138781852,-36.36732644148667,-21.651064517887022,18.0879510078241,-27.286186033333077,-24.115655201609005,-19.44712138781852,-36.36732644148667,-21.651064517887022,18.0879510078241,-27.286186033333077,-24.115655201609005
18.14111493981202,-36.19862812221637,-50,-24.549697295986466,-50,-42.03936841219578,18.14111493981202,-36.19862812221637,-50,-24.549697295986466,-50,-42.03936841219578,-8.552071057683165,-26.733139625959186,-28.191510151615386,21.091212208704412,-37.61762070218041,-21.147445352553582,-8.552071057683165,-26.733139625959186,-28.191510151615386,21.091212208704412,-37.61762070218041,-21.147445352553582
7.228436077768091,-26.784653897334056,-50,-20.644386800842977,-50,-50,7.228436077768091,-26.784653897334056,-50,-20.644386800842977,-50,-50,4.7405307855656025,-21.641403423767105,-39.70937936599429,16.24164717756031,-49.07246799787932,-24.894196417642405,4.7405307855656025,-21.641403423767105,-39.70937936599429,16.24164717756031,-49.07246799787932,-24.894196417642405
-6.098442059956844,-21.728782654925567,-50,-10.340099082636105,-50,-50,-6.098442059956844,-21.728782654925567,-50,-10.340099082636105,-50,-50,15.833980062200975,-22.84495808859455,-50,5.206301837935291,-50,-34.08131753511708,15.833980062200975,-22.84495808859455,-50,5.206301837935291,-50,-34.08131753511708
-17.244695686361705,-22.766236662494794,-43.2824813717673,2.8224388413621364,-50,-50,-17.244695686361705,-22.766236662494794,-43.2824813717673,2.8224388413621364,-50,-50,20.89205989388087,-29.92947754771361,-50,-8.22140577264069,-50,-45.58348214369037,20.89205989388087,-29.92947754771361,-50,-8.22140577264069,-50,-45.58348214369037
-22.367333909710524,-29.540952007585176,-33.285345270317286,14.320356985580506,-50,-47.782135246493084,-22.367333909710524,-29.540952007585176,-33.285345270317286,14.320356985580506,-50,-47.782135246493084,18.165639713689544,-40.45610197162132,-50,-19.425679167061304,-50,-50,18.165639713689544,-40.45610197162132,-50,-19.425679167061304,-50,-50
-19.700180156795565,-39.7277830606597,-24.968267568910477,20.202776790632214,-44.46672728995211,-37.88116203620658,-19.700180156795565,-39.7277830606597,-24.968267568910477,20.202776790632214,-44.46672728995211,-37.88116203620658,8.597540717441287,-50,-50,-24.5550310122411,-47.45383498324682,-50,8.597540717441287,-50,-50,-24.5550310122411,-47.45383498324682,-50
-10.162812244779559,-49.83051418823516,-21.243743759097182,18.448399618487088,-30.594073511541993,-28.190900199830324,-10.162812244779559,-49.83051418823516,-21.243743759097182,18.448399618487088,-30.594073511541993,-28.190900199830324,-4.503500384780141,-50,-48.54045281968589,-21.846238208990908,-35.911418008561135,-50,-4.503500384780141,-50,-48.54045281968589,-21.846238208990908,-35.911418008561135,-50
2.9564884678215195,-50,-23.41603709218847,9.66005904889114,-21.81466733514081,-22.03699909001265,2.9564884678215195,-50,-23.41603709218847,9.66005904889114,-21.81466733514081,-22.03699909001265,-16.60702298086847,-50,-35.86730613062281,-12.230452720709984,-26.076889080061008,-50,-16.60702298086847,-50,-35.86730613062281,-12.230452720709984,-26.076889080061008,-50
15.134466469840918,-50,-30.724448345922298,-3.1424229039882015,-21.14175242076892,-21.531446761121806,15.134466469840918,-50,-30.724448345922298,-3.1424229039882015,-21.14175242076892,-21.531446761121806,-23.527517540591134,-50,-25.507348998930226,0.9868834393566996,-21.31915649975014,-39.745858794789655,-23.527517540591134,-50,-25.507348998930226,0.9868834393566996,-21.31915649975014,-39.745858794789655
22.172414275326368,-50,-40.60969941913621,-15.559897557743454,-28.806284776010905,-26.847746241630603,22.172414275326368,-50,-40.60969941913621,-15.559897557743454,-28.806284776010905,-26.847746241630603,-22.871813339996805,-42.447749734028946,-21.056475628343513,13.262289314826344,-23.26802530506995,-28.938919285841617,-22.871813339996805,-42.447749734028946,-21.056475628343513,13.262289314826344,-23.26802530506995,-28.938919285841617
21.643797353525628,-42.2837441475768,-49.610147867548555,-23.325511230178254,-42.17766466981413,-36.16137016330329,21.643797353525628,-42.2837441475768,-49.610147867548555,-23.325511230178254,-42.17766466981413,-36.16137016330329,-14.866658927602108,-31.670204124922883,-24.05956400932325,20.37607402762534,-31.255892569078323,-22.19639324272849,-14.866658927602108,-31.670204124922883,-24.05956400932325,20.37607402762534,-31.255892569078323,-22.19639324272849
13.730871562217258,-31.779418483398576,-50,-23.770868114845563,-50,-46.27592942036273,13.730871562217258,-31.779418483398576,-50,-23.770868114845563,-50,-46.27592942036273,-2.2803103890270893,-23.73551491508125,-33.47425576478358,19.88286242961638,-42.54644092094167,-21.811991117640453,-2.2803103890270893,-23.73551491508125,-33.47425576478358,19.88286242961638,-42.54644092094167,-21.811991117640453
1.1618452090735965,-23.918945909812017,-50,-16.74293607628944,-50,-50,1.1618452090735965,-23.918945909812017,-50,-16.74293607628944,-50,-50,10.534757090028183,-21.37521455143162,-46.032754022295386,11.952196815546422,-50,-27.916480988671353,10.534757090028183,-21.37521455143162,-46.032754022295386,11.952196815546422,-50,-27.916480988671353
-11.729749075830071,-21.400114085722223,-47.46112205992912,-4.656631072311837,-50,-50,-11.729749075830071,-21.400114085722223,-47.46112205992912,-4.656631072311837,-50,-50,19.146975208820077,-25.401841100343745,-50,-0.6897435185000733,-50,-38.43320313913103,19.146975208820077,-25.401841100343745,-50,-0.6897435185000733,-50,-38.43320313913103
-20.49916410860844,-25.087409636617508,-37.87520814797653,8.334988690944941,-50,-50,-20.49916410860844,-25.087409636617508,-37.87520814797653,8.334988690944941,-50,-50,20.578159663855427,-34.42922041193772,-50,-13.697270873892458,-50,-49.78451984613569,20.578159663855427,-34.42922041193772,-50,-13.697270873892458,-50,-49.78451984613569
-22.12289233000388,-33.71531826436729,-28.36206274195644,17.767783590067587,-50,-43.71023950027306,-22.12289233000388,-33.71531826436729,-28.36206274195644,17.767783590067587,-50,-43.71023950027306,14.333393696106818,-45.349659311568374,-50,-22.599026414543182,-50,-50,14.333393696106818,-45.349659311568374,-50,-22.599026414543182,-50,-50
-16.04110682645299,-44.32266108307007,-22.253023374136006,20.400486236074332,-38.127040084749375,-33.45909913565593,-16.04110682645299,-44.32266108307007,-22.253023374136006,20.400486236074332,-38.127040084749375,-33.45909913565593,2.572174862139395,-50,-50,-24.33501709135986,-42.63256720894853,-50,2.572174862139395,-50,-50,-24.33501709135986,-42.63256720894853,-50
-4.350677728406631,-50,-21.687369038322256,15.328455605530927,-25.94128426258441,-24.93629999550486,-4.350677728406631,-50,-21.687369038322256,15.328455605530927,-25.94128426258441,-24.93629999550486,-10.638359099763049,-50,-42.274282976383176,-18.308493265454963,-31.33141544729216,-50,-10.638359099763049,-50,-42.274282976383176,-18.308493265454963,-31.33141544729216,-50
8.91778395795375,-50,-26.863182013168576,4.294526950821166,-20.445693581511488,-21.066824079459483,8.91778395795375,-50,-26.863182013168576,4.294526950821166,-20.445693581511488,-21.066824079459483,-20.72988393870239,-50,-30.207466388303096,-6.591082374050922,-23.307073717208695,-46.8526262705726,-20.72988393870239,-50,-30.207466388303096,-6.591082374050922,-23.307073717208695,-46.8526262705726
19.18959519408355,-50,-35.96798290440435,-8.909855781342124,-23.526449571931664,-23.17865615125214,19.18959519408355,-50,-35.96798290440435,-8.909855781342124,-23.526449571931664,-23.17865615125214,-24.212657469902606,-48.25906809876091,-22.418344100689975,6.7893363946033425,-21.308354053228975,-35.33320251785113,-24.212657469902606,-48.25906809876091,-22.418344100689975,6.7893363946033425,-21.308354053228975,-35.33320251785113
22.923254203227472,-48.05265802489347,-45.81342930389275,-19.747444023689066,-34.12618362944403,-30.5470260157066,22.923254203227472,-48.05265802489347,-45.81342930389275,-19.747444023689066,-34.12618362944403,-30.5470260157066,-19.882304546314238,-37.48931152639401,-21.610485185324137,17.233222170279397,-26.01993625225223,-25.702948977958307,-19.882304546314238,-37.48931152639401,-21.610485185324137,17.233222170279397,-26.01993625225223,-25.702948977958307
18.831474867025022,-37.64380361716796,-50,-24.494259706008613,-48.60688416135823,-40.64314602151205,18.831474867025022,-37.64380361716796,-50,-24.494259706008613,-48.60688416135823,-40.64314602151205,-9.236301071093553,-27.559172126280632,-28.064293813214725,21.150472109425234,-35.827824514248505,-21.23793949330535,-9.236301071093553,-27.559172126280632,-28.064293813214725,21.150472109425234,-35.827824514248505,-21.23793949330535
8.325015566460555,-27.866090507855155,-50,-21.51921691610303,-50,-50,8.325015566460555,-27.866090507855155,-50,-21.51921691610303,-50,-50,4.043866954417497,-21.887120018246303,-39.53968223669578,17.19452512860005,-47.372236542456264,-23.457106116754847,4.043866954417497,-21.887120018246303,-39.53968223669578,17.19452512860005,-47.372236542456264,-23.457106116754847
-4.973720265906793,-22.075321228124054,-50,-11.84459052360223,-50,-50,-4.973720265906793,-22.075321228124054,-50,-11.84459052360223,-50,-50,15.365795179122781,-22.425770353814325,-50,6.725244482711664,-50,-31.605520258210298,15.365795179122781,-22.425770353814325,-50,6.725244482711664,-50,-31.605520258210298
-16.47961171067492,-22.258941920960826,-42.480758313727954,1.205254703474521,-50,-50,-16.47961171067492,-22.258941920960826,-42.480758313727954,1.205254703474521,-50,-50,20.81425660122134,-28.98969169008362,-50,-6.658537456454275,-50,-42.9112085407119,20.81425660122134,-28.98969169008362,-50,-6.658537456454275,-50,-42.9112085407119
-22.225672414797003,-28.353932248285677,-32.48970824535116,13.146171890512425,-50,-48.950146051885554,-22.225672414797003,-28.353932248285677,-32.48970824535116,13.146171890512425,-50,-48.950146051885554,18.505123106252668,-39.3192411305338,-50,-18.35612372329425,-50,-50,18.505123106252668,-39.3192411305338,-50,-18.35612372329425,-50,-50
-20.23078300943041,-38.26843456003133,-24.457334780588212,19.87506053688704,-46.48451706564595,-39.2962381995234,-20.23078300943041,-38.26843456003133,-24.457334780588212,19.87506053688704,-46.48451706564595,-39.2962381995234,9.236914313033703,-49.85845085934471,-50,-24.346449876729213,-49.15107038895762,-50,9.236914313033703,-49.85845085934471,-50,-24.346449876729213,-49.15107038895762,-50
-11.182738880522871,-48.59969899218842,-21.19643495494275,19.07976103700657,-32.267479725744515,-29.367394665713626,-11.182738880522871,-48.59969899218842,-21.19643495494275,19.07976103700657,-32.267479725744515,-29.367394665713626,-3.7853378611373403,-50,-48.70471352215548,-22.570331488744362,-37.70289506635314,-50,-3.7853378611373403,-50,-48.70471352215548,-22.570331488744362,-37.70289506635314,-50
1.798887033711603,-50,-23.848918989955074,11.033551709864854,-22.569348105921826,-22.571144847320227,1.798887033711603,-50,-23.848918989955074,11.033551709864854,-22.569348105921826,-22.571144847320227,-16.058418740749396,-50,-36.03035939485714,-13.63831216467426,-27.34892085315,-50,-16.058418740749396,-50,-36.03035939485714,-13.63831216467426,-27.34892085315,-50
14.238306560808415,-50,-31.48593325809735,-1.4987542395571478,-20.71868828801865,-21.23992765988736,14.238306560808415,-50,-31.48593325809735,-1.4987542395571478,-20.71868828801865,-21.23992765988736,-23.33818398029325,-50,-25.612599775325588,-0.6207881787367044,-21.635996809348182,-42.45770736799546,-23.33818398029325,-50,-25.612599775325588,-0.6207881787367044,-21.635996809348182,-42.45770736799546
21.846672744346556,-50,-41.433128616149695,-14.210845159514937,-27.350678648693645,-25.830610178048808,21.846672744346556,-50,-41.433128616149695,-14.210845159514937,-27.350678648693645,-25.830610178048808,-23.10722374754254,-43.568923949433795,-21.06739184905754,12.007445274855348,-22.521137590130156,-31.206028290805353,-23.10722374754254,-43.568923949433795,-21.06739184905754,12.007445274855348,-22.521137590130156,-31.206028290805353
22.000782943838484,-43.7157847945888,-50,-22.73463225074259,-40.18910568260444,-34.76769314259703,22.000782943838484,-43.7157847945888,-50,-22.73463225074259,-40.18910568260444,-34.76769314259703,-15.445406217039716,-32.703970874985544,-23.972356703581905,19.90541226008074,-29.701130083154624,-23.247524780227433,-15.445406217039716,-32.703970874985544,-23.972356703581905,19.90541226008074,-29.701130083154624,-23.247524780227433
14.647503244264707,-33.1246272891788,-50,-24.141198535304998,-50,-44.984014419271276,14.647503244264707,-33.1246272891788,-50,-24.141198535304998,-50,-44.984014419271276,-3.00225842012908,-24.32599795239253,-33.319194193477855,20.35817368808373,-40.71640184789774,-21.28956534611879,-3.00225842012908,-24.32599795239253,-33.319194193477855,20.35817368808373,-40.71640184789774,-21.28956534611879
2.3220878984897064,-24.715634638582557,-50,-17.947224119432676,-50,-50,2.3220878984897064,-24.715634638582557,-50,-17.947224119432676,-50,-50,9.91926459216203,-21.319138923045777,-45.863659354605126,13.210092076318368,-50,-25.9982196469795,9.91926459216203,-21.319138923045777,-45.863659354605126,13.210092076318368,-50,-25.9982196469795
-10.725922351073526,-21.37485171913752,-46.75431518694983,-6.281063059061005,-50,-50,-10.725922351073526,-21.37485171913752,-46.75431518694983,-6.281063059061005,-50,-50,18.850781215742355,-24.718510952191103,-50,0.9183321881239341,-50,-35.771671165296866,18.850781215742355,-24.718510952191103,-50,0.9183321881239341,-50,-35.771671165296866
-19.997851426790962,-24.248866455016696,-37.03960130992058,6.848594983416451,-50,-50,-19.997851426790962,-24.248866455016696,-37.03960130992058,6.848594983416451,-50,-50,20.703690784925723,-33.353873498424605,-50,-12.291793379761101,-50,-47.285132164504994,20.703690784925723,-33.353873498424605,-50,-12.291793379761101,-50,-47.285132164504994
-22.296935628400508,-32.35129012551801,-27.690270873529478,16.93017810415997,-50,-45.04287317797464,-22.296935628400508,-32.35129012551801,-27.690270873529478,16.93017810415997,-50,-45.04287317797464,14.837240114107924,-44.25248593357357,-50,-21.879282323830523,-50,-50,14.837240114107924,-44.25248593357357,-50,-21.879282323830523,-50,-50
-16.83049968201518,-42.90129519376551,-21.980296265986556,20.499484340969115,-40.07939158262418,-34.82968516942947,-16.83049968201518,-42.90129519376551,-21.980296265986556,20.499484340969115,-40.07939158262418,-34.82968516942947,3.2801018476712374,-50,-50,-24.548419614263423,-44.447350682046384,-50,3.2801018476712374,-50,-50,-24.548419614263423,-44.447350682046384,-50
-5.483254294599142,-50,-21.909210965079104,16.330039883018763,-27.273078035215743,-25.8744601197335,-5.483254294599142,-50,-21.909210965079104,16.330039883018763,-27.273078035215743,-25.8744601197335,-9.97115921497466,-50,-42.445545612010264,-19.381684935151316,-32.972744371203966,-50,-9.97115921497466,-50,-42.445545612010264,-19.381684935151316,-32.972744371203966,-50
7.832511963019698,-50,-27.501907802862,5.85453615382139,-20.69983503033488,-21.250586435951597,7.832511963019698,-50,-27.501907802862,5.85453615382139,-20.69983503033488,-21.250586435951597,-20.334135016589553,-50,-30.34823671489043,-8.155151796083292,-24.21269577885591,-49.37561795547136,-20.334135016589553,-50,-30.34823671489043,-8.155151796083292,-24.21269577885591,-49.37561795547136
18.525806443474174,-50,-36.79992193021148,-7.327467120823984,-22.615712967321688,-22.54495441917675,18.525806443474174,-50,-36.79992193021148,-7.327467120823984,-22.615712967321688,-22.54495441917675,-24.22521313071781,-49.259679015652,-22.479761375377702,5.272040646166821,-21.168040089207395,-37.98201989853281,-24.22521313071781,-49.259679015652,-22.479761375377702,5.272040646166821,-21.168040089207395,-37.98201989853281
22.909808922820428,-49.30990220429249,-46.54725103495775,-18.686411332626946,-32.36314948591949,-29.313343457191607,22.909808922820428,-49.30990220429249,-46.54725103495775,-18.686411332626946,-32.36314948591949,-29.313343457191607,-20.298822926969017,-38.620396073829184,-21.57123175020653,16.284272994449438,-24.881752100968264,-27.576502451919538,-20.298822926969017,-38.620396073829184,-21.57123175020653,16.284272994449438,-24.881752100968264,-27.576502451919538
19.47300870318914,-39.100925357231404,-50,-24.31917170884335,-46.59665621243291,-39.232876314806425,19.47300870318914,-39.100925357231404,-50,-24.31917170884335,-46.59665621243291,-39.232876314806425,-9.912746281382601,-28.431352212715616,-27.937994357856294,21.09607233986992,-34.08166562106088,-21.698873096562366,-9.912746281382601,-28.431352212715616,-27.937994357856294,21.09607233986992,-34.08166562106088,-21.698873096562366
9.40034131390095,-29.022992007711025,-50,-22.29023680110311,-50,-48.89921897261795,9.40034131390095,-29.022992007711025,-50,-22.29023680110311,-50,-48.89921897261795,3.3414158950903587,-22.200145924673077,-39.37017473008327,18.053374775217254,-45.61626569021386,-22.34861686229034,3.3414158950903587,-22.200145924673077,-39.37017473008327,18.053374775217254,-45.61626569021386,-22.34861686229034
-3.8353520259244487,-22.53494307949137,-50,-13.296782856865695,-50,-50,-3.8353520259244487,-22.53494307949137,-50,-13.296782856865695,-50,-50,14.880252313342634,-22.071882293110953,-50,8.202112572592421,-50,-29.304700258521,14.880252313342634,-22.071882293110953,-50,8.202112572592421,-50,-29.304700258521
-15.670686105828873,-21.86353760837529,-41.668263001438774,-0.42911230457567306,-50,-50,-15.670686105828873,-21.86353760837529,-41.668263001438774,-0.42911230457567306,-50,-50,20.713527121540643,-28.09071632676378,-50,-5.071326748468731,-50,-40.20076369089811,20.713527121540643,-28.09071632676378,-50,-5.071326748468731,-50,-40.20076369089811
-22.025089767627115,-27.23920822766163,-31.70777197334511,11.891226271353721,-50,-50,-22.025089767627115,-27.23920822766163,-31.70777197334511,11.891226271353721,-50,-50,18.824040193989656,-38.18465251064619,-50,-17.2041766780888,-50,-50,18.824040193989656,-38.18465251064619,-50,-17.2041766780888,-50,-50
-20.707699945288187,-36.81697453454485,-23.979777987805186,19.430756783034827,-48.49550610768041,-40.70607538722297,-20.707699945288187,-36.81697453454485,-23.979777987805186,19.430756783034827,-48.49550610768041,-40.70607538722297,9.86519350352281,-48.87883335830272,-50,-24.0257501781013,-50,-50,9.86519350352281,-48.87883335830272,-50,-24.0257501781013,-50,-50
-12.172724595835504,-47.30965760935046,-21.190489697625726,19.598769410410174,-34.02610389186144,-30.60358157314321,-12.172724595835504,-47.30965760935046,-21.190489697625726,19.598769410410174,-34.02610389186144,-30.60358157314321,-3.0649612954630117,-50,-48.868583007371114,-23.19112018343597,-39.52186842292867,-50,-3.0649612954630117,-50,-48.868583007371114,-23.19112018343597,-39.52186842292867,-50
0.6371585319098697,-50,-24.316667193481443,12.337532181580377,-23.472017242933656,-23.20942831622017,0.6371585319098697,-50,-24.316667193481443,12.337532181580377,-23.472017242933656,-23.20942831622017,-15.49505764757938,-50,-36.193824687441044,-14.98719212196903,-28.73757808113103,-50,-15.49505764757938,-50,-36.193824687441044,-14.98719212196903,-28.73757808113103,-50
13.305374521018274,-50,-32.263577663037815,0.14212865186109624,-20.455590775464223,-21.061251998987817,13.305374521018274,-50,-32.263577663037815,0.14212865186109624,-20.455590775464223,-21.061251998987817,-23.12665381155121,-50,-25.718922812497894,-2.234079703711363,-22.118640608132267,-45.139934647549055,-23.12665381155121,-50,-25.718922812497894,-2.234079703711363,-22.118640608132267,-45.139934647549055
21.464192267167416,-50,-42.24835172052465,-12.796894879471216,-26.012114091779004,-24.89629597971809,21.464192267167416,-50,-42.24835172052465,-12.796894879471216,-26.012114091779004,-24.89629597971809,-23.32067358277725,-44.67651534433704,-21.079668386117373,10.684313786649815,-21.932433889071188,-33.655646279231775,-23.32067358277725,-44.67651534433704,-21.079668386117373,10.684313786649815,-21.932433889071188,-33.655646279231775
22.300625152908175,-45.12032647004399,-50,-22.033471741203776,-38.23449252986795,-33.39839236251128,22.300625152908175,-45.12032647004399,-50,-22.033471741203776,-38.23449252986795,-33.39839236251128,-16.010023138358143,-33.76469060248808,-23.886325610111857,19.327269425140834,-28.242744747525723,-24.63120864526488,-16.010023138358143,-33.76469060248808,-23.886325610111857,19.327269425140834,-28.242744747525723,-24.63120864526488
15.526288931013719,-34.51114012037839,-50,-24.393758370752405,-50,-43.64966423041477,15.526288931013719,-34.51114012037839,-50,-24.393758370752405,-50,-43.64966423041477,-3.7227926986735635,-24.97469114931644,-33.16471647241521,20.723757052977636,-38.88791818264847,-21.136605724018303,-3.7227926986735635,-24.97469114931644,-33.16471647241521,20.723757052977636,-38.88791818264847,-21.136605724018303
3.4768304718033254,-25.60825446215481,-50,-19.066720481585843,-50,-50,3.4768304718033254,-25.60825446215481,-50,-19.066720481585843,-50,-50,9.29198034264331,-21.33249167391955,-45.69435352335621,14.393731760500543,-50,-24.36065120275504,9.29198034264331,-21.33249167391955,-45.69435352335621,14.393731760500543,-50,-24.36065120275504
-9.693353540315952,-21.467223068337134,-46.026268012072606,-7.882818120241496,-50,-50,-9.693353540315952,-21.467223068337134,-46.026268012072606,-7.882818120241496,-50,-50,18.533667663070016,-24.091926546128736,-50,2.5131501112328776,-50,-33.206571147538334,18.533667663070016,-24.091926546128736,-50,2.5131501112328776,-50,-33.206571147538334
-19.443464116062017,-23.509286619405074,-36.20655029361012,5.314971272018425,-50,-50,-19.443464116062017,-23.509286619405074,-36.20655029361012,5.314971272018425,-50,-50,20.806408714737902,-32.30305485593673,-50,-10.834018491271495,-50,-44.6651107320849,20.806408714737902,-32.30305485593673,-50,-10.834018491271495,-50,-44.6651107320849
-22.411870756802728,-31.03358981751304,-27.043935946311887,15.99166471069583,-50,-46.3326867507158,-22.411870756802728,-31.03358981751304,-27.043935946311887,15.99166471069583,-50,-46.3326867507158,15.324268720726643,-43.13917944974523,-50,-21.059662975862885,-50,-50,15.324268720726643,-43.13917944974523,-50,-21.059662975862885,-50,-50
-17.575130064810498,-41.45772147558739,-21.747012641879767,20.478570293228582,-42.066399031083414,-36.22424203606873,-17.575130064810498,-41.45772147558739,-21.747012641879767,20.478570293228582,-42.066399031083414,-36.22424203606873,3.9830221556853784,-50,-50,-24.648701300302697,-46.23157278205608,-50,3.9830221556853784,-50,-50,-24.648701300302697,-46.23157278205608,-50
-6.6008472326487855,-50,-22.170670498825395,17.233911600471142,-28.722415642278502,-26.89515534481285,-6.6008472326487855,-50,-22.170670498825395,17.233911600471142,-28.722415642278502,-26.89515534481285,-9.295423518665718,-50,-42.6168137093051,-20.36739566135045,-34.68228771150743,-50,-9.295423518665718,-50,-42.6168137093051,-20.36739566135045,-34.68228771150743,-50
6.727278715696106,-50,-28.166551927787157,7.372608072705205,-21.11406512562087,-21.54712252783939,6.727278715696106,-50,-28.166551927787157,7.372608072705205,-21.11406512562087,-21.54712252783939,-19.91925955611638,-50,-30.489779178121278,-9.687451885615502,-25.261940570884004,-50,-19.91925955611638,-50,-30.489779178121278,-9.687451885615502,-25.261940570884004,-50
17.81399377469337,-50,-37.63500387072611,-5.716830110508949,-21.8526646359273,-22.01556167560122,17.81399377469337,-50,-37.63500387072611,-5.716830110508949,-21.8526646359273,-22.01556167560122,-24.214665659363348,-50,-22.54244945655582,3.7198818591438236,-21.19755788281281,-40.68559706475592,-24.214665659363348,-50,-22.54244945655582,3.7198818591438236,-21.19755788281281,-40.68559706475592
22.836834682779777,-50,-47.26033966631577,-17.536651267186045,-30.684714079112126,-28.139706817599865,22.836834682779777,-50,-47.26033966631577,-17.536651267186045,-30.684714079112126,-28.139706817599865,-20.69625085742023,-39.75636014705327,-21.533306700246957,15.245812635570992,-23.88143130456829,-29.700993124986386,-20.69625085742023,-39.75636014705327,-21.533306700246957,15.245812635570992,-23.88143130456829,-29.700993124986386
20.064032855873606,-40.560527489159576,-50,-24.025365534730046,-44.5789017178072,-37.817781998663754,20.064032855873606,-40.560527489159576,-50,-24.025365534730046,-44.5789017178072,-37.817781998663754,-10.580715376847818,-29.346425889087747,-27.812619789850075,20.92828285860576,-32.39417532029863,-22.52155608394995,-10.580715376847818,-29.346425889087747,-27.812619789850075,20.92828285860576,-32.39417532029863,-22.52155608394995
10.45159131728067,-30.247842854775655,-50,-22.953341274084828,-50,-47.72832026524115,10.45159131728067,-30.247842854775655,-50,-22.953341274084828,-50,-47.72832026524115,2.633895496676092,-22.57931328205362,-39.200867588808656,18.813934080607602,-43.8196712022105,-21.58962723580049,2.633895496676092,-22.57931328205362,-39.200867588808656,18.813934080607602,-43.8196712022105,-21.58962723580049
-2.686324786723612,-23.10466238232821,-49.78462335338019,-14.688944098346655,-50,-50,-2.686324786723612,-23.10466238232821,-49.78462335338019,-14.688944098346655,-50,-50,14.377847678685495,-21.784614219127914,-50,9.629577157534765,-50,-27.22223538041643,14.377847678685495,-21.784614219127914,-50,9.629577157534765,-50,-27.22223538041643
-14.820041754433104,-21.582592377097914,-40.84698563648013,-2.071960236494666,-50,-50,-14.820041754433104,-21.582592377097914,-40.84698563648013,-2.071960236494666,-50,-50,20.589974398088323,-27.235905423799714,-50,-3.4676501733812475,-50,-37.5032481822812,20.589974398088323,-27.235905423799714,-50,-3.4676501733812475,-50,-37.5032481822812
-21.766112361988984,-26.204021491632133,-30.941451801723357,10.562201901124617,-50,-50,-21.766112361988984,-26.204021491632133,-30.941451801723357,10.562201901124617,-50,-50,19.12206505085133,-37.05656912195894,-50,-15.975554562531256,-50,-48.93521285112781,19.12206505085133,-37.05656912195894,-50,-15.975554562531256,-50,-48.93521285112781
-21.12967937996698,-35.382832057435536,-23.53676696258264,18.872231158940284,-50,-42.1014537212545,-21.12967937996698,-35.382832057435536,-23.53676696258264,18.872231158940284,-50,-42.1014537212545,10.481736201788761,-47.86582242060794,-50,-23.594523386906356,-50,-50,10.481736201788761,-47.86582242060794,-50,-23.594523386906356,-50,-50
-13.130171347774898,-45.96877049420012,-21.22592255001236,20.002661355094872,-35.85856344963667,-31.891376660593025,-13.130171347774898,-45.96877049420012,-21.22592255001236,20.002661355094872,-35.85856344963667,-31.891376660593025,-2.3431068963110393,-50,-49.03205088999778,-23.705523632470843,-41.35267997861342,-50,-2.3431068963110393,-50,-49.03205088999778,-23.705523632470843,-41.35267997861342,-50
-0.5256482859793447,-50,-24.81813595681706,13.565057612173955,-24.516832289304222,-23.947675329797,-0.5256482859793447,-50,-24.81813595681706,13.565057612173955,-24.516832289304222,-23.947675329797,-14.917515443651373,-50,-36.357691648651944,-16.270398782982078,-30.23090691475691,-50,-14.917515443651373,-50,-36.357691648651944,-16.270398782982078,-30.23090691475691,-50
12.338118666101009,-50,-33.05547672621783,1.771489131115774,-20.35416276161008,-20.99658825930772,12.338118666101009,-50,-33.05547672621783,1.771489131115774,-20.35416276161008,-20.99658825930772,-22.89314321341228,-50,-25.82631137215563,-3.8449851849531878,-22.76293319824427,-47.74197203725266,-22.89314321341228,-50,-25.82631137215563,-3.8449851849531878,-22.76293319824427,-47.74197203725266
21.025976596357324,-50,-43.05337184897308,-11.32557508751521,-24.79925486186678,-24.050913758531543,21.025976596357324,-50,-43.05337184897308,-11.32557508751521,-24.79925486186678,-24.050913758531543,-23.511944704797948,-45.76639163205006,-21.09330446148923,9.299460883184356,-21.50698188537312,-36.24159008690491,-23.511944704797948,-45.76639163205006,-21.09330446148923,9.299460883184356,-21.50698188537312,-36.24159008690491
22.54253709772912,-46.48824489488331,-50,-21.225762927370216,-36.326476295569606,-32.06242260613353,22.54253709772912,-46.48824489488331,-50,-21.225762927370216,-36.326476295569606,-32.06242260613353,-16.559932665836474,-34.84840589314052,-23.801476181189507,18.644514553549293,-26.89329064544207,-26.321357954299664,-16.559932665836474,-34.84840589314052,-23.801476181189507,18.644514553549293,-26.89329064544207,-26.321357954299664
16.364922404388448,-35.92994981813837,-50,-24.52720290356193,-50,-42.28160507135003,16.364922404388448,-35.92994981813837,-50,-24.52720290356193,-50,-42.28160507135003,-4.441176854927672,-25.679174311657807,-33.0108323917248,20.977798318793642,-37.07672989157641,-21.355996031333145,-4.441176854927672,-25.679174311657807,-33.0108323917248,20.977798318793642,-37.07672989157641,-21.355996031333145
4.623042510750159,-26.591006682984695,-50,-20.095464569340542,-50,-50,4.623042510750159,-26.591006682984695,-50,-20.095464569340542,-50,-50,8.65354541178472,-21.415222986588574,-45.524847258415626,15.497242062454053,-48.56886888462188,-23.03464907900998,8.65354541178472,-21.415222986588574,-45.524847258415626,15.497242062454053,-48.56886888462188,-23.03464907900998
-8.634752438325096,-21.676628064286653,-45.278763881756326,-9.453367947067434,-50,-50,-8.634752438325096,-21.676628064286653,-45.278763881756326,-9.453367947067434,-50,-50,18.195958633680206,-23.524425591184016,-50,4.0867959753636764,-50,-30.786263457126296,18.195958633680206,-23.524425591184016,-50,4.0867959753636764,-50,-30.786263457126296
-18.837457068161243,-22.873474638560598,-35.37809565167864,3.742283110203542,-50,-50,-18.837457068161243,-22.873474638560598,-35.37809565167864,3.742283110203542,-50,-50,20.886208477891362,-31.28068495903582,-50,-9.3311804085526,-50,-41.973851365152456,20.886208477891362,-31.28068495903582,-50,-9.3311804085526,-50,-41.973851365152456
-22.46739608823295,-29.770777474619962,-26.424641153183057,14.95724038593687,-50,-47.57124525596846,-22.46739608823295,-29.770777474619962,-26.424641153183057,14.95724038593687,-50,-47.57124525596846,15.793981783744492,-42.01389346906598,-50,-20.144235727294298,-50,-50,15.793981783744492,-42.01389346906598,-50,-20.144235727294298,-50,-50
-18.27304382370231,-40.00131777020253,-21.553743928420012,20.337855446617834,-44.07520167656351,-37.63364978586783,-18.27304382370231,-40.00131777020253,-21.553743928420012,20.337855446617834,-44.07520167656351,-37.63364978586783,4.68021741752837,-50,-50,-24.635364502144082,-47.969874555322754,-50,4.68021741752837,-50,-50,-24.635364502144082,-47.969874555322754,-50
-7.700523616958309,-50,-22.47110719626354,18.035258226125155,-30.279916357087792,-27.99171065494366,-7.700523616958309,-50,-22.47110719626354,18.035258226125155,-30.279916357087792,-27.99171065494366,-8.611842597431474,-50,-42.78807641403593,-21.260733859815186,-36.44532936479001,-50,-8.611842597431474,-50,-42.78807641403593,-21.260733859815186,-36.44532936479001,-50
5.604984705751341,-50,-28.855486346812228,8.840659957243838,-21.685702794795606,-21.954493105237336,5.604984705751341,-50,-28.855486346812228,8.840659957243838,-21.685702794795606,-21.954493105237336,-19.485681550618242,-50,-30.632084807650138,-11.180378611602412,-26.445775976644914,-50,-19.485681550618242,-50,-30.632084807650138,-11.180378611602412,-26.445775976644914,-50
17.056025214574195,-50,-38.47118319858106,-4.086520349814713,-21.242243349646305,-21.593939977406535,17.056025214574195,-50,-38.47118319858106,-4.086520349814713,-21.242243349646305,-21.593939977406535,-24.181025835116344,-50,-22.606404371324697,2.140562613261381,-21.396653338759666,-43.392962906383296,-24.181025835116344,-50,-22.606404371324697,2.140562613261381,-21.396653338759666,-43.392962906383296
22.70452299113073,-50,-47.95094849235558,-16.304285555405983,-29.10174095367348,-27.033791299988426,22.70452299113073,-50,-47.95094849235558,-16.304285555405983,-29.10174095367348,-27.033791299988426,-21.074182175313513,-40.89296560441511,-21.496712438970082,14.122994447652923,-23.02758483180547,-32.03636752670918,-21.074182175313513,-40.89296560441511,-21.496712438970082,14.122994447652923,-23.02758483180547,-32.03636752670918
20.60299628640757,-42.01312804641418,-50,-23.614405511347442,-42.566680438946655,-36.40711733105015,20.60299628640757,-42.01312804641418,-50,-23.614405511347442,-42.566680438946655,-36.40711733105015,-11.239525708184326,-30.30097912853715,-27.688178054894294,20.6479363200409,-30.779879878238965,-23.690478239718654,-11.239525708184326,-30.30097912853715,-27.688178054894294,20.6479363200409,-30.779879878238965,-23.690478239718654
11.476006756337167,-31.53268608975797,-50,-23.504999732996968,-50,-46.497039499741916,11.476006756337167,-31.53268608975797,-50,-23.504999732996968,-50,-46.497039499741916,1.9220288290164702,-23.023207463809804,-39.03177154282194,19.472428773264166,-41.99791853618132,-21.194446628682783,1.9220288290164702,-23.023207463809804,-39.03177154282194,19.472428773264166,-41.99791853618132,-21.194446628682783
-1.5296539676819996,-23.780778087391678,-49.16732277779662,-16.013661890663943,-50,-50,-1.5296539676819996,-23.780778087391678,-49.16732277779662,-16.013661890663943,-50,-50,13.859094721322673,-21.56503789356781,-50,11.000554452129837,-50,-25.397386773189282,13.859094721322673,-21.56503789356781,-50,11.000554452129837,-50,-25.397386773189282
-13.92991102259107,-21.417931322628217,-40.01893793200893,-3.7145419905631156,-50,-50,-13.92991102259107,-21.417931322628217,-40.01893793200893,-3.7145419905631156,-50,-50,20.443724698952764,-26.428448175087166,-50,-1.8554659676682344,-50,-34.86951884327206,20.443724698952764,-26.428448175087166,-50,-1.8554659676682344,-50,-34.86951884327206
-21.449419838417416,-25.255096890606296,-30.192624826384176,9.166174974236135,-50,-50,-21.449419838417416,-25.255096890606296,-30.192624826384176,9.166174974236135,-50,-50,19.398893102175844,-35.93919970426152,-50,-14.676354407337033,-50,-46.38855964792344,19.398893102175844,-35.93919970426152,-50,-14.676354407337033,-50,-46.38855964792344
-21.49561390284944,-33.97532370250123,-23.129386857325997,18.202457451983314,-50,-43.473247879781724,-21.49561390284944,-33.97532370250123,-23.129386857325997,18.202457451983314,-50,-43.473247879781724,11.085912315141243,-46.82319746494538,-50,-23.054909463802314,-50,-50,11.085912315141243,-46.82319746494538,-50,-23.054909463802314,-50,-50
-14.052566486170166,-44.58574840871693,-21.302646719578664,20.28928640791985,-37.75299794489526,-33.222358165774295,-14.052566486170166,-44.58574840871693,-21.302646719578664,20.28928640791985,-37.75299794489526,-33.222358165774295,-1.6205123825476886,-50,-49.195106810147614,-24.11098911146833,-43.17956972806146,-50,-1.6205123825476886,-50,-49.195106810147614,-24.11098911146833,-43.17956972806146,-50
-1.6864818385051406,-50,-25.352096935736164,14.70959222338065,-25.69703075964961,-24.781057991966847,-1.6864818385051406,-50,-25.352096935736164,14.70959222338065,-25.69703075964961,-24.781057991966847,-14.326382364032737,-50,-36.5219498933148,-17.481564241481436,-31.816052469903642,-50,-14.326382364032737,-50,-36.5219498933148,-17.481564241481436,-31.816052469903642,-50
11.339077388490741,-50,-33.85969069642325,3.3806519084416973,-20.415060731509485,-21.04635932073649,11.339077388490741,-50,-33.85969069642325,3.3806519084416973,-20.415060731509485,-21.04635932073649,-22.63789082842531,-50,-25.934758648476038,-5.445510512581322,-23.563328375525174,-50,-22.63789082842531,-50,-25.934758648476038,-5.445510512581322,-23.563328375525174,-50
20.53317575167239,-50,-43.846217110325114,-9.804719609061781,-23.71995109745307,-23.29999204009101,20.53317575167239,-50,-43.846217110325114,-9.804719609061781,-23.71995109745307,-23.29999204009101,-23.68084163884484,-46.834486618757985,-21.108299210977982,7.8597588896251835,-21.248443958067753,-38.91510637018163,-23.68084163884484,-46.834486618757985,-21.108299210977982,7.8597588896251835,-21.248443958067753,-38.91510637018163
22.72588392305922,-47.810653704493745,-50,-20.315806335795067,-34.47740646868774,-30.768520682467106,22.72588392305922,-47.810653704493745,-50,-20.315806335795067,-34.47740646868774,-30.768520682467106,-17.094572804377577,-35.95107353905013,-23.717813794204925,17.860535812726,-25.664384157517453,-28.28610796618242,-17.094572804377577,-35.95107353905013,-23.717813794204925,17.860535812726,-25.664384157517453,-28.28610796618242
17.161202818716884,-37.37183941450379,-50,-24.540821627983203,-48.995282576678726,-40.888783605367614,17.161202818716884,-37.37183941450379,-50,-24.540821627983203,-48.995282576678726,-40.888783605367614,-5.156676716534877,-26.43681909975117,-32.85755170391015,21.11903680710113,-35.29842805889841,-21.9436000563544,-5.156676716534877,-26.43681909975117,-32.85755170391015,21.11903680710113,-35.29842805889841,-21.9436000563544
5.757715983949149,-27.657507079325498,-50,-21.02797898639971,-50,-50,5.757715983949149,-27.657507079325498,-50,-21.02797898639971,-50,-50,8.004612265643027,-21.567024200743965,-45.35515130235779,16.515146818173413,-46.8503453494804,-22.045212673265453,8.004612265643027,-21.567024200743965,-45.35515130235779,16.515146818173413,-46.8503453494804,-22.045212673265453
-7.552897157026688,-22.001706356023618,-44.51363380213602,-10.984350378425978,-50,-50,-7.552897157026688,-22.001706356023618,-44.51363380213602,-10.984350378425978,-50,-50,17.83799925856136,-23.018125363325623,-50,5.631460571284633,-50,-28.556378665066845,17.83799925856136,-23.018125363325623,-50,5.631460571284633,-50,-28.556378665066845
-18.181420641726728,-22.34556091747126,-34.55626667797183,2.138904044337804,-50,-50,-18.181420641726728,-22.34556091747126,-34.55626667797183,2.138904044337804,-50,-50,20.94300852083338,-30.290578143530606,-50,-7.790736957598585,-50,-39.2620929437965,20.94300852083338,-30.290578143530606,-50,-7.790736957598585,-50,-39.2620929437965
-22.463365906249663,-28.571056664178364,-25.833903452403995,13.832412769767345,-50,-48.75044892272585,-22.463365906249663,-28.571056664178364,-25.833903452403995,13.832412769767345,-50,-48.75044892272585,16.245899267036826,-40.88082629453838,-50,-19.137543380977924,-50,-50,16.245899267036826,-40.88082629453838,-50,-19.137543380977924,-50,-50
-18.922409407096403,-38.541545266315474,-21.400963535968128,20.078089016601897,-46.09279769775705,-39.0486913491606,-18.922409407096403,-38.541545266315474,-21.400963535968128,20.078089016601897,-46.09279769775705,-39.0486913491606,5.370975115414441,-50,-50,-24.508475403577496,-49.647292339883165,-50,5.370975115414441,-50,-50,-24.508475403577496,-49.647292339883165,-50
-8.77939754076647,-48.83506184170892,-22.80978513980607,18.729813107959078,-31.935499375525957,-29.156954933969004,-8.77939754076647,-48.83506184170892,-22.80978513980607,18.729813107959078,-31.935499375525957,-29.156954933969004,-7.921115055510812,-50,-42.95932287231764,-22.057266344488085,-38.2466927030724,-50,-7.921115055510812,-50,-42.95932287231764,-22.057266344488085,-38.2466927030724,-50
4.468575195916887,-50,-29.567023519900026,10.25087538151391,-22.41104815681607,-22.47003409666408,4.468575195916887,-50,-29.567023519900026,10.25087538151391,-22.41104815681607,-22.47003409666408,-19.033844107009244,-50,-30.775144584762316,-12.626523333104931,-27.754011295590793,-50,-19.033844107009244,-50,-30.775144584762316,-12.626523333104931,-27.754011295590793,-50
16.253889917947717,-50,-39.306411698365615,-2.4452181828155988,-20.788400013513748,-21.28284659378295,16.253889917947717,-50,-39.306411698365615,-2.4452181828155988,-20.788400013513748,-21.28284659378295,-24.124328037116307,-50,-22.67162206650009,0.5419202718792575,-21.763612602096416,-46.05307488458187,-24.124328037116307,-50,-22.67162206650009,0.5419202718792575,-21.763612602096416,-46.05307488458187
22.51322107657709,-50,-48.61738587159171,-14.995875746914741,-27.62447578194958,-26.00282923323599,22.51322107657709,-50,-48.61738587159171,-14.995875746914741,-27.62447578194958,-26.00282923323599,-21.432230643390845,-42.02597191134277,-21.461451285561775,12.92139040998134,-22.327562770095177,-34.53859635126417,-21.432230643390845,-42.02597191134277,-21.461451285561775,12.92139040998134,-22.327562770095177,-34.53859635126417
21.088484580304712,-43.44929054656304,-50,-23.08847973478008,-40.573016324001486,-35.01010760146674,21.088484580304712,-43.44929054656304,-50,-23.08847973478008,-40.573016324001486,-35.01010760146674,-11.888503986135845,-31.29145061082786,-27.564677039564693,20.256423942382106,-29.252675484644183,-25.183601628094515,-11.888503986135845,-31.29145061082786,-27.564677039564693,20.256423942382106,-29.252675484644183,-25.183601628094515
12.470899233386744,-32.86917502673775,-50,-23.94227495366896,-50,-45.21342885306891,12.470899233386744,-32.86917502673775,-50,-23.94227495366896,-50,-45.21342885306891,1.2065434037433906,-23.530172355577736,-38.86289730869845,20.025591076776035,-40.166689716672465,-21.17052546421387,1.2065434037433906,-23.530172355577736,-38.86289730869845,20.025591076776035,-40.166689716672465,-21.17052546421387
-0.3683750474035121,-24.55889796590162,-48.522871255111234,-17.263882969146167,-50,-50,-0.3683750474035121,-24.55889796590162,-48.522871255111234,-17.263882969146167,-50,-50,13.324523595042415,-21.413972528580516,-50,12.308240988843249,-50,-23.864558692216384,13.324523595042415,-21.413972528580516,-50,12.308240988843249,-50,-23.864558692216384
-13.002629901448953,-21.370624127295716,-39.18614818508135,-5.348111882285154,-50,-50,-13.002629901448953,-21.370624127295716,-39.18614818508135,-5.348111882285154,-50,-50,20.27492748801836,-25.671357103889147,-50,-0.24277458687393572,-50,-32.34922992820879,20.27492748801836,-25.671357103889147,-50,-0.24277458687393572,-50,-32.34922992820879
-21.07584330059714,-24.39859889304875,-29.463125293761344,7.7105784303384155,-50,-50,-21.07584330059714,-24.39859889304875,-29.463125293761344,7.7105784303384155,-50,-50,19.654241435956664,-34.83671302484094,-50,-13.313023486364703,-50,-43.73817596455185,19.654241435956664,-34.83671302484094,-50,-13.313023486364703,-50,-43.73817596455185
-21.804543183306624,-32.60359302114673,-22.758635546751613,17.42500177356695,-50,-44.8124867738278,-21.804543183306624,-32.60359302114673,-22.758635546751613,17.42500177356695,-50,-44.8124867738278,11.677104389258945,-45.75484839624615,-50,-22.40958624001333,-50,-50,11.677104389258945,-45.75484839624615,-50,-22.40958624001333,-50,-50
-14.937489347629407,-43.16957583494039,-21.420474271008334,20.457118476028985,-39.69714579542485,-34.587821901229006,-14.937489347629407,-43.16957583494039,-21.420474271008334,20.457118476028985,-39.69714579542485,-34.587821901229006,-0.8979162294209003,-50,-49.35774043404582,-24.40550450014509,-44.98681142564779,-50,-0.8979162294209003,-50,-49.35774043404582,-24.40550450014509,-44.98681142564779,-50
-2.842295722702325,-50,-25.91724219655838,15.765042109324462,-27.004973909738457,-25.704126250354683,-2.842295722702325,-50,-25.91724219655838,15.765042109324462,-27.004973909738457,-25.704126250354683,-13.722262533359407,-50,-36.6865890114532,-18.614678095320592,-33.47936948507741,-50,-13.722262533359407,-50,-36.6865890114532,-18.614678095320592,-33.47936948507741,-50
10.310872495855437,-50,-34.67424965716406,4.961049233757479,-20.637890527715253,-21.21023969667133,10.310872495855437,-50,-34.67424965716406,4.961049233757479,-20.637890527715253,-21.21023969667133,-22.361157518753995,-50,-26.04425776854258,-7.0277130881681105,-24.512936172390027,-50,-22.361157518753995,-50,-26.04425776854258,-7.0277130881681105,-24.512936172390027,-50
19.987083002031728,-50,-44.624945435662596,-8.242426014992445,-22.78118850950998,-22.648441608939635,19.987083002031728,-50,-44.624945435662596,-8.242426014992445,-22.78118850950998,-22.648441608939635,-23.82719177607184,-47.876815373989785,-21.124651684281336,6.372352319459727,-21.15904565522082,-41.625790763086805,-23.82719177607184,-47.876815373989785,-21.124651684281336,6.372352319459727,-21.15904565522082,-41.625790763086805
22.85018446748552,-49.07896217691965,-50,-19.308446896258815,-32.69925101209224,-29.525148290529447,22.85018446748552,-49.07896217691965,-50,-19.308446896258815,-32.69925101209224,-29.525148290529447,-17.6133971638535,-37.068579623424554,-23.6353437513162,16.979223693001625,-24.566603965516926,-30.488416834836478,-17.6133971638535,-37.068579623424554,-23.6353437513162,16.979223693001625,-24.566603965516926,-30.488416834836478
17.913040476462243,-38.827442008314335,-50,-24.434542033124902,-46.98802788046002,-39.480308433215846,17.913040476462243,-38.827442008314335,-50,-24.434542033124902,-46.98802788046002,-39.480308433215846,-5.868561058821269,-27.244798834473748,-32.70488412323764,21.14677162265324,-33.568320675380996,-22.8883395765591,-5.868561058821269,-27.244798834473748,-32.70488412323764,21.14677162265324,-33.568320675380996,-22.8883395765591
6.877873140950404,-28.800827378840424,-50,-21.859298697165176,-50,-49.09736091170973,6.877873140950404,-28.800827378840424,-50,-21.859298697165176,-50,-49.09736091170973,7.345844099214716,-21.78732896480533,-45.1852764097741,17.442394680723485,-45.08057496508176,-21.410996038618585,7.345844099214716,-21.78732896480533,-45.1852764097741,17.442394680723485,-45.08057496508176,-21.410996038618585
-6.450626834839571,-22.440346147862762,-43.73275195398618,-12.467613923967175,-50,-50,-6.450626834839571,-22.440346147862762,-43.73275195398618,-12.467613923967175,-50,-50,17.460155364097847,-22.574914806167286,-50,7.139478509152209,-50,-26.55895725932873,17.460155364097847,-22.574914806167286,-50,7.139478509152209,-50,-26.55895725932873
-17.4770764886787,-21.92897492511947,-33.74307643681025,0.5133710299795098,-50,-50,-17.4770764886787,-21.92897492511947,-33.74307643681025,0.5133710299795098,-50,-50,20.97675079520495,-29.336428375657952,-50,-6.220332580843618,-50,-36.58096082104571,20.97675079520495,-29.336428375657952,-50,-6.220332580843618,-50,-36.58096082104571
-22.399790787354924,-27.442221094030607,-25.27316985183787,12.623170841072241,-50,-49.862586141378415,-22.399790787354924,-27.442221094030607,-25.27316985183787,12.623170841072241,-50,-49.862586141378415,16.679559321158173,-39.74420525984131,-50,-18.044581642328513,-50,-48.067665154363524,16.679559321158173,-39.74420525984131,-50,-18.044581642328513,-50,-48.067665154363524
-19.52152266952239,-37.08788703724537,-21.28904569902593,19.700654091257686,-48.106128358905636,-40.46011281296744,-19.52152266952239,-37.08788703724537,-21.28904569902593,19.700654091257686,-48.106128358905636,-40.46011281296744,6.054589310601347,-50,-50,-24.26866369107971,-50,-50,6.054589310601347,-50,-50,-24.26866369107971,-50,-50
-9.834637689701443,-47.55549004524131,-23.185874740200873,19.313878190856048,-33.67844906327534,-30.383267862148603,-9.834637689701443,-47.55549004524131,-23.185874740200873,19.313878190856048,-33.67844906327534,-30.383267862148603,-7.223946800823597,-50,-43.130542231291116,-22.753040327149357,-40.07087121736782,-50,-7.223946800823597,-50,-43.130542231291116,-22.753040327149357,-40.07087121736782,-50
3.3210324925646617,-50,-30.29942054172634,11.595745861300662,-23.285406469366784,-23.090374031206096,3.3210324925646617,-50,-30.29942054172634,11.595745861300662,-23.285406469366784,-23.090374031206096,-18.56420899293376,-50,-30.91894944294848,-14.018709564635902,-29.17538496693658,-50,-18.56420899293376,-50,-30.91894944294848,-14.018709564635902,-29.17538496693658,-50
15.409692947456904,-50,-40.138643483715754,-0.8016624810334096,-20.494072093771646,-21.08431597458358,15.409692947456904,-50,-40.138643483715754,-0.8016624810334096,-20.494072093771646,-21.08431597458358,-24.04463020922998,-50,-22.738098408866843,-1.0681119108880042,-22.295276811424145,-48.61578134756532,-24.04463020922998,-50,-22.738098408866843,-1.0681119108880042,-22.295276811424145,-48.61578134756532
22.263430977260736,-50,-49.258019370329194,-13.618388276927012,-26.262480049647067,-25.053562774957193,22.263430977260736,-50,-49.258019370329194,-13.618388276927012,-26.262480049647067,-25.053562774957193,-21.770030344218842,-43.15115196124685,-21.42752547472126,11.64696347620381,-21.78739105443907,-37.16050455127015,-21.770030344218842,-43.15115196124685,-21.42752547472126,11.64696347620381,-21.78739105443907,-37.16050455127015
21.51922365914536,-44.859685293194346,-50,-22.450388419323424,-38.61081321129938,-33.63588880054769,21.51922365914536,-44.859685293194346,-50,-22.450388419323424,-38.61081321129938,-33.63588880054769,-12.526986969585694,-32.31414500919617,-27.44212457082096,19.7556886037218,-27.82570863147992,-26.97277607913673,-12.526986969585694,-32.31414500919617,-27.44212457082096,19.7556886037218,-27.82570863147992,-26.97277607913673
13.433657828557038,-34.248627475479225,-50,-24.262838728626154,-50,-43.88588272262511,13.433657828557038,-34.248627475479225,-50,-24.262838728626154,-50,-43.88588272262511,0.48817043077334876,-24.09831653396341,-38.69425558895601,20.47067592615356,-38.34174834092337,-21.518314733149253,0.48817043077334876,-24.09831653396341,-38.69425558895601,20.47067592615356,-38.34174834092337,-21.518314733149253
0.794464402354947,-25.433967142636597,-47.85284736481799,-18.432950715896553,-50,-50,0.794464402354947,-25.433967142636597,-47.85284736481799,-18.432950715896553,-50,-50,12.774680619440904,-21.33198173038375,-50,13.546147380191167,-49.73314409701749,-22.652649868389446,12.774680619440904,-21.33198173038375,-50,13.546147380191167,-49.73314409701749,-22.652649868389446
-12.040631876798814,-21.440978111316966,-38.35065630835336,-6.96397220949922,-50,-50,-12.040631876798814,-21.440978111316966,-38.35065630835336,-6.96397220949922,-50,-50,20.08375527221559,-24.967456823481122,-50,1.3624209965998628,-50,-29.989896975198484,20.08375527221559,-24.967456823481122,-50,1.3624209965998628,-50,-29.989896975198484
-20.646363134277742,-23.640091539443752,-28.754740107853866,6.203162378732495,-50,-50,-20.646363134277742,-23.640091539443752,-28.754740107853866,6.203162378732495,-50,-50,19.887849091974026,-33.75322232532288,-50,-11.89232732206007,-50,-41.03403004320661,19.887849091974026,-33.75322232532288,-50,-11.89232732206007,-50,-41.03403004320661
-22.05565649091645,-31.276551143421997,-22.425421183599664,16.544003571884936,-50,-46.110412215291944,-22.05565649091645,-31.276551143421997,-22.425421183599664,16.544003571884936,-50,-46.110412215291944,12.254708239218067,-44.66476109292987,-50,-21.661756128604427,-50,-50,12.254708239218067,-44.66476109292987,-50,-21.661756128604427,-50,-50
-15.782617608143948,-41.72945260936144,-21.579116586538877,20.50526396230739,-41.67842365312769,-35.97883817689734,-15.782617608143948,-41.72945260936144,-21.579116586538877,20.50526396230739,-41.67842365312769,-35.97883817689734,-0.17605691385015376,-50,-49.519941454677415,-24.587608267451582,-46.758847960250314,-50,-0.17605691385015376,-50,-49.519941454677415,-24.587608267451582,-46.758847960250314,-50
-3.9900567088401004,-50,-26.51218741992306,16.725787682618954,-28.432196177681956,-26.710843537866154,-3.9900567088401004,-50,-26.51218741992306,16.725787682618954,-28.432196177681956,-26.710843537866154,-13.105773348429897,-50,-36.85159856895261,-19.66411727302524,-35.206539782653785,-50,-13.105773348429897,-50,-36.85159856895261,-19.66411727302524,-35.206539782653785,-50
9.256202330629229,-50,-35.49715835196746,6.504266514395804,-21.021209901433686,-21.487157662593827,9.256202330629229,-50,-35.49715835196746,6.504266514395804,-21.021209901433686,-21.487157662593827,-22.063226099579623,-50,-26.154801792775096,-8.58374123984552,-25.60358216809702,-50,-22.063226099579623,-50,-26.154801792775096,-8.58374123984552,-25.60358216809702,-50
19.389131471563744,-50,-45.38764933540335,-6.647012507325391,-21.98904316700625,-22.100523393624048,19.389131471563744,-50,-45.38764933540335,-6.647012507325391,-21.98904316700625,-22.100523393624048,-23.950845549949936,-48.88948909790443,-21.142360845050312,4.844622419882022,-21.239556535952918,-44.322538161440676,-23.950845549949936,-48.88948909790443,-21.142360845050312,4.844622419882022,-21.239556535952918,-44.322538161440676
22.915112526147514,-50,-50,-18.209048145650385,-31.00351890082129,-28.340436682585285,22.915112526147514,-50,-50,-18.209048145650385,-31.00351890082129,-28.340436682585285,-18.115875517507455,-38.19675486909027,-23.554071279117625,16.004951701083847,-23.609399988871502,-32.886763966989115,-18.115875517507455,-38.19675486909027,-23.554071279117625,16.004951701083847,-23.609399988871502,-32.886763966989115
18.618462312265653,-40.287301615100944,-50,-24.20892998902837,-44.97071351538722,-38.06539052580548,18.618462312265653,-40.287301615100944,-50,-24.20892998902837,-44.97071351538722,-38.06539052580548,-6.576102352095691,-28.100099043231904,-32.55283932511759,21.060865131575138,-31.90130086398304,-24.172403218651127,-6.576102352095691,-28.100099043231904,-32.55283932511759,21.060865131575138,-31.90130086398304,-24.172403218651127
7.980574326816191,-30.013540266520568,-50,-22.584997462342447,-50,-47.937829447556155,7.980574326816191,-30.013540266520568,-50,-22.584997462342447,-50,-47.937829447556155,6.67791415866099,-22.07531534890851,-45.015233346599786,18.274384187516848,-43.27479228171739,-21.143956194953724,6.67791415866099,-22.07531534890851,-45.015233346599786,18.274384187516848,-43.27479228171739,-21.143956194953724
-5.330834185857554,-22.989697918186522,-42.93803110192805,-13.895261165520266,-50,-50,-5.330834185857554,-22.989697918186522,-42.93803110192805,-13.895261165520266,-50,-50,17.062813098200948,-22.196447483555293,-50,8.603366257972194,-50,-24.831657046663004,17.062813098200948,-22.196447483555293,-50,8.603366257972194,-50,-24.831657046663004
-16.726273036047626,-21.626422915733173,-32.940516831996746,-1.1256610218777265,-50,-50,-16.726273036047626,-21.626422915733173,-32.940516831996746,-1.1256610218777265,-50,-50,20.987400817165096,-28.4217954703486,-50,-4.627760401653,-50,-33.98100294591991,20.987400817165096,-28.4217954703486,-50,-4.627760401653,-50,-33.98100294591991
-22.27683757323787,-26.391603982502417,-24.74381386451441,11.335953030303902,-50,-50,-22.27683757323787,-26.391603982502417,-24.74381386451441,11.335953030303902,-50,-50,17.094518755344946,-38.60827095766699,-50,-16.87077432816244,-50,-45.47951791772422,17.094518755344946,-38.60827095766699,-50,-16.87077432816244,-50,-45.47951791772422
-20.0688113438673,-35.649786436343916,-21.21826455955189,19.207560267225325,-50,-41.85868393858553,-20.0688113438673,-35.649786436343916,-21.21826455955189,19.207560267225325,-50,-41.85868393858553,6.730361364848642,-49.2491596209024,-50,-23.91711942899894,-50,-50,6.730361364848642,-49.2491596209024,-50,-23.91711942899894,-50,-50
-10.863474772067274,-46.223475523089725,-23.59845476860422,19.784343706351343,-35.49748431194087,-31.662629750578958,-10.863474772067274,-46.223475523089725,-23.59845476860422,19.784343706351343,-35.49748431194087,-31.662629750578958,-6.521050323556121,-50,-43.30172363981465,-23.34460303311035,-41.90216200092543,-50,-6.521050323556121,-50,-43.30172363981465,-23.34460303311035,-41.90216200092543,-50
2.1653681191698206,-50,-31.050883410910963,12.868110831917852,-24.30311851522002,-23.81145608684421,2.1653681191698206,-50,-31.050883410910963,12.868110831917852,-24.30311851522002,-23.81145608684421,-18.077256164855154,-50,-31.063490268482386,-15.35002858942417,-30.697661511509416,-50,-18.077256164855154,-50,-31.063490268482386,-15.35002858942417,-30.697661511509416,-50
14.52564974919092,-50,-40.96584000869848,0.8353958853923484,-20.361164605343628,-20.99964644568202,14.52564974919092,-50,-40.96584000869848,0.8353958853923484,-20.361164605343628,-20.99964644568202,-23.942013800834633,-50,-22.805829185442157,-2.681544158894701,-22.987069291030245,-50,-23.942013800834633,-50,-22.805829185442157,-2.681544158894701,-22.987069291030245,-50
21.95580822325105,-50,-49.87127976129554,-12.179157374489977,-25.024569169855365,-24.192199819978054,21.95580822325105,-50,-49.87127976129554,-12.179157374489977,-25.024569169855365,-24.192199819978054,-22.087236054144253,-44.264307846336315,-21.39493715651883,10.306037983199417,-21.411719594927586,-39.85266073880706,-22.087236054144253,-44.264307846336315,-21.39493715651883,10.306037983199417,-21.411719594927586,-39.85266073880706
21.894083124170667,-46.235149984130466,-50,-21.70352898815739,-36.692771310240005,-32.29344787364395,21.894083124170667,-46.235149984130466,-50,-21.70352898815739,-36.692771310240005,-32.29344787364395,-13.154322143367276,-33.36524677716136,-27.320528415507972,19.148215200514237,-26.511262945187433,-29.02426990982252,-13.154322143367276,-33.36524677716136,-27.320528415507972,19.148215200514237,-26.511262945187433,-29.02426990982252
14.361755951681262,-35.66208214326258,-50,-24.464984263287132,-50,-42.52308282963073,14.361755951681262,-35.66208214326258,-50,-24.464984263287132,-50,-42.52308282963073,-0.23235592896492263,-24.72552032321076,-38.52585707137312,20.805474590199513,-36.538803882554376,-22.231257491093615,-0.23235592896492263,-24.72552032321076,-38.52585707137312,20.805474590199513,-36.538803882554376,-22.231257491093615
1.9558127145058908,-26.40030093375516,-47.15889232574632,-19.514640601971536,-50,-50,1.9558127145058908,-26.40030093375516,-47.15889232574632,-19.514640601971536,-50,-50,12.210127721601681,-21.319371396518694,-50,14.708130522289125,-48.05931606685387,-21.78450867419334,12.210127721601681,-21.319371396518694,-50,14.708130522289125,-48.05931606685387,-21.78450867419334
-11.046441542823104,-21.628536236360873,-37.51450883332799,-8.553519562006501,-50,-50,-11.046441542823104,-21.628536236360873,-37.51450883332799,-8.553519562006501,-50,-50,19.87040342522462,-24.319373498866028,-50,2.9521550082057377,-50,-27.836000985671575,19.87040342522462,-24.319373498866028,-50,2.9521550082057377,-50,-27.836000985671575
-20.16210643442415,-22.984502296796165,-28.069204453216265,4.651952834048625,-50,-50,-20.16210643442415,-22.984502296796165,-28.069204453216265,4.651952834048625,-50,-50,20.099477328487634,-32.69276997568135,-50,-10.42131611158287,-50,-38.327103716902876,20.099477328487634,-32.69276997568135,-50,-10.42131611158287,-50,-38.327103716902876
-22.24829482308269,-30.002818888937377,-22.130559974120025,15.564153592036146,-50,-47.35853619265406,-22.24829482308269,-30.002818888937377,-22.130559974120025,15.564153592036146,-50,-47.35853619265406,12.81813356694934,-43.55700253608151,-50,-20.8151302325268,-50,-49.68889450318915,12.81813356694934,-43.55700253608151,-50,-20.8151302325268,-50,-49.68889450318915
-16.585733377618165,-40.27473415832351,-21.77818507292882,20.433466523208352,-43.68400784877765,-37.38631019738933,-16.585733377618165,-40.27473415832351,-21.77818507292882,20.433466523208352,-43.68400784877765,-37.38631019738933,0.5443278402725316,-50,-49.681699592443934,-24.65639672441075,-48.480425274086954,-50,0.5443278402725316,-50,-49.681699592443934,-24.65639672441075,-48.480425274086954,-50
-5.126752700598632,-50,-27.135475291670637,17.586713595037086,-29.969459976634276,-27.794626249881183,-5.126752700598632,-50,-27.135475291670637,17.586713595037086,-29.969459976634276,-27.794626249881183,-12.477544847246147,-50,-37.01696810822519,-20.6246739382589,-36.982695522718465,-50,-12.477544847246147,-50,-37.01696810822519,-20.6246739382589,-36.982695522718465,-50
8.177834688687465,-50,-36.32640107174548,8.002087117357059,-21.56253784736943,-21.87530226480084,8.177834688687465,-50,-36.32640107174548,8.002087117357059,-21.56253784736943,-21.87530226480084,-21.744401050073307,-50,-26.2663837153719,-10.105873186188715,-26.82587785585553,-50,-21.744401050073307,-50,-26.2663837153719,-10.105873186188715,-26.82587785585553,-50
18.74089037862091,-50,-46.13246057168437,-5.0269736301780465,-21.348642170016102,-21.659820601603297,18.74089037862091,-50,-46.13246057168437,-5.0269736301780465,-21.348642170016102,-21.659820601603297,-24.051676589119214,-49.86872962991701,-21.161425570955355,3.284150542395137,-21.48928354591512,-46.95450621815923,-24.051676589119214,-49.86872962991701,-21.161425570955355,3.284150542395137,-21.48928354591512,-46.95450621815923
22.920497706804063,-50,-50,-17.023463670607153,-29.401185631121663,-27.22213348839351,22.920497706804063,-50,-50,-17.023463670607153,-29.401185631121663,-27.22213348839351,-18.601494343828055,-39.3313901935539,-23.47400152830661,14.94255465655203,-22.801012037813027,-35.43593281865037,-18.601494343828055,-39.3313901935539,-23.47400152830661,14.94255465655203,-22.801012037813027,-35.43593281865037
19.275617070908286,-41.74193459570066,-50,-23.8651867337755,-42.956396394221066,-36.65328298744675,19.275617070908286,-41.74193459570066,-50,-23.8651867337755,-42.956396394221066,-36.65328298744675,-7.278577505161024,-28.999528706587967,-32.401426945487785,20.861743644372137,-30.311718676766333,-25.771582260149053,-7.278577505161024,-28.999528706587967,-32.401426945487785,20.861743644372137,-30.311718676766333,-25.771582260149053
9.062925696726953,-31.287767634511294,-50,-23.201211405796982,-50,-46.716545803163676,9.062925696726953,-31.287767634511294,-50,-23.201211405796982,-50,-46.716545803163676,6.001505053272461,-22.429908911425475,-44.845032889428026,19.006986595050776,-41.448541851012536,-21.24912770072642,6.001505053272461,-22.429908911425475,-44.845032889428026,19.006986595050776,-41.448541851012536,-21.24912770072642
-4.196457908431346,-23.646192930699485,-42.131417909126064,-15.259690805729186,-50,-50,-4.196457908431346,-23.646192930699485,-42.131417909126064,-15.259690805729186,-50,-50,16.646378535678444,-21.884135410324323,-50,10.015859282575168,-50,-23.407043182043697,16.646378535678444,-21.884135410324323,-50,10.015859282575168,-50,-23.407043182043697
-15.930980635103413,-21.439870348231523,-32.15055372766577,-2.76946532660565,-50,-50,-15.930980635103413,-21.439870348231523,-32.15055372766577,-2.76946532660565,-50,-50,20.974947702632218,-27.550091810002638,-50,-3.0209235509975145,-50,-31.51123687222178,20.974947702632218,-27.550091810002638,-50,-3.0209235509975145,-50,-31.51123687222178
-22.094828932928227,-25.426030419854484,-24.24713214421932,9.977612939011138,-50,-50,-22.094828932928227,-25.426030419854484,-24.24713214421932,9.977612939011138,-50,-50,17.49035349044176,-37.477261418590246,-50,-15.621946451031757,-50,-42.8047785562523,17.49035349044176,-37.477261418590246,-50,-15.621946451031757,-50,-42.8047785562523
-20.56283916751043,-34.2365857504447,-21.18879349545157,18.601432949908478,-50,-43.23525852435693,-20.56283916751043,-34.2365857504447,-21.18879349545157,18.601432949908478,-50,-43.23525852435693,7.397600654402861,-48.24819647286616,-50,-23.455587153865597,-50,-50,7.397600654402861,-48.24819647286616,-50,-23.455587153865597,-50,-50
-11.863208786357074,-44.84767139849234,-24.04651461312441,20.138704730135576,-37.38083155516041,-32.9866739873583,-11.863208786357074,-44.84767139849234,-24.04651461312441,20.138704730135576,-37.38083155516041,-32.9866739873583,-5.8131439680073465,-50,-43.47285624915532,-23.82901883558847,-43.72480092310642,-50,-5.8131439680073465,-50,-43.47285624915532,-23.82901883558847,-43.72480092310642,-50
1.0046149130984232,-50,-31.81957142441653,14.061195773575339,-25.457597231085927,-24.62856462075412,1.0046149130984232,-50,-31.81957142441653,14.061195773575339,-25.457597231085927,-24.62856462075412,-17.573483277547965,-50,-31.208757900991245,-16.613873743888522,-32.30773685728944,-50,-17.573483277547965,-50,-31.208757900991245,-16.613873743888522,-32.30773685728944,-50
13.60408033863751,-50,-41.78597506121584,2.457240640430654,-20.39053778177172,-21.029391718342183,13.60408033863751,-50,-41.78597506121584,2.457240640430654,-20.39053778177172,-21.029391718342183,-23.816583683578276,-50,-22.8748101037441,-4.290369823190744,-23.833034947861577,-50,-23.816583683578276,-50,-22.8748101037441,-4.290369823190744,-23.833034947861577,-50
21.591160116221854,-50,-50,-10.685846012455073,-23.9187554259562,-23.424373402716782,21.591160116221854,-50,-50,-10.685846012455073,-23.9187554259562,-23.424373402716782,-22.383523596107306,-45.36128651949694,-21.363688396261235,8.905268266596813,-21.203782249350095,-42.56430912585606,-22.383523596107306,-45.36128651949694,-21.363688396261235,8.905268266596813,-21.203782249350095,-42.56430912585606
22.212079222814822,-47.5667492321947,-50,-20.851877984264274,-34.83130500016212,-30.991563949114756,22.212079222814822,-47.5667492321947,-50,-20.851877984264274,-34.83130500016212,-30.991563949114756,-13.769868385124461,-34.44083438385263,-27.199896279861022,18.437018316292487,-25.320653446681135,-31.29940587457667,-13.769868385124461,-34.44083438385263,-27.199896279861022,18.437018316292487,-25.320653446681135,-31.29940587457667
15.252757972889714,-37.100356849839486,-50,-24.54763526354139,-49.382811229747674,-41.133941443482584,15.252757972889714,-37.100356849839486,-50,-24.54763526354139,-49.382811229747674,-41.133941443482584,-0.9542993138313945,-25.409443703452098,-38.35771242831994,21.0283256323237,-34.77337646116169,-23.295912477976707,-0.9542993138313945,-25.409443703452098,-38.35771242831994,21.0283256323237,-34.77337646116169,-23.295912477976707
3.1126221351882597,-27.451621776029018,-46.442705975907074,-20.50319332897333,-50,-50,3.1126221351882597,-27.451621776029018,-46.442705975907074,-20.50319332897333,-50,-50,11.631441861815127,-21.376188574583352,-50,15.788424079976064,-46.32383411691305,-21.276502358536963,11.631441861815127,-21.376188574583352,-50,15.788424079976064,-46.32383411691305,-21.276502358536963
-10.022667976746856,-21.93208007459263,-36.6797538973946,-10.108290629168268,-50,-50,-10.022667976746856,-21.93208007459263,-36.6797538973946,-10.108290629168268,-50,-50,19.635089987806666,-23.72952504888093,-50,4.518538401368272,-50,-25.92814981468682,19.635089987806666,-23.72952504888093,-50,4.518538401368272,-50,-25.92814981468682
-19.624344047354008,-22.4360900484873,-27.40819754463616,3.06520898291857,-50,-50,-19.624344047354008,-22.4360900484873,-27.40819754463616,3.06520898291857,-50,-50,20.288909866227193,-31.659312392652467,-50,-8.907289740243122,-50,-35.668431238162896,20.288909866227193,-31.659312392652467,-50,-8.907289740243122,-50,-35.668431238162896
-22.381952634471094,-28.790670763703915,-21.874774178782115,14.490668900845044,-50,-48.54869637982149,-22.381952634471094,-28.790670763703915,-21.874774178782115,14.490668900845044,-50,-48.54869637982149,13.36680456451354,-42.43570563605331,-50,-19.873909928287958,-50,-47.18384288190798,13.36680456451354,-42.43570563605331,-50,-19.873909928287958,-50,-47.18384288190798
-17.344729020331,-38.814870722664246,-22.017192113314145,20.24210843361597,-45.70091739223741,-38.80103355208077,-17.344729020331,-38.814870722664246,-22.017192113314145,20.24210843361597,-45.70091739223741,-38.80103355208077,1.2625018160248622,-50,-49.84300459581838,-24.611528508670766,-50,-50,1.2625018160248622,-50,-49.84300459581838,-24.611528508670766,-50,-50
-6.24940063978471,-49.068290803496296,-27.785579072520562,18.34323597342626,-31.606815484366088,-28.94838679889285,-6.24940063978471,-49.068290803496296,-27.785579072520562,18.34323597342626,-31.606815484366088,-28.94838679889285,-11.838219065124692,-50,-37.18268714886432,-21.49158133367796,-38.792547188514945,-50,-11.838219065124692,-50,-37.18268714886432,-21.49158133367796,-38.792547188514945,-50
7.078599555754482,-50,-37.15994659226034,9.446536117563298,-22.25837066184228,-22.37213516345453,7.078599555754482,-50,-37.15994659226034,9.446536117563298,-22.25837066184228,-22.37213516345453,-21.40500820222324,-50,-26.37899646475621,-11.586555355507786,-28.169301461038575,-50,-21.40500820222324,-50,-26.37899646475621,-11.586555355507786,-28.169301461038575,-50
18.04406091764528,-50,-46.85755473459398,-3.3909350418225954,-20.864130464956585,-21.329215286233996,18.04406091764528,-50,-46.85755473459398,-3.3909350418225954,-20.864130464956585,-21.329215286233996,-24.129581846538628,-50,-21.18184465375654,1.6986805203895945,-21.90607698324444,-49.47207388473958,-24.129581846538628,-50,-21.18184465375654,1.6986805203895945,-21.90607698324444,-49.47207388473958
22.866325876998232,-50,-50,-15.758005940958563,-27.902622182389685,-26.177552048220797,22.866325876998232,-50,-50,-15.758005940958563,-27.902622182389685,-26.177552048220797,-19.069757351360384,-40.46825241256285,-23.395139573355603,13.797304699087844,-22.14839888337979,-38.087863372215274,-19.069757351360384,-40.46825241256285,-23.395139573355603,13.797304699087844,-22.14839888337979,-38.087863372215274
19.882780165604892,-43.18189126451368,-50,-23.40514247767483,-40.9581140302906,-35.25322054354756,19.882780165604892,-43.18189126451368,-50,-23.40514247767483,-40.9581140302906,-35.25322054354756,-7.97526860430211,-29.939732163562326,-32.25065658021041,20.550395300365174,-28.81325756667315,-27.655727041530838,-7.97526860430211,-29.939732163562326,-32.25065658021041,20.550395300365174,-28.81325756667315,-27.655727041530838
10.122086810366763,-32.61523176040881,-50,-23.70465958719225,-50,-45.44149677755064,10.122086810366763,-32.61523176040881,-50,-23.70465958719225,-50,-45.44149677755064,5.317308057853226,-22.849786707571294,-44.674685824823285,19.63656636777358,-39.617544415203945,-21.72452773537176,5.317308057853226,-22.849786707571294,-44.674685824823285,19.63656636777358,-39.617544415203945,-21.72452773537176
-3.0504749730729364,-24.40556641789786,-41.31488816894915,-16.553638140037215,-50,-50,-3.0504749730729364,-24.40556641789786,-41.31488816894915,-16.553638140037215,-50,-50,16.21127726323273,-21.639143784243927,-50,11.369948093837463,-50,-22.311974210901923,16.21127726323273,-21.639143784243927,-50,11.369948093837463,-50,-22.311974210901923
-15.093286390515944,-21.370529118078338,-31.37512213291202,-4.409289690415003,-50,-50,-15.093286390515944,-21.370529118078338,-31.37512213291202,-4.409289690415003,-50,-50,20.93940417840765,-26.72456961330944,-50,-1.4077959482029716,-50,-29.21822562028163,20.93940417840765,-26.72456961330944,-50,-1.4077959482029716,-50,-29.21822562028163
-21.854242516008338,-24.551773030669224,-23.784341309349934,8.555382848841738,-50,-50,-21.854242516008338,-24.551773030669224,-23.784341309349934,8.555382848841738,-50,-50,17.866658992303847,-36.35539629950624,-50,-14.30429531263605,-50,-40.093874494873916,17.866658992303847,-36.35539629950624,-50,-14.30429531263605,-50,-40.093874494873916
-21.002309651542102,-32.857465509858685,-21.200704695890156,17.8854993748879,-50,-44.58083421886165,-21.002309651542102,-32.857465509858685,-21.200704695890156,17.8854993748879,-50,-44.58083421886165,8.055625275804257,-47.216192716501965,-50,-22.886357217140723,-50,-50,8.055625275804257,-47.216192716501965,-50,-22.886357217140723,-50,-50
-12.831216106937717,-43.43701526367777,-24.528956754309053,20.375074519157266,-39.316300972110085,-34.34674175251546,-12.831216106937717,-43.43701526367777,-24.528956754309053,20.375074519157266,-39.316300972110085,-34.34674175251546,-5.100951198457237,-50,-43.643929213668045,-24.203883823740945,-45.52309833028801,-50,-5.100951198457237,-50,-43.643929213668045,-24.203883823740945,-45.52309833028801,-50
-0.1581809335407286,-50,-32.603601686334414,15.168648281317328,-26.741370341875328,-25.536356008081384,-0.1581809335407286,-50,-32.603601686334414,15.168648281317328,-26.741370341875328,-25.536356008081384,-17.05340517550581,-50,-31.354743134044533,-17.803973203173424,-33.99175114197785,-50,-17.05340517550581,-50,-31.354743134044533,-17.803973203173424,-33.99175114197785,-50
12.647403212211456,-50,-42.597039726197224,4.055236510681134,-20.58200150742062,-21.17335726812613,12.647403212211456,-50,-42.597039726197224,4.055236510681134,-20.58200150742062,-21.17335726812613,-23.668468044203003,-50,-22.945036792060726,-5.886605114971929,-24.82589153419977,-50,-23.668468044203003,-50,-22.945036792060726,-5.886605114971929,-24.82589153419977,-50
21.170443610830503,-50,-50,-9.146405107110098,-22.952196112734008,-22.755104858965254,21.170443610830503,-50,-50,-9.146405107110098,-22.952196112734008,-22.755104858965254,-22.658590170943146,-46.43799528879103,-21.333781174358943,7.451605638666182,-21.165368985476764,-45.244326433852656,-22.658590170943146,-46.43799528879103,-21.333781174358943,7.451605638666182,-21.165368985476764,-45.244326433852656
22.472377430390175,-48.84583261187787,-50,-19.899969897912776,-33.0384624792239,-29.738750925676644,22.472377430390175,-48.84583261187787,-50,-19.899969897912776,-33.0384624792239,-29.738750925676644,-14.37299662052401,-35.536894944759155,-27.080235809023463,17.62562726181288,-24.264129149303297,-33.7552903555342,-14.37299662052401,-35.536894944759155,-27.080235809023463,17.62562726181288,-24.264129149303297,-33.7552903555342
16.104325614490914,-38.55410817734224,-50,-24.510351666317526,-47.37901998398419,-39.72754309839923,16.104325614490914,-38.55410817734224,-50,-24.510351666317526,-47.37901998398419,-39.72754309839923,-1.6769219140171292,-26.1475350410297,-38.18983231607241,21.138123155414757,-33.06066324191102,-24.692207528934148,-1.6769219140171292,-26.1475350410297,-38.18983231607241,21.138123155414757,-33.06066324191102,-24.692207528934148
4.261856822061295,-28.58110000757498,-45.70604260875123,-21.393345493582505,-50,-49.293377907498794,4.261856822061295,-28.58110000757498,-45.70604260875123,-21.393345493582505,-50,-49.293377907498794,11.03921444394007,-21.502221286704227,-50,16.781667102216264,-44.54163763553564,-21.138208471559874,11.03921444394007,-21.502221286704227,-50,16.781667102216264,-44.54163763553564,-21.138208471559874
-8.971997891769137,-22.34963772390673,-35.84843622692588,-11.620007261553468,-50,-50,-8.971997891769137,-22.34963772390673,-35.84843622692588,-11.620007261553468,-50,-50,19.378055444972016,-23.20011212523829,-50,6.053798006828031,-50,-24.302312582481097,19.378055444972016,-23.20011212523829,-50,6.053798006828031,-50,-24.302312582481097
-19.034487235628045,-21.998417427424293,-26.773338513908662,1.4513792091511064,-50,-50,-19.034487235628045,-21.998417427424293,-26.773338513908662,1.4513792091511064,-50,-50,20.45595310942416,-30.656705278829488,-50,-7.357761555854179,-50,-33.10813711960429,20.45595310942416,-30.656705278829488,-50,-7.357761555854179,-50,-33.10813711960429
-22.45627916372397,-27.647981206728204,-21.65869034310087,13.329265109360062,-50,-49.67310951509323,-22.45627916372397,-27.647981206728204,-21.65869034310087,13.329265109360062,-50,-49.67310951509323,13.900160502562157,-41.30505381308168,-50,-18.842766016639647,-50,-44.56006713803055,13.900160502562157,-41.30505381308168,-50,-18.842766016639647,-50,-44.56006713803055
-18.05761268605498,-37.35934596642304,-22.295552261622355,19.932208551479714,-47.71609799092171,-40.21375640897216,-18.05761268605498,-37.35934596642304,-22.295552261622355,19.932208551479714,-47.71609799092171,-40.21375640897216,1.977731055848762,-50,-50,-24.453226278513792,-50,-50,1.977731055848762,-50,-50,-24.453226278513792,-50,-50
-7.355054334841962,-47.79948054908604,-28.460906337811956,18.991326825864466,-33.33366504272709,-30.164579965030555,-7.355054334841962,-47.79948054908604,-28.460906337811956,18.991326825864466,-33.33366504272709,-30.164579965030555,-11.188449378553305,-50,-37.34874518831938,-22.260537435943082,-40.6205152017727,-50,-11.188449378553305,-50,-37.34874518831938,-22.260537435943082,-40.6205152017727,-50
5.961381680603846,-50,-37.99575314959491,10.82992275916926,-23.104204620239692,-22.974407232501306,5.961381680603846,-50,-37.99575314959491,10.82992275916926,-23.104204620239692,-22.974407232501306,-21.04539440784289,-50,-26.492632904018702,-13.018439870411001,-29.622288514799635,-50,-21.04539440784289,-50,-26.492632904018702,-13.018439870411001,-29.622288514799635,-50
17.300471794683062,-50,-47.56115571105633,-1.7476075886307447,-20.53864401673964,-21.110869499075992,17.300471794683062,-50,-47.56115571105633,-1.7476075886307447,-20.53864401673964,-21.110869499075992,-24.184481704797378,-50,-21.203616799381233,0.09608024041891117,-22.486349003643042,-50,-24.184481704797378,-50,-21.203616799381233,0.09608024041891117,-22.486349003643042,-50
22.752739201145214,-50,-50,-14.419412699903077,-26.517527891802136,-25.21352358596836,22.752739201145214,-50,-50,-14.419412699903077,-26.517527891802136,-25.21352358596836,-19.520185985902923,-41.60310003359708,-23.317490412193898,12.574885125516316,-21.657178354873363,-40.79255822200404,-19.520185985902923,-41.60310003359708,-23.317490412193898,12.574885125516316,-21.657178354873363,-40.79255822200404
20.43835820387505,-44.597817277194956,-50,-22.831246658574333,-38.98880015318783,-33.874359148504794,20.43835820387505,-44.597817277194956,-50,-22.831246658574333,-38.98880015318783,-33.874359148504794,-8.665463646974832,-30.91720163118596,-32.10053778445418,20.128365164055673,-27.418816597526266,-29.78931538411929,-8.665463646974832,-30.91720163118596,-32.10053778445418,20.128365164055673,-27.418816597526266,-29.78931538411929
11.155278086158065,-33.987309081568256,-49.5217217232559,-24.092661470876433,-50,-44.12102077789541,11.155278086158065,-33.987309081568256,-49.5217217232559,-24.092661470876433,-50,-44.12102077789541,4.626022406256051,-23.33338222515133,-44.504202948646245,20.159999219412782,-37.79756157973219,-22.56119348183837,4.626022406256051,-23.33338222515133,-44.504202948646245,20.159999219412782,-37.79756157973219,-22.56119348183837
-1.895892809920134,-25.262885286140467,-40.49044196528244,-17.770213736543134,-50,-50,-1.895892809920134,-25.262885286140467,-40.49044196528244,-17.770213736543134,-50,-50,15.757953944522285,-21.462386638811285,-50,12.65891303323677,-49.238078786827415,-21.567095699364465,15.757953944522285,-21.462386638811285,-50,12.65891303323677,-49.238078786827415,-21.567095699364465
-14.215388683116892,-21.418849684484176,-30.61612146199919,-6.036403110131817,-50,-50,-14.215388683116892,-21.418849684484176,-30.61612146199919,-6.036403110131817,-50,-50,20.880806569169224,-25.948308801618598,-50,0.20361726958078563,-50,-27.145199814521273,20.880806569169224,-25.948308801618598,-50,0.20361726958078563,-50,-27.145199814521273
-21.555709699105687,-23.774511225196164,-23.356574962816943,7.076835214327367,-50,-50,-21.555709699105687,-23.774511225196164,-23.356574962816943,7.076835214327367,-50,-50,18.223050685220418,-35.24686114060654,-50,-12.924359749743145,-50,-37.39791497922482,18.223050685220418,-35.24686114060654,-50,-12.924359749743145,-50,-37.39791497922482
-21.386069483170186,-31.521384849192547,-21.253968984465747,17.06357142498123,-50,-45.88661139337594,-21.386069483170186,-31.521384849192547,-21.253968984465747,17.06357142498123,-50,-45.88661139337594,8.70376274277433,-46.15699863035819,-50,-22.212254419358,-50,-48.83741485270665,8.70376274277433,-46.15699863035819,-50,-22.212254419358,-50,-48.83741485270665
-13.76495636928708,-42.00067111887435,-25.04459945350909,20.492194557306675,-41.291365385191696,-35.73393864388374,-13.76495636928708,-42.00067111887435,-25.04459945350909,20.492194557306675,-41.291365385191696,-35.73393864388374,-4.385199859810254,-50,-43.81493169149262,-24.4673377320571,-47.281574105654855,-50,-4.385199859810254,-50,-43.81493169149262,-24.4673377320571,-47.281574105654855,-50
-1.3199678680849798,-50,-33.40105372002588,16.184571887463967,-28.14612872442806,-26.528893587514492,-1.3199678680849798,-50,-33.40105372002588,16.184571887463967,-28.14612872442806,-26.528893587514492,-16.51755336678765,-50,-31.501436715730208,-18.91442110504038,-35.735208021564276,-50,-16.51755336678765,-50,-31.501436715730208,-18.91442110504038,-35.735208021564276,-50
11.658129000337192,-50,-43.39704730642285,5.620875202617262,-20.93431654798597,-21.430601607020616,11.658129000337192,-50,-43.39704730642285,5.620875202617262,-20.93431654798597,-21.430601607020616,-23.49781825354278,-50,-23.016504799729063,-7.462328725093292,-25.957092334758983,-50,-23.49781825354278,-50,-23.016504799729063,-7.462328725093292,-25.957092334758983,-50
20.694762803358582,-50,-50,-7.5690311847057,-22.131147211334014,-22.188770987981556,20.694762803358582,-50,-50,-7.5690311847057,-22.131147211334014,-22.188770987981556,-22.912154666832965,-47.49041708678958,-21.305217386202415,5.952263892465333,-21.29681047264485,-47.84218573163245,-22.912154666832965,-47.49041708678958,-21.305217386202415,5.952263892465333,-21.29681047264485,-47.84218573163245
22.674294640150144,-50,-50,-18.852873023435343,-31.32584778336406,-28.5432017942588,22.674294640150144,-50,-50,-18.852873023435343,-31.32584778336406,-28.5432017942588,-14.963090466148993,-36.64933919331076,-26.96155458655533,16.718068560866,-23.350784833192872,-36.345622044941,-14.963090466148993,-36.64933919331076,-26.96155458655533,16.718068560866,-23.350784833192872,-36.345622044941
16.914224087369934,-40.01389216762682,-50,-24.35333198263489,-45.36263840291371,-38.313085183513834,16.914224087369934,-40.01389216762682,-50,-24.35333198263489,-45.36263840291371,-38.313085183513834,-2.3994852255743515,-26.937040608328886,-38.022227374145224,21.13432228984833,-31.415407615189913,-26.393817999078617,-2.3994852255743515,-26.937040608328886,-38.022227374145224,21.13432228984833,-31.415407615189913,-26.393817999078617
5.400500811337448,-29.78139823516177,-44.95070667604033,-22.180357611772703,-50,-48.145446084737,5.400500811337448,-29.78139823516177,-44.95070667604033,-22.180357611772703,-50,-48.145446084737,10.434050710998203,-21.696999320399247,-50,17.68293062579418,-42.72806813943259,-21.37223429706091,10.434050710998203,-21.696999320399247,-50,17.68293062579418,-42.72806813943259,-21.37223429706091
-7.8971885862576965,-22.87849661793101,-35.022592128733,-13.08062054671742,-50,-50,-7.8971885862576965,-22.87849661793101,-35.022592128733,-13.08062054671742,-50,-50,19.09956248020795,-22.73310990216461,-50,7.550315106956633,-50,-22.9891415410721,19.09956248020795,-22.73310990216461,-50,7.550315106956633,-50,-22.9891415410721
-18.394083974436775,-21.674327672225427,-26.1661824437873,-0.18094388844010711,-50,-50,-18.394083974436775,-21.674327672225427,-26.1661824437873,-0.18094388844010711,-50,-50,20.600436343663418,-29.688689237517565,-50,-5.780421083791486,-50,-30.69449112586737,20.600436343663418,-29.688689237517565,-50,-5.780421083791486,-50,-30.69449112586737
-22.471079353971522,-26.58217343554967,-21.482837762919303,12.086125940923512,-50,-50,-22.471079353971522,-26.58217343554967,-21.482837762919303,12.086125940923512,-50,-50,14.417656303393894,-40.16926538947035,-50,-17.726815543763788,-50,-41.8670338686591,14.417656303393894,-40.16926538947035,-50,-17.726815543763788,-50,-41.8670338686591
-18.72251353731285,-35.9176153684112,-22.612583676618556,19.505416893053788,-49.716506542712246,-41.61524001867486,-18.72251353731285,-35.9176153684112,-22.612583676618556,19.505416893053788,-49.716506542712246,-41.61524001867486,2.6892846116434663,-50,-50,-24.182275607914836,-50,-50,2.6892846116434663,-50,-50,-24.182275607914836,-50,-50
-8.440812192611086,-46.476642541301615,-29.15980287813701,19.527535488111297,-35.138831750176884,-31.43525223935572,-8.440812192611086,-46.476642541301615,-29.15980287813701,19.527535488111297,-35.138831750176884,-31.43525223935572,-10.528899837450371,-50,-37.51513170254601,-22.927726304486278,-42.450864034951714,-50,-10.528899837450371,-50,-37.51513170254601,-22.927726304486278,-42.450864034951714,-50
4.829113004548845,-50,-38.831773441435345,12.144881403856791,-24.094565127034425,-23.678179807904986,4.829113004548845,-50,-38.831773441435345,12.144881403856791,-24.094565127034425,-23.678179807904986,-20.665927184093718,-50,-26.607285831376267,-14.394421011610586,-31.1723314034165,-50,-20.665927184093718,-50,-26.607285831376267,-14.394421011610586,-31.1723314034165,-50
16.512074428268072,-50,-48.24154003540444,-0.10574092546601732,-20.3742895114777,-21.006211150775773,16.512074428268072,-50,-48.24154003540444,-0.10574092546601732,-20.3742895114777,-21.006211150775773,-24.216320057482452,-50,-21.226740628005118,-1.5156974021505965,-23.225104505286126,-50,-24.216320057482452,-50,-21.226740628005118,-1.5156974021505965,-23.225104505286126,-50
22.58003576744644,-50,-50,-13.014811089899462,-25.254867676095223,-24.336352535180673,22.58003576744644,-50,-50,-13.014811089899462,-25.254867676095223,-24.336352535180673,-19.952319919582298,-42.73169908035276,-23.2410589658886,11.28136218646818,-21.33157898041827,-43.499025185955695,-19.952319919582298,-42.73169908035276,-23.2410589658886,11.28136218646818,-21.33157898041827,-43.499025185955695
20.94089316912484,-45.98051439897847,-50,-22.146554900193447,-37.06120099618774,-32.52571610872855,20.94089316912484,-45.98051439897847,-50,-22.146554900193447,-37.06120099618774,-32.52571610872855,-9.348457269461509,-31.928290291605105,-31.951080072102734,19.597747557750605,-26.140399406218084,-32.132122297203566,-9.348457269461509,-31.928290291605105,-31.951080072102734,19.597747557750605,-26.140399406218084,-32.132122297203566
12.159788095783394,-35.39508621607471,-48.89251761727544,-24.36315119799527,-50,-42.76375328905455,12.159788095783394,-35.39508621607471,-48.89251761727544,-24.36315119799527,-50,-42.76375328905455,3.92835457677626,-23.878891229017363,-44.33359506535987,20.5746876172239,-36.00426013407406,-23.743351104458444,3.92835457677626,-23.878891229017363,-44.33359506535987,20.5746876172239,-36.00426013407406,-23.743351104458444
-0.7357414162716096,-26.212580162347837,-39.66009877333015,-18.902940117758128,-50,-50,-0.7357414162716096,-26.212580162347837,-39.66009877333015,-18.902940117758128,-50,-50,15.286871865722205,-21.35452343310392,-50,13.876357619115247,-47.54420498444187,-21.186450999004457,15.286871865722205,-21.35452343310392,-50,13.876357619115247,-47.54420498444187,-21.186450999004457
-13.29959140063688,-21.584518144102667,-29.875410881758036,-7.642142260121973,-50,-50,-13.29959140063688,-21.584518144102667,-29.875410881758036,-7.642142260121973,-50,-50,20.799214760347784,-25.224205508141218,-50,1.8053194728278399,-50,-25.331242647380215,20.799214760347784,-25.224205508141218,-50,1.8053194728278399,-50,-25.331242647380215
-21.200013928957677,-23.09929430438659,-22.96488091529202,5.549842344468981,-50,-50,-21.200013928957677,-23.09929430438659,-22.96488091529202,5.549842344468981,-50,-50,18.559164344944804,-34.15579174965079,-50,-11.488987685242819,-50,-34.767727502287435,18.559164344944804,-34.15579174965079,-50,-11.488987685242819,-50,-34.767727502287435
-21.713111552386138,-30.237023306413402,-21.348455890676068,16.140025334439585,-50,-47.14405068859347,-21.713111552386138,-30.237023306413402,-21.348455890676068,16.140025334439585,-50,-47.14405068859347,9.341350673486202,-45.07456593674429,-50,-21.43662399206638,-50,-46.2857490429482,9.341350673486202,-45.07456593674429,-50,-21.43662399206638,-50,-46.2857490429482
-14.661979136738049,-40.547969840502184,-25.592179647542608,20.489441256199502,-43.29324134122231,-37.13919284360991,-14.661979136738049,-40.547969840502184,-25.592179647542608,20.489441256199502,-43.29324134122231,-37.13919284360991,-3.666621433736536,-50,-43.98585284523232,-24.61807317191845,-48.985090925247945,-50,-3.666621433736536,-50,-43.98585284523232,-24.61807317191845,-48.985090925247945,-50
-2.477696985587433,-50,-34.20997417231618,17.103557456479408,-29.662780187674198,-27.599686485126877,-2.477696985587433,-50,-34.20997417231618,17.103557456479408,-29.662780187674198,-27.599686485126877,-15.966475479815312,-50,-31.648829349245204,-19.939706857682012,-37.52309945785962,-50,-15.966475479815312,-50,-31.648829349245204,-19.939706857682012,-37.52309945785962,-50
10.638853878741967,-50,-44.18403818892461,7.1458207037389325,-21.445202571345718,-21.799442440463938,10.638853878741967,-50,-44.18403818892461,7.1458207037389325,-21.445202571345718,-21.799442440463938,-23.3048087118218,-50,-23.089209597415664,-9.009721133520955,-27.216899738583407,-50,-23.3048087118218,-50,-23.089209597415664,-9.009721133520955,-27.216899738583407,-50
20.165366034208066,-50,-50,-5.962122740244827,-21.46092289790106,-21.7290754296408,20.165366034208066,-50,-50,-5.962122740244827,-21.46092289790106,-21.7290754296408,-23.14395794660037,-48.51462545775371,-21.277998842040272,4.414683503437059,-21.59697523528916,-50,-23.14395794660037,-48.51462545775371,-21.277998842040272,4.414683503437059,-21.59697523528916,-50
22.817300955982407,-50,-50,-17.716162473835595,-29.704545680063006,-27.412735058513654,22.817300955982407,-50,-50,-17.716162473835595,-29.704545680063006,-27.412735058513654,-15.539546859443462,-37.774016737416105,-26.843860133958692,15.718845968682434,-22.58848275553338,-39.02156487353689,-15.539546859443462,-37.774016737416105,-26.843860133958692,15.718845968682434,-22.58848275553338,-39.02156487353689
17.68032795579484,-41.47022567275123,-50,-24.077412240660603,-43.346717361925315,-36.89981779493862,17.68032795579484,-41.47022567275123,-50,-24.077412240660603,-43.346717361925315,-36.89981779493862,-3.1212508051430694,-27.775014857590442,-37.85490822461279,21.016941897399565,-29.851772282446447,-28.368663067574722,-3.1212508051430694,-27.775014857590442,-37.85490822461279,21.016941897399565,-29.851772282446447,-28.368663067574722
6.525565932647517,-31.044718999896354,-44.17854836785457,-22.860039353494358,-50,-46.93440433625301,6.525565932647517,-31.044718999896354,-44.17854836785457,-22.860039353494358,-50,-46.93440433625301,9.81656912663573,-21.959795982882635,-50,18.487742135267208,-40.898737210723816,-21.9741676968272,9.81656912663573,-21.959795982882635,-50,18.487742135267208,-40.898737210723816,-21.9741676968272
-6.801060707711515,-23.51522114758766,-34.20424450215874,-14.482353664464139,-50,-50,-6.801060707711515,-23.51522114758766,-34.20424450215874,-14.482353664464139,-50,-50,18.799895707024874,-22.330260707273972,-50,9.000663243605969,-50,-22.013394180858068,18.799895707024874,-22.330260707273972,-50,9.000663243605969,-50,-22.013394180858068
-17.704814889214884,-21.465926156776938,-25.588216558815272,-1.8230692460600466,-50,-50,-17.704814889214884,-21.465926156776938,-25.588216558815272,-1.8230692460600466,-50,-50,20.72221191034772,-28.758875817004522,-50,-4.18309586775896,-50,-28.47299823358675,20.72221191034772,-28.758875817004522,-50,-4.18309586775896,-50,-28.47299823358675
-22.426314364724213,-25.60017122302198,-21.347647187901693,10.76787030684574,-50,-50,-22.426314364724213,-25.60017122302198,-21.347647187901693,10.76787030684574,-50,-50,14.918763098006039,-39.03257785153608,-50,-16.531596407942722,-50,-39.15551539762114,14.918763098006039,-39.03257785153608,-50,-16.531596407942722,-50,-39.15551539762114
-19.337686659065344,-34.49904479689715,-22.967509792070786,18.964005847632055,-50,-42.9963191328255,-19.337686659065344,-34.49904479689715,-22.967509792070786,18.964005847632055,-50,-42.9963191328255,3.396435291770322,-49.61462457493816,-50,-23.800021088135846,-50,-50,3.396435291770322,-49.61462457493816,-50,-23.800021088135846,-50,-50
-9.503824833049444,-45.108370290288796,-29.880556751313065,19.9490069961618,-37.01063180342442,-32.75209383722155,-9.503824833049444,-45.108370290288796,-29.880556751313065,19.9490069961618,-37.01063180342442,-32.75209383722155,-9.860244486527828,-50,-37.68183614669441,-23.48983701809487,-44.267837665912836,-50,-9.860244486527828,-50,-37.68183614669441,-23.48983701809487,-44.267837665912836,-50
3.6847649670720792,-50,-39.66595964192946,13.384410748099016,-25.22304214967778,-24.478850445227224,3.6847649670720792,-50,-39.66595964192946,13.384410748099016,-25.22304214967778,-24.478850445227224,-20.266994337894765,-50,-26.722947980622745,-15.707670480009984,-32.80608703642754,-50,-20.266994337894765,-50,-26.722947980622745,-15.707670480009984,-32.80608703642754,-50
15.680937828267897,-50,-48.89704111099819,1.525923070573136,-20.3721307211219,-21.015924672994572,15.680937828267897,-50,-48.89704111099819,1.525923070573136,-20.3721307211219,-21.015924672994572,-24.225064366517532,-50,-21.25121467414022,-3.1286539693395223,-24.115984127691274,-50,-24.225064366517532,-50,-21.25121467414022,-3.1286539693395223,-24.115984127691274,-50
22.348668805610405,-50,-50,-11.55167970523365,-24.12281400683333,-23.551775310095522,22.348668805610405,-50,-50,-11.55167970523365,-24.12281400683333,-23.551775310095522,-20.365717521293124,-43.84983888918491,-23.165850078334408,9.923154982650136,-21.17440358691801,-46.156238671967444,-20.365717521293124,-43.84983888918491,-23.165850078334408,9.923154982650136,-21.17440358691801,-46.156238671967444
21.38906624695153,-47.321000258876076,-50,-21.3547127429019,-35.18779279723778,-31.216111112383324,21.38906624695153,-47.321000258876076,-50,-21.3547127429019,-35.18779279723778,-31.216111112383324,-10.023551467729288,-32.969225897912835,-31.80229291513242,18.961175668499298,-24.989010872907407,-34.63997834826705,-10.023551467729288,-32.969225897912835,-31.80229291513242,18.961175668499298,-24.989010872907407,-34.63997834826705
13.132980679850881,-36.82941786645623,-48.236835697510344,-24.51468858585724,-49.76937548102071,-41.37857040029269,13.132980679850881,-36.82941786645623,-48.236835697510344,-24.51468858585724,-49.76937548102071,-41.37857040029269,3.2250175701542867,-24.484278492457165,-44.162872987353175,20.87857367224002,-34.25307718877687,-25.24871313642963,3.2250175701542867,-24.484278492457165,-44.162872987353175,20.87857367224002,-34.25307718877687,-25.24871313642963
0.42693459511440646,-27.24848157414003,-38.825892512928945,-19.94578624898689,-50,-50,0.42693459511440646,-27.24848157414003,-38.825892512928945,-19.94578624898689,-50,-50,14.79851246206108,-21.31595659141965,-50,15.01624028919015,-45.79311144524635,-21.177216484584775,14.79851246206108,-21.31595659141965,-50,15.01624028919015,-45.79311144524635,-21.177216484584775
-12.34829789155837,-21.866458270230545,-29.154804757570247,-9.217957618908372,-50,-50,-12.34829789155837,-21.866458270230545,-29.154804757570247,-9.217957618908372,-50,-50,20.69471213692627,-24.554961272827185,-50,3.389362222878005,-50,-23.8105530356512,20.69471213692627,-24.554961272827185,-50,3.389362222878005,-50,-23.8105530356512
-20.78808866639181,-22.53050865827541,-22.610218618602907,3.982534487778249,-50,-50,-20.78808866639181,-22.53050865827541,-22.610218618602907,3.982534487778249,-50,-50,18.874656470919618,-33.08625877177456,-50,-10.005302145372568,-50,-32.25289954288399,18.874656470919618,-33.08625877177456,-50,-10.005302145372568,-50,-32.25289954288399
-21.98257759494766,-29.01272443823443,-21.48393396950579,15.119778388325521,-50,-48.34492885926507,-21.98257759494766,-29.01272443823443,-21.48393396950579,15.119778388325521,-50,-48.34492885926507,9.967737467496926,-43.972933058343926,-50,-20.563314997137777,-50,-43.63229106302711,9.967737467496926,-43.972933058343926,-50,-20.563314997137777,-50,-43.63229106302711
-15.519930331211215,-39.08834856530891,-26.170356042557128,20.366829275381615,-45.30897185136161,-38.55331444490045,-15.519930331211215,-39.08834856530891,-26.170356042557128,20.366829275381615,-45.30897185136161,-38.55331444490045,-2.9459502911345115,-50,-44.15668184264564,-24.655342119506077,-50,-50,-2.9459502911345115,-50,-44.15668184264564,-24.655342119506077,-50,-50
-3.628330030125199,-49.299332662467734,-35.0283815982195,17.920711985126378,-31.28150832115324,-28.741732062587367,-3.628330030125199,-49.299332662467734,-35.0283815982195,17.920711985126378,-31.28150832115324,-28.741732062587367,-15.400734703724781,-50,-31.79691169348145,-20.874742486003573,-39.34003491080508,-50,-15.400734703724781,-50,-31.79691169348145,-20.874742486003573,-39.34003491080508,-50
9.592252755250437,-50,-44.956084645044385,8.621953666440495,-22.11135290683219,-22.277467669007216,9.592252755250437,-50,-44.956084645044385,8.621953666440495,-22.11135290683219,-22.277467669007216,-23.08963667042603,-50,-23.163146577407804,-10.52110341365624,-28.594469062416636,-50,-23.08963667042603,-50,-23.163146577407804,-10.52110341365624,-28.594469062416636,-50
19.583642611848912,-50,-50,-4.3342355209432215,-20.94586114798492,-21.37902444383227,19.583642611848912,-50,-50,-4.3342355209432215,-20.94586114798492,-21.37902444383227,-23.353763112536303,-49.50679920675605,-21.252127266866015,2.846494706084667,-22.0632793929166,-50,-23.353763112536303,-49.50679920675605,-21.252127266866015,2.846494706084667,-22.0632793929166,-50
22.90102108302781,-50,-50,-16.495890496930798,-28.185049923041323,-26.354743604322326,22.90102108302781,-50,-50,-16.495890496930798,-28.185049923041323,-26.354743604322326,-16.10177667501185,-38.906731544073274,-26.727159910197578,14.632918122057852,-21.983784970611374,-41.73266872715963,-16.10177667501185,-38.906731544073274,-26.727159910197578,14.632918122057852,-21.983784970611374,-41.73266872715963
18.400626715253367,-42.91364796005681,-50,-23.684061534400797,-41.344304755596305,-35.49698324312188,18.400626715253367,-42.91364796005681,-50,-23.684061534400797,-41.344304755596305,-35.49698324312188,-3.841481024628622,-28.658331410396272,-37.68788547143961,20.786564477641697,-28.383217340724322,-30.579510564115765,-3.841481024628622,-28.658331410396272,-37.68788547143961,20.786564477641697,-28.383217340724322,-30.579510564115765
7.634099650966875,-32.36285543159028,-43.3914590805651,-23.42877185347405,-50,-45.66817248238357,7.634099650966875,-32.36285543159028,-43.3914590805651,-23.42877185347405,-50,-45.66817248238357,9.187400743063298,-22.289630812265884,-50,19.192107757798727,-39.06939210921584,-22.932660293605814,9.187400743063298,-22.289630812265884,-50,19.192107757798727,-39.06939210921584,-22.932660293605814
-5.68649085046169,-24.255674979724745,-33.39539788398443,-15.817743293369984,-50,-50,-5.68649085046169,-24.255674979724745,-33.39539788398443,-15.817743293369984,-50,-50,18.479361378085965,-21.993067521154295,-50,10.397645071860007,-50,-21.39346647248531,18.479361378085965,-21.993067521154295,-50,10.397645071860007,-50,-21.39346647248531
-16.968488845135564,-21.374566713163322,-25.040856582382347,-3.4662536092310083,-50,-50,-16.968488845135564,-21.374566713163322,-25.040856582382347,-3.4662536092310083,-50,-50,20.82115535760271,-27.87073403631746,-50,-2.573712625646175,-50,-26.48554071647593,20.82115535760271,-27.87073403631746,-50,-2.573712625646175,-50,-26.48554071647593
-22.322101673802774,-24.70835391863929,-21.253449766415276,9.381517064989977,-50,-50,-22.322101673802774,-24.70835391863929,-21.253449766415276,9.381517064989977,-50,-50,15.402968766590455,-37.899232040087526,-50,-15.263039877783216,-50,-36.476632554147244,15.402968766590455,-37.899232040087526,-50,-15.263039877783216,-50,-36.476632554147244
-19.901517637929825,-33.11284966640467,-23.359461218943558,18.310858078542026,-50,-44.34796194185114,-19.901517637929825,-33.11284966640467,-23.359461218943558,18.310858078542026,-50,-44.34796194185114,4.098460404231282,-48.62623126888279,-50,-23.308359655198288,-50,-47.96791614037819,4.098460404231282,-48.62623126888279,-50,-23.308359655198288,-50,-47.96791614037819
-10.541302566926552,-43.70355245920446,-30.621402475769386,20.25349728708012,-38.93695011995011,-34.10649304158158,-10.541302566926552,-43.70355245920446,-30.621402475769386,20.25349728708012,-38.93695011995011,-34.10649304158158,-9.183166676428112,-50,-37.848847955757456,-23.944080105343836,-46.055795209038756,-50,-9.183166676428112,-50,-37.848847955757456,-23.944080105343836,-46.055795209038756,-50
2.5313407078114363,-50,-40.496268417818065,14.541911100561691,-26.482331707048992,-25.371183018128004,2.5313407078114363,-50,-40.496268417818065,14.541911100561691,-26.482331707048992,-25.371183018128004,-19.84900356959027,-50,-26.839612021592693,-16.95167128210646,-34.509491706709234,-50,-19.84900356959027,-50,-26.839612021592693,-16.95167128210646,-34.509491706709234,-50
14.80924316613232,-50,-49.52605329254109,3.1386968449871064,-20.532181618277523,-21.139946542446783,14.80924316613232,-50,-49.52605329254109,3.1386968449871064,-20.532181618277523,-21.139946542446783,-24.210705695416596,-50,-21.277037386727237,-4.734785172758725,-25.151318994417245,-50,-24.210705695416596,-50,-21.277037386727237,-4.734785172758725,-25.151318994417245,-50
22.059245497430087,-50,-50,-10.037808773353737,-23.1286940147086,-22.864922791358502,22.059245497430087,-50,-50,-10.037808773353737,-23.1286940147086,-22.864922791358502,-20.759956308038266,-44.95334781857335,-23.091868515942316,8.507003610087835,-21.18700517273739,-48.714101674137055,-20.759956308038266,-44.95334781857335,-23.091868515942316,8.507003610087835,-21.18700517273739,-48.714101674137055
21.78170128614012,-48.61056670157266,-50,-20.459936233577505,-33.380701047457435,-29.95410855149362,21.78170128614012,-48.61056670157266,-50,-20.459936233577505,-33.380701047457435,-29.95410855149362,-10.690056310779408,-34.03612484793075,-31.654185743030162,18.221808480916714,-23.974562388741536,-37.265602398608095,-10.690056310779408,-34.03612484793075,-31.654185743030162,18.221808480916714,-23.974562388741536,-37.265602398608095
14.072301866029731,-38.28098622999774,-47.55628205223363,-24.546466795971487,-47.76953703763711,-39.974530758543914,14.072301866029731,-38.28098622999774,-47.55628205223363,-24.546466795971487,-47.76953703763711,-39.974530758543914,2.516730180900126,-25.14728539036405,-43.99204753425113,21.07014935152851,-32.559087289599375,-27.048898670077225,2.516730180900126,-25.14728539036405,-43.99204753425113,21.07014935152851,-32.559087289599375,-27.048898670077225
1.5890839860643293,-28.36386002838251,-37.989866566474646,-20.8931996496807,-50,-49.48723067343346,1.5890839860643293,-28.36386002838251,-37.989866566474646,-20.8931996496807,-50,-49.48723067343346,14.293374825801866,-21.346830001881223,-50,16.072904381773423,-43.99987194537336,-21.5395662563521,14.293374825801866,-21.346830001881223,-50,16.072904381773423,-43.99987194537336,-21.5395662563521
-11.364004657951387,-22.262838504264128,-28.456068209093118,-10.755458989828014,-50,-50,-11.364004657951387,-22.262838504264128,-28.456068209093118,-10.755458989828014,-50,-50,20.567405498221785,-23.943072963258114,-50,4.947884716005908,-50,-22.61180086110074,20.567405498221785,-23.943072963258114,-50,4.947884716005908,-50,-22.61180086110074
-20.321014936623623,-22.07184927082258,-22.293456815562195,2.3832565439818225,-50,-50,-20.321014936623623,-22.07184927082258,-22.293456815562195,2.3832565439818225,-50,-50,19.16920463732913,-32.04225250241141,-50,-8.480665911733382,-50,-29.9008436825912,19.16920463732913,-32.04225250241141,-50,-8.480665911733382,-50,-29.9008436825912
-22.19376044474183,-27.856441618146746,-21.66007136834911,14.008262741158276,-50,-49.48139255155046,-22.19376044474183,-27.856441618146746,-21.66007136834911,14.008262741158276,-50,-49.48139255155046,10.582282971673038,-42.85621005135865,-50,-19.59666122581223,-50,-40.92706711549776,10.582282971673038,-42.85621005135865,-50,-19.59666122581223,-50,-40.92706711549776
-16.33655841108367,-37.63128938418849,-26.777712399520016,20.125011444276947,-47.32551025422864,-39.96705555102499,-16.33655841108367,-37.63128938418849,-26.777712399520016,20.125011444276947,-47.32551025422864,-39.96705555102499,-2.22392294160902,-50,-44.32740785732908,-24.578959627865785,-50,-50,-2.22392294160902,-50,-44.32740785732908,-24.578959627865785,-50,-50
-4.768847368167612,-48.04157345037264,-35.85427131447453,18.631684654534386,-32.99183603096636,-29.947561712138267,-4.768847368167612,-48.04157345037264,-35.85427131447453,18.631684654534386,-32.99183603096636,-29.947561712138267,-14.820909212791125,-50,-31.945674363626363,-21.714887880671,-41.17037382341876,-50,-14.820909212791125,-50,-31.945674363626363,-21.714887880671,-41.17037382341876,-50
8.521072249960755,-50,-45.71129555239187,10.041414638289941,-22.92845594740657,-22.861551162659907,8.521072249960755,-50,-45.71129555239187,10.041414638289941,-22.92845594740657,-22.861551162659907,-22.8525220303142,-50,-23.2383110538993,-11.988975338971896,-30.077941903991935,-50,-22.8525220303142,-50,-23.2383110538993,-11.988975338971896,-30.077941903991935,-50
18.95111916682599,-50,-50,-2.6940369724117983,-20.589295659323284,-21.14090725049587,18.95111916682599,-50,-50,-2.6940369724117983,-20.589295659323284,-21.14090725049587,-23.54135574850736,-50,-21.22760430030789,1.2554796289749905,-22.69170890268799,-50,-23.54135574850736,-50,-21.22760430030789,1.2554796289749905,-22.69170890268799,-50
22.92523531257556,-50,-50,-15.198554251038907,-26.777195332237454,-25.376146352731652,22.92523531257556,-50,-50,-15.198554251038907,-26.777195332237454,-25.376146352731652,-16.649205326701306,-40.043257594243315,-26.6114613112261,13.465673932157426,-21.541896842297405,-44.42782059344816,-16.649205326701306,-40.043257594243315,-26.6114613112261,13.465673932157426,-21.541896842297405,-44.42782059344816
19.073230068663843,-44.33478217160912,-50,-23.175374201726115,-39.36836104619497,-34.113755611150346,19.073230068663843,-44.33478217160912,-50,-23.175374201726115,-39.36836104619497,-34.113755611150346,-4.55943982503962,-29.583694721788817,-37.52116969979871,20.444333277295062,-27.02238441534754,-32.98467891487781,-4.55943982503962,-29.583694721788817,-37.52116969979871,20.444333277295062,-27.02238441534754,-32.98467891487781
8.723192815023014,-33.72724456280235,-42.5913667838719,-23.883526979325033,-50,-44.355031268865545,8.723192815023014,-33.72724456280235,-42.5913667838719,-23.883526979325033,-50,-44.355031268865545,8.547188556135985,-22.68527323553998,-50,19.79253208273519,-37.255780216708644,-24.229641424442303,8.547188556135985,-22.68527323553998,-50,19.79253208273519,-37.255780216708644,-24.229641424442303
-4.556404006567926,-25.095047927851816,-32.59803353833976,-17.07967934814306,-50,-50,-4.556404006567926,-25.095047927851816,-32.59803353833976,-17.07967934814306,-50,-50,18.13828707222433,-21.722788369934708,-50,11.734328076825546,-48.736540429939396,-21.141046043699507,18.13828707222433,-21.722788369934708,-50,11.734328076825546,-48.736540429939396,-21.141046043699507
-16.187038200062826,-21.400842836809247,-24.52544326891953,-5.101748084953758,-50,-50,-16.187038200062826,-21.400842836809247,-24.52544326891953,-5.101748084953758,-50,-50,20.897165567463567,-27.02757744273834,-50,-0.9602579132356092,-50,-24.76958852999362,20.897165567463567,-27.02757744273834,-50,-0.9602579132356092,-50,-24.76958852999362
-22.158714769038372,-23.912515006567595,-21.200476234384638,7.934447648894796,-50,-50,-22.158714769038372,-23.912515006567595,-21.200476234384638,7.934447648894796,-50,-50,15.869778461907458,-36.773456328362435,-50,-13.927441158319677,-50,-33.880890881119846,15.869778461907458,-36.773456328362435,-50,-13.927441158319677,-50,-33.880890881119846
-20.412526798924336,-31.76803507192389,-23.787477874960224,17.549451174831244,-50,-45.66132914006909,-20.412526798924336,-31.76803507192389,-23.787477874960224,17.549451174831244,-50,-45.66132914006909,4.794642495242504,-47.60538695336925,-50,-22.709731176348345,-50,-45.37541899036715,4.794642495242504,-47.60538695336925,-50,-22.709731176348345,-50,-45.37541899036715
-11.550522716871543,-42.27131512109149,-31.380525355091127,20.439385147182673,-40.905318751949835,-35.489592520821596,-11.550522716871543,-42.27131512109149,-31.380525355091127,20.439385147182673,-40.905318751949835,-35.489592520821596,-8.498358365356403,-50,-38.01615654525093,-24.288201387327483,-47.79934555520169,-50,-8.498358365356403,-50,-38.01615654525093,-24.288201387327483,-47.79934555520169,-50
1.371867185348439,-50,-41.320665933566374,15.611219521189376,-27.864283143912676,-26.349341960931618,1.371867185348439,-50,-41.320665933566374,15.611219521189376,-27.864283143912676,-26.349341960931618,-19.41238205628971,-50,-26.957270560625105,-18.120250070535526,-36.26788215379711,-50,-19.41238205628971,-50,-26.957270560625105,-18.120250070535526,-36.26788215379711,-50
13.89927805079347,-50,-50,4.723993421470119,-20.853406285767935,-21.377465696322126,13.89927805079347,-50,-50,4.723993421470119,-20.853406285767935,-21.377465696322126,-24.173258718416687,-50,-21.304207129235376,-6.3261205948582315,-26.322196728333587,-50,-24.173258718416687,-50,-21.304207129235376,-6.3261205948582315,-26.322196728333587,-50
21.712525383344172,-50,-50,-8.481258676949897,-22.278942065249574,-22.28028677172,21.712525383344172,-50,-50,-8.481258676949897,-22.278942065249574,-22.28028677172,-21.134633376696076,-46.038108813,-23.019118967344014,7.039935712436167,-21.369275260813698,-50,-21.134633376696076,-46.038108813,-23.019118967344014,7.039935712436167,-21.369275260813698,-50
22.11776788526482,-49.84083635792333,-50,-19.46698947789114,-31.651622009826852,-28.747961513584528,22.11776788526482,-49.84083635792333,-50,-19.46698947789114,-31.651622009826852,-28.747961513584528,-11.34729064573983,-35.125006673457904,-31.506767942186265,17.38331510074051,-23.105786536535707,-39.95949300459519,-11.34729064573983,-35.125006673457904,-31.506767942186265,17.38331510074051,-23.105786536535707,-39.95949300459519
14.975286571500263,-39.74036152967094,-46.852523692835845,-24.458316629941145,-45.7545806672203,-38.56081632778449,14.975286571500263,-39.74036152967094,-46.852523692835845,-24.458316629941145,-45.7545806672203,-38.56081632778449,1.8042162627028393,-25.865438325892956,-43.82112953223017,21.148463961799745,-30.93687265271324,-29.10996842811734,1.8042162627028393,-25.865438325892956,-43.82112953223017,21.148463961799745,-30.93687265271324,-29.10996842811734
2.7476569004270486,-29.551469727782482,-37.15406877367131,-21.740135956797076,-50,-48.35112856538471,2.7476569004270486,-29.551469727782482,-37.15406877367131,-21.740135956797076,-50,-48.35112856538471,13.771975196181689,-21.44702847960753,-50,17.04110620692374,-42.17992306212916,-22.26666885768826,13.771975196181689,-21.44702847960753,-50,17.04110620692374,-42.17992306212916,-22.26666885768826
-10.349294803844023,-22.771083853997183,-27.780912786611317,-12.246460173400283,-50,-50,-10.349294803844023,-22.771083853997183,-27.780912786611317,-12.246460173400283,-50,-50,20.41742494873917,-23.390823459137593,-50,6.473152792628019,-50,-21.75758645111609,20.41742494873917,-23.390823459137593,-50,6.473152792628019,-50,-21.75758645111609
-19.800018492296317,-21.726295716303696,-22.015371411990706,0.7605236328166884,-50,-50,-19.800018492296317,-21.726295716303696,-22.015371411990706,0.7605236328166884,-50,-50,19.442507822610484,-31.027668000004322,-50,-6.922644983526291,-50,-27.755903726276756,19.442507822610484,-31.027668000004322,-50,-6.922644983526291,-50,-27.755903726276756
-22.3461058896179,-26.775686369168305,-21.87643663988043,12.81139649420634,-50,-50,-22.3461058896179,-26.775686369168305,-21.87643663988043,12.81139649420634,-50,-50,11.184359134411416,-41.728563271395934,-50,-18.541459692290363,-50,-38.22107935761236,11.184359134411416,-41.728563271395934,-50,-18.541459692290363,-50,-38.22107935761236
-17.109720279954743,-36.18625774399148,-27.4127610032861,19.76527528629243,-49.32980465941864,-41.371170753576074,-17.109720279954743,-36.18625774399148,-27.4127610032861,19.76527528629243,-49.32980465941864,-41.371170753576074,-1.5012772807776962,-50,-44.498020069413045,-24.389304744706113,-50,-49.59301100721671,-1.5012772807776962,-50,-44.498020069413045,-24.389304744706113,-50,-49.59301100721671
-5.89625591307197,-46.728213784550526,-36.68562031000216,19.232689995495324,-34.78269335197281,-31.209289698879733,-5.89625591307197,-46.728213784550526,-36.68562031000216,19.232689995495324,-34.78269335197281,-31.209289698879733,-14.227591575549365,-50,-32.095107931744906,-22.455973824634075,-42.99836025896868,-50,-14.227591575549365,-50,-32.095107931744906,-22.455973824634075,-42.99836025896868,-50
7.428123487224444,-50,-46.44782102713729,11.39664590851687,-23.89122305620489,-23.547873204771292,7.428123487224444,-50,-46.44782102713729,11.39664590851687,-23.89122305620489,-23.547873204771292,-22.593707117284534,-50,-23.314698263291568,-13.40605260284506,-31.65454822160413,-50,-22.593707117284534,-50,-23.314698263291568,-13.40605260284506,-31.65454822160413,-50
18.26945564538592,-50,-50,-1.0502600901171792,-20.393534274739036,-21.016281058862976,18.26945564538592,-50,-50,-1.0502600901171792,-20.393534274739036,-21.016281058862976,-23.70654413908327,-50,-21.20443149652517,-0.3504663240306387,-23.47685411312631,-50,-23.70654413908327,-50,-21.20443149652517,-0.3504663240306387,-23.47685411312631,-50
22.889880098649975,-50,-50,-13.83106121182347,-25.490094138689948,-24.483343012442305,22.889880098649975,-50,-50,-13.83106121182347,-25.490094138689948,-24.483343012442305,-17.181273354813648,-41.17935464961484,-26.49677166952136,12.222905842065835,-21.26662223518963,-47.05620820622077,-17.181273354813648,-41.17935464961484,-26.49677166952136,12.222905842065835,-21.26662223518963,-47.05620820622077
19.6963728871275,-45.72439623878588,-50,-22.55405867337729,-37.43167537808098,-32.759180759204945,19.6963728871275,-45.72439623878588,-50,-22.55405867337729,-37.43167537808098,-32.759180759204945,-5.274393468723584,-30.54765237554915,-37.35477147541513,19.99194661687131,-25.780987838202602,-35.53882297401606,-5.274393468723584,-30.54765237554915,-37.35477147541513,19.99194661687131,-25.780987838202602,-35.53882297401606
9.789987291850071,-35.129022956156675,-41.78023129825357,-24.221883454393218,-50,-43.003568213429745,9.789987291850071,-35.129022956156675,-41.78023129825357,-24.221883454393218,-50,-43.003568213429745,7.8965868482260575,-23.14524715969131,-50,20.286035507556093,-35.47351348028696,-25.840658830734533,7.8965868482260575,-23.14524715969131,-50,20.286035507556093,-35.47351348028696,-25.840658830734533
-3.413765889677823,-26.027887200393263,-31.81410460360821,-18.26144283621686,-50,-50,-3.413765889677823,-26.027887200393263,-31.81410460360821,-18.26144283621686,-50,-50,17.777021359664836,-21.520431631745303,-50,13.004078976199267,-47.023935390759064,-21.26089183004622,17.777021359664836,-21.520431631745303,-50,13.004078976199267,-47.023935390759064,-21.26089183004622
-15.362513733419027,-21.544583830975085,-24.043239119730504,-6.720844723901587,-50,-50,-15.362513733419027,-21.544583830975085,-24.043239119730504,-6.720844723901587,-50,-50,20.95016485921531,-26.232551749377343,-50,0.6492615090483693,-50,-23.357492882376068,20.95016485921531,-26.232551749377343,-50,0.6492615090483693,-50,-23.357492882376068
-21.93658243055204,-23.21782446961646,-21.188856350105706,6.434366766428061,-50,-50,-21.93658243055204,-23.21782446961646,-21.188856350105706,6.434366766428061,-50,-50,16.31871511500853,-35.659450846491524,-50,-12.531428151094392,-50,-31.417228443360493,16.31871511500853,-35.659450846491524,-50,-12.531428151094392,-50,-31.417228443360493
-20.869373088613695,-30.473337289395197,-24.250511336317775,16.683839135356294,-50,-46.927831731874555,-20.869373088613695,-30.473337289395197,-24.250511336317775,16.683839135356294,-50,-46.927831731874555,5.484270082455887,-46.55590027245152,-50,-22.007106342229857,-50,-42.698292314541476,5.484270082455887,-46.55590027245152,-50,-22.007106342229857,-50,-42.698292314541476
-12.528836762559829,-40.82096247345743,-32.15606592309888,20.505680843950522,-42.90299758417236,-36.89234725283022,-12.528836762559829,-40.82096247345743,-32.15606592309888,20.505680843950522,-42.90299758417236,-36.89234725283022,-7.806519411915001,-50,-38.18375131188196,-24.520493164014102,-49.48347986163823,-50,-7.806519411915001,-50,-38.18375131188196,-24.520493164014102,-49.48347986163823,-50
0.20938723348919858,-50,-42.13713283322997,16.586642634871552,-29.359951885410748,-27.406930431329258,0.20938723348919858,-50,-42.13713283322997,16.586642634871552,-29.359951885410748,-27.406930431329258,-18.957576015302514,-50,-27.075916141030298,-19.207607779274394,-38.066121788254556,-50,-18.957576015302514,-50,-27.075916141030298,-19.207607779274394,-38.066121788254556,-50
12.953430525239556,-50,-50,6.273372122015246,-21.33372562152922,-21.726928836372046,12.953430525239556,-50,-50,6.273372122015246,-21.33372562152922,-21.726928836372046,-24.112761705481187,-50,-21.332722179763806,-7.8947632420664045,-27.618538171220294,-50,-24.112761705481187,-50,-21.332722179763806,-7.8947632420664045,-27.618538171220294,-50
21.309418369153253,-50,-50,-6.8903170376345395,-21.57905811288301,-21.801690581174782,21.309418369153253,-50,-50,-6.8903170376345395,-21.57905811288301,-21.801690581174782,-21.48936581577826,-47.10007476318251,-22.94760604309041,5.529231606334985,-21.71964483244987,-50,-21.48936581577826,-47.10007476318251,-22.94760604309041,5.529231606334985,-21.71964483244987,-50
22.39638409679591,-50,-50,-18.381159274519806,-30.01174701602028,-27.605557809179587,22.39638409679591,-50,-50,-18.381159274519806,-30.01174701602028,-27.605557809179587,-11.99458279398807,-36.23180889089409,-31.360048855301677,16.449856546907796,-22.39016191890009,-42.67086167888853,-11.99458279398807,-36.23180889089409,-31.360048855301677,16.449856546907796,-22.39016191890009,-42.67086167888853
15.839565072129083,-41.198063272498594,-46.12728447049237,-24.250707430335286,-43.73754802059118,-37.146672341981535,15.839565072129083,-41.198063272498594,-46.12728447049237,-24.250707430335286,-43.73754802059118,-37.146672341981535,1.088203988668457,-26.6360579591438,-43.650129813334516,21.113128867216755,-29.40039763794729,-31.39306462799806,1.088203988668457,-26.6360579591438,-43.650129813334516,21.113128867216755,-29.40039763794729,-31.39306462799806
3.899612867883604,-30.80359564151833,-36.32054641536222,-22.482085782776313,-50,-47.150571434885336,3.899612867883604,-30.80359564151833,-36.32054641536222,-22.482085782776313,-50,-47.150571434885336,13.234846431826998,-21.616178196453763,-50,17.91604106823606,-40.3489312927194,-23.344816070001706,13.234846431826998,-21.616178196453763,-50,17.91604106823606,-40.3489312927194,-23.344816070001706
-9.306831256321423,-23.38789262145688,-27.130992278606456,-13.68302255353974,-50,-50,-9.306831256321423,-23.38789262145688,-27.130992278606456,-13.68302255353974,-50,-50,20.244923765207165,-22.900273135155807,-50,7.957597318025869,-50,-21.26401449001713,20.244923765207165,-22.900273135155807,-50,7.957597318025869,-50,-21.26401449001713
-19.226466596709102,-21.496092803196387,-21.776643576137253,-0.8770242434603621,-50,-50,-19.226466596709102,-21.496092803196387,-21.776643576137253,-0.8770242434603621,-50,-50,19.694286717090943,-30.046290554015783,-50,-5.33897103132414,-50,-25.858518679017624,19.694286717090943,-30.046290554015783,-50,-5.33897103132414,-50,-25.858518679017624
-22.439214125819344,-25.777479566973575,-22.132499798881597,11.535552185427298,-50,-50,-22.439214125819344,-25.777479566973575,-22.132499798881597,11.535552185427298,-50,-50,11.773350647493807,-40.59419982931099,-50,-17.402946828570443,-50,-35.565344346900716,11.773350647493807,-40.59419982931099,-50,-17.402946828570443,-50,-35.565344346900716
-17.8373869108355,-34.762640957439835,-28.073946306745484,19.289536163589908,-50,-42.75647759442643,-17.8373869108355,-34.762640957439835,-28.073946306745484,19.289536163589908,-50,-42.75647759442643,-0.7787518361583434,-50,-44.66850766623296,-24.08731863137611,-50,-47.0823689138616,-0.7787518361583434,-50,-44.66850766623296,-24.08731863137611,-50,-47.0823689138616
-7.0075969799116455,-45.367785601297264,-37.520392201256875,19.720528043637103,-36.642489097289605,-32.5186647309055,-7.0075969799116455,-45.367785601297264,-37.520392201256875,19.720528043637103,-36.642489097289605,-32.5186647309055,-13.621388149202831,-50,-32.245202927385535,-23.094322682835728,-44.80825853132415,-50,-13.621388149202831,-50,-32.245202927385535,-23.094322682835728,-44.80825853132415,-50
6.316274718346234,-50,-47.1638569552822,12.680431747932165,-24.99342279683523,-24.33194547173226,6.316274718346234,-50,-47.1638569552822,12.680431747932165,-24.99342279683523,-24.33194547173226,-22.313456434323285,-50,-23.39230336449454,-14.76530296689014,-33.31071626128989,-50,-22.313456434323285,-50,-23.39230336449454,-14.76530296689014,-33.31071626128989,-50
17.540440953240868,-50,-50,0.5883430781555248,-20.3598440448043,-21.005960883815664,17.540440953240868,-50,-50,0.5883430781555248,-20.3598440448043,-21.005960883815664,-23.849159465465725,-50,-21.182610324109977,-1.9633736546864413,-24.411956331523996,-50,-23.849159465465725,-50,-21.182610324109977,-1.9633736546864413,-24.411956331523996,-50
22.795048224775705,-50,-50,-12.400692394455673,-24.33207700631978,-23.682172227799995,22.795048224775705,-50,-50,-12.400692394455673,-24.33207700631978,-23.682172227799995,-17.697436997860496,-42.31078407239671,-26.383098253612236,10.910781081820803,-21.160330770163217,-49.56827801983891,-17.697436997860496,-42.31078407239671,-26.383098253612236,10.910781081820803,-21.160330770163217,-49.56827801983891
20.268419842198,-47.0734628562741,-49.867062074293436,-21.82342305232883,-35.546782800947796,-31.442117167583923,20.268419842198,-47.0734628562741,-49.867062074293436,-21.82342305232883,-35.546782800947796,-31.442117167583923,-5.985611289230231,-31.546607964733937,-37.188701343886734,19.431649462767872,-24.66971380832839,-38.193788925256655,-5.985611289230231,-31.546607964733937,-37.188701343886734,19.431649462767872,-24.66971380832839,-38.193788925256655
10.83168346745482,-36.559084283612144,-40.960039494408306,-24.442039749487886,-50,-41.62262144623427,10.83168346745482,-36.559084283612144,-40.960039494408306,-24.442039749487886,-50,-41.62262144623427,7.236260519561197,-23.667836478821318,-49.84884369714998,20.670169024140343,-33.73793402142624,-27.73533966176637,7.236260519561197,-23.667836478821318,-49.84884369714998,20.670169024140343,-33.73793402142624,-27.73533966176637
-2.2615751520442053,-27.04813282348597,-31.045531308228277,-19.356741632047868,-50,-50,-2.2615751520442053,-27.04813282348597,-31.045531308228277,-19.356741632047868,-50,-50,17.395933445793222,-21.386752274581504,-50,14.200596637895885,-45.25858920326814,-21.750744353656025,17.395933445793222,-21.386752274581504,-50,14.200596637895885,-45.25858920326814,-21.750744353656025
-14.497079264275895,-21.804855915648485,-23.595425290503513,-8.314922884613278,-50,-50,-14.497079264275895,-21.804855915648485,-23.595425290503513,-8.314922884613278,-50,-50,20.980099068780707,-25.488623098899133,-50,2.246858409629909,-50,-22.275876310489664,20.980099068780707,-25.488623098899133,-50,2.246858409629909,-50,-22.275876310489664
-21.656287605496846,-22.628795203652157,-21.21861857640368,4.889261377191768,-50,-50,-21.656287605496846,-22.628795203652157,-21.21861857640368,4.889261377191768,-50,-50,16.74931992278997,-34.56137181133171,-50,-11.081928563231356,-50,-29.132093188082237,16.74931992278997,-34.56137181133171,-50,-11.081928563231356,-50,-29.132093188082237
-21.270857594467753,-29.237167022514683,-24.747427405794816,15.718630783863272,-50,-48.13918720099943,-21.270857594467753,-29.237167022514683,-24.747427405794816,15.718630783863272,-50,-48.13918720099943,6.166638382077935,-45.481686731305274,-50,-21.203971924843138,-50,-39.98700854636799,6.166638382077935,-45.481686731305274,-50,-21.203971924843138,-50,-39.98700854636799
-13.47367729128768,-39.361916395708185,-32.94612449859973,20.452031395716048,-44.917056793339825,-38.305583676524236,-13.47367729128768,-39.361916395708185,-32.94612449859973,20.452031395716048,-44.917056793339825,-38.305583676524236,-7.108356859863663,-50,-38.351621634218624,-24.639802688697262,-50,-50,-7.108356859863663,-50,-38.351621634218624,-24.639802688697262,-50,-50
-0.9530484241163562,-49.528134702561,-42.94366918685298,17.462986944979452,-30.959657330138285,-28.537032143663346,-0.9530484241163562,-49.528134702561,-42.94366918685298,17.462986944979452,-30.959657330138285,-28.537032143663346,-18.485050248114014,-50,-27.195541243569288,-20.208348401474762,-39.888730990589146,-50,-18.485050248114014,-50,-27.195541243569288,-20.208348401474762,-39.888730990589146,-50
11.974182799517143,-50,-50,7.77858350805054,-21.97003079543904,-22.18605058697925,11.974182799517143,-50,-50,7.77858350805054,-21.97003079543904,-22.18605058697925,-24.029276483188752,-50,-21.36258073115229,-9.432928733588913,-29.029184147239523,-50,-24.029276483188752,-50,-21.36258073115229,-9.432928733588913,-29.029184147239523,-50
20.850982338134955,-50,-50,-5.273454589719769,-21.033572102899996,-21.432264083617074,20.850982338134955,-50,-50,-5.273454589719769,-21.033572102899996,-21.432264083617074,-21.82379109675678,-48.13528360532702,-22.877334275360532,3.9823881528765055,-22.235097833750864,-50,-21.82379109675678,-48.13528360532702,-22.877334275360532,3.9823881528765055,-22.235097833750864,-50
22.61681874161549,-50,-50,-17.208226966371548,-28.471690031368716,-26.534368388064195,22.61681874161549,-50,-50,-17.208226966371548,-28.471690031368716,-26.534368388064195,-12.631271237591546,-37.35240215787228,-31.21403778079795,15.42606510252886,-21.833848780869964,-45.34859041638947,-12.631271237591546,-37.35240215787228,-31.21403778079795,15.42606510252886,-21.833848780869964,-45.34859041638947
16.662869221394008,-42.64462183738329,-45.382340853602,-23.924744581742964,-41.73149418710939,-35.74134684424496,16.662869221394008,-42.64462183738329,-45.382340853602,-23.924744581742964,-41.73149418710939,-35.74134684424496,0.36942510714353327,-27.45626920344769,-43.47905921477994,20.96431941799849,-27.96288854069949,-33.85514357586382,0.36942510714353327,-27.45626920344769,-43.47905921477994,20.96431941799849,-27.96288854069949,-33.85514357586382
5.041928783125406,-32.11210362416033,-35.4913411987298,-23.11509872510499,-50,-45.89341053627027,5.041928783125406,-32.11210362416033,-35.4913411987298,-23.11509872510499,-50,-45.89341053627027,12.682537466184138,-21.85364807571947,-50,18.693367106112614,-38.52265819381158,-24.753681356651473,12.682537466184138,-21.85364807571947,-50,18.693367106112614,-38.52265819381158,-24.753681356651473
-8.239349777143198,-24.109257851619503,-26.50789866081376,-15.057497365549727,-50,-50,-8.239349777143198,-24.109257851619503,-26.50789866081376,-15.057497365549727,-50,-50,20.050078239933047,-22.47325217398141,-50,9.393851744136825,-49.89581156020175,-21.140390394014677,20.050078239933047,-22.47325217398141,-50,9.393851744136825,-49.89581156020175,-21.140390394014677
-18.60186443567574,-21.382735991305967,-21.577858070164773,-2.5206682024939604,-50,-50,-18.60186443567574,-21.382735991305967,-21.577858070164773,-2.5206682024939604,-50,-50,19.924284008436047,-29.101781562482333,-50,-3.7375030286872413,-50,-24.244460341014168,19.924284008436047,-29.101781562482333,-50,-3.7375030286872413,-50,-24.244460341014168
-22.472840807198313,-24.868305830413117,-22.427633620436943,10.187522859836607,-50,-50,-22.472840807198313,-24.868305830413117,-22.427633620436943,10.187522859836607,-50,-50,12.348655574917903,-39.457351894997885,-50,-16.18677249868378,-50,-33.0099312152751,12.348655574917903,-39.457351894997885,-50,-16.18677249868378,-50,-33.0099312152751
