-12.73256911102674,-45.492485622564445,-36.5286484927567,5.375660167594507,-36.16838356421399,-35.37116244488095,-12.73256911102674,-45.492485622564445,-36.5286484927567,5.375660167594507,-36.16838356421399,-35.37116244488095,8.902830902304958,-41.31353431824689,-44.70008712354359,10.099404047950252,-35.4934021937571,-40.9731880249357,8.902830902304958,-41.31353431824689,-44.70008712354359,10.099404047950252,-35.4934021937571,-40.9731880249357
-1.193060037130465,-44.93330077275471,-37.31229479929114,4.100944854316255,-37.261823417254384,-36.13651163007192,-1.193060037130465,-44.93330077275471,-37.31229479929114,4.100944854316255,-37.261823417254384,-36.13651163007192,-3.5254587347022115,-41.35466942704535,-44.601237420307704,15.616850643992752,-35.73866689351687,-40.79699562779121,-3.5254587347022115,-41.35466942704535,-44.601237420307704,15.616850643992752,-35.73866689351687,-40.79699562779121
-16.434060514180505,-44.0665105546036,-38.3770386906527,6.355802917149815,-38.51532245855294,-37.176850153872834,-16.434060514180505,-44.0665105546036,-38.3770386906527,6.355802917149815,-38.51532245855294,-37.176850153872834,7.965298737374171,-41.38798166721218,-44.12759840562002,8.46422447894623,-36.3244235107054,-41.10138459045491,7.965298737374171,-41.38798166721218,-44.12759840562002,8.46422447894623,-36.3244235107054,-41.10138459045491
-19.255691164746345,-42.94733005831834,-39.65613168720204,7.101411378418687,-39.86236221331944,-38.42903916983077,-19.255691164746345,-42.94733005831834,-39.65613168720204,7.101411378418687,-39.86236221331944,-38.42903916983077,6.877656770589657,-41.41056592437892,-43.312530811413026,6.025751024169488,-37.21139347837179,-40.938644267033126,6.877656770589657,-41.41056592437892,-43.312530811413026,6.025751024169488,-37.21139347837179,-40.938644267033126
-2.4007131142281875,-41.64705179593535,-41.06938782729183,4.67159483270937,-41.23146035327387,-39.81708248228458,-2.4007131142281875,-41.64705179593535,-41.06938782729183,4.67159483270937,-41.23146035327387,-39.81708248228458,-3.3337686410723837,-41.42045265672948,-42.21344386850167,14.228060773916296,-38.34010003050759,-40.815464307746204,-3.3337686410723837,-41.42045265672948,-42.21344386850167,14.228060773916296,-38.34010003050759,-40.815464307746204
-9.220158828273838,-40.24850432279424,-42.52821050148643,4.49614757344759,-42.54996399468242,-41.25673880671965,-9.220158828273838,-40.24850432279424,-42.52821050148643,4.49614757344759,-42.54996399468242,-41.25673880671965,9.764998595446405,-41.416779656016544,-40.90775169129779,13.135706413417664,-39.63485648330074,-41.11536373955027,9.764998595446405,-41.416779656016544,-40.90775169129779,13.135706413417664,-39.63485648330074,-41.11536373955027
-22.174402229575687,-38.84077600568959,-43.941146547803996,6.967133161489008,-43.74790511336461,-42.6606344301244,-22.174402229575687,-38.84077600568959,-43.941146547803996,6.967133161489008,-43.74790511336461,-42.6606344301244,4.569080975719609,-41.3998672395497,-39.48742061990271,5.403619720085541,-41.008841490608795,-40.90461000614304,4.569080975719609,-41.3998672395497,-39.48742061990271,5.403619720085541,-41.008841490608795,-40.90461000614304
-7.945107063137744,-37.51354003703698,-45.219619423392835,6.562758822487442,-44.76171348431199,-43.943565980544236,-7.945107063137744,-37.51354003703698,-45.219619423392835,6.562758822487442,-44.76171348431199,-43.943565980544236,-2.4180206601785716,-41.3711903157661,-38.05249157716862,9.82438614985288,-42.36992094670351,-40.83938181737,-2.4180206601785716,-41.3711903157661,-38.05249157716862,9.82438614985288,-42.36992094670351,-40.83938181737
-3.1300449116156326,-36.35134219527375,-46.283482041805186,4.186660463522263,-45.537590114192206,-45.02767147717353,-3.1300449116156326,-36.35134219527375,-46.283482041805186,4.186660463522263,-45.537590114192206,-45.02767147717353,10.996431555638337,-41.33324975950666,-36.704033693070656,15.653476546862501,-43.626826142068104,-41.122766198370336,10.996431555638337,-41.33324975950666,-36.704033693070656,15.653476546862501,-43.626826142068104,-41.122766198370336
-20.113563890391813,-35.428215224803125,-47.06604117014226,5.1485909270086,-46.034362151375845,-45.84715582646871,-20.113563890391813,-35.428215224803125,-47.06604117014226,5.1485909270086,-46.034362151375845,-45.84715582646871,2.204867677804218,-41.28935431418172,-35.53702550737983,8.723476116007669,-44.69527388908105,-40.87244996536829,2.204867677804218,-41.28935431418172,-35.53702550737983,8.723476116007669,-44.69527388908105,-40.87244996536829
-15.214024045788708,-34.80296290291738,-47.51823840809939,7.2989704224336105,-46.225667774159675,-46.352283970737524,-15.214024045788708,-34.80296290291738,-47.51823840809939,7.2989704224336105,-46.225667774159675,-46.352283970737524,-0.8685625164505417,-41.24333204083686,-34.63366516264463,5.877525715861476,-45.50361822569412,-40.86778910019733,-0.8685625164505417,-41.24333204083686,-34.63366516264463,5.877525715861476,-45.50361822569412,-40.86778910019733
-1.0330502647396234,-34.515414201647175,-47.611725644571536,5.8324492070043075,-46.10135511339414,-46.51239934232398,-1.0330502647396234,-34.515414201647175,-47.611725644571536,5.8324492070043075,-46.10135511339414,-46.51239934232398,11.538104403591396,-41.19919647824623,-34.05758078358575,14.032615315537376,-45.99765471577576,-41.12329513935647,11.538104403591396,-41.19919647824623,-34.05758078358575,14.032615315537376,-45.99765471577576,-41.12329513935647
-14.04413144377038,-34.58388615681865,-47.34064219235416,4.0261917813851795,-45.66802097395806,-46.31778443136945,-14.04413144377038,-34.58388615681865,-47.34064219235416,4.0261917813851795,-45.66802097395806,-46.31778443136945,0.018270234743172686,-41.16079662774986,-33.84934883443921,13.368064640606832,-46.14425518837163,-40.84345371438034,0.018270234743172686,-41.16079662774986,-33.84934883443921,13.368064640606832,-46.14425518837163,-40.84345371438034
-20.78274446604412,-35.00401706117866,-46.72198219289076,5.916554832422939,-44.9486607671602,-45.780250548037955,-20.78274446604412,-35.00401706117866,-46.72198219289076,5.916554832422939,-44.9486607671602,-45.780250548037955,1.1617362012009873,-41.13148128717296,-34.023636118445104,5.4990425120816315,-45.93358918436455,-40.89954706655358,1.1617362012009873,-41.13148128717296,-34.023636118445104,5.4990425120816315,-45.93358918436455,-40.89954706655358
-3.91716507618304,-35.74904430793111,-45.79452925857195,7.27923487302807,-43.98144823083715,-44.93242098613864,-3.91716507618304,-35.74904430793111,-45.79452925857195,7.27923487302807,-43.98144823083715,-44.93242098613864,11.336575679188805,-41.11380700680155,-34.56816672255436,9.550951511449002,-45.37978314893645,-41.11692935276402,11.336575679188805,-41.11380700680155,-34.56816672255436,9.550951511449002,-45.37978314893645,-41.11692935276402
-6.825692402814687,-36.7715091858736,-44.6164251395454,5.069116286835008,-42.817709692807675,-43.825751093428316,-6.825692402814687,-36.7715091858736,-44.6164251395454,5.069116286835008,-42.817709692807675,-43.825751093428316,-1.774981581357757,-41.10931513616967,-35.444586670533205,15.675758481509536,-44.51997316694247,-40.81878395959866,-1.774981581357757,-41.10931513616967,-35.444586670533205,15.675758481509536,-44.51997316694247,-40.81878395959866
-22.027589171400983,-38.00628002959609,-43.261524834595185,4.225044892593419,-41.51920037589513,-42.52740541186266,-22.027589171400983,-38.00628002959609,-43.261524834595185,4.225044892593419,-41.51920037589513,-42.52740541186266,3.4725661578064777,-41.1183974050994,-36.591165382682526,8.987319105591858,-43.411814761089126,-40.933382269351824,3.4725661578064777,-41.1183974050994,-36.591165382682526,8.987319105591858,-43.411814761089126,-40.933382269351824
-10.423550809774216,-39.374701148143934,-41.81476664311142,6.633226481349539,-40.1548272807562,-41.11618141625945,-10.423550809774216,-39.374701148143934,-41.81476664311142,6.633226481349539,-40.1548272807562,-41.11618141625945,10.411728212681773,-41.140261761485164,-37.92714366503959,5.741667947709981,-42.12961673619269,-41.10392409714136,10.411728212681773,-41.140261761485164,-37.92714366503959,5.741667947709981,-42.12961673619269,-41.10392409714136
-1.859183894208737,-40.78960324274115,-40.366847408223016,6.912213358522902,-38.79699255078573,-39.67772724242312,-1.859183894208737,-40.78960324274115,-40.366847408223016,6.912213358522902,-38.79699255078573,-39.67772724242312,-2.997965490248366,-41.1730014450618,-39.35842197773707,13.827254680478415,-40.75935831892743,-40.79942992139744,-2.997965490248366,-41.1730014450618,-39.35842197773707,13.827254680478415,-40.75935831892743,-40.79942992139744
-18.362054826251143,-42.16085614676654,-39.00853675852652,4.438566953703093,-37.51775136295558,-38.29934364403486,-18.362054826251143,-42.16085614676654,-39.00853675852652,4.438566953703093,-37.51775136295558,-38.29934364403486,5.835940797589266,-41.21376127332881,-40.784188329722824,13.592323489009077,-39.392923724346545,-40.96793796742181,5.835940797589266,-41.21376127332881,-40.784188329722824,13.592323489009077,-39.392923724346545,-40.96793796742181
-17.486751253117475,-43.40111017490155,-37.82498678691555,4.740026040651214,-36.384988230855065,-37.06468565104965,-17.486751253117475,-43.40111017490155,-37.82498678691555,4.740026040651214,-36.384988230855065,-37.06468565104965,8.854807484035213,-41.25898663806526,-42.104018964524215,5.607867000138255,-38.12194075678431,-41.08480086384287,8.854807484035213,-41.25898663806526,-42.104018964524215,5.607867000138255,-38.12194075678431,-41.08480086384287
-1.4845554667504786,-44.4313603538443,-36.89039389106202,7.142934481457314,-35.45881462913507,-36.04868548952419,-1.4845554667504786,-44.4313603538443,-36.89039389106202,7.142934481457314,-35.45881462913507,-36.04868548952419,-3.5300218612356025,-41.30473349779402,-43.22495170073628,9.279847257162727,-37.03163660466664,-40.786167667843834,-3.5300218612356025,-41.30473349779402,-43.22495170073628,9.279847257162727,-37.03163660466664,-40.786167667843834
-11.513142486200211,-45.185979089541306,-36.26334742319048,6.277628231914849,-34.78837910386349,-35.31300489429489,-11.513142486200211,-45.185979089541306,-36.26334742319048,6.277628231914849,-34.78837910386349,-35.31300489429489,8.018689504687202,-41.34701233218128,-44.06803371697509,15.683635565458651,-36.195122835800206,-41.001828528807444,8.018689504687202,-41.34701233218128,-44.06803371697509,15.683635565458651,-36.195122835800206,-41.001828528807444
-21.778969290425813,-45.61689668682174,-35.983156740915675,4.077765593975877,-34.40925914422616,-34.902292816715445,-21.778969290425813,-45.61689668682174,-35.983156740915675,4.077765593975877,-34.40925914422616,-34.902292816715445,6.819419341021277,-41.382136062584344,-44.573882588506535,9.255032531201898,-35.66849281919119,-41.06032646600336,6.819419341021277,-41.382136062584344,-44.573882588506535,9.255032531201898,-35.66849281919119,-41.06032646600336
-5.878311724887527,-45.696663419664844,-36.06738691523982,5.459273911576786,-34.341573219122324,-34.841475649694885,-5.878311724887527,-45.696663419664844,-36.06738691523982,5.459273911576786,-34.341573219122324,-34.841475649694885,-3.318657996120855,-41.407041597077935,-44.70686888431209,5.618548933316118,-35.48706032127216,-40.779528995525986,-3.318657996120855,-41.407041597077935,-44.70686888431209,5.618548933316118,-35.48706032127216,-40.779528995525986
-4.7076883304451975,-45.42019809626983,-36.51075758144657,7.33496292235981,-34.58891316576471,-35.134244428105376,-4.7076883304451975,-45.42019809626983,-36.51075758144657,7.33496292235981,-34.58891316576471,-35.134244428105376,9.805462223405069,-41.41955695846241,-44.457625723650324,13.612539989843565,-35.662991501685994,-41.03369499254168,9.805462223405069,-41.41955695846241,-44.457625723650324,13.612539989843565,-35.662991501685994,-41.03369499254168
-21.277944486156166,-44.805111734217164,-37.28547396360335,5.513320511973989,-35.13815358440168,-35.76283081738719,-21.277944486156166,-44.805111734217164,-37.28547396360335,5.513320511973989,-35.13815358440168,-35.76283081738719,4.506375241474801,-41.41859069938982,-43.843708531667815,13.807870200621409,-36.18448909780541,-41.03148229047497,4.506375241474801,-41.41859069938982,-43.843708531667815,13.807870200621409,-36.18448909780541,-41.03148229047497
-12.970352928341592,-43.890585727406766,-38.34296932084394,4.065083453547917,-35.96014835386588,-36.68908548575334,-12.970352928341592,-43.890585727406766,-38.34296932084394,4.065083453547917,-35.96014835386588,-36.68908548575334,-2.3847270604455257,-41.40422708597679,-42.908358524217434,5.7297958355601315,-37.016583503410295,-40.779780105302876,-2.3847270604455257,-41.40422708597679,-42.908358524217434,5.7297958355601315,-37.016583503410295,-40.779780105302876
-1.1520533978384382,-42.734875966255345,-39.61694958198923,6.226557520558816,-37.01127730649158,-37.85679341285776,-1.1520533978384382,-42.734875966255345,-39.61694958198923,6.226557520558816,-37.01127730649158,-37.85679341285776,11.019975901442965,-41.377718749073146,-41.717457015747414,9.011814143948092,-38.103477694854746,-41.062259560954566,11.019975901442965,-41.377718749073146,-41.717457015747414,9.011814143948092,-38.103477694854746,-41.062259560954566
-16.219732564899722,-41.41160190028957,-41.0275493012622,7.167600464132761,-38.235760986185966,-39.1950856172828,-16.219732564899722,-41.41160190028957,-41.0275493012622,7.167600464132761,-38.235760986185966,-39.1950856172828,2.1438801885843652,-41.34137744405879,-40.354885073378526,15.677086275607133,-39.372288763069626,-40.99942494567806,2.1438801885843652,-41.34137744405879,-40.354885073378526,15.677086275607133,-39.372288763069626,-40.99942494567806
-19.419293758770277,-40.005056932216526,-42.486338399462554,4.785308830957919,-39.56862065415849,-40.62274024280458,-19.419293758770277,-40.005056932216526,-42.486338399462554,4.785308830957919,-39.56862065415849,-40.62274024280458,-0.8203707095267152,-41.29837244585601,-38.91661535962052,9.525884900880088,-40.73793515877579,-40.78691092804697,-0.8203707095267152,-41.29837244585601,-38.91661535962052,9.525884900880088,-40.73793515877579,-40.78691092804697
-2.521460099018647,-38.60483887436312,-43.901865819477614,4.403275275768021,-40.93912646594827,-42.05311196761064,-2.521460099018647,-38.60483887436312,-43.901865819477614,4.403275275768021,-40.93912646594827,-42.05311196761064,11.542406581348674,-41.25245416084901,-37.503952304385926,5.508505079300751,-42.10884193119853,-41.086376837454054,11.542406581348674,-41.25245416084901,-37.503952304385926,5.508505079300751,-42.10884193119853,-41.086376837454054
-8.98748875177251,-37.30014251083647,-45.18539256600499,6.875211829428219,-42.27455083797701,-43.39939056730097,-8.98748875177251,-37.30014251083647,-45.18539256600499,6.875211829428219,-42.27455083797701,-43.39939056730097,-0.03498198185828105,-41.207627059132896,-36.21639673432783,13.389057923471654,-43.39308138910238,-40.96543988332853,-0.03498198185828105,-41.207627059132896,-36.21639673432783,13.389057923471654,-43.39308138910238,-40.96543988332853
-22.186742927758537,-36.17407783283938,-46.25645472692254,6.677200640413478,-43.5040278265955,-44.57986948593825,-22.186742927758537,-36.17407783283938,-46.25645472692254,6.677200640413478,-43.5040278265955,-44.57986948593825,1.220071610137591,-41.16780045021791,-35.14463753885115,14.014115822216391,-44.50453741523308,-40.800635528401166,1.220071610137591,-41.16780045021791,-35.14463753885115,14.014115822216391,-44.50453741523308,-40.800635528401166
-8.170718239104387,-35.29837587917774,-47.047907732141184,4.25172779930757,-44.562313716908015,-45.5229046620179,-8.170718239104387,-35.29837587917774,-47.047907732141184,4.25172779930757,-44.562313716908015,-45.5229046620179,11.321211235906652,-41.13644755755664,-34.364164004327336,5.864495863734959,-45.36868007914805,-41.10507975522112,11.321211235906652,-41.13644755755664,-34.364164004327336,5.864495863734959,-45.36868007914805,-41.10507975522112
-2.988654233676934,-34.72881942329958,-47.51013562684499,5.018880931553583,-45.39324926108405,-46.17126265486656,-2.988654233676934,-34.72881942329958,-47.51013562684499,5.018880931553583,-45.39324926108405,-46.17126265486656,-1.8152446599857601,-41.116302623532874,-33.929948731319726,8.747584537267354,-45.92756332529501,-40.93088985374114,-1.8152446599857601,-41.116302623532874,-33.929948731319726,8.747584537267354,-45.92756332529501,-40.93088985374114
-19.96882842480372,-34.501689575017735,-47.614161481024155,7.26433979062563,-45.95273983820529,-46.48559418074585,-19.96882842480372,-34.501689575017735,-47.614161481024155,7.26433979062563,-45.95273983820529,-46.48559418074585,3.5352897954860976,-41.109122459966855,-33.87257564318467,15.65612850703381,-46.143710610759484,-40.820403570360185,3.5352897954860976,-41.109122459966855,-33.87257564318467,15.65612850703381,-46.143710610759484,-40.820403570360185
-15.438203658380424,-34.631454650654895,-47.35346394464702,5.970285347905477,-46.21109538978469,-46.446822247413586,-15.438203658380424,-34.631454650654895,-47.35346394464702,5.970285347905477,-46.21109538978469,-46.446822247413586,10.378213004814835,-41.11553323898748,-34.1960858095006,9.799136145914227,-46.00262793688358,-41.11761835514691,10.378213004814835,-41.11553323898748,-34.1960858095006,9.799136145914227,-46.00262793688358,-41.11761835514691
-1.0495546072786208,-35.10984853205813,-46.74438606916479,4.028478893302736,-46.154605959389556,-46.0572999496455,-1.0495546072786208,-35.10984853205813,-46.74438606916479,4.028478893302736,-46.154605959389556,-46.0572999496455,-3.0212670743064374,-41.13497588542741,-34.87769281360586,5.411837066117317,-45.51377576060255,-40.897160261574285,-3.0212670743064374,-41.13497588542741,-34.87769281360586,5.411837066117317,-45.51377576060255,-40.897160261574285
-13.810511318928189,-35.9063972236018,-45.82511076644974,5.778182016239702,-45.7862692284124,-45.34066765832674,-13.810511318928189,-35.9063972236018,-45.82511076644974,5.778182016239702,-45.7862692284124,-45.34066765832674,5.896864347957057,-41.16575483299477,-35.869387712313525,13.157419116910297,-44.709934612894095,-40.84542238492361,5.896864347957057,-41.16575483299477,-35.869387712313525,13.157419116910297,-44.709934612894095,-40.84542238492361
-20.899871235759484,-36.970360065161884,-44.653267133342915,7.309417212904913,-45.12563144040554,-44.340418270403454,-20.899871235759484,-36.970360065161884,-44.653267133342915,7.309417212904913,-45.12563144040554,-44.340418270403454,8.80644812303964,-41.205185892263216,-37.10132054257443,14.210496814579793,-43.64500696350701,-41.12348985807453,8.80644812303964,-41.205185892263216,-37.10132054257443,14.210496814579793,-43.64500696350701,-41.12348985807453
-4.083788487782322,-38.233961944555894,-43.3023177006177,5.200406757968799,-44.20775015552592,-43.11725759564223,-4.083788487782322,-38.233961944555894,-43.3023177006177,5.200406757968799,-44.20775015552592,-43.11725759564223,-3.5340630157119444,-41.24983033511748,-38.4867201988954,6.0115990344348385,-42.390402730395046,-40.8656036131694,-3.5340630157119444,-41.24983033511748,-38.4867201988954,6.0115990344348385,-42.390402730395046,-40.8656036131694
-6.613256755772641,-39.616710615452746,-41.85695308865295,4.164054987031873,-43.081333877806685,-41.74542008010478,-6.613256755772641,-39.616710615452746,-41.85695308865295,4.164054987031873,-43.081333877806685,-41.74542008010478,8.071802248358797,-41.2957947814739,-39.92800615028001,8.487880409998168,-41.03025080757514,-40.874688754940614,8.071802248358797,-41.2957947814739,-39.92800615028001,8.487880409998168,-41.03025080757514,-40.874688754940614
-21.982479314406127,-41.03052410484592,-40.407782777489665,6.516247410772583,-41.80615727823213,-40.30816346756416,-21.982479314406127,-41.03052410484592,-40.407782777489665,6.516247410772583,-41.80615727823213,-40.30816346756416,6.760986962965107,-41.339070735569976,-41.32366151832272,15.620819524103094,-39.65575770778,-41.12245882549336,6.760986962965107,-41.339070735569976,-41.32366151832272,15.620819524103094,-39.65575770778,-41.12245882549336
-10.661789372416663,-42.38534159096062,-39.045654825326075,7.000652631654032,-40.44988917799574,-38.89271583089911,-10.661789372416663,-42.38534159096062,-39.045654825326075,7.000652631654032,-40.44988917799574,-38.89271583089911,-3.3030400205884876,-41.375884161332976,-42.57538341166631,10.074039642978576,-38.35909160744947,-40.8374852830638,-3.3030400205884876,-41.375884161332976,-42.57538341166631,10.074039642978576,-38.35909160744947,-40.8374852830638
-1.7680208846031853,-43.594860335090665,-37.85596063061844,4.534793575967801,-39.08450161892764,-37.58498164153784,-1.7680208846031853,-43.594860335090665,-37.85596063061844,4.534793575967801,-39.08450161892764,-37.58498164153784,9.845524055429081,-41.40302461084344,-43.595006883499174,5.328809026481748,-37.22720190628347,-40.9070291426215,9.845524055429081,-41.40302461084344,-43.595006883499174,5.328809026481748,-37.22720190628347,-40.9070291426215
-18.175961661520258,-44.582033221145,-36.913281770567366,4.629007002511731,-37.78245057820399,-36.464328169166436,-18.175961661520258,-44.582033221145,-36.913281770567366,4.629007002511731,-37.78245057820399,-36.464328169166436,4.443634786604154,-41.41812520305571,-44.310714823614944,12.91825649293374,-36.33598873772252,-41.11456660027221,4.443634786604154,-41.41812520305571,-44.310714823614944,12.91825649293374,-36.33598873772252,-41.11456660027221
-17.684359872247125,-45.283976706125294,-36.27671450410146,7.072758693500676,-36.61283100242979,-35.59876862861853,-17.684359872247125,-45.283976706125294,-36.27671450410146,7.072758693500676,-36.61283100242979,-35.59876862861853,-2.350990824858835,-41.419869036218714,-44.672096391707555,14.396476592307957,-35.745213400370226,-40.81393277435893,-2.350990824858835,-41.419869036218714,-44.672096391707555,14.396476592307957,-35.745213400370226,-40.81393277435893
-1.5576161622828995,-45.655976541956356,-35.986165044883435,6.405114155870797,-35.637710198959894,-35.04083441200952,-1.5576161622828995,-45.655976541956356,-35.986165044883435,6.405114155870797,-35.637710198959894,-35.04083441200952,11.0430343202192,-41.40810403305536,-44.65369770149524,6.170703407465421,-35.49449099708706,-40.94114674665285,11.0430343202192,-41.40810403305536,-44.65369770149524,6.170703407465421,-35.49449099708706,-40.94114674665285
-11.273743023868967,-45.67433610163159,-36.059847852578365,4.118026560679832,-34.90883415757644,-34.82438692312996,-11.273743023868967,-45.67433610163159,-36.059847852578365,4.118026560679832,-34.90883415757644,-34.82438692312996,2.083021632138628,-41.383856203211465,-44.256814663477435,8.233411369736821,-35.60063399983573,-41.10012964887197,2.083021632138628,-41.383856203211465,-44.256814663477435,8.233411369736821,-35.60063399983573,-41.10012964887197
-21.84284549810766,-45.33788586947995,-36.49314377376438,5.322340673085742,-34.46488158563109,-34.96256250601867,-21.84284549810766,-45.33788586947995,-36.49314377376438,5.322340673085742,-34.46488158563109,-34.96256250601867,-0.7718446319435932,-41.34924016637429,-43.50940170756652,15.571255803997571,-36.0565248705168,-40.795890507527545,-0.7718446319435932,-41.34924016637429,-43.50940170756652,15.571255803997571,-36.0565248705168,-40.795890507527545
-6.081173886826295,-44.668057940060756,-37.25888961529454,7.326833607730841,-34.32941137466826,-35.44697519138589,-6.081173886826295,-44.668057940060756,-37.25888961529454,7.326833607730841,-34.32941137466826,-35.44697519138589,11.546186642559643,-41.30727473921575,-42.46410281470955,10.349844254184667,-36.831593335469016,-40.97567350199615,11.546186642559643,-41.30727473921575,-42.46410281470955,10.349844254184667,-36.831593335469016,-40.97567350199615
-4.52777461806411,-43.70752078005916,-38.30908099684137,5.652161310033071,-34.50961241874839,-36.24822564674366,-4.52777461806411,-43.70752078005916,-38.30908099684137,5.652161310033071,-34.50961241874839,-36.24822564674366,-0.08795433279716658,-41.261619668567825,-41.19454354165441,5.259647823664452,-37.873866309457284,-41.07972687151245,-0.08795433279716658,-41.261619668567825,-41.19454354165441,5.259647823664452,-37.873866309457284,-41.07972687151245
-21.17799327639473,-42.51746121972115,-39.57788173130175,4.0406335035205565,-34.995922126905796,-37.317685441716904,-21.17799327639473,-42.51746121972115,-39.57788173130175,4.0406335035205565,-34.995922126905796,-37.317685441716904,1.2785999453854173,-41.216256469965586,-39.790145209845036,12.672223532164551,-39.11345300919622,-40.78408195056127,1.2785999453854173,-41.216256469965586,-39.790145209845036,12.672223532164551,-39.11345300919622,-40.78408195056127
-13.207438904202174,-41.17368681270857,-40.985751075894655,6.093453951065911,-35.76253387384878,-38.59044834027038,-13.207438904202174,-41.17368681270857,-40.985751075894655,6.093453951065911,-35.76253387384878,-38.59044834027038,11.305339998595086,-41.17514120518688,-38.34982652069961,14.57154698995728,-40.4672315582129,-41.00922493725547,11.305339998595086,-41.17514120518688,-38.34982652069961,14.57154698995728,-40.4672315582129,-41.00922493725547
-1.1163910226162965,-39.76179684653949,-42.444430117800934,7.22328342691885,-36.76876646040381,-39.989269503936356,-1.1163910226162965,-39.76179684653949,-42.444430117800934,7.22328342691885,-36.76876646040381,-39.989269503936356,-1.855104551617755,-41.14185947957897,-36.97503622357335,6.341374250915031,-41.84442281750339,-41.05417638913698,-1.855104551617755,-41.14185947957897,-36.97503622357335,6.341374250915031,-41.84442281750339,-41.05417638913698
-16.00304552885559,-38.371729613331475,-43.86247469930443,4.905346284389719,-37.961222911593936,-41.429253533143246,-16.00304552885559,-38.371729613331475,-43.86247469930443,4.905346284389719,-37.961222911593936,-41.429253533143246,3.5980459810128305,-41.11931374637785,-35.76260757996611,7.984872719888585,-43.152677682516604,-40.77898060898313,3.5980459810128305,-41.11931374637785,-35.76260757996611,7.984872719888585,-43.152677682516604,-40.77898060898313
-19.578901490400455,-37.09203328318202,-45.15098802499354,4.3194252898972465,-39.27662405306519,-42.8230068262559,-19.578901490400455,-37.09203328318202,-45.15098802499354,4.3194252898972465,-39.27662405306519,-42.8230068262559,10.344256325750234,-41.109470187777866,-34.797937919304594,15.507572773106745,-44.30426965593887,-41.04045568991567,10.344256325750234,-41.109470187777866,-34.797937919304594,15.507572773106745,-44.30426965593887,-41.04045568991567
-2.6468512387157705,-36.004225329209156,-46.229193575573284,6.774849939082356,-40.645166498628036,-44.0859415561836,-2.6468512387157705,-36.004225329209156,-46.229193575573284,6.774849939082356,-40.645166498628036,-44.0859415561836,-3.0440819284766976,-41.11318724690331,-34.1489736838259,10.625796379467413,-45.22197744636542,-41.024502737982715,-3.0440819284766976,-41.11318724690331,-34.1489736838259,10.625796379467413,-45.22197744636542,-41.024502737982715
-8.756157073090169,-35.17759981247744,-47.0294989639694,6.784600740031047,-41.994226853157905,-45.14140936263911,-8.756157073090169,-35.17759981247744,-47.0294989639694,6.784600740031047,-41.994226853157905,-45.14140936263911,5.957656856536386,-41.1301407641714,-33.86142462551877,5.204542431615919,-45.84426312860707,-40.78079103898224,5.957656856536386,-41.1301407641714,-33.86142462551877,5.204542431615919,-45.84426312860707,-40.78079103898224
-22.193673905186,-34.664813306074784,-47.50173328208279,4.32688804634346,-43.25221556275273,-45.92535319280438,-22.193673905186,-34.664813306074784,-47.50173328208279,4.32688804634346,-43.25221556275273,-45.92535319280438,8.757756169240292,-41.15885224680096,-33.955544242836964,12.41999248752293,-46.12939863828472,-41.068113453372746,8.757756169240292,-41.15885224680096,-33.955544242836964,12.41999248752293,-46.12939863828472,-41.068113453372746
-8.398085386806073,-34.49853063779363,-47.61629230017958,4.893844333053492,-44.3523759028291,-46.390194967056146,-8.398085386806073,-34.49853063779363,-47.61629230017958,4.893844333053492,-44.3523759028291,-46.390194967056146,-3.537581918194703,-41.19681780612198,-34.42470322690691,14.73522965053977,-46.058263893988624,-40.99189578720554,-3.537581918194703,-41.19681780612198,-34.42470322690691,14.73522965053977,-46.058263893988624,-40.99189578720554
-2.851668857648317,-34.68934411974915,-47.36599434729743,7.218519625836517,-45.236326506161774,-46.50772312469766,-2.851668857648317,-34.68934411974915,-47.36599434729743,7.218519625836517,-45.236326506161774,-46.50772312469766,8.124633289193437,-41.24072651824168,-35.23585639644938,6.523145229002811,-45.63562891578236,-40.789440645015716,8.124633289193437,-41.24072651824168,-35.23585639644938,6.523145229002811,-45.63562891578236,-40.789440645015716
-19.819817147229458,-35.225098811336004,-46.76653052807404,6.106073737637897,-45.85715944224075,-46.270804802598846,-19.819817147229458,-35.225098811336004,-46.76653052807404,6.106073737637897,-45.85715944224075,-46.270804802598846,6.702363684115316,-41.28674916513568,-36.331870232885635,7.742943559841548,-44.88983396615746,-41.09108919256098,6.702363684115316,-41.28674916513568,-36.331870232885635,7.742943559841548,-44.88983396615746,-41.09108919256098
-15.660423740854576,-36.07166679670387,-45.855481052038286,4.042436047015907,-46.18192944453858,-45.69381873346896,-15.660423740854576,-36.07166679670387,-45.855481052038286,4.042436047015907,-46.18192944453858,-45.69381873346896,-3.286915796354722,-41.33087217545314,-37.635547075850354,15.429944436992104,-43.87088916194551,-40.957663026901486,-3.286915796354722,-41.33087217545314,-37.635547075850354,15.429944436992104,-43.87088916194551,-40.957663026901486
-1.071455616393198,-37.175121154782595,-44.68995934138957,5.639118553106473,-46.19340219176845,-44.8117825908737,-1.071455616393198,-37.175121154782595,-44.68995934138957,5.639118553106473,-46.19340219176845,-44.8117825908737,9.88518131637819,-41.369247642520385,-39.055062535172915,10.901142015698635,-42.64712098984266,-40.80458259078168,9.88518131637819,-41.369247642520385,-39.055062535172915,10.901142015698635,-42.64712098984266,-40.80458259078168
-13.575763821662823,-38.46517113857821,-43.34303160745217,7.328091572642961,-45.890968868428914,-43.678227743015924,-13.575763821662823,-38.46517113857821,-43.34303160745217,7.328091572642961,-45.890968868428914,-43.678227743015924,4.380863957228434,-41.39852889495732,-40.49043313558222,5.163643418620176,-41.300590597209094,-41.10846161460503,4.380863957228434,-41.39852889495732,-40.49043313558222,5.163643418620176,-41.300590597209094,-41.10846161460503
-21.012246197859675,-39.85963974062628,-41.899136351497354,5.3350882460867695,-45.29067847235043,-42.36195039790629,-21.012246197859675,-39.85963974062628,-41.899136351497354,5.3350882460867695,-45.29067847235043,-42.36195039790629,-2.3168142903756426,-41.416162355257455,-41.84055864601818,12.162252547383313,-39.921591089792955,-40.92317713970385,-2.3168142903756426,-41.416162355257455,-41.84055864601818,12.162252547383313,-39.921591089792955,-40.92317713970385
-4.254257313913797,-41.26969842082459,-40.44879094007249,4.1137773528453705,-44.42438615480376,-40.94283631511341,-4.254257313913797,-41.26969842082459,-40.44879094007249,4.1137773528453705,-44.42438615480376,-40.94283631511341,11.065605214677486,-41.420610233748675,-43.01034306756158,14.887077332571128,-38.60259282625152,-40.82560970683767,11.065605214677486,-41.420610233748675,-43.01034306756158,14.887077332571128,-38.60259282625152,-40.82560970683767
-6.403373332635408,-42.60552554114088,-39.082917098063646,6.393363667794043,-43.33806278755439,-39.50701248515308,-6.403373332635408,-42.60552554114088,-39.082917098063646,6.393363667794043,-43.33806278755439,-39.50701248515308,2.0222962242259896,-41.411484637102596,-43.91739271367961,6.715519676280186,-37.43204271453658,-41.11953411129023,2.0222962242259896,-41.411484637102596,-43.91739271367961,6.715519676280186,-37.43204271453658,-41.11953411129023
-21.93206416642643,-43.78202806129278,-37.887141052653554,7.079765176330998,-42.08935546177483,-38.141620024363185,-21.93206416642643,-43.78202806129278,-37.887141052653554,7.079765176330998,-42.08935546177483,-38.141620024363185,-0.7229876451717612,-41.38958139597501,-44.497819603958455,7.508284929416477,-36.488433305279585,-40.88982095825687,-0.7229876451717612,-41.38958139597501,-44.497819603958455,7.508284929416477,-36.488433305279585,-40.88982095825687
-10.900510346700427,-44.72426201973235,-36.93642565046462,4.639113405696796,-40.744528373953095,-36.929525521798624,-10.900510346700427,-44.72426201973235,-36.93642565046462,4.639113405696796,-40.744528373953095,-36.929525521798624,11.549444325374077,-41.35681066171557,-44.71074140967831,15.33858290493962,-35.835039385771694,-40.851678837189766,11.549444325374077,-41.35681066171557,-44.71074140967831,15.33858290493962,-35.835039385771694,-40.851678837189766
-1.6818872256959203,-45.37220651183685,-36.29037095887516,4.525415605875143,-39.374946434465045,-35.94429181006916,-1.6818872256959203,-45.37220651183685,-36.29037095887516,4.525415605875143,-39.374946434465045,-35.94429181006916,-0.14064314860322202,-41.31603032471189,-44.54116099786887,11.175128816902324,-35.51567501813291,-41.12386269201307,-0.14064314860322202,-41.31603032471189,-44.54116099786887,11.175128816902324,-35.51567501813291,-41.12386269201307
-17.986509287919294,-45.68458705984726,-35.98947795542287,6.992746787482304,-38.05328820046423,-35.24571338742893,-17.986509287919294,-45.68458705984726,-35.98947795542287,6.992746787482304,-38.05328820046423,-35.24571338742893,1.337317152603255,-41.270796781723426,-44.00102275335473,5.13706253588663,-35.55175553823471,-40.85893201568902,1.337317152603255,-41.270796781723426,-44.00102275335473,5.13706253588663,-35.55175553823471,-40.85893201568902
-17.87886061391589,-45.64150482344881,-36.052609533501645,6.527480502653671,-36.84968909848318,-34.87618744936124,-17.87886061391589,-45.64150482344881,-36.052609533501645,6.527480502653671,-36.84968909848318,-34.87618744936124,11.28896306667733,-41.22505478744136,-43.128371276818946,11.899707952457176,-35.940861526333705,-40.88174464859048,11.28896306667733,-41.22505478744136,-43.128371276818946,11.899707952457176,-35.940861526333705,-40.88174464859048
-1.6358137779256996,-45.245704168601414,-36.47580799315361,4.169324964236407,-35.82801960140216,-34.85814077419858,-1.6358137779256996,-45.245704168601414,-36.47580799315361,4.169324964236407,-35.82801960140216,-34.85814077419858,-1.8945584951022596,-41.182793437890616,-41.98467171592968,15.026675132099786,-36.656901043976184,-41.121273787142236,-1.8945584951022596,-41.182793437890616,-41.98467171592968,15.026675132099786,-36.656901043976184,-41.121273787142236
-11.034513111881063,-44.522397849676125,-37.232543148108945,5.187937055635455,-35.042495862920866,-35.192668626824464,-11.034513111881063,-44.522397849676125,-37.232543148108945,5.187937055635455,-35.042495862920866,-35.192668626824464,3.6608303671766227,-41.147698286885515,-40.65048047182561,6.9179719547044485,-37.651859258195856,-40.83174891252938,3.6608303671766227,-41.147698286885515,-40.65048047182561,6.9179719547044485,-37.651859258195856,-40.83174891252938
-21.901487802591827,-43.51766094090729,-38.27537549531656,7.307073275727395,-34.5348026704015,-35.85946828630915,-21.901487802591827,-43.51766094090729,-38.27537549531656,7.307073275727395,-34.5348026704015,-35.85946828630915,10.309860527715326,-41.12282993398156,-39.21977121445566,7.28153800266194,-38.859018129991895,-40.9146015468429,10.309860527715326,-41.12282993398156,-39.21977121445566,7.28153800266194,-38.859018129991895,-40.9146015468429
-6.286860300030986,-42.295495824752074,-39.538930183359525,5.791201728013438,-34.33188139014363,-36.81807123173196,-6.286860300030986,-42.295495824752074,-39.538930183359525,5.791201728013438,-34.33188139014363,-36.81807123173196,-3.066408472341812,-41.11035711382343,-37.793315853498555,15.233737810398853,-40.1974302672652,-41.11187120790194,-3.066408472341812,-41.11035711382343,-37.793315853498555,15.233737810398853,-40.1974302672652,-41.11187120790194
-4.3514793323108,-40.93375519927224,-40.943995342555155,4.027767729662949,-34.44450029050685,-38.010299204001534,-4.3514793323108,-40.93375519927224,-40.943995342555155,4.027767729662949,-34.44450029050685,-38.010299204001534,6.018314112143889,-41.11136756379759,-36.471586675727146,11.44700814994157,-41.57734694298625,-40.809361650673644,6.018314112143889,-41.11136756379759,-36.471586675727146,11.44700814994157,-41.57734694298625,-40.809361650673644
-21.073148069127797,-39.51918281157092,-42.40248785363748,5.957432512069927,-34.86668311045078,-39.36379508362664,-21.073148069127797,-39.51918281157092,-42.40248785363748,5.957432512069927,-34.86668311045078,-39.36379508362664,8.70873499559792,-41.12577316396003,-35.34767958629197,5.124872412204467,-42.906236296748396,-40.94893201933002,8.70873499559792,-41.12577316396003,-35.34767958629197,5.124872412204467,-42.906236296748396,-40.94893201933002
-13.443705828405228,-38.14188782572955,-43.82297525245251,7.268066897317636,-35.57602619720817,-40.79641429308452,-13.443705828405228,-38.14188782572955,-43.82297525245251,7.268066897317636,-35.57602619720817,-40.79641429308452,-3.540578324924481,-41.15231762185461,-34.50075690494485,11.6330760715481,-44.09498816245123,-41.09603198369667,-3.540578324924481,-41.15231762185461,-34.50075690494485,11.6330760715481,-44.09498816245123,-41.09603198369667
-1.0860911438530856,-36.88960481153529,-45.1164076040939,5.030859194518488,-36.53488738378926,-42.22121020661624,-1.0860911438530856,-36.88960481153529,-45.1164076040939,5.030859194518488,-36.53488738378926,-42.22121020661624,8.177178967509526,-41.1886860320398,-33.99047157340675,15.153641616377522,-45.063889450434544,-40.792667925933785,8.177178967509526,-41.1886860320398,-33.99047157340675,15.153641616377522,-45.063889450434544,-40.792667925933785
-15.784110187293525,-35.84210499638068,-46.201700016984574,4.245189969796968,-37.692383517063924,-43.551710999567526,-15.784110187293525,-35.84210499638068,-46.201700016984574,4.245189969796968,-37.692383517063924,-43.551710999567526,6.643553565390096,-41.23170675578886,-33.85276550445643,7.129948889875935,-45.74796939811177,-40.983359465305725,6.643553565390096,-41.23170675578886,-33.85276550445643,7.129948889875935,-45.74796939811177,-40.983359465305725
-19.734432760185697,-35.06611478715705,-47.01081583074801,6.6667564919227145,-38.987090635126876,-44.70716768173015,-19.734432760185697,-35.06611478715705,-47.01081583074801,6.6667564919227145,-38.987090635126876,-44.70716768173015,-3.2702864403675838,-41.27762801531447,-34.09733801573719,7.063322335930097,-46.101356257326536,-41.07439124379438,-3.2702864403675838,-41.27762801531447,-34.09733801573719,7.063322335930097,-46.101356257326536,-41.07439124379438
-2.776822427100642,-34.611065255541284,-47.49303181432461,6.884200398797329,-40.35030350569945,-45.617454808002336,-2.776822427100642,-34.611065255541284,-47.49303181432461,6.884200398797329,-40.35030350569945,-45.617454808002336,9.92443125913734,-41.322445081117856,-34.70696265897543,15.115695628892203,-46.10035327587507,-40.782337131774774,9.92443125913734,-41.322445081117856,-34.70696265897543,15.115695628892203,-46.10035327587507,-40.782337131774774
-8.526282060544359,-34.50594334717578,-47.61811799032482,4.411610238886388,-41.70968155413632,-46.227326438933716,-8.526282060544359,-34.50594334717578,-47.61811799032482,4.411610238886388,-41.70968155413632,-46.227326438933716,4.31806710157258,-41.36224951890684,-35.63870056369842,11.716037140061028,-45.745027709803544,-41.016503395531615,4.31806710157258,-41.36224951890684,-35.63870056369842,11.716037140061028,-45.745027709803544,-41.016503395531615
-22.19519161839595,-34.757445394727455,-47.37823274337085,4.774364446200752,-42.993087705365134,-46.49976905403996,-22.19519161839595,-34.757445394727455,-47.37823274337085,4.774364446200752,-42.993087705365134,-46.49976905403996,-2.2821998244532686,-41.39357003874207,-36.82692483366901,5.127106355493943,-45.05920631347847,-41.047816749590055,-2.2821998244532686,-41.39357003874207,-36.82692483366901,5.127106355493943,-45.05920631347847,-41.047816749590055
-8.627092264791706,-35.349550557222244,-46.78841440864545,7.161833622290625,-44.132416426869774,-46.418247927317076,-8.627092264791706,-35.349550557222244,-46.78841440864545,7.161833622290625,-44.132416426869774,-46.418247927317076,11.08768702129976,-41.4136752214291,-38.18794297287886,11.363085441433949,-44.08887760984851,-40.778783517635,11.08768702129976,-41.4136752214291,-38.18794297287886,11.363085441433949,-44.08887760984851,-40.778783517635
-2.719158817301347,-36.244541357841975,-45.88563852310706,6.238855106026672,-45.06720783288865,-45.987710630911124,-2.719158817301347,-36.244541357841975,-45.88563852310706,6.238855106026672,-45.06720783288865,-45.987710630911124,1.9617081713821198,-41.420811721806764,-39.62589176083853,15.267629866074621,-42.89910807845741,-41.04703478783663,1.9617081713821198,-41.420811721806764,-39.62589176083853,15.267629866074621,-42.89910807845741,-41.04703478783663
-19.666606239682576,-37.385406311274494,-44.726499840013844,4.067964642921961,-45.747856062925095,-45.23428676362877,-19.666606239682576,-37.385406311274494,-44.726499840013844,4.067964642921961,-45.747856062925095,-45.23428676362877,-0.673803133604423,-41.414357175552404,-41.03948937202237,7.350871282515085,-41.569679049679515,-41.01737409866798,-0.673803133604423,-41.414357175552404,-41.03948937202237,7.350871282515085,-41.569679049679515,-41.01737409866798
-15.880570683197124,-38.69947159172094,-43.38366442058042,5.500346849787659,-46.13824167800151,-44.20370212796795,-15.880570683197124,-38.69947159172094,-43.38366442058042,5.500346849787659,-46.13824167800151,-44.20370212796795,11.552179404127639,-41.394874474713255,-42.32916915439229,6.854234175019432,-40.18973687812871,-40.7821495781416,11.552179404127639,-41.394874474713255,-42.32916915439229,6.854234175019432,-40.18973687812871,-40.7821495781416
-1.0987420951927511,-40.10303040199017,-41.94131422009222,7.335126028177374,-46.21764838329887,-42.95850360033383,-1.0987420951927511,-40.10303040199017,-41.94131422009222,7.335126028177374,-46.21764838329887,-42.95850360033383,-0.19304477944698384,-41.3640626786699,-43.40409259979299,14.984778895258057,-38.85181513386312,-41.07372937892399,-0.19304477944698384,-41.3640626786699,-43.40409259979299,14.984778895258057,-38.85181513386312,-41.07372937892399
-13.340008966628881,-41.5066751499136,-40.48986974602635,5.4722093006642005,-45.981862363927426,-41.57426311893787,-13.340008966628881,-41.5066751499136,-40.48986974602635,5.4722093006642005,-45.981862363927426,-41.57426311893787,1.3962191643663586,-41.324608841518845,-44.18854754812386,11.98148070069503,-37.6456296600591,-40.98428399592783,1.3962191643663586,-41.324608841518845,-44.18854754812386,11.98148070069503,-37.6456296600591,-40.98428399592783
-21.11981190064693,-42.82099276903921,-39.12032162318073,4.074567173824178,-45.44339589621823,-40.134991171913775,-21.11981190064693,-42.82099276903921,-39.12032162318073,4.074567173824178,-45.44339589621823,-40.134991171913775,11.272081574606826,-41.279953677802965,-44.62728096820962,5.143758261796894,-36.65206257652163,-40.7923003392884,11.272081574606826,-41.279953677802965,-44.62728096820962,5.143758261796894,-36.65206257652163,-40.7923003392884
-4.428484402392556,-43.96226038804088,-37.91852641831712,6.265443358367975,-44.630823368326055,-38.72803814414888,-4.428484402392556,-43.96226038804088,-37.91852641831712,6.265443358367975,-44.630823368326055,-38.72803814414888,-1.9336037574083047,-41.23399150255744,-44.68939070131036,11.090473776236172,-35.937738638423355,-41.09551675550351,-1.9336037574083047,-41.23399150255744,-44.68939070131036,11.090473776236172,-35.937738638423355,-41.09551675550351
-6.196149436300564,-44.857778531066025,-36.959824317383806,7.14899210600453,-43.58726494503044,-37.43879296352981,-6.196149436300564,-44.857778531066025,-36.959824317383806,7.14899210600453,-43.58726494503044,-37.43879296352981,3.7236386048131194,-41.19073061348432,-44.370502052580186,15.368328423191869,-35.55055763862002,-40.94987330513878,3.7236386048131194,-41.19073061348432,-44.370502052580186,15.368328423191869,-35.55055763862002,-40.94987330513878
-21.876369502205712,-45.450502120754585,-36.30431607154121,4.750789480757262,-42.368098342935106,-36.34550078933595,-21.876369502205712,-45.450502120754585,-36.30431607154121,4.750789480757262,-42.368098342935106,-36.34550078933595,10.27502799335631,-41.15394373285653,-43.693075922402485,7.580135491048153,-35.51648243331611,-40.808828770692315,10.27502799335631,-41.15394373285653,-43.693075922402485,7.580135491048153,-35.51648243331611,-40.808828770692315
-11.13959168653024,-45.70267428608139,-35.99309529884718,4.429983666895724,-41.03802014354088,-35.51451426076633,-11.13959168653024,-45.70267428608139,-35.99309529884718,4.429983666895724,-41.03802014354088,-35.51451426076633,-3.088245159310109,-41.12683899362904,-42.70482677439217,6.654844826011335,-35.837797973622074,-41.111523276268144,-3.088245159310109,-41.12683899362904,-42.70482677439217,6.654844826011335,-35.837797973622074,-41.111523276268144
-1.600826953319018,-45.598231499142344,-36.045672337494814,6.9034640034439345,-39.667612589243156,-34.99626651052866,-1.600826953319018,-45.598231499142344,-36.045672337494814,6.9034640034439345,-39.667612589243156,-34.99626651052866,6.078831912964592,-41.111780162603125,-41.47536187038131,14.841345322366225,-36.49295808559481,-40.915521843681205,6.078831912964592,-41.111780162603125,-41.47536187038131,14.841345322366225,-36.49295808559481,-40.915521843681205
-17.793794562972018,-45.143826832135964,-36.458751148481554,6.643862821428531,-38.32959804946511,-34.82221034401101,-17.793794562972018,-45.143826832135964,-36.458751148481554,6.643862821428531,-38.32959804946511,-34.82221034401101,8.659387997879438,-41.1100804995946,-40.09127848764475,12.242613541995109,-37.43803027309761,-40.831072106904614,8.659387997879438,-41.1100804995946,-40.09127848764475,12.242613541995109,-37.43803027309761,-40.831072106904614
-18.07015403962192,-44.368406152417414,-37.206435943319406,4.231298409682024,-37.094979918306606,-35.00290934731592,-18.07015403962192,-44.368406152417414,-37.206435943319406,4.231298409682024,-37.094979918306606,-35.00290934731592,-3.5430520283359286,-41.121888229862485,-38.65006444553811,5.174782631955003,-38.60964166060339,-41.12110710360741,-3.5430520283359286,-41.121888229862485,-38.65006444553811,5.174782631955003,-38.60964166060339,-41.12110710360741
-1.7191083351485101,-43.3213642522705,-38.241854583356286,5.0570125467474405,-36.029274731741914,-35.527396776097326,-1.7191083351485101,-43.3213642522705,-38.241854583356286,5.0570125467474405,-36.029274731741914,-35.527396776097326,8.229435643393293,-41.14617361758931,-37.253231557541824,10.815985951712133,-39.929228532442224,-40.88260705392766,8.229435643393293,-41.14617361758931,-37.253231557541824,10.815985951712133,-39.929228532442224,-40.88260705392766
-10.795575056527065,-42.0693983691083,-39.50009698028511,7.275821522210164,-35.18903545172058,-36.363841134669265,-10.795575056527065,-42.0693983691083,-39.50009698028511,7.275821522210164,-35.18903545172058,-36.363841134669265,6.584560680649902,-41.18081876771683,-35.99916565355131,15.455462142078613,-41.308304510872745,-40.85813842331699,6.584560680649902,-41.18081876771683,-35.99916565355131,15.455462142078613,-41.308304510872745,-40.85813842331699
-21.95486622300062,-40.69225952887417,-40.90228429038197,5.929459521951997,-34.61885041339433,-37.46147805094128,-21.95486622300062,-40.69225952887417,-40.90228429038197,5.929459521951997,-34.61885041339433,-37.46147805094128,-3.2531531045661826,-41.22280232464335,-34.97619678060938,7.817115080979712,-42.65439410938804,-41.12388394033837,-3.2531531045661826,-41.22280232464335,-34.97619678060938,7.817115080979712,-42.65439410938804,-41.12388394033837
-6.495265807324638,-39.27767235478037,-42.36051380588975,4.026577021580328,-34.34897719004248,-38.75369120038818,-6.495265807324638,-39.27767235478037,-42.36051380588975,4.026577021580328,-34.34897719004248,-38.75369120038818,9.963271164807242,-41.2684629604649,-34.25637768202303,6.465699094251182,-43.877233780183964,-40.85244876985799,9.963271164807242,-41.2684629604649,-34.25637768202303,6.465699094251182,-43.877233780183964,-40.85244876985799
-4.178892604148561,-37.91574695281103,-43.78336954976924,5.8194541201104295,-34.39373693757555,-40.162055295701286,-4.178892604148561,-37.91574695281103,-43.78336954976924,5.8194541201104295,-34.39373693757555,-40.162055295701286,4.255248569663973,-41.31381867431535,-33.89040876726687,14.685786823714386,-44.89482463759688,-40.888942401008116,4.255248569663973,-41.31381867431535,-33.89040876726687,14.685786823714386,-44.89482463759688,-40.888942401008116
-20.963462466466673,-36.69323884044958,-45.08165311626246,7.3016345047795745,-34.75075442470907,-41.60109577035307,-20.963462466466673,-36.69323884044958,-45.08165311626246,7.3016345047795745,-34.75075442470907,-41.60109577035307,-2.2471498248849313,-41.354914057151674,-33.90406703207433,12.498722152590588,-45.63893098535184,-41.11974243944949,-2.2471498248849313,-41.354914057151674,-33.90406703207433,12.498722152590588,-45.63893098535184,-41.11974243944949
-13.679032909487818,-35.68802256483509,-46.17397549256808,5.160960881772522,-35.40108407754544,-42.98347628767054,-13.679032909487818,-35.68802256483509,-46.17397549256808,5.160960881772522,-35.40108407754544,-42.98347628767054,11.109278210447908,-41.38816523750331,-34.296390457488414,5.220094695930239,-46.059655937709564,-40.826256293685226,11.109278210447908,-41.38816523750331,-34.296390457488414,5.220094695930239,-46.059655937709564,-40.826256293685226
-1.061169252361541,-34.96413104439878,-46.991859311982296,4.181093747111425,-36.31021534985181,-44.22529924199399,-1.061169252361541,-34.96413104439878,-46.991859311982296,4.181093747111425,-36.31021534985181,-44.22529924199399,1.9012616706274965,-41.41067242594378,-35.03974576960179,10.54037196997928,-46.128787311104105,-40.922248846413765,1.9012616706274965,-41.41067242594378,-35.03974576960179,10.54037196997928,-46.128787311104105,-40.922248846413765
-15.563038470904997,-34.56767663108482,-47.484031679764485,6.551695108610571,-37.42990406781916,-45.25119756093214,-15.563038470904997,-34.56767663108482,-47.484031679764485,6.551695108610571,-37.42990406781916,-45.25119756093214,-0.6242945043225507,-41.42047280171398,-36.081774787333565,15.52879294123235,-45.84168942375466,-41.108848668949776,-0.6242945043225507,-41.42047280171398,-36.081774787333565,15.52879294123235,-45.84168942375466,-41.108848668949776
-19.88580805276559,-34.5239137240959,-47.61963845574397,6.975295999987269,-38.70073256673044,-45.998908783801454,-19.88580805276559,-34.5239137240959,-47.61963845574397,6.975295999987269,-38.70073256673044,-45.998908783801454,11.554391689357537,-41.416711687604455,-37.3490822673689,8.061162536542591,-45.21761394650677,-40.8050799046403,11.554391689357537,-41.416711687604455,-37.3490822673689,8.061162536542591,-45.21761394650677,-40.8050799046403
-2.911307216404248,-34.83563004854305,-47.39017849124184,4.5052958613149645,-40.05526276272409,-46.42305381234516,-2.911307216404248,-34.83563004854305,-47.39017849124184,4.5052958613149645,-40.05526276272409,-46.42305381234516,-0.2451555953928759,-41.399717085172185,-38.75240549315276,6.287313795738263,-44.2984089604511,-40.95672222074654,-0.2451555953928759,-41.399717085172185,-38.75240549315276,6.287313795738263,-44.2984089604511,-40.95672222074654
-8.297981237734247,-35.482969075576484,-46.810036563567344,4.661285330580892,-41.42161483800513,-46.497890998803086,-8.297981237734247,-35.482969075576484,-46.810036563567344,4.661285330580892,-41.42161483800513,-46.497890998803086,1.455301900448513,-41.370971070178655,-40.1929014882871,14.518528442575944,-43.145712786909016,-41.09163945278924,1.455301900448513,-41.370971070178655,-40.1929014882871,14.518528442575944,-43.145712786909016,-41.09163945278924
-22.191295291457514,-36.424694895948704,-45.9155815985828,7.094682235377716,-42.72728163215321,-46.218878423870486,-22.191295291457514,-36.424694895948704,-45.9155815985828,7.094682235377716,-42.72728163215321,-46.218878423870486,11.254696691788574,-41.332980542813566,-41.56910901488137,12.749106749164747,-41.83682076066278,-40.78976874434137,11.254696691788574,-41.332980542813566,-41.56910901488137,12.749106749164747,-41.83682076066278,-40.78976874434137
-8.857621793295905,-37.60081897375621,-44.76288671349786,6.367691425846296,-43.90297632414218,-45.60294954884296,-8.857621793295905,-37.60081897375621,-44.76288671349786,6.367691425846296,-43.90297632414218,-45.60294954884296,-1.9722376338149807,-41.28905860439826,-42.78409498897409,5.2795706444279995,-40.459502104587195,-40.990980193109436,-1.9722376338149807,-41.28905860439826,-42.78409498897409,5.2795706444279995,-40.459502104587195,-40.990980193109436
-2.5911918583935822,-38.936421454470036,-43.424214009735834,4.104884335553159,-44.88630922307209,-44.68748551243313,-2.5911918583935822,-38.936421454470036,-43.424214009735834,4.104884335553159,-44.88630922307209,-44.68748551243313,3.786466343106169,-41.24303562640405,-43.75228195573894,10.264384910232945,-39.10611446596765,-41.06880485487003,3.786466343106169,-41.24303562640405,-43.75228195573894,10.264384910232945,-39.10611446596765,-41.06880485487003
-19.5092740312381,-40.34642360749382,-41.98348448316788,5.3628472519252925,-45.62509855417259,-43.52804644425811,-19.5092740312381,-40.34642360749382,-41.98348448316788,5.3628472519252925,-45.62509855417259,-43.52804644425811,10.239761135572376,-41.19892520905658,-44.40547573172156,15.588120453825386,-37.86741077087297,-40.78093676748129,10.239761135572376,-41.19892520905658,-44.40547573172156,15.588120453825386,-37.86741077087297,-40.78093676748129
-16.098531935285294,-41.741007395612414,-40.53101704170238,7.330470884954703,-46.080139549129576,-42.19499948311187,-16.098531935285294,-41.741007395612414,-40.53101704170238,7.330470884954703,-46.080139549129576,-42.19499948311187,-3.1095904767231595,-41.160574160814036,-44.697668657534194,8.311611029950226,-36.82645368490926,-41.02364906990318,-3.1095904767231595,-41.160574160814036,-44.697668657534194,8.311611029950226,-36.82645368490926,-41.02364906990318
-1.1314000934652935,-43.031336941297425,-39.15786643966098,5.610801236983164,-46.22728489553651,-40.76924814786711,-1.1314000934652935,-43.031336941297425,-39.15786643966098,5.610801236983164,-46.22728489553651,-40.76924814786711,6.139206066844373,-41.13132702352459,-44.60828014422973,6.120176344994024,-36.05304575301453,-41.04126050851309,6.139206066844373,-41.13132702352459,-44.60828014422973,6.120176344994024,-36.05304575301453,-41.04126050851309
-13.10336728349438,-44.13521742881358,-37.95011508216076,4.046701448284288,-46.05872614385095,-39.33732224836613,-13.10336728349438,-44.13521742881358,-37.95011508216076,4.046701448284288,-46.05872614385095,-39.33732224836613,8.609718594421727,-41.11373439955994,-44.14360626569084,14.340027190624312,-35.59904871151724,-40.77893812316012,8.609718594421727,-41.11373439955994,-44.14360626569084,14.340027190624312,-35.59904871151724,-40.77893812316012
-21.22251335115667,-44.9823309664497,-36.983476544597174,6.133390169016011,-45.58340807241356,-37.98612633291904,-21.22251335115667,-44.9823309664497,-36.983476544597174,6.133390169016011,-45.58340807241356,-37.98612633291904,-3.545002857072066,-41.10933051731188,-43.336376295092336,12.993083188520913,-35.494905841238605,-41.05341887789083,-3.545002857072066,-41.10933051731188,-43.336376295092336,12.993083188520913,-35.494905841238605,-41.05341887789083
-4.606380679620821,-45.51871588110793,-36.31854911099571,7.207844370549902,-44.82655402173802,-36.79766539267193,-4.606380679620821,-45.51871588110793,-36.31854911099571,7.207844370549902,-44.82655402173802,-36.79766539267193,8.281399696949778,-41.11849943325731,-42.243447420760944,5.353047967189824,-35.747600559151934,-41.01011090092758,8.281399696949778,-41.11849943325731,-42.243447420760944,5.353047967189824,-35.747600559151934,-41.01011090092758
-5.991691009981638,-45.710204111326,-35.997016885509005,4.8690328711952775,-43.828327386793966,-35.84406792340269,-5.991691009981638,-45.710204111326,-35.997016885509005,4.8690328711952775,-43.828327386793966,-35.84406792340269,6.5253891164163536,-41.14044153892431,-40.941800013965,9.988778871054937,-36.34018813752485,-40.78385295403433,6.5253891164163536,-41.14044153892431,-40.941800013965,9.988778871054937,-36.34018813752485,-40.78385295403433
-21.81542379564022,-45.5445977346035,-36.039036628255985,4.343385359654009,-42.641700296848136,-35.18320839847998,-21.81542379564022,-45.5445977346035,-36.039036628255985,4.343385359654009,-42.641700296848136,-35.18320839847998,-3.2355169758012874,-41.17324329364049,-39.523115521675976,15.633282575180864,-37.23293195164263,-41.07909589217091,-3.2355169758012874,-41.17324329364049,-39.523115521675976,15.633282575180864,-37.23293195164263,-41.07909589217091
-11.378911161575155,-45.032445982851634,-36.441974133991664,6.805541075073684,-41.32964258400043,-34.85519482805282,-11.378911161575155,-45.032445982851634,-36.441974133991664,6.805541075073684,-41.32964258400043,-34.85519482805282,10.001698342892006,-41.21404410176714,-38.08731889005822,8.567776243416604,-38.36596806374706,-40.976605084921026,10.001698342892006,-41.21404410176714,-38.08731889005822,8.567776243416604,-38.36596806374706,-40.976605084921026
-1.5248815095356019,-44.20637324958638,-37.18056936965484,6.753438935222031,-39.96178021127106,-34.879934576872074,-1.5248815095356019,-44.20637324958638,-37.18056936965484,6.753438935222031,-39.96178021127106,-34.879934576872074,4.1924127130325095,-41.25928578128651,-36.735540357651146,5.964743423265455,-39.663319466526346,-40.795484182715875,4.1924127130325095,-41.25928578128651,-36.735540357651146,5.964743423265455,-39.663319466526346,-40.795484182715875
-17.597916012078258,-43.119000895235985,-38.20852001836972,4.30350908876247,-38.610700484879736,-35.25592617290124,-17.597916012078258,-43.119000895235985,-38.20852001836972,4.30350908876247,-38.610700484879736,-35.25592617290124,-2.2116667196343016,-41.3050228679318,-35.562992353864594,14.150770799208555,-41.037990806556245,-41.09965050276559,-2.2116667196343016,-41.3050228679318,-35.562992353864594,14.150770799208555,-41.037990806556245,-41.09965050276559
-18.258142350604047,-41.839595232890986,-39.461384157996505,4.930492055957678,-37.34810011919046,-35.960350432666715,-18.258142350604047,-41.839595232890986,-39.461384157996505,4.930492055957678,-37.34810011919046,-35.960350432666715,11.130377286469264,-41.3472666936663,-34.652263217959565,13.229984836915163,-42.39780195529802,-40.942086593744584,11.130377286469264,-41.3472666936663,-34.652263217959565,13.229984836915163,-42.39780195529802,-40.942086593744584
-1.8074572496100494,-40.4496552199447,-40.86062010617083,7.233299123602826,-36.24098056201302,-36.95045537288853,-1.8074572496100494,-40.4496552199447,-40.86062010617083,7.233299123602826,-36.24098056201302,-36.95045537288853,1.840960909178214,-41.38233323290347,-34.0675000949639,5.4403258970312915,-43.65156925100701,-40.813365414281485,1.840960909178214,-41.38233323290347,-34.0675000949639,5.4403258970312915,-43.65156925100701,-40.813365414281485
-10.557051014884035,-39.03772092248277,-42.31851017514161,6.065957976693399,-35.34809248002326,-38.166150857170926,-10.557051014884035,-39.03772092248277,-42.31851017514161,6.065957976693399,-35.34809248002326,-38.166150857170926,-0.5744651868599782,-41.40716438128048,-33.849890735855226,9.714306909938148,-44.71521992144255,-41.11425850044525,-0.5744651868599782,-41.40716438128048,-33.849890735855226,9.714306909938148,-44.71521992144255,-41.11425850044525
-22.002953469617307,-37.69373345655443,-43.74365966767267,4.0370697909694035,-34.716818082074575,-39.53365550689576,-22.002953469617307,-37.69373345655443,-43.74365966767267,4.0370697909694035,-34.716818082074575,-39.53365550689576,11.556081027815592,-41.41959464870797,-34.014762441109454,15.66415590570283,-45.51742967790672,-40.90793956741339,11.556081027815592,-41.41959464870797,-34.014762441109454,15.66415590570283,-45.51742967790672,-40.90793956741339
-6.706283861394922,-36.50330568166664,-45.04672638358138,5.6804935165216905,-34.38065672376449,-40.96997454283757,-6.706283861394922,-36.50330568166664,-45.04672638358138,5.6804935165216905,-34.38065672376449,-40.96997454283757,-0.29697198665039526,-41.41854000876424,-34.55050248332938,8.828958238964642,-46.0044054454204,-40.83677963801352,-0.29697198665039526,-41.41854000876424,-34.55050248332938,8.828958238964642,-46.0044054454204,-40.83677963801352
-4.010102668539905,-35.542268606983136,-46.14602145584434,7.323749112648546,-34.35744722275579,-42.38793679427349,-4.010102668539905,-35.542268606983136,-46.14602145584434,7.323749112648546,-34.35744722275579,-42.38793679427349,1.5145612681041656,-41.40409243513938,-35.41937604891279,5.821439730703183,-46.143492517700366,-41.12233412628938,1.5145612681041656,-41.40409243513938,-35.41937604891279,5.821439730703183,-46.143492517700366,-41.12233412628938
-20.848992545173992,-34.87184090763426,-46.97263040151038,5.294732249397438,-34.64842121988494,-43.701485176109436,-20.848992545173992,-34.87184090763426,-46.97263040151038,5.294732249397438,-34.64842121988494,-43.701485176109436,11.236809622498182,-41.37751188073711,-36.56018408709366,13.951276386691125,-45.92536425511465,-40.87553325075633,11.236809622498182,-41.37751188073711,-36.56018408709366,13.951276386691125,-45.92536425511465,-40.87553325075633
-13.913299836482828,-34.53472925603255,-47.47473335025471,4.127589426346705,-35.23813782061997,-44.830899551397835,-13.913299836482828,-34.53472925603255,-47.47473335025471,4.127589426346705,-35.23813782061997,-44.830899551397835,-2.0104574480984674,-41.34111639892546,-37.892573860939514,13.459164391545393,-45.36464749296386,-40.8647879784604,-2.0104574480984674,-41.34111639892546,-37.892573860939514,13.459164391545393,-45.36464749296386,-40.8647879784604
-1.0416380894583313,-34.55240787957851,-47.6208536167232,6.43047863443786,-36.09530298519938,-45.707635000200014,-1.0416380894583313,-34.55240787957851,-47.6208536167232,6.43047863443786,-36.09530298519938,-45.707635000200014,3.849309229889425,-41.298079989310224,-39.32269858693709,5.541165958412348,-44.49894172263461,-41.12355355974564,3.849309229889425,-41.298079989310224,-39.32269858693709,5.541165958412348,-44.49894172263461,-41.12355355974564
-15.339943402602103,-34.92375063866719,-47.40183096462769,7.057244003358158,-37.17443018550265,-46.27848185699335,-15.339943402602103,-34.92375063866719,-47.40183096462769,7.057244003358158,-37.17443018550265,-46.27848185699335,10.204062397349155,-41.25215579762145,-40.74982752683533,9.441718985655784,-43.38629781553294,-40.846167088740415,10.204062397349155,-41.25215579762145,-40.74982752683533,9.441718985655784,-43.38629781553294,-40.846167088740415
-20.032949977524154,-35.625102762499935,-46.831395859249625,4.607283076313137,-38.41825420384408,-46.508795041148204,-20.032949977524154,-35.625102762499935,-46.831395859249625,4.607283076313137,-38.41825420384408,-46.508795041148204,-3.130442945960616,-41.20734880906777,-42.073440950374234,15.680656088049355,-42.101325356792294,-40.89626734294196,-3.130442945960616,-41.20734880906777,-42.073440950374234,15.680656088049355,-42.101325356792294,-40.89626734294196
-3.0502368512798324,-36.611787673084145,-45.945308708632425,4.555405827856525,-39.760769982476006,-46.3845966902306,-3.0502368512798324,-36.611787673084145,-45.945308708632425,4.555405827856525,-39.760769982476006,-46.3845966902306,6.199432391579328,-41.16756657911835,-43.200310235680234,9.094443370916101,-40.730189615860155,-41.117867903351105,6.199432391579328,-41.16756657911835,-43.200310235680234,9.094443370916101,-40.730189615860155,-41.117867903351105
-8.071371323451643,-37.82095291177043,-44.799118054177946,7.017539852656219,-41.130735263499474,-45.91342448589789,-8.071371323451643,-37.82095291177043,-44.799118054177946,7.017539852656219,-41.130735263499474,-45.91342448589789,8.55973022589465,-41.13627846099762,-44.05106442093587,5.690656825924098,-39.36483363771222,-40.82101862066569,8.55973022589465,-41.13627846099762,-44.05106442093587,5.690656825924098,-39.36483363771222,-40.82101862066569
-22.18198691636779,-39.175573880990164,-43.46467824901499,6.491672539466287,-42.45545114726887,-45.12387418691673,-22.18198691636779,-39.175573880990164,-43.46467824901499,6.491672539466287,-42.45545114726887,-45.12387418691673,-3.546430675996211,-41.11621304819132,-44.56578069270179,13.74208904548938,-38.096812898848086,-40.92995545589094,-3.546430675996211,-41.11621304819132,-44.56578069270179,13.74208904548938,-38.096812898848086,-40.92995545589094
-9.089556114101127,-40.58936036028882,-42.02564492985344,4.152934307618148,-43.66461994929024,-44.06386413328292,-9.089556114101127,-40.58936036028882,-42.02564492985344,4.152934307618148,-43.66461994929024,-44.06386413328292,8.333067528555627,-41.10912021758435,-44.708205045224304,13.679995649221787,-37.01115595212585,-41.10550514344758,8.333067528555627,-41.10912021758435,-44.708205045224304,13.679995649221787,-37.01115595212585,-41.10550514344758
-2.4678334040309196,-41.97225324845183,-40.57223066986106,5.22759111843709,-44.69407563367168,-42.797727049858366,-2.4678334040309196,-41.97225324845183,-40.57223066986106,5.22759111843709,-44.69407563367168,-42.797727049858366,6.466042971588054,-41.1156185251191,-44.46830582887611,5.655292619040423,-36.1806627417821,-40.8010962625954,6.466042971588054,-41.1156185251191,-44.46830582887611,5.655292619040423,-36.1806627417821,-40.8010962625954
-19.34790095798732,-43.23616138574081,-39.19554957913296,7.314159028997551,-45.48918886306794,-41.4023056499232,-19.34790095798732,-43.23616138574081,-39.19554957913296,7.314159028997551,-45.48918886306794,-41.4023056499232,-3.217379275752438,-41.135141262387634,-43.86298032871866,9.171759909096114,-35.661022921518615,-40.96450147422068,-3.217379275752438,-41.135141262387634,-43.86298032871866,9.171759909096114,-35.661022921518615,-40.96450147422068
-16.31419606443046,-44.30057301700126,-37.981905388077706,5.749884979356457,-46.00776597193763,-39.962288999095904,-16.31419606443046,-44.30057301700126,-37.981905388077706,5.749884979356457,-46.00776597193763,-39.962288999095904,10.039710131486226,-41.16598587848774,-42.934864605372844,15.682738037627978,-35.4870815223118,-41.08696100826933,10.039710131486226,-41.16598587848774,-42.934864605372844,15.682738037627978,-35.4870815223118,-41.08696100826933
-1.1694129148092482,-45.097684441860295,-37.007381092083506,4.030377032226899,-46.22228802551765,-38.565072678839776,-1.1694129148092482,-45.097684441860295,-37.007381092083506,4.030377032226899,-46.22228802551765,-38.565072678839776,4.129563884406688,-41.205462457131205,-41.74933042697576,9.363506235834748,-35.67050237977835,-40.787198871375885,4.129563884406688,-41.205462457131205,-41.74933042697576,9.363506235834748,-35.67050237977835,-40.787198871375885
-12.865959755318208,-45.57671915372245,-36.33306933103957,5.99813698277988,-46.12137114608423,-37.29545468969776,-12.865959755318208,-45.57671915372245,-36.33306933103957,5.99813698277988,-46.12137114608423,-37.29545468969776,-2.175752966666665,-41.25012830052105,-40.389880813117884,5.572752056128064,-36.19898600259579,-40.99852015411824,-2.175752966666665,-41.25012830052105,-40.389880813117884,5.572752056128064,-36.19898600259579,-40.99852015411824
-21.320298043272533,-45.707162335652825,-36.001242509810346,7.255906211136667,-45.710370612484276,-36.23048900346503,-21.320298043272533,-45.707162335652825,-36.001242509810346,7.255906211136667,-45.710370612484276,-36.23048900346503,11.150982787801045,-41.29608816226253,-38.952268505311686,13.523780352682108,-37.03709432868824,-41.062979089980196,11.150982787801045,-41.29608816226253,-38.952268505311686,13.523780352682108,-37.03709432868824,-41.062979089980196
-4.7878551961280635,-45.480704673694724,-36.03270275367714,4.993008252591363,-45.01109667564925,-35.4348091056872,-4.7878551961280635,-45.480704673694724,-36.03270275367714,4.993008252591363,-45.01109667564925,-35.4348091056872,1.7808100641527398,-41.33933394641105,-37.537751629125985,13.891875217385222,-38.128627064226265,-40.779883711668425,1.7808100641527398,-41.33933394641105,-37.537751629125985,13.891875217385222,-38.128627064226265,-40.779883711668425
-5.790102583050257,-44.91177166547294,-36.425477829256664,4.26623245348828,-44.0606571706921,-34.95670534584391,-5.790102583050257,-44.91177166547294,-36.425477829256664,4.26623245348828,-44.0606571706921,-34.95670534584391,-0.5243186329638734,-41.37609424797327,-36.245961584967056,5.782394042726447,-39.400390257363966,-41.03064739725533,-0.5243186329638734,-41.37609424797327,-36.245961584967056,5.782394042726447,-39.400390257363966,-41.03064739725533
-21.749258205222485,-44.03660470678662,-37.154944783228544,6.699669773919982,-42.909488343806224,-34.82519416347929,-21.749258205222485,-44.03660470678662,-37.154944783228544,6.699669773919982,-42.909488343806224,-34.82519416347929,11.55724730247896,-41.40316325191777,-35.16788551713641,8.905167308164618,-40.767104400774365,-41.034521027736844,11.55724730247896,-41.40316325191777,-35.16788551713641,8.905167308164618,-40.767104400774365,-41.034521027736844
-11.61834641975219,-42.91095249156233,-38.17537354799645,6.855434749149847,-41.6186783905687,-35.048257060921856,-11.61834641975219,-42.91095249156233,-38.17537354799645,6.855434749149847,-41.6186783905687,-35.048257060921856,-0.34849036382443455,-41.41818030786783,-34.37945764048209,15.670396065783496,-42.13712294466287,-40.77944411046743,-0.34849036382443455,-41.41818030786783,-34.37945764048209,15.670396065783496,-42.13712294466287,-40.77944411046743
-1.4540897214538582,-41.60651978446408,-39.42279374610051,4.385446872807045,-40.25672573539341,-35.6123562005267,-1.4540897214538582,-41.60651978446408,-39.42279374610051,4.385446872807045,-40.25672573539341,-35.6123562005267,1.5739931623530552,-41.41983579915421,-33.93621081911684,9.635411654596025,-43.41857775895461,-41.059594949096834,1.5739931623530552,-41.41983579915421,-33.93621081911684,9.635411654596025,-43.41857775895461,-41.059594949096834
-17.398973778148285,-40.20639978161185,-40.8190049742603,4.8092693808402185,-38.89590407803916,-36.48325602516996,-17.398973778148285,-40.20639978161185,-40.8190049742603,4.8092693808402185,-38.89590407803916,-36.48325602516996,11.21842160579838,-41.40798535267263,-33.86936511289412,5.468047580693956,-44.525539453796014,-41.00272794739276,11.21842160579838,-41.40798535267263,-33.86936511289412,5.468047580693956,-44.525539453796014,-41.00272794739276
-18.44272943783815,-38.79978102094664,-42.27647916352788,7.179806477228227,-37.60842710046853,-37.608101037293885,-18.44272943783815,-38.79978102094664,-42.27647916352788,7.179806477228227,-37.60842710046853,-37.608101037293885,-2.048260552718139,-41.383662429462476,-34.183628794606044,13.29694680824964,-45.38377947116992,-40.78589769512543,-2.048260552718139,-41.383662429462476,-34.183628794606044,13.29694680824964,-45.38377947116992,-40.78589769512543
-1.9008153529286673,-37.4762660154305,-43.70384768804261,6.199732805844602,-36.46261635862517,-38.918623634691066,-1.9008153529286673,-37.4762660154305,-43.70384768804261,6.199732805844602,-36.46261635862517,-38.918623634691066,3.9121629119461114,-41.34898819799954,-34.856866723108,14.094224162798586,-45.93574756410831,-41.084202055986424,3.9121629119461114,-41.34898819799954,-34.856866723108,14.094224162798586,-45.93574756410831,-41.084202055986424
-10.319062932368428,-36.32016351577374,-45.011629237163234,4.059171912194345,-35.51927571468574,-40.33528731731168,-10.319062932368428,-36.32016351577374,-45.011629237163234,4.059171912194345,-35.51927571468574,-40.33528731731168,10.167934251588765,-41.30698655002854,-35.84165943048658,5.9221229414365,-46.14443089305112,-40.96887470405342,10.167934251588765,-41.30698655002854,-35.84165943048658,5.9221229414365,-46.14443089305112,-40.96887470405342
-22.045724957837457,-35.40511798919649,-46.11783937236664,5.541532381422093,-34.82846470501612,-41.772113811078555,-22.045724957837457,-35.40511798919649,-46.11783937236664,5.541532381422093,-34.82846470501612,-41.772113811078555,-3.1508011225420622,-41.26132039114838,-37.06864310907157,8.642669612311968,-45.99583596331663,-40.79898568652254,-3.1508011225420622,-41.26132039114838,-37.06864310907157,8.642669612311968,-45.99583596331663,-40.79898568652254
-6.919806579261547,-34.78941841985626,-46.953130107451166,7.334254493401712,-34.426842069046884,-43.14190114731134,-6.919806579261547,-34.78941841985626,-46.953130107451166,7.334254493401712,-34.426842069046884,-43.14190114731134,6.259506715206706,-41.21597220388353,-38.451395246533046,15.643663895341454,-45.49992697458243,-41.10348200963697,6.259506715206706,-41.21597220388353,-38.451395246533046,15.643663895341454,-45.49992697458243,-41.10348200963697
-3.845195819337863,-34.51228526334863,-47.46513731328112,5.431228276368463,-34.33572040798933,-44.361516009001285,-3.845195819337863,-34.51228526334863,-47.46513731328112,5.431228276368463,-34.33572040798933,-44.361516009001285,8.509426355064093,-41.174896740893864,-39.892521789686164,9.909416681168823,-44.6899576603002,-40.93431876228785,8.509426355064093,-41.174896740893864,-39.892521789686164,9.909416681168823,-44.6899576603002,-40.93431876228785
-20.729796827997085,-34.59137207864963,-47.62176340955497,4.085054986056342,-34.55993520532942,-45.35693914787275,-20.729796827997085,-34.59137207864963,-47.62176340955497,4.085054986056342,-34.55993520532942,-45.35693914787275,-3.5473353862013255,-41.1416761364677,-41.290517088033354,5.376829490920778,-43.62024142130169,-40.818183275723236,-3.5473353862013255,-41.1416761364677,-41.290517088033354,5.376829490920778,-43.62024142130169,-40.818183275723236
-14.14638684042602,-35.021640985139925,-47.4131895526213,6.303963397022935,-35.08758822592451,-46.06775766246818,-14.14638684042602,-35.021640985139925,-47.4131895526213,6.303963397022935,-35.08758822592451,-46.06775766246818,8.384435559105787,-41.119207513547366,-42.54691343738489,13.062208205215327,-42.36250927978795,-41.11666171266128,8.384435559105787,-41.119207513547366,-42.54691343738489,13.062208205215327,-42.36250927978795,-41.11666171266128
-1.0275076404505015,-35.77568357881619,-46.85249117588315,7.129465491406956,-35.890678910546384,-46.45083149787065,-1.0275076404505015,-35.77568357881619,-46.85249117588315,7.129465491406956,-35.890678910546384,-46.45083149787065,6.406526357156443,-41.109450329646315,-43.573216645936704,14.28648959340643,-41.00109987518205,-40.900445763823974,6.406526357156443,-41.109450329646315,-43.573216645936704,14.28648959340643,-41.00109987518205,-40.900445763823974
-15.114939039736406,-36.80546686512209,-45.97481829474532,4.716851400386247,-36.92659026013934,-46.482911644723835,-15.114939039736406,-36.80546686512209,-45.97481829474532,4.716851400386247,-36.92659026013934,-46.482911644723835,-3.1987412608442183,-41.113255495270856,-44.29713911667885,6.07409752421116,-39.627304042068246,-40.842720668031916,-3.1987412608442183,-41.113255495270856,-44.29713911667885,6.07409752421116,-39.627304042068246,-40.842720668031916
-20.175783308152248,-38.04539299136315,-44.83519196254457,4.457473918391039,-38.14035035951046,-46.16205113728533,-20.175783308152248,-38.04539299136315,-44.83519196254457,4.457473918391039,-38.14035035951046,-46.16205113728533,10.077303897459515,-41.130291167192354,-44.66769141939676,8.384984062195723,-38.33324320088703,-41.123212678624355,10.077303897459515,-41.130291167192354,-44.66769141939676,8.384984062195723,-38.33324320088703,-41.123212678624355
-3.1935403039528936,-39.416477871797404,-43.50505501698912,6.930951442566446,-39.467549529903394,-45.50772321609029,-3.1935403039528936,-39.416477871797404,-43.50505501698912,6.930951442566446,-39.467549529903394,-45.50772321609029,4.066706437415317,-41.15907168803599,-44.65877372773622,15.60261456846492,-37.20569205276399,-40.86861396538187,4.066706437415317,-41.15907168803599,-44.65877372773622,15.60261456846492,-37.20569205276399,-40.86861396538187
-7.846568172015385,-40.8313825243164,-42.067793349792666,6.60992258861349,-40.83775830815248,-44.559639483853616,-7.846568172015385,-40.8313825243164,-42.067793349792666,6.60992258861349,-40.83775830815248,-44.559639483853616,-2.1394110537785123,-41.197087148404634,-44.27101415870557,10.184772632617872,-36.320259804599225,-40.87161395061218,-2.1394110537785123,-41.197087148404634,-44.27101415870557,10.184772632617872,-36.320259804599225,-40.87161395061218
-22.167271252033416,-42.199976619357635,-40.6135084697853,4.211775112532451,-42.178264873131056,-43.37533978152584,-22.167271252033416,-42.199976619357635,-40.6135084697853,4.211775112532451,-42.178264873131056,-43.37533978152584,11.171093287070518,-41.24102227260419,-43.53172453129678,5.299347028320831,-35.736320108895285,-41.122872223561195,11.171093287070518,-41.24102227260419,-43.53172453129678,5.299347028320831,-35.736320108895285,-41.122872223561195
-9.322776650785695,-43.435079839432085,-39.23336906597328,5.09553395940077,-43.41793358834424,-42.02670005654982,-9.322776650785695,-43.435079839432085,-39.23336906597328,5.09553395940077,-43.41793358834424,-42.02670005654982,1.720813302286469,-41.287045539249355,-42.49297666036382,12.82020593614244,-35.49302969689506,-40.84009977460499,1.720813302286469,-41.287045539249355,-42.49297666036382,12.82020593614244,-35.49302969689506,-40.84009977460499
-2.3491465212220355,-44.45801532099931,-38.01389566938966,7.286305694582923,-44.490979902336974,-40.59557016314843,-2.3491465212220355,-44.45801532099931,-38.01389566938966,7.286305694582923,-44.490979902336974,-40.59557016314843,-0.473858316358192,-41.331143322941635,-41.22793468186891,14.468146169039436,-35.606702680050034,-40.903704545924114,-0.473858316358192,-41.331143322941635,-41.22793468186891,14.468146169039436,-35.606702680050034,-40.903704545924114
-19.18256952191165,-45.20362142089797,-37.03153670659314,5.888477977758013,-45.34046128716594,-39.16880633948499,-19.18256952191165,-45.20362142089797,-37.03153670659314,5.888477977758013,-45.34046128716594,-39.16880633948499,11.55789043255811,-41.36946991698644,-39.825701741919445,6.237902540358742,-36.069716588979006,-41.1156539992121,11.55789043255811,-41.36946991698644,-39.825701741919445,6.237902540358742,-36.069716588979006,-41.1156539992121
-16.527452812350234,-45.62440255461073,-36.34787597041757,4.0257092486592105,-45.92129896397312,-37.832999844006515,-16.527452812350234,-45.62440255461073,-36.34787597041757,4.0257092486592105,-45.92129896397312,-37.832999844006515,-0.3997071581630429,-41.398682912152324,-38.38504402270457,8.132814749913948,-36.851023506701786,-40.8160465680173,-0.3997071581630429,-41.398682912152324,-38.38504402270457,8.132814749913948,-36.851023506701786,-40.8160465680173
-1.2127611251702053,-45.693554695316685,-36.00577195021334,5.860639288916587,-46.202670064061394,-36.66922167358494,-1.2127611251702053,-45.693554695316685,-36.00577195021334,5.860639288916587,-46.202670064061394,-36.66922167358494,1.6335934662627456,-41.416234683554954,-37.0074341531395,15.547360247076327,-37.898232021535705,-40.93770566895577,1.6335934662627456,-41.416234683554954,-37.0074341531395,15.547360247076327,-37.898232021535705,-40.93770566895577
-12.62790775669513,-45.40667280750994,-36.0266710458259,7.29283809733578,-46.16964328249053,-35.74810231005522,-12.62790775669513,-45.40667280750994,-36.0266710458259,7.29283809733578,-46.16964328249053,-35.74810231005522,11.199533915453479,-41.42059456549793,-35.7899039911179,10.460727134782173,-39.14112039196826,-41.10184744560816,11.199533915453479,-41.42059456549793,-35.7899039911179,10.460727134782173,-39.14112039196826,-41.10184744560816
-21.413115984572116,-44.782031450573335,-36.40926309913243,5.121839807167367,-45.82397122621509,-35.12554510865045,-21.413115984572116,-44.782031450573335,-36.40926309913243,5.121839807167367,-45.82397122621509,-35.12554510865045,-2.0856443289987867,-41.41138233871008,-34.81821019117063,5.235811903599782,-40.496345344295015,-40.79741884332991,-2.0856443289987867,-41.41138233871008,-34.81821019117063,5.235811903599782,-40.496345344295015,-40.79741884332991
-4.9728151730708,-43.85942067768028,-37.12956352746713,4.199069991181187,-45.183997409831804,-34.839333485680186,-4.9728151730708,-43.85942067768028,-37.12956352746713,4.199069991181187,-45.183997409831804,-34.839333485680186,3.9750230353116467,-41.389401388741966,-34.1607939403098,12.571601240612663,-41.87303074931578,-40.97225392538299,3.9750230353116467,-41.389401388741966,-34.1607939403098,12.571601240612663,-41.87303074931578,-40.97225392538299
-5.591487217586249,-42.69761138400784,-38.142416910014724,6.586598022406636,-44.28368283432189,-34.90683781751938,-5.591487217586249,-42.69761138400784,-38.142416910014724,6.586598022406636,-44.28368283432189,-34.90683781751938,10.131379200939605,-41.356568643823714,-33.86396030765537,14.638697536839048,-43.178861423104905,-41.08200618495775,10.131379200939605,-41.356568643823714,-33.86396030765537,14.638697536839048,-43.178861423104905,-41.08200618495775
-21.677906558109314,-41.37061156319789,-39.38432776778625,6.949129718970621,-43.17080380458958,-35.323961220754214,-21.677906558109314,-41.37061156319789,-39.38432776778625,6.949129718970621,-43.17080380458958,-35.323961220754214,-3.1706635962274534,-41.31574740220667,-33.94861675002663,6.413090414074551,-44.32627342521021,-40.784963544521325,-3.1706635962274534,-41.31574740220667,-33.94861675002663,6.413090414074551,-44.32627342521021,-40.784963544521325
-11.857775049789645,-39.96295195091934,-40.77744107641729,4.4765329165066206,-41.90441662083526,-36.06538819479884,-11.857775049789645,-39.96295195091934,-40.77744107641729,4.4765329165066206,-41.90441662083526,-36.06538819479884,6.319424876292067,-41.270497627885014,-34.40880049663673,7.886850695165268,-45.23832575689187,-41.00596398164844,6.319424876292067,-41.270497627885014,-34.40880049663673,7.886850695165268,-45.23832575689187,-41.00596398164844
-1.3884877813740726,-38.56430136304655,-42.234422974618845,4.694200892819675,-40.55172368304639,-37.08612103669478,-1.3884877813740726,-38.56430136304655,-42.234422974618845,4.694200892819675,-40.55172368304639,-37.08612103669478,8.458810466551242,-41.22476549106206,-35.21209853644926,15.47805190638959,-45.85385972608998,-41.05692582222161,8.458810466551242,-41.22476549106206,-35.21209853644926,15.47805190638959,-45.85385972608998,-41.05692582222161
-17.197069570395872,-37.26375473484832,-43.66393569811174,7.115721479166761,-39.18450731264211,-38.32421078204296,-17.197069570395872,-37.26375473484832,-43.66393569811174,7.115721479166761,-39.18450731264211,-38.32421078204296,-3.5477169250168306,-41.18253922810734,-36.301930626416194,10.736526178039107,-46.13160001211632,-40.77918011049788,-3.5477169250168306,-41.18253922810734,-36.301930626416194,10.736526178039107,-46.13160001211632,-40.77918011049788
-18.623820931179463,-36.144157716738015,-44.976363517054835,6.329838963927056,-37.87532053493094,-39.704516929421914,-18.623820931179463,-36.144157716738015,-44.976363517054835,6.329838963927056,-37.87532053493094,-39.704516929421914,8.435500230264264,-41.14750133298169,-37.60153451706625,5.186397718184815,-46.05292242857758,-41.03748411477122,8.435500230264264,-41.14750133298169,-37.60153451706625,5.186397718184815,-46.05292242857758,-41.03748411477122
-1.9991349157741904,-35.276829353458176,-46.08943071964407,4.092727245943577,-36.69363696321431,-41.14326776808216,-1.9991349157741904,-35.276829353458176,-46.08943071964407,4.092727245943577,-36.69363696321431,-41.14326776808216,6.346843395922645,-41.12270741203461,-39.019372696349336,12.317073398475355,-45.62310278908281,-41.027612042540504,6.346843395922645,-41.12270741203461,-39.019372696349336,12.317073398475355,-45.62310278908281,-41.027612042540504
-10.081732480382813,-34.71701901540428,-46.933359452151414,5.403552398684854,-35.70216409569158,-42.553144539554324,-10.081732480382813,-34.71701901540428,-46.933359452151414,5.403552398684854,-35.70216409569158,-42.553144539554324,-3.1796042221582344,-41.1103197088028,-40.45557982810037,14.79767768747596,-44.870963131644544,-40.78030044833849,-3.1796042221582344,-41.1103197088028,-40.45557982810037,14.79767768747596,-44.870963131644544,-40.78030044833849
-22.08315882073782,-34.50038697846234,-47.455244071937535,7.333076432310905,-34.953515664619935,-43.848580871974875,-22.08315882073782,-34.50038697846234,-47.455244071937535,7.333076432310905,-34.953515664619935,-43.848580871974875,10.114477036637853,-41.11141853774336,-41.808996760230855,6.599182467382647,-43.846939024593055,-41.06555041442235,10.114477036637853,-41.11141853774336,-41.808996760230855,6.599182467382647,-43.846939024593055,-41.06555041442235
-7.135724797439149,-34.6407328416715,-47.622367786541346,5.569484693443413,-34.48741962363019,-44.950955860887184,-7.135724797439149,-34.6407328416715,-47.622367786541346,5.569484693443413,-34.48741962363019,-44.950955860887184,4.003844726282489,-41.12590807150493,-42.98429566275735,7.647763962593651,-42.61969755297333,-40.995240284760946,4.003844726282489,-41.12590807150493,-42.98429566275735,7.647763962593651,-42.61969755297333,-40.995240284760946
-3.6842563651687747,-35.12911648395628,-47.42425365972311,4.053790908631035,-34.32860993480038,-45.79336562494296,-3.6842563651687747,-35.12911648395628,-47.42425365972311,4.053790908631035,-34.32860993480038,-45.79336562494296,-2.1026434984261977,-41.15252469789834,-43.898694437052356,15.394878922390381,-41.27153277014032,-40.78827963416661,-2.1026434984261977,-41.15252469789834,-43.898694437052356,15.394878922390381,-41.27153277014032,-40.78827963416661
-20.60593625374404,-35.93442755554601,-46.87332140749851,6.173043156827648,-34.48551403040997,-46.32468374757075,-20.60593625374404,-35.93442755554601,-46.87332140749851,6.173043156827648,-34.48551403040997,-46.32468374757075,11.190707391195007,-41.18894721776712,-44.48778746735648,11.011416177537205,-39.89284737771013,-41.08903746384401,11.190707391195007,-41.18894721776712,-44.48778746735648,11.011416177537205,-39.89284737771013,-41.08903746384401
-14.378174755587054,-37.005367227114284,-46.004108809815044,7.191450259103557,-34.949805600837294,-46.51266417366951,-14.378174755587054,-37.005367227114284,-46.004108809815044,7.191450259103557,-34.949805600837294,-46.51266417366951,1.6609747796406191,-41.23199927355393,-44.71008202596397,5.151239489881421,-38.576090671007336,-40.961108608090534,1.6609747796406191,-41.23199927355393,-44.71008202596397,5.151239489881421,-38.576090671007336,-40.961108608090534
-1.0187851295298351,-38.273715957953435,-44.87110654734195,4.833226793680055,-35.69684644046333,-46.34589824443436,-1.0187851295298351,-38.273715957953435,-44.87110654734195,4.833226793680055,-35.69684644046333,-46.34589824443436,-0.4230877325003046,-41.277926355047754,-44.549920810689436,12.05731787380409,-37.40955924787579,-40.802797714530726,-0.4230877325003046,-41.277926355047754,-44.549920810689436,12.05731787380409,-37.40955924787579,-40.802797714530726
-14.888140415788024,-39.65867912426528,-43.54534219681534,4.368181437179352,-36.68699390448285,-45.83450709655173,-14.888140415788024,-39.65867912426528,-43.54534219681534,4.368181437179352,-36.68699390448285,-45.83450709655173,11.558010373502507,-41.32272322502406,-44.018584765887255,14.944652228459944,-36.47147618127661,-41.10700346738308,11.558010373502507,-41.32272322502406,-44.018584765887255,14.944652228459944,-36.47147618127661,-41.10700346738308
-20.31423502111168,-41.07203368827171,-42.10992753325987,6.835528704528754,-37.86770459481251,-45.00952740358972,-20.31423502111168,-41.07203368827171,-42.10992753325987,6.835528704528754,-37.86770459481251,-45.00952740358972,-0.4506188218065672,-41.3624832104408,-43.15349850989972,6.795670228061024,-35.82474568339568,-40.92658564185962,-0.4506188218065672,-41.3624832104408,-43.15349850989972,6.795670228061024,-35.82474568339568,-40.92658564185962
-3.341144310533501,-42.423748062038015,-40.654848277393505,6.721606201828311,-39.17632264040534,-43.921027739352986,-3.341144310533501,-42.423748062038015,-40.654848277393505,6.721606201828311,-39.17632264040534,-43.921027739352986,1.693358051234818,-41.39373889798846,-42.01559433459786,7.416207825457954,-35.51273499314212,-40.823272536060564,1.693358051234818,-41.39373889798846,-42.01559433459786,7.416207825457954,-35.51273499314212,-40.823272536060564
-7.62368671403339,-43.62771717709546,-39.27132291741029,4.280991072421603,-40.5434046084322,-42.6350698823799,-7.62368671403339,-43.62771717709546,-39.27132291741029,4.280991072421603,-40.5434046084322,-42.6350698823799,11.18014785984046,-41.41376452240672,-40.68502044352886,15.29806855439053,-35.55636633730242,-41.118728015092216,11.18014785984046,-41.41376452240672,-40.68502044352886,15.29806855439053,-35.55636633730242,-41.118728015092216
-22.14715582183777,-44.60724743226748,-38.04608424893417,4.967608685901694,-41.89640460581276,-41.229699482061314,-22.14715582183777,-44.60724743226748,-38.04608424893417,4.967608685901694,-41.89640460581276,-41.229699482061314,-2.122606187312691,-41.42081367670093,-39.25549571862557,11.284646032268595,-35.95271396715697,-40.89305570552636,-2.122606187312691,-41.42081367670093,-39.25549571862557,11.284646032268595,-35.95271396715697,-40.89305570552636
-9.55716416935358,-45.299942125021616,-37.05594212171364,7.247107650175545,-43.1635240166313,-39.790209415557044,-9.55716416935358,-45.299942125021616,-37.05594212171364,7.247107650175545,-43.1635240166313,-39.790209415557044,4.03788524557654,-41.4142716138795,-37.82770863710257,5.1304332839548605,-36.67520034784188,-40.848883088949016,4.03788524557654,-41.4142716138795,-37.82770863710257,5.1304332839548605,-36.67520034784188,-40.848883088949016
-2.235191888635528,-45.661676161251386,-36.362968252858344,6.025601148997602,-44.27752158436694,-38.40396330557277,-2.235191888635528,-45.661676161251386,-36.362968252858344,6.025601148997602,-44.27752158436694,-38.40396330557277,10.09439977762239,-41.394708858188366,-36.50222528538064,11.793044414631947,-37.67537834475874,-41.123740970094325,10.09439977762239,-41.394708858188366,-36.50222528538064,11.793044414631947,-37.67537834475874,-41.123740970094325
-19.01336424870623,-45.6694068519379,-36.01060496925189,4.032731072900894,-45.17928165221867,-37.15509336319349,-19.01336424870623,-45.6694068519379,-36.01060496925189,4.032731072900894,-45.17928165221867,-37.15509336319349,-3.190028991115195,-41.363831450481,-35.37240599359834,15.079219571060559,-38.886179900523466,-40.86186329953104,-3.190028991115195,-41.363831450481,-35.37240599359834,15.079219571060559,-38.886179900523466,-40.86186329953104
-16.738193151532087,-45.322641747149596,-36.020941820928115,5.721868432893145,-45.82095120844578,-36.119394347266955,-16.738193151532087,-45.322641747149596,-36.020941820928115,5.721868432893145,-45.82095120844578,-36.119394347266955,6.3791827242185715,-41.324332166756314,-34.51782950707954,7.002016818975527,-40.22641335877778,-40.87860242822093,6.3791827242185715,-41.324332166756314,-34.51782950707954,7.002016818975527,-40.22641335877778,-40.87860242822093
-1.261422562776028,-44.64347000541717,-36.39333079371268,7.318379125715046,-46.16847926553793,-35.359723529385036,-1.261422562776028,-44.64347000541717,-36.39333079371268,7.318379125715046,-46.16847926553793,-35.359723529385036,8.407886066590152,-41.27965568488999,-33.998687862794284,7.192814980649177,-41.60620786177101,-41.12184132037016,8.407886066590152,-41.27965568488999,-33.998687862794284,7.192814980649177,-41.60620786177101,-41.12184132037016
-12.389332991709606,-43.67515530023476,-37.104426933039996,5.254617410956629,-46.20342381792274,-34.922185843689554,-12.389332991709606,-43.67515530023476,-37.104426933039996,5.254617410956629,-46.20342381792274,-34.922185843689554,-3.5475752660129904,-41.23369817904361,-33.85154676731007,15.187885324071942,-42.933039741525775,-40.83425919283359,-3.5475752660129904,-41.23369817904361,-33.85154676731007,15.187885324071942,-42.933039741525775,-40.83425919283359
-21.500919721883797,-42.47937989644106,-38.10965183225043,4.142372438532716,-45.923930489768836,-34.83333574733311,-21.500919721883797,-42.47937989644106,-38.10965183225043,4.142372438532716,-45.923930489768836,-34.83333574733311,8.48625800470814,-41.19046753970738,-34.086770093725335,11.555469177353189,-44.1179367981689,-40.91123885269506,8.48625800470814,-41.19046753970738,-34.086770093725335,11.555469177353189,-44.1179367981689,-40.91123885269506
-5.161166049660689,-41.13231545057473,-39.34598823971918,6.467124610172903,-45.344830939729526,-35.09856561257034,-5.161166049660689,-41.13231545057473,-39.34598823971918,6.467124610172903,-45.344830939729526,-35.09856561257034,6.286998222210869,-41.15373385111654,-34.687789902969485,5.124035950644462,-45.08144443058524,-41.113105239040515,6.286998222210869,-41.15373385111654,-34.687789902969485,5.124035950644462,-45.08144443058524,-41.113105239040515
-5.395946455693349,-39.71977082772903,-40.73593059172263,7.033861941334121,-44.49685580065828,-35.701778460049994,-5.395946455693349,-39.71977082772903,-40.73593059172263,7.033861941334121,-44.49685580065828,-35.701778460049994,-3.1599694853445612,-41.12670060742211,-35.61227340546961,11.52497511365775,-45.75895355381181,-40.811350268943706,-3.1599694853445612,-41.12670060742211,-35.61227340546961,11.52497511365775,-45.75895355381181,-40.811350268943706
-21.601405332830346,-38.3317260220697,-42.192343813304895,4.576123747136892,-43.42500392062174,-36.606364895345045,-21.601405332830346,-38.3317260220697,-42.192343813304895,4.576123747136892,-43.42500392062174,-36.606364895345045,10.151226973984649,-41.11172534039887,-36.79510466831796,15.201012027595906,-46.1050330336956,-40.945483690424076,10.151226973984649,-41.11172534039887,-36.79510466831796,15.201012027595906,-46.1050330336956,-40.945483690424076
-12.097074643802655,-37.05660037376841,-43.623925790355884,4.586099487378831,-42.186154443450036,-37.75742495778422,-12.097074643802655,-37.05660037376841,-43.623925790355884,4.586099487378831,-42.186154443450036,-37.75742495778422,3.940983105528973,-41.110114022361586,-38.15297105159774,7.217658425026478,-46.09647612254986,-41.09788302993768,3.940983105528973,-41.110114022361586,-38.15297105159774,7.217658425026478,-46.09647612254986,-41.09788302993768
-1.3281092282881541,-35.97562020059178,-44.9409310721409,7.0414968546287335,-40.846048446719706,-39.08510003608115,-1.3281092282881541,-35.97562020059178,-44.9409310721409,7.0414968546287335,-40.846048446719706,-39.08510003608115,-2.0654528475509473,-41.1220071741266,-39.59023132853505,6.978195819928607,-45.7338566136489,-40.79405514154289,-2.0654528475509473,-41.1220071741266,-39.59023132853505,6.978195819928607,-45.7338566136489,-40.79405514154289
-16.992306612345335,-35.15764462960913,-46.06079698706416,6.455357322602437,-39.47580031027696,-40.50881263455525,-16.992306612345335,-35.15764462960913,-46.06079698706416,6.455357322602437,-39.47580031027696,-40.50881263455525,11.209823741477422,-41.14636761038587,-41.00565216883148,15.064630292715592,-45.04149036487655,-40.97996377448795,11.209823741477422,-41.14636761038587,-41.00565216883148,15.064630292715592,-45.04149036487655,-40.97996377448795
-18.801324247601894,-34.65477922684255,-46.913319472132216,4.137498742268001,-38.14812394383947,-41.94215667567341,-18.801324247601894,-34.65477922684255,-46.913319472132216,4.137498742268001,-38.14812394383947,-41.94215667567341,1.601298641315359,-41.18107089120248,-42.29953850142984,11.823145623931449,-44.065804771603055,-41.07678508094421,1.601298641315359,-41.18107089120248,-42.29953850142984,11.823145623931449,-44.065804771603055,-41.07678508094421
-2.1023656722714943,-34.499056839449764,-47.445054144899395,5.267528320882214,-36.933474133570435,-43.29814154315461,-2.1023656722714943,-34.499056839449764,-47.445054144899395,5.267528320882214,-36.933474133570435,-43.29814154315461,-0.3720103983412706,-41.22309059147779,-43.3807555300943,5.1320649698276295,-42.872225525615484,-40.7830673194459,-0.3720103983412706,-41.22309059147779,-43.3807555300943,5.1320649698276295,-42.872225525615484,-40.7830673194459
-9.845180994120932,-34.70039708291227,-47.6226667159965,7.3202232517288,-35.89630777183384,-44.49447160112487,-9.845180994120932,-34.70039708291227,-47.6226667159965,7.3202232517288,-35.89630777183384,-44.49447160112487,11.557607117003673,-41.26876223129641,-44.173147806613144,11.2538424352218,-41.54078942197344,-41.01329650493946,11.557607117003673,-41.26876223129641,-44.173147806613144,11.2538424352218,-41.54078942197344,-41.01329650493946
-22.115235920256566,-35.24597445519701,-47.43502270587242,5.708524795193725,-35.091663372592066,-45.45854077174598,-22.115235920256566,-35.24597445519701,-47.43502270587242,5.708524795193725,-35.091663372592066,-45.45854077174598,-0.5012218280311442,-41.314102850148814,-44.620903234637574,15.309696816091275,-40.160777401946966,-41.05065738834918,-0.5012218280311442,-41.314102850148814,-44.620903234637574,15.309696816091275,-40.160777401946966,-41.05065738834918
-7.353928127738537,-36.10103532942295,-46.89388546202396,4.034018057556086,-34.562240384686035,-46.13183904703375,-7.353928127738537,-36.10103532942295,-46.89388546202396,4.034018057556086,-34.562240384686035,-46.13183904703375,1.753282777292096,-41.355158355405905,-44.69248419090933,7.442005833699769,-38.824727719362045,-40.778827397931536,1.753282777292096,-41.355158355405905,-44.69248419090933,7.442005833699769,-38.824727719362045,-40.778827397931536
-3.5273665863262362,-37.2111117820783,-46.033178718220476,6.0386427932320155,-34.33613329284539,-46.47350350069272,-3.5273665863262362,-37.2111117820783,-46.033178718220476,6.0386427932320155,-34.33613329284539,-46.47350350069272,11.160264781859157,-41.3883483532656,-44.38284887561971,6.7729367621120735,-37.622230684199344,-41.04414528900008,11.160264781859157,-41.3883483532656,-44.38284887561971,6.7729367621120735,-37.622230684199344,-41.04414528900008
-20.477474146133538,-38.505491234517386,-44.906859925667185,7.242760418208279,-34.42534074915756,-46.462798286664636,-20.477474146133538,-38.505491234517386,-44.906859925667185,7.242760418208279,-34.42534074915756,-46.462798286664636,-2.1591435672597408,-41.410778389941896,-43.71380643123771,14.9286402385909,-36.63392108387379,-41.0205476336587,-2.1591435672597408,-41.410778389941896,-43.71380643123771,14.9286402385909,-36.63392108387379,-41.0205476336587
-14.608545080397647,-39.901720889359474,-43.58553767634764,4.955587128145923,-34.82512884977558,-46.10037311160681,-14.608545080397647,-39.901720889359474,-43.58553767634764,4.955587128145923,-34.82512884977558,-46.10037311160681,4.1007451881854475,-41.42049237297427,-42.732480817036794,12.086943981086083,-35.926071127124445,-40.781505391529095,4.1007451881854475,-41.42049237297427,-42.732480817036794,12.086943981086083,-35.926071127124445,-40.781505391529095
-1.0154750160800443,-41.31086002631521,-42.15204527127562,4.28815918641477,-35.51428234537235,-45.408223803757,-1.0154750160800443,-41.31086002631521,-42.15204527127562,4.28815918641477,-35.51428234537235,-45.408223803757,10.056998543253986,-41.416643159344396,-41.50799163621396,5.154498403258466,-35.546146486726485,-41.071273136436965,10.056998543253986,-41.416643159344396,-41.50799163621396,5.154498403258466,-35.546146486726485,-41.071273136436965
-14.6596634815502,-42.6431455828439,-40.696247925353305,6.73194574762409,-36.45623045454872,-44.42835737128708,-14.6596634815502,-42.6431455828439,-40.696247925353305,6.73194574762409,-36.45623045454872,-44.42835737128708,-3.208895965736641,-41.399566433646505,-40.126585701318135,10.980387213943963,-35.519623435565734,-40.987663173130045,-3.208895965736641,-41.399566433646505,-40.126585701318135,10.980387213943963,-35.519623435565734,-40.987663173130045
-20.448234332966155,-43.8137101185371,-39.30940914362795,6.825934395903922,-37.600987537515906,-43.22024256865408,-20.448234332966155,-43.8137101185371,-39.30940914362795,6.825934395903922,-37.600987537515906,-43.22024256865408,6.438776119475729,-41.37075143349845,-38.685562245847585,15.404976969561961,-35.84828050658605,-40.79099391668928,6.438776119475729,-41.37075143349845,-38.685562245847585,15.404976969561961,-35.84828050658605,-40.79099391668928
-3.492973408475379,-44.74798792524747,-38.078469439152556,4.360093214656361,-38.887805645806885,-41.857200697795605,-3.492973408475379,-44.74798792524747,-38.078469439152556,4.360093214656361,-38.887805645806885,-41.857200697795605,8.35665668278694,-41.332711075189785,-37.286419659325915,7.67444604501307,-36.51007923126801,-41.093592261026494,8.35665668278694,-41.332711075189785,-37.286419659325915,7.67444604501307,-36.51007923126801,-41.093592261026494
-7.402840897647865,-45.38646491029616,-37.08059605793624,4.844719019529935,-40.24839818718997,-40.421955688878754,-7.402840897647865,-45.38646491029616,-37.08059605793624,4.844719019529935,-40.24839818718997,-40.421955688878754,-3.546910419002727,-41.28876280572948,-36.027706455107804,6.577598650757155,-37.46064195385382,-40.95332262458639,-3.546910419002727,-41.28876280572948,-36.027706455107804,6.577598650757155,-37.46064195385382,-40.95332262458639
-22.12165090979429,-45.68846968216712,-36.37834538711504,7.196841808367049,-41.61056363802469,-39.001613529202,-22.12165090979429,-45.68846968216712,-36.37834538711504,7.196841808367049,-41.61056363802469,-39.001613529202,8.53670536637403,-41.24273929288288,-34.998080012512965,14.78028673675313,-38.63622762482823,-40.8069124977044,8.53670536637403,-41.24273929288288,-34.998080012512965,14.78028673675313,-38.63622762482823,-40.8069124977044
-9.79259883918929,-45.63476434410899,-36.015741313544105,6.160285793404062,-42.90201700628775,-37.68237574209522,-9.79259883918929,-45.63476434410899,-36.015741313544105,6.160285793404062,-42.90201700628775,-37.68237574209522,6.226994981580788,-41.19865418351933,-34.27006200031615,12.346143454272461,-39.958006028485734,-41.11020769915946,6.226994981580788,-41.19865418351933,-34.27006200031615,12.346143454272461,-39.958006028485734,-41.11020769915946
-2.1260277655756354,-45.2287699604386,-36.01551537935129,4.051392899631665,-44.05422572395216,-36.54430775834799,-2.1260277655756354,-45.2287699604386,-36.01551537935129,4.051392899631665,-44.05422572395216,-36.54430775834799,-3.1398384105295456,-41.16035207902277,-33.89493031791703,5.19127495451114,-41.33734383146086,-40.918902992808704,-3.1398384105295456,-41.16035207902277,-33.89493031791703,5.19127495451114,-41.33734383146086,-40.918902992808704
-18.84037164456453,-44.49634863256018,-36.37768174828434,5.582804754365536,-45.00604641235244,-35.65647969123098,-18.84037164456453,-44.49634863256018,-36.37768174828434,5.582804754365536,-45.00604641235244,-35.65647969123098,10.187551163779863,-41.131173252925024,-33.8991073399676,10.705356630488085,-42.68174799030819,-40.828622823216776,10.187551163779863,-41.131173252925024,-33.8991073399676,10.705356630488085,-42.68174799030819,-40.828622823216776
-16.94630934098067,-43.48415606659687,-37.07953631778966,7.332348862978164,-45.70696953108991,-35.07277442475147,-16.94630934098067,-43.48415606659687,-37.07953631778966,7.332348862978164,-45.70696953108991,-35.07277442475147,3.878125929669272,-41.113662350273266,-34.28229885820254,15.486592147437461,-43.90106797627091,-41.12045319654707,3.878125929669272,-41.113662350273266,-34.28229885820254,15.486592147437461,-43.90106797627091,-41.12045319654707
-1.3153723494674772,-42.256669575128385,-38.07708003248646,5.390403063328464,-46.119799729177046,-34.82861742509271,-1.3153723494674772,-42.256669575128385,-38.07708003248646,5.390403063328464,-46.119799729177046,-34.82861742509271,-2.0278416774016526,-41.1093464726567,-35.017514803978415,7.914343946458464,-44.913540920099535,-40.88578445369769,-2.0278416774016526,-41.1093464726567,-35.017514803978415,7.914343946458464,-44.913540920099535,-40.88578445369769
-12.150357431706807,-40.89208083122087,-39.3077771719353,4.096540332520624,-46.22262966227667,-34.93882674518569,-12.150357431706807,-40.89208083122087,-39.3077771719353,4.096540332520624,-46.22262966227667,-34.93882674518569,11.228441013700802,-41.11860200179009,-36.05297029193126,6.39271522173124,-45.65127431295478,-40.85525434155224,11.228441013700802,-41.11860200179009,-36.05297029193126,6.39271522173124,-45.65127431295478,-40.85525434155224
-21.583664365548106,-39.477315008939335,-40.694475696456806,6.3420935510643535,-46.01000253298628,-35.396713707085866,-21.583664365548106,-39.477315008939335,-40.694475696456806,6.3420935510643535,-46.01000253298628,-35.396713707085866,1.54178902116104,-41.14062177578521,-37.31573308487116,14.619975143763082,-46.0647986147361,-41.12391792402425,1.54178902116104,-41.14062177578521,-37.31573308487116,14.619975143763082,-46.0647986147361,-41.12391792402425
-5.352811531514758,-38.10249359427152,-42.150243885680666,7.109032829763896,-45.49320166253187,-36.17448884234736,-5.352811531514758,-38.10249359427152,-42.150243885680666,7.109032829763896,-45.49320166253187,-36.17448884234736,-0.320629852081189,-41.17348548062229,-38.71686057097097,12.600035814795532,-46.12638448957817,-40.855295011278564,-0.320629852081189,-41.17348548062229,-38.71686057097097,12.600035814795532,-46.12638448957817,-40.855295011278564
-5.203580267583285,-36.85519358894177,-43.58382006238444,4.683515810338724,-44.69965172739123,-37.224948453599815,-5.203580267583285,-36.85519358894177,-43.58382006238444,4.683515810338724,-44.69965172739123,-37.224948453599815,11.556680690995755,-41.2143271180783,-40.157664430608605,5.242294136464354,-45.83190222756869,-40.88573916854389,11.556680690995755,-41.2143271180783,-40.157664430608605,5.242294136464354,-45.83190222756869,-40.88573916854389
-21.519793640635946,-35.81486879949708,-44.90533376004704,4.485728841399711,-43.671463434965254,-38.48433943876881,-21.519793640635946,-35.81486879949708,-44.90533376004704,4.485728841399711,-43.671463434965254,-38.48433943876881,-0.5515126714944003,-41.25958494546615,-41.53666174147808,10.42950216998963,-45.20109866707833,-41.120462951186475,-0.5515126714944003,-41.25958494546615,-41.53666174147808,10.42950216998963,-45.20109866707833,-41.120462951186475
-12.33612285987602,-35.047788579110964,-46.03193967581474,6.957656959699887,-42.46319886687988,-39.87622850982587,-12.33612285987602,-35.047788579110964,-46.03193967581474,6.957656959699887,-42.46319886687988,-39.87622850982587,1.813363493363389,-41.30531209028579,-42.756722921351354,15.554319346907572,-44.27627304836585,-40.82865724672026,1.813363493363389,-41.30531209028579,-42.756722921351354,15.554319346907572,-44.27627304836585,-40.82865724672026
-1.272984930730198,-34.60281642748368,-46.89301121803459,6.57540116380822,-41.13897607473627,-41.316140980573785,-1.272984930730198,-34.60281642748368,-46.89301121803459,6.57540116380822,-41.13897607473627,-41.316140980573785,11.13988605883858,-41.34752075151337,-43.731913043626584,8.161044048363335,-43.11944059057945,-40.91885490809457,11.13988605883858,-41.34752075151337,-43.731913043626584,8.161044048363335,-43.11944059057945,-40.91885490809457
-16.78478958905601,-34.50829735471953,-47.43456806639653,4.193170115208309,-39.769066576512294,-42.71668759230852,-16.78478958905601,-34.50829735471953,-47.43456806639653,4.193170115208309,-39.769066576512294,-42.71668759230852,-2.195253937843292,-41.382529970210335,-44.39354465806518,6.218791644848798,-41.808173991680775,-41.110226817291775,-2.195253937843292,-41.382529970210335,-44.39354465806518,6.218791644848798,-41.808173991680775,-41.110226817291775
-18.975148638537497,-34.77025228608934,-47.62266018224839,5.1344210831952735,-38.42616631167042,-43.992868226851805,-18.975148638537497,-34.77025228608934,-47.62266018224839,5.1344210831952735,-38.42616631167042,-43.992868226851805,4.163598508740543,-41.40728664085884,-44.69501578669899,14.448143490103263,-40.43040170417701,-40.80693929465389,4.163598508740543,-41.40728664085884,-44.69501578669899,14.448143490103263,-40.43040170417701,-40.80693929465389
-2.210454845697285,-35.3719945252473,-47.44549612647778,7.2957857522959975,-37.181537941345205,-45.067230621034334,-2.210454845697285,-35.3719945252473,-47.44549612647778,7.2957857522959975,-37.181537941345205,-45.067230621034334,10.019178088671202,-41.41963176846919,-44.61509233099338,12.847927334952207,-39.07851179411791,-40.95327366843724,10.019178088671202,-41.41963176846919,-44.61509233099338,12.847927334952207,-39.07851179411791,-40.95327366843724
-9.609529410525543,-36.27519270744004,-46.914182261342674,5.847366339890482,-36.10122920721575,-45.87457099676929,-9.609529410525543,-36.27519270744004,-46.914182261342674,5.847366339890482,-36.10122920721575,-45.87457099676929,-3.227263213149689,-41.41848875154529,-44.15940369413985,5.307416545869278,-37.843156755703674,-41.09361997604313,-3.227263213149689,-41.41848875154529,-44.15940369413985,5.307416545869278,-37.843156755703674,-41.09361997604313
-22.14193985697699,-37.42231253191002,-46.06202649590627,4.0258761171325315,-35.24256802651955,-46.36589132230776,-22.14193985697699,-37.42231253191002,-46.06202649590627,4.0258761171325315,-35.24256802651955,-46.36589132230776,6.498200933943693,-41.403957271011414,-43.36004627442344,10.15357756872044,-36.80717470661099,-40.79101201256707,6.498200933943693,-41.403957271011414,-43.36004627442344,10.15357756872044,-36.80717470661099,-40.79101201256707
-7.574305013710214,-38.74028173358057,-44.942450223068995,5.901711770770676,-34.651120315320036,-46.51137303582238,-7.574305013710214,-38.74028173358057,-44.942450223068995,5.901711770770676,-34.651120315320036,-46.51137303582238,8.305125863874057,-41.37730459717668,-42.2733227575825,15.60797351224857,-36.040034585100344,-40.987615308614444,8.305125863874057,-41.37730459717668,-42.2733227575825,15.60797351224857,-36.040034585100344,-40.987615308614444
-3.3746066927082143,-40.145144832986496,-43.62563934824762,7.283033490711167,-34.358271976893555,-46.30218675402958,-3.3746066927082143,-40.145144832986496,-43.62563934824762,7.283033490711167,-34.358271976893555,-46.30218675402958,-3.545722430040928,-41.340855072845045,-40.975776440950646,8.413872274931824,-35.593177832445,-41.07130833700708,-3.545722430040928,-41.340855072845045,-40.975776440950646,8.413872274931824,-35.593177832445,-41.07130833700708
-20.344476181415594,-41.54741115390859,-42.19414435572281,5.083067995422795,-34.37956337000797,-45.75102813341424,-20.344476181415594,-41.54741115390859,-42.19414435572281,5.083067995422795,-34.37956337000797,-45.75102813341424,8.58683882070162,-41.29778741059568,-39.558799911491306,6.05630314355965,-35.49656892938927,-40.78151406071748,8.58683882070162,-41.29778741059568,-39.558799911491306,6.05630314355965,-35.49656892938927,-40.78151406071748
-14.837380038032546,-42.8577554365748,-40.73770524319503,4.217972479218963,-34.71386464059123,-44.89134736227767,-14.837380038032546,-42.8577554365748,-40.73770524319503,4.217972479218963,-34.71386464059123,-44.89134736227767,6.166837830542821,-41.25185748165761,-38.122197815122554,14.265261283316608,-35.75668609428424,-41.020502780072334,6.166837830542821,-41.25185748165761,-38.122197815122554,14.265261283316608,-35.75668609428424,-41.020502780072334
-1.017578992396544,-43.99270791372782,-39.34762574787019,6.62093432838452,-35.34343567883314,-43.77531904625592,-1.017578992396544,-43.99270791372782,-39.34762574787019,6.62093432838452,-35.34343567883314,-43.77531904625592,-3.1192123922210166,-41.20707077157703,-36.76715712323901,13.089140683551914,-36.35608687889017,-41.04418656363332,-3.1192123922210166,-41.20707077157703,-36.76715712323901,13.089140683551914,-36.35608687889017,-41.04418656363332
-14.429625045853422,-44.87997138808201,-38.111049542178364,6.922170149618255,-36.23486752002276,-42.470675696325266,-14.429625045853422,-44.87997138808201,-38.111049542178364,6.922170149618255,-36.23486752002276,-42.470675696325266,10.223447089795078,-41.167333067365554,-35.58912003523237,5.386464244250711,-37.25457779130662,-40.77882629280898,10.223447089795078,-41.167333067365554,-35.58912003523237,5.386464244250711,-37.25457779130662,-40.77882629280898
-20.57771273656803,-45.463026609941025,-37.10549722272286,4.448522726175103,-37.34085523252331,-41.05659699704281,-20.57771273656803,-45.463026609941025,-37.10549722272286,4.448522726175103,-37.34085523252331,-41.05659699704281,3.8152775529078427,-41.1361098392196,-34.67106151363905,9.878336754602845,-38.39190951565312,-41.05061734425397,3.8152775529078427,-41.1361098392196,-34.67106151363905,9.878336754602845,-38.39190951565312,-41.05061734425397
-3.648949975154421,-45.704732589482134,-36.39400656700682,4.72773310808506,-38.602708212394695,-39.618904338104,-3.648949975154421,-45.704732589482134,-36.39400656700682,4.72773310808506,-38.602708212394695,-39.618904338104,-1.9898125933579331,-41.11612402165999,-34.07764494827162,15.647408040463784,-39.69181699752088,-41.01334219858459,-1.9898125933579331,-41.11612402165999,-34.07764494827162,15.647408040463784,-39.69181699752088,-41.01334219858459
-7.1841436302825885,-45.58969250151687,-36.02118071380557,7.135863269640954,-39.95346467277858,-38.244852256337474,-7.1841436302825885,-45.58969250151687,-36.02118071380557,7.135863269640954,-39.95346467277858,-38.244852256337474,11.246557918220542,-41.109118550180334,-33.850667594735306,8.672137806067838,-41.06713348273562,-40.78305648432617,11.246557918220542,-41.109118550180334,-33.850667594735306,8.672137806067838,-41.06713348273562,-40.78305648432617
-22.090769555289025,-45.12523447308385,-36.01039200558883,6.291580438156123,-41.32144505382088,-37.017832899033905,-22.090769555289025,-45.12523447308385,-36.01039200558883,6.291580438156123,-41.32144505382088,-37.017832899033905,1.4824500414938844,-41.115704362254384,-34.006116587559255,5.905693696463808,-42.42563558182457,-41.076751452048654,1.4824500414938844,-41.115704362254384,-34.006116587559255,5.905693696463808,-42.42563558182457,-41.076751452048654
-10.028960294318903,-44.340944777078604,-36.36231678328382,4.081562893325421,-42.6340557870451,-36.01231489830018,-10.028960294318903,-44.340944777078604,-36.36231678328382,4.081562893325421,-42.6340557870451,-36.01231489830018,-0.26894965292232875,-41.13530711832443,-34.53304288745837,14.071828225139281,-43.6762274128357,-40.98001205489794,-0.26894965292232875,-41.13530711832443,-34.53304288745837,14.071828225139281,-43.6762274128357,-40.98001205489794
-2.021709962198736,-43.286783167783895,-37.054892986662615,5.444430661620932,-43.82164156272165,-35.2893238195667,-2.021709962198736,-43.286783167783895,-37.054892986662615,5.444430661620932,-43.82164156272165,-35.2893238195667,11.555231159653605,-41.166217289159306,-35.39433247617406,13.323016776634558,-44.735049137875336,-40.794035010898135,11.555231159653605,-41.166217289159306,-35.39433247617406,13.323016776634558,-44.735049137875336,-40.794035010898135
-18.663680151955536,-42.02990041263037,-38.04470321837269,7.334648620626514,-44.8211816749083,-34.89273847887518,-18.663680151955536,-42.02990041263037,-38.04470321837269,7.334648620626514,-44.8211816749083,-34.89273847887518,-0.6014878684779212,-41.205739241533095,-36.529320479837516,5.479221244100722,-45.53110027859529,-41.097857164710334,-0.6014878684779212,-41.205739241533095,-36.529320479837516,5.479221244100722,-45.53110027859529,-41.097857164710334
-17.151694981296068,-40.650360745445845,-39.26969656773575,5.528237513446299,-45.57963429304621,-34.84662790794803,-17.151694981296068,-40.650360745445845,-39.26969656773575,5.528237513446299,-45.57963429304621,-34.84662790794803,1.8735960375710308,-41.25042632066858,-37.858064095253475,9.604531787200125,-46.011000732902595,-40.9455326216265,1.8735960375710308,-41.25042632066858,-37.858064095253475,9.604531787200125,-46.011000732902595,-40.9455326216265
-1.374582903416382,-39.236041723651915,-40.653078563986035,4.061897451727552,-46.05675119220899,-35.15379058842468,-1.374582903416382,-39.236041723651915,-40.653078563986035,4.061897451727552,-46.05675119220899,-35.15379058842468,11.119013102442205,-41.29638142823102,-39.28697335583082,15.672515181857149,-46.14257023757677,-40.81132164998275,11.119013102442205,-41.29638142823102,-39.28697335583082,15.672515181857149,-46.14257023757677,-40.81132164998275
-11.911103252938343,-37.877036371760035,-42.10812539892961,6.212388120641689,-46.227213574868045,-35.79558461012395,-11.911103252938343,-37.877036371760035,-42.10812539892961,6.212388120641689,-46.227213574868045,-35.79558461012395,-2.2309347976465013,-41.33959688288121,-40.71540313454306,8.935134964950954,-45.9169862519134,-41.11308817463842,-2.2309347976465013,-41.33959688288121,-40.71540313454306,8.935134964950954,-45.9169862519134,-41.11308817463842
-21.661307612365906,-36.65991419819967,-43.54362061683042,7.174111343340612,-46.08197564415396,-36.73305906114228,-21.661307612365906,-36.65991419819967,-43.54362061683042,7.174111343340612,-46.08197564415396,-36.73305906114228,4.226440853302716,-41.376303924619386,-42.04274207663643,5.767374824197742,-45.349375563086376,-40.91128647262166,4.226440853302716,-41.376303924619386,-42.04274207663643,5.767374824197742,-45.349375563086376,-40.91128647262166
-5.547653639882207,-35.66220666237022,-44.8695734470424,4.79795044034246,-45.62874463023962,-37.909317984959536,-5.547653639882207,-35.66220666237022,-44.8695734470424,4.79795044034246,-45.62874463023962,-37.909317984959536,9.980941033751353,-41.403301383129666,-43.175499153590174,13.868372846129766,-44.47779994246782,-40.8342232331341,9.980941033751353,-41.403301383129666,-43.175499153590174,13.868372846129766,-44.47779994246782,-40.8342232331341
-5.014487000470803,-34.9474683711854,-46.00286029880528,4.393798018207601,-44.89157179665212,-39.25297343440211,-5.014487000470803,-34.9474683711854,-46.00286029880528,4.393798018207601,-44.89157179665212,-39.25297343440211,-3.245129461028439,-41.418234847413665,-44.03388869738079,13.54891657833289,-43.36070387085863,-41.121833741050395,-3.245129461028439,-41.418234847413665,-44.03388869738079,13.54891657833289,-43.36070387085863,-41.121833741050395
-21.43311320550253,-34.56122861004315,-46.87243575456442,6.8647940770556914,-43.90957613026852,-40.68247805428985,-21.43311320550253,-34.56122861004315,-46.87243575456442,6.8647940770556914,-43.90957613026852,-40.68247805428985,6.557453051180856,-41.419801990715655,-44.55745009860742,5.585434099036409,-42.07299547827681,-40.87864682738369,6.557453051180856,-41.419801990715655,-44.55745009860742,5.585434099036409,-42.07299547827681,-40.87864682738369
-12.574797484612711,-34.52809109828237,-47.42378638618523,6.689122443931695,-42.73486844396249,-42.111074245404886,-12.574797484612711,-34.52809109828237,-47.42378638618523,6.689122443931695,-42.73486844396249,-42.111074245404886,8.253297179464774,-41.40786614463684,-44.70930634542167,9.332910802811716,-40.70102349528211,-40.86182144102332,8.253297179464774,-41.40786614463684,-44.70930634542167,9.332910802811716,-40.70102349528211,-40.86182144102332
-1.2231430709976028,-34.85016671655537,-47.62234818563955,4.259348077181254,-41.42978605195845,-43.452059541684065,-1.2231430709976028,-34.85016671655537,-47.62234818563955,4.259348077181254,-41.42978605195845,-43.452059541684065,-3.5440113814212983,-41.38346821779728,-44.47876145336039,15.683226334445148,-39.33678704199973,-41.123743179776305,-3.5440113814212983,-41.38346821779728,-44.47876145336039,15.683226334445148,-39.33678704199973,-41.123743179776305
-16.57462459360727,-35.50693904238283,-47.45567337244654,5.005171014936989,-40.06358476326097,-44.624048641343066,-16.57462459360727,-35.50693904238283,-47.45567337244654,5.005171014936989,-40.06358476326097,-44.624048641343066,8.636654894873704,-41.34873591963553,-43.88205383628719,9.202145146206142,-38.0717665239338,-40.84892248700772,8.636654894873704,-41.34873591963553,-43.88205383628719,9.202145146206142,-38.0717665239338,-40.84892248700772
-19.145205236268886,-36.456571259362434,-46.934210741349304,7.259936571484922,-38.70876373661407,-45.55591273571534,-19.145205236268886,-36.456571259362434,-46.934210741349304,7.259936571484922,-38.70876373661407,-45.55591273571534,6.106530936268571,-41.30669820581274,-42.96121255481137,5.641724465008015,-36.9907893107717,-40.893009626674136,6.106530936268571,-41.30669820581274,-42.96121255481137,5.641724465008015,-36.9907893107717,-40.893009626674136
-2.3233471754632387,-37.63857118907978,-46.090650630462825,5.985028488500413,-37.437218223100615,-46.19109636460843,-2.3233471754632387,-37.63857118907978,-46.090650630462825,5.985028488500413,-37.437218223100615,-46.19109636460843,-3.098092859213084,-41.261021127180854,-41.78109700224943,13.65545106152896,-36.166341541967284,-41.11873992517099,-3.098092859213084,-41.261021127180854,-41.78109700224943,13.65545106152896,-36.166341541967284,-41.11873992517099
-9.3748982064701,-38.97764468148838,-44.97787557364598,4.02942260568453,-36.316424355847545,-46.49104980531506,-9.3748982064701,-38.97764468148838,-44.97787557364598,4.02942260568453,-36.316424355847545,-46.49104980531506,10.258912265467842,-41.21568811856076,-40.42482853764802,13.766222846953466,-35.653707487359405,-40.823305353211815,10.258912265467842,-41.21568811856076,-40.42482853764802,13.766222846953466,-35.653707487359405,-40.823305353211815
-22.16325697851132,-40.38849190033124,-43.66564511009485,5.763217431689709,-35.4058584456837,-46.437568681276595,-22.16325697851132,-40.38849190033124,-43.66564511009485,5.763217431689709,-35.4058584456837,-46.437568681276595,3.7524423288443356,-41.17465260890375,-38.98793583848708,5.704812596308557,-35.48726239845075,-40.92653719035615,3.7524423288443356,-41.17465260890375,-38.98793583848708,5.704812596308557,-35.48726239845075,-40.92653719035615
-7.796742787674417,-41.78124097716111,-42.23622257946219,7.311984969538992,-34.75384079724793,-46.03389879797034,-7.796742787674417,-41.78124097716111,-42.23622257946219,7.311984969538992,-34.75384079724793,-46.03389879797034,-1.9513682297486534,-41.14149324822328,-37.57162634474924,9.064215970289702,-35.678167437363086,-41.10702460028225,-1.9513682297486534,-41.14149324822328,-37.57162634474924,9.064215970289702,-35.678167437363086,-41.10702460028225
-3.2260547828081556,-43.06717290672984,-40.779218057425545,5.214768813405411,-34.3949715323443,-45.3045391527867,-3.2260547828081556,-43.06717290672984,-40.779218057425545,5.214768813405411,-34.3949715323443,-45.3045391527867,11.26417320005246,-41.11910181847935,-36.27565771973669,15.679512231402793,-36.213621252592844,-40.8028226348557,11.26417320005246,-41.11910181847935,-36.27565771973669,15.679512231402793,-36.213621252592844,-40.8028226348557
-20.207010354800474,-44.164373004255935,-39.38597072654561,4.158117146016014,-34.34829449174493,-44.29375507435924,-20.207010354800474,-44.164373004255935,-39.38597072654561,4.158117146016014,-34.34829449174493,-44.29375507435924,1.4232858128104073,-41.109431045275336,-35.191311425810454,9.472438779399052,-37.05771838799416,-40.96105972676885,1.4232858128104073,-41.109431045275336,-35.191311425810454,9.472438779399052,-37.05771838799416,-40.96105972676885
-15.064562636618362,-45.00294892313506,-38.14382284992641,6.503278681337008,-34.61628665025881,-43.06289172992422,-15.064562636618362,-45.00294892313506,-38.14382284992641,6.503278681337008,-34.61628665025881,-43.06289172992422,-0.2169733808282288,-41.113324303360216,-34.39496332076911,5.529085942084398,-38.15385696341228,-41.08906697216584,-0.2169733808282288,-41.113324303360216,-34.39496332076911,5.529085942084398,-38.15385696341228,-41.08906697216584
-1.0250959828215116,-45.529482842034035,-37.130644310573956,7.009633610381706,-35.184726673004306,-41.68665104575932,-1.0250959828215116,-45.529482842034035,-37.130644310573956,7.009633610381706,-35.184726673004306,-41.68665104575932,11.553258623388327,-41.1304420670838,-33.94270412947561,13.433644652294218,-39.42853417724225,-40.788295658397445,11.553258623388327,-41.1304420670838,-33.94270412947561,13.433644652294218,-39.42853417724225,-40.788295658397445
-14.198142715844622,-45.710434214208824,-36.40995097146105,4.545654901189804,-36.02344958810916,-40.248557996910435,-14.198142715844622,-45.710434214208824,-36.40995097146105,4.545654901189804,-36.02344958810916,-40.248557996910435,-0.651143957128574,-41.1592915199588,-33.86638869744914,13.974341821509203,-40.796275119231304,-40.995192933689154,-0.651143957128574,-41.1592915199588,-33.86638869744914,13.974341821509203,-40.796275119231304,-40.995192933689154
-20.702604036083457,-45.53427632174253,-36.026922884863495,4.617477392589852,-37.0879475281987,-38.8358914201398,-20.702604036083457,-45.53427632174253,-36.026922884863495,4.617477392589852,-37.0879475281987,-38.8358914201398,1.9339762375212346,-41.197356741121006,-34.171392296977665,5.837030549770748,-42.16536438645442,-41.06558711492714,1.9339762375212346,-41.197356741121006,-34.171392296977665,5.837030549770748,-42.16536438645442,-41.06558711492714
-3.808994267549992,-45.012230534834764,-36.005571968245135,7.064602813783709,-38.32173159534863,-37.53438700247553,-3.808994267549992,-45.012230534834764,-36.005571968245135,7.064602813783709,-38.32173159534863,-37.53438700247553,11.097647358569628,-41.24131811530639,-34.83623202017822,8.799181463157609,-43.443996162525735,-40.78030693392743,11.097647358569628,-41.24131811530639,-34.83623202017822,8.799181463157609,-43.443996162525735,-40.78030693392743
-6.967706720911255,-44.177551503356696,-36.34723670425399,6.418557558910228,-39.65932951422148,-36.423033924559014,-6.967706720911255,-44.177551503356696,-36.34723670425399,6.418557558910228,-39.65932951422148,-36.423033924559014,-2.2661836750053466,-41.287341831904705,-35.81407992615922,15.661383021031357,-44.54643035958595,-41.02756812042595,-2.2661836750053466,-41.287341831904705,-35.81407992615922,15.661383021031357,-44.54643035958595,-41.02756812042595
-22.05452754641398,-43.0834088144265,-37.0304982316409,4.123027919595771,-41.02975999922022,-35.569280954013685,-22.05452754641398,-43.0834088144265,-37.0304982316409,4.123027919595771,-41.02975999922022,-35.569280954013685,4.289267868693178,-41.331414226277666,-37.0360613638667,9.745277322492209,-45.39874201605971,-41.03752653582347,4.289267868693178,-41.331414226277666,-37.0360613638667,9.745277322492209,-45.39874201605971,-41.03752653582347
-10.266127694948302,-41.7995000557693,-38.01252308733642,5.307723691400191,-42.360299464075716,-35.02494293426093,-10.266127694948302,-41.7995000557693,-38.01252308733642,5.307723691400191,-42.360299464075716,-35.02494293426093,9.942290027229486,-41.36969180589808,-38.416106153468256,5.4297670254741135,-45.943778417868344,-40.77917679738248,9.942290027229486,-41.36969180589808,-38.416106153468256,5.4297670254741135,-45.943778417868344,-40.77917679738248
-1.922291810982367,-40.40761103488802,-39.23174842358193,7.325262152139151,-43.58034118877116,-34.82305610673694,-1.922291810982367,-40.40761103488802,-39.23174842358193,7.325262152139151,-43.58034118877116,-34.82305610673694,-3.2624934717530447,-41.39883643601463,-39.857010933642286,13.203559675458889,-46.144991537775084,-41.05688709027559,-3.2624934717530447,-41.39883643601463,-39.857010933642286,13.203559675458889,-46.144991537775084,-41.05688709027559
-18.48338010440141,-38.996405970917884,-40.61174136464811,5.667147036844561,-44.62514215234419,-34.97587311912543,-18.48338010440141,-38.996405970917884,-40.61174136464811,5.667147036844561,-44.62514215234419,-34.97587311912543,6.616528366708598,-41.41630645376434,-41.25728567375165,14.172704844093687,-45.98888880434376,-41.00601042222722,6.616528366708598,-41.41630645376434,-41.25728567375165,14.172704844093687,-45.98888880434376,-41.00601042222722
-17.35424506907261,-37.655779527269175,-42.06599056120801,4.0386885290233225,-45.43925870125657,-35.47411940390836,-17.35424506907261,-37.655779527269175,-42.06599056120801,4.0386885290233225,-45.43925870125657,-35.47411940390836,8.201174219805946,-41.42057832307375,-42.518302117280385,5.981726691139945,-45.48593786144957,-40.78495056555256,8.201174219805946,-41.42057832307375,-42.518302117280385,5.981726691139945,-45.48593786144957,-40.78495056555256
-1.4390239532269167,-36.47113046418421,-43.50332956124013,6.078924616321663,-45.97948873534634,-36.28755605812199,-1.4390239532269167,-36.47113046418421,-43.50332956124013,6.078924616321663,-45.97948873534634,-36.28755605812199,-3.5417773916706095,-41.41127950013166,-43.551240656403856,8.538531453578377,-44.66986464867867,-41.08197419627353,-3.5417773916706095,-41.41127950013166,-43.551240656403856,8.538531453578377,-44.66986464867867,-41.08197419627353
-11.67169277410448,-35.51792168319605,-44.83365200794191,7.228637738214234,-46.21716428063062,-37.36681506276619,-11.67169277410448,-35.51792168319605,-44.83365200794191,7.228637738214234,-46.21716428063062,-37.36681506276619,8.686150138061514,-41.38922092241944,-44.28334633505256,15.628888239029564,-43.59539187062216,-40.972302523290345,8.686150138061514,-41.38922092241944,-44.28334633505256,15.628888239029564,-43.59539187062216,-40.972302523290345
-21.73380976722877,-34.85687319212949,-45.97356038058749,4.918619219522096,-46.13967279075208,-38.64639546116372,-21.73380976722877,-34.85687319212949,-45.97356038058749,4.918619219522096,-46.13967279075208,-38.64639546116372,6.046078476302572,-41.356326287975335,-44.66305333931705,10.01991527981345,-42.334569504542536,-40.79739671894508,6.046078476302572,-41.356326287975335,-44.66305333931705,10.01991527981345,-42.334569504542536,-40.79739671894508
-5.745592761737954,-34.53009420184232,-46.85159416043673,4.310956458428437,-45.751126447328836,-40.04863865618465,-5.745592761737954,-34.53009420184232,-46.85159416043673,4.310956458428437,-45.751126447328836,-40.04863865618465,-3.076481274485765,-41.31546429235061,-44.66361703205949,5.3440390911403926,-40.97194340833705,-41.10182348288427,-3.076481274485765,-41.31546429235061,-44.66361703205949,5.3440390911403926,-40.97194340833705,-41.10182348288427
-4.828763328283142,-34.558400742613486,-47.41270966951928,6.7635642318078295,-45.07214394195806,-41.48844156286716,-4.828763328283142,-34.558400742613486,-47.41270966951928,6.7635642318078295,-45.07214394195806,-41.48844156286716,10.293944234075123,-41.27019845364007,-44.284997709619724,12.96582480816067,-39.59888600320988,-40.937754475488106,10.293944234075123,-41.27019845364007,-44.284997709619724,12.96582480816067,-39.59888600320988,-40.937754475488106
-21.341408342803096,-34.939989669726515,-47.62173074252711,6.795717784771934,-44.138756319880585,-42.87842157202424,-21.341408342803096,-34.939989669726515,-47.62173074252711,6.795717784771934,-44.138756319880585,-42.87842157202424,3.689624610161715,-41.22447634300014,-43.55386339833991,14.36076991366462,-38.30746919348472,-40.81601618537123,3.689624610161715,-41.22447634300014,-43.55386339833991,14.36076991366462,-38.30746919348472,-40.81601618537123
-12.812976495611862,-35.65055352493904,-47.465553910213714,4.335565117338826,-43.0004949480645,-44.134219859712545,-12.812976495611862,-35.65055352493904,-47.465553910213714,4.335565117338826,-43.0004949480645,-44.134219859712545,-1.912511249669679,-41.18228532243081,-42.52171149393463,6.138505657114978,-37.18429038179225,-41.115639023318025,-1.912511249669679,-41.18228532243081,-42.52171149393463,6.138505657114978,-37.18429038179225,-41.115639023318025
-1.178609130739689,-36.6448289370893,-46.95396985200575,4.880691196642467,-41.71776307204189,-45.17962118113607,-1.178609130739689,-36.6448289370893,-46.95396985200575,4.880691196642467,-41.71776307204189,-45.17962118113607,11.281285638961002,-41.14730481245325,-41.26124154591028,8.282978133648506,-36.30466558310915,-40.903751604012264,11.281285638961002,-41.14730481245325,-41.26124154591028,8.282978133648506,-36.30466558310915,-40.903751604012264
-16.361919072846838,-37.85947992773279,-46.11904962120541,7.212928964010221,-40.3586304430823,-45.95117942524063,-16.361919072846838,-37.85947992773279,-46.11904962120541,7.212928964010221,-40.3586304430823,-45.95117942524063,1.364300433501466,-41.1225854149376,-39.861234669717625,15.582116673143771,-35.7275790248994,-40.840062351996494,1.364300433501466,-41.1225854149376,-39.861234669717625,15.582116673143771,-35.7275790248994,-40.840062351996494
-19.31140709935952,-39.2171324533994,-45.01313412014449,6.120538733774499,-38.99522111277041,-46.40206820197192,-19.31140709935952,-39.2171324533994,-45.01313412014449,6.120538733774499,-38.99522111277041,-46.40206820197192,-0.16470463626722154,-41.11028287433525,-38.4203002548958,10.295602239026922,-35.491727893584745,-41.12286683500797,-0.16470463626722154,-41.11028287433525,-38.4203002548958,10.295602239026922,-35.491727893584745,-41.12286683500797
-2.440984945366287,-40.631303181553776,-43.70555286449727,4.044632469223958,-37.699886081130316,-46.50492276746045,-2.440984945366287,-40.631303181553776,-43.70555286449727,4.044632469223958,-37.699886081130316,-46.50492276746045,11.550763218840315,-41.11147007818821,-37.03993041939636,5.272136379463177,-35.612927451306355,-40.87165737329699,11.550763218840315,-41.11147007818821,-37.03993041939636,5.272136379463177,-35.612927451306355,-40.87165737329699
-9.141407337150762,-42.01190853408397,-42.27827773644837,5.624138162205405,-36.54136390145004,-46.2535008087775,-9.141407337150762,-42.01190853408397,-42.27827773644837,5.624138162205405,-36.54136390145004,-46.2535008087775,-0.7004774976983157,-41.1260434920913,-35.817351419126716,12.721089629863453,-36.08305052578366,-40.868571003401726,-0.7004774976983157,-41.1260434920913,-35.817351419126716,12.721089629863453,-36.08305052578366,-40.868571003401726
-22.179176386481814,-43.271003068731595,-40.820784191642225,7.329410328441966,-35.58113298405468,-45.66306129411565,-22.179176386481814,-43.271003068731595,-40.820784191642225,7.329410328441966,-35.58113298405468,-45.66306129411565,1.994499910590653,-41.152732188784285,-34.83867552319788,14.538023166990653,-36.870572486967006,-41.123217093484904,1.994499910590653,-41.152732188784285,-34.83867552319788,14.538023166990653,-36.870572486967006,-41.123217093484904
-8.021127728317918,-44.32838165990317,-39.42444206933233,5.349759188361837,-34.87014916853177,-44.76943839572076,-8.021127728317918,-44.32838165990317,-39.42444206933233,5.349759188361837,-34.87014916853177,-44.76943839572076,11.0757903072558,-41.1892086839596,-34.172835702079716,6.306939069655107,-37.922685166463594,-40.84275871412849,11.0757903072558,-41.1892086839596,-34.172835702079716,6.306939069655107,-37.922685166463594,-40.84275871412849
-3.0817868037893827,-45.11668861636896,-38.176787644182355,4.109016031764341,-34.44614168916942,-43.62686668981764,-3.0817868037893827,-45.11668861636896,-38.176787644182355,4.109016031764341,-34.44614168916942,-43.62686668981764,-2.300998128179848,-41.2322919129481,-33.86673033849296,8.033219769425099,-39.16883796849899,-40.90039898518351,-2.300998128179848,-41.2322919129481,-33.86673033849296,8.033219769425099,-39.16883796849899,-40.90039898518351
-20.065146945687978,-45.585708281790474,-37.15603600309681,6.379809978817596,-34.33161102654049,-42.3046896236112,-20.065146945687978,-45.585708281790474,-37.15603600309681,6.379809978817596,-34.33161102654049,-42.3046896236112,4.3520752027950165,-41.278224646967004,-33.9419199429974,15.521196120566518,-40.52546871924633,-41.1166757539063,4.3520752027950165,-41.278224646967004,-33.9419199429974,15.521196120566518,-40.52546871924633,-41.1166757539063
-15.289976729058262,-45.70556380408411,-36.426177764556535,7.087706897023871,-34.532634891711176,-40.88315101472129,-15.289976729058262,-45.70556380408411,-36.426177764556535,7.087706897023871,-34.532634891711176,-40.88315101472129,9.90322774651645,-41.323001155842874,-34.393108540890374,10.571584921536756,-41.9016070221155,-40.81821441963985,9.90322774651645,-41.323001155842874,-34.393108540890374,10.571584921536756,-41.9016070221155,-40.81821441963985
-1.0380221442935103,-45.46862030997061,-36.03296752567165,4.650803554389022,-35.03854570499692,-39.44852499978728,-1.0380221442935103,-45.46862030997061,-36.03296752567165,4.650803554389022,-35.03854570499692,-39.44852499978728,-3.2793540424934875,-41.362716542197056,-35.18851669382638,5.214255355207599,-43.204974379729194,-40.934270042740785,-3.2793540424934875,-41.362716542197056,-35.18851669382638,5.214255355207599,-43.204974379729194,-40.934270042740785
-13.965334836864,-44.88997125127665,-36.00105552002149,4.514730768941167,-35.82249668425358,-38.08787999894547,-13.965334836864,-44.88997125127665,-36.00105552002149,4.514730768941167,-35.82249668425358,-38.08787999894547,6.6754227882956005,-41.393907282142585,-36.272119882405356,12.470022847466325,-44.34817203206431,-41.10350511423346,6.6754227882956005,-41.393907282142585,-36.272119882405356,12.470022847466325,-44.34817203206431,-41.10350511423346
-20.82284438083922,-44.00647694241863,-36.33244230180188,6.9835638566622915,-36.84288650252967,-36.88379447470555,-20.82284438083922,-44.00647694241863,-36.33244230180188,6.9835638566622915,-36.84288650252967,-36.88379447470555,8.148760595529286,-41.41385327440964,-37.567594589403555,14.703980282716294,-45.25454157833173,-40.79900867943458,8.148760595529286,-41.41385327440964,-37.567594589403555,14.703980282716294,-45.25454157833173,-40.79900867943458
-3.973024463022319,-42.87441653484479,-37.00635333167448,6.54032013225471,-38.045566913861755,-35.909345189382755,-3.973024463022319,-42.87441653484479,-37.00635333167448,6.54032013225471,-38.045566913861755,-35.909345189382755,-3.539020615540556,-41.42081505661327,-38.983694141541854,6.486566706467057,-45.863305392021246,-40.96882599718095,-3.539020615540556,-41.42081505661327,-38.983694141541854,6.486566706467057,-45.863305392021246,-40.96882599718095
-6.753640822905002,-41.56590299916244,-37.98054132649337,4.175495050872981,-39.36671619682355,-35.22367212712125,-6.753640822905002,-41.56590299916244,-37.98054132649337,4.175495050872981,-39.36671619682355,-35.22367212712125,8.735321121658322,-41.41418550136102,-40.42067566274041,7.789938793006762,-46.133642132815694,-41.084233297474526,8.735321121658322,-41.41418550136102,-40.42067566274041,7.789938793006762,-46.133642132815694,-41.084233297474526
-22.01294341189599,-40.16428948287732,-39.193934728990655,5.173649603144831,-40.73622593299788,-34.868389248381575,-22.01294341189599,-40.16428948287732,-39.193934728990655,5.173649603144831,-40.73622593299788,-34.868389248381575,5.985484638272896,-41.39454276299264,-41.77732545684239,15.446293038748568,-46.04742406735112,-40.78591161505141,5.985484638272896,-41.39454276299264,-41.77732545684239,15.446293038748568,-46.04742406735112,-40.78591161505141
-10.50397978925091,-38.75885966168948,-40.570466265638565,7.304255767745435,-42.08142139678939,-34.86505891062228,-10.50397978925091,-38.75885966168948,-40.570466265638565,7.304255767745435,-42.08142139678939,-34.86505891062228,-3.0543791351043383,-41.363599857540216,-42.9580879874503,10.847109240720924,-45.61043264470952,-41.00268120626781,-3.0543791351043383,-41.363599857540216,-42.9580879874503,10.847109240720924,-45.61043264470952,-41.00268120626781
-1.8278241394534085,-37.43914031235735,-42.02384158152959,5.806150314259772,-43.33091812949635,-35.21388323428746,-1.8278241394534085,-37.43914031235735,-42.02384158152959,5.806150314259772,-43.33091812949635,-35.21388323428746,10.32854056890206,-41.32405527297036,-43.87979632566262,5.170554170710138,-44.85197081486621,-41.05963307473947,10.32854056890206,-41.32405527297036,-43.87979632566262,5.170554170710138,-44.85197081486621,-41.05963307473947
-18.299563680302526,-36.28919839986937,-43.46294900796291,4.027077522662285,-44.41841004377713,-35.89369183598066,-18.299563680302526,-36.28919839986937,-43.46294900796291,4.027077522662285,-44.41841004377713,-35.89369183598066,3.6268287483337573,-41.27935763778279,-44.477530007080325,12.213310468149317,-43.82289808651309,-40.77944839923909,3.6268287483337573,-41.27935763778279,-44.477530007080325,12.213310468149317,-43.82289808651309,-40.77944839923909
-17.553856050578776,-35.38228595811043,-44.797571326007684,5.9426458842458185,-45.286188038067756,-36.863226673307324,-17.553856050578776,-35.38228595811043,-44.797571326007684,5.9426458842458185,-45.286188038067756,-36.863226673307324,-1.873244344799411,-41.233404970890945,-44.70918770032147,14.858187804705576,-42.59222008565905,-41.03447812660881,-1.873244344799411,-41.233404970890945,-44.70918770032147,14.858187804705576,-42.59222008565905,-41.03447812660881
-1.508662553414263,-34.77617388854339,-45.944041457275574,7.272226815440655,-45.88820240133144,-38.06364602328571,-1.508662553414263,-34.77617388854339,-45.944041457275574,7.272226815440655,-45.88820240133144,-38.06364602328571,11.297894049543132,-41.19020474078651,-44.55845261144668,6.676897758502298,-41.24246130598118,-41.03069087827109,11.297894049543132,-41.19020474078651,-44.55845261144668,6.676897758502298,-41.24246130598118,-41.03069087827109
-11.432248393805468,-34.50947191690817,-46.83048752831888,5.044669689424008,-46.192506497849486,-39.42209562618852,-11.432248393805468,-34.50947191690817,-46.83048752831888,5.044669689424008,-46.192506497849486,-39.42209562618852,1.3054979895667542,-41.15352437975771,-44.03594175623554,7.553799937875944,-39.8641313363419,-40.779878197312414,1.3054979895667542,-41.15352437975771,-44.03594175623554,7.553799937875944,-39.8641313363419,-40.779878197312414
-21.801133763409652,-34.59916912904569,-47.40133849712052,4.23778939204907,-46.18295205490219,-40.85613025968704,-21.801133763409652,-34.59916912904569,-47.40133849712052,4.23778939204907,-46.18295205490219,-40.85613025968704,-0.11214703997046005,-41.12656273133266,-43.178458151398985,15.35761209057448,-38.54965563879198,-41.06294174912033,-0.11214703997046005,-41.12656273133266,-43.178458151398985,15.35761209057448,-38.54965563879198,-41.06294174912033
-5.946527700706835,-35.039551755285096,-47.62080788528192,6.654682557051956,-45.86004609080498,-42.27871739498311,-5.946527700706835,-35.039551755285096,-47.62080788528192,6.654682557051956,-45.86004609080498,-42.27871739498311,11.547745118869804,-41.11167108356177,-42.046398596588965,11.121422362375592,-37.387177855548074,-40.99856724698325,11.547745118869804,-41.11167108356177,-42.046398596588965,11.121422362375592,-37.387177855548074,-40.99856724698325
-4.646504202247891,-35.802567141218965,-47.47513722176987,6.894434148963578,-45.24092400935534,-43.603519259662804,-4.646504202247891,-35.802567141218965,-47.47513722176987,6.894434148963578,-45.24092400935534,-43.603519259662804,-0.7494850727824671,-41.11014811644052,-40.719499629904035,5.141152233747701,-36.454649238201995,-40.78718377500966,-0.7494850727824671,-41.11014811644052,-40.719499629904035,5.141152233747701,-36.454649238201995,-40.78718377500966
-21.244725936646,-36.83961071969643,-46.97345855739613,4.421282804277023,-44.35844028846678,-44.750132735317166,-21.244725936646,-36.83961071969643,-46.97345855739613,4.421282804277023,-44.35844028846678,-44.750132735317166,2.055162864219832,-41.122126645824125,-39.29122129022682,11.951653924948431,-35.81460153911518,-41.086930724990424,2.055162864219832,-41.122126645824125,-39.29122129022682,11.951653924948431,-35.81460153911518,-41.086930724990424
-13.05053812385394,-38.084622152777115,-46.147221979253175,4.76186100965868,-43.2594250167207,-45.648969077009895,-13.05053812385394,-38.084622152777115,-46.147221979253175,4.76186100965868,-43.2594250167207,-45.648969077009895,11.053443462570113,-41.14656204074056,-37.86216426571293,15.00022438105248,-35.50995387462817,-40.964550290581286,11.053443462570113,-41.14656204074056,-37.86216426571293,15.00022438105248,-35.50995387462817,-40.964550290581286
-1.1394058779335268,-39.45829341742724,-45.04822401405581,7.15509501272523,-42.00219879687713,-46.24547730112742,-1.1394058779335268,-39.45829341742724,-45.04822401405581,7.15509501272523,-42.00219879687713,-46.24547730112742,-2.3353757455232076,-41.18132332421216,-36.53298409113171,6.877412171028642,-35.56113473557626,-40.80107218956072,-2.3353757455232076,-41.18132332421216,-36.53298409113171,6.877412171028642,-35.56113473557626,-40.80107218956072
-16.146781772472313,-40.87312077721271,-43.74536051920122,6.252939770475228,-40.6534778910592,-46.503454921355136,-16.146781772472313,-40.87312077721271,-43.74536051920122,6.252939770475228,-40.6534778910592,-46.503454921355136,4.41485850485467,-41.223379012808984,-35.39730148208951,7.325448422601816,-35.96471213192412,-41.10548313206395,4.41485850485467,-41.223379012808984,-35.39730148208951,7.325448422601816,-35.96471213192412,-41.10548313206395
-19.473669257111798,-42.23897882616753,-42.32030762184506,4.071398258443373,-39.284833839903676,-46.40724510198119,-19.473669257111798,-42.23897882616753,-42.32030762184506,4.071398258443373,-39.284833839903676,-46.40724510198119,9.863756897511047,-41.26906148812394,-34.53510816626445,15.255395585148634,-36.69362372870673,-40.930004038283876,9.863756897511047,-41.26906148812394,-34.53510816626445,15.255395585148634,-36.69362372870673,-40.930004038283876
-2.5633080130964174,-43.46886153468492,-40.862401466646865,5.485456480745335,-37.96889543036147,-45.96268688181242,-2.5633080130964174,-43.46886153468492,-40.862401466646865,5.485456480745335,-37.96889543036147,-45.96268688181242,-3.295710005293996,-41.31438684469885,-34.007132671483085,11.393774761735925,-37.69899154125368,-40.82098653625535,-3.295710005293996,-41.31438684469885,-34.007132671483085,11.393774761735925,-37.69899154125368,-40.82098653625535
-8.90917617477465,-44.48442458914312,-39.46303775928382,7.335186466857954,-36.77549455941586,-45.19676079897219,-8.90917617477465,-44.48442458914312,-39.46303775928382,7.335186466857954,-36.77549455941586,-45.19676079897219,6.734132236241331,-41.35540232090673,-33.85056291597449,5.126129881271543,-38.91339950327293,-41.11785504648642,6.734132236241331,-41.35540232090673,-33.85056291597449,5.126129881271543,-38.91339950327293,-41.11785504648642
-22.189689942091043,-45.22097597469372,-38.20994219669261,5.487085487651988,-35.767960518221585,-44.15595142385021,-22.189689942091043,-45.22097597469372,-38.20994219669261,5.487085487651988,-35.767960518221585,-44.15595142385021,8.096059937401261,-41.388531013823474,-34.076426879867604,11.685768160181507,-40.25541412678992,-40.89631374328573,8.096059937401261,-41.388531013823474,-34.076426879867604,11.685768160181507,-40.25541412678992,-40.89631374328573
-8.247345118846425,-45.63159689790352,-37.181670969074915,4.071016008788423,-34.99975934505341,-42.90342617918353,-8.247345118846425,-45.63159689790352,-37.181670969074915,4.071016008788423,-34.99975934505341,-42.90342617918353,-3.535741243996876,-41.410883815982324,-34.66881585015736,15.129701915369779,-41.635045116019484,-40.84612827949142,-3.535741243996876,-41.410883815982324,-34.66881585015736,15.129701915369779,-41.635045116019484,-40.84612827949142
-2.941876512656206,-45.690130543846266,-36.44268609556707,6.251400459197271,-34.5116565839506,-41.51520166658034,-2.941876512656206,-45.690130543846266,-36.44268609556707,6.251400459197271,-34.5116565839506,-41.51520166658034,8.784164439520001,-41.420511370438156,-35.586004949828315,7.087562064611863,-42.95977976758297,-41.12355037294099,8.784164439520001,-41.420511370438156,-35.586004949828315,7.087562064611863,-42.95977976758297,-41.12355037294099
-19.91895848174754,-45.39284828191077,-36.03931431932615,7.155838464780182,-34.32955401077387,-40.07553016771448,-19.91895848174754,-45.39284828191077,-36.03931431932615,7.155838464780182,-34.32955401077387,-40.07553016771448,5.924753619601079,-41.4165740714892,-36.763392026742125,7.1055081878648405,-44.14078651359593,-40.86483033617042,5.924753619601079,-41.4165740714892,-36.763392026742125,7.1055081878648405,-44.14078651359593,-40.86483033617042
-15.513507072397303,-44.75868718195089,-35.996842897702855,4.763225868458679,-34.463115123479,-38.671786316543916,-15.513507072397303,-44.75868718195089,-35.996842897702855,4.763225868458679,-34.463115123479,-38.671786316543916,-3.0317879721158176,-41.39941528552848,-38.118047901849685,15.13992281571711,-45.09887162208592,-40.87548927286168,-3.0317879721158176,-41.39941528552848,-38.118047901849685,15.13992281571711,-45.09887162208592,-40.87548927286168
-1.056350868312867,-43.82804371084751,-36.31793435155737,4.420219085436352,-34.905252336662464,-37.38916427386414,-1.056350868312867,-43.82804371084751,-36.31793435155737,4.420219085436352,-34.905252336662464,-37.38916427386414,10.362698873412159,-41.37053140653581,-39.55455748030287,11.663422271454587,-45.769789621513695,-41.12234073733088,10.362698873412159,-41.37053140653581,-39.55455748030287,11.663422271454587,-45.769789621513695,-41.12234073733088
-13.73132043193987,-42.660200451781314,-36.982459552613975,6.893318893868734,-35.63250309303464,-36.305507236247294,-13.73132043193987,-42.660200451781314,-36.982459552613975,6.893318893868734,-35.63250309303464,-36.305507236247294,3.564059093319324,-41.33244135762948,-40.971740307200164,5.125528159897138,-46.10855135292517,-40.83681625460879,3.564059093319324,-41.33244135762948,-40.971740307200164,5.125528159897138,-46.10855135292517,-40.83681625460879
-20.938372297957788,-41.32954976584146,-37.94875961255941,6.656007972680071,-36.60627493300038,-35.4865830799571,-20.938372297957788,-41.32954976584146,-37.94875961255941,6.656007972680071,-36.60627493300038,-35.4865830799571,-1.8335702352123207,-41.288466919266725,-42.26977720607743,11.416379671961746,-46.09244076846504,-40.90789218432108,-1.8335702352123207,-41.288466919266725,-42.26977720607743,11.416379671961746,-46.09244076846504,-40.90789218432108
-4.14095670113391,-39.92085495113625,-39.15625746642982,4.238593635775918,-37.77489345119182,-34.98209286419464,-4.14095670113391,-39.92085495113625,-39.15625746642982,4.238593635775918,-37.77489345119182,-34.98209286419464,11.313997281310355,-41.242443041366634,-43.35724103584399,15.246266627211941,-45.722538181443895,-41.114274644240005,11.313997281310355,-41.242443041366634,-43.35724103584399,15.246266627211941,-45.722538181443895,-41.114274644240005
-6.542055377447877,-38.523850766595366,-40.529255430897464,5.043155556432683,-39.076344462611296,-34.82265444030473,-6.542055377447877,-38.523850766595366,-40.529255430897464,5.043155556432683,-39.076344462611296,-34.82265444030473,1.2468825543361914,-41.19838340263439,-44.157536355275454,7.306773232124652,-45.02364782471762,-40.813394821491144,1.2468825543361914,-41.19838340263439,-44.157536355275454,7.306773232124652,-45.02364782471762,-40.813394821491144
-21.96603841162394,-37.227527270544414,-41.9816806696495,7.2717778659798125,-40.44156486194986,-35.01794423373387,-21.96603841162394,-37.227527270544414,-41.9816806696495,7.2717778659798125,-40.44156486194986,-35.01794423373387,-0.05930423267755547,-41.160130383195416,-44.614294417730505,6.894580191620378,-44.042634575032814,-40.942037705445934,-0.05930423267755547,-41.160130383195416,-44.614294417730505,6.894580191620378,-44.042634575032814,-40.942037705445934
-10.742394975340954,-36.11446109718316,-43.42248107403994,5.9442653641049725,-41.7981075425688,-35.556109975245604,-10.742394975340954,-36.11446109718316,-43.42248107403994,5.9442653641049725,-41.7981075425688,-35.556109975245604,11.544204532544878,-41.13101997594158,-44.695343500004306,15.011509296535412,-42.84528137615268,-41.09967553197149,11.544204532544878,-41.13101997594158,-44.695343500004306,15.011509296535412,-42.84528137615268,-41.09967553197149
-1.7383552442090693,-35.25555527227474,-44.76133329285077,4.027146458008497,-43.07398589169091,-36.40449002313182,-1.7383552442090693,-35.25555527227474,-44.76133329285077,4.027146458008497,-43.07398589169091,-36.40449002313182,-0.7981632875557825,-41.11359085920736,-44.39497491547421,11.929628114941783,-41.51187808978082,-40.79550520135467,-0.7981632875557825,-41.11359085920736,-44.39497491547421,11.929628114941783,-41.51187808978082,-40.79550520135467
-18.112324855800285,-34.70552264514378,-45.914305076465375,5.804514658586135,-44.20149384891623,-37.51159562026998,-18.112324855800285,-34.70552264514378,-45.914305076465375,5.804514658586135,-44.20149384891623,-37.51159562026998,2.1159608961986747,-41.109363002145265,-43.734345105055546,5.13934871374948,-40.13183756883169,-40.976556651763914,2.1159608961986747,-41.109363002145265,-43.734345105055546,5.13934871374948,-40.13183756883169,-40.976556651763914
-17.750425874700177,-34.49940064524903,-46.80911696477363,7.304570642200166,-45.12079881193919,-38.81023578150893,-17.750425874700177,-34.49940064524903,-46.80911696477363,7.304570642200166,-45.12079881193919,-38.81023578150893,11.03060837251035,-41.11870511031929,-42.759985484718165,11.144224529136544,-38.79769997829269,-41.079128803154134,11.03060837251035,-41.11870511031929,-42.759985484718165,11.144224529136544,-38.79769997829269,-41.079128803154134
-1.5834631012433267,-34.6503193755607,-47.38967346514819,5.175211372911448,-45.78311672748755,-40.221595159860954,-1.5834631012433267,-34.6503193755607,-47.38967346514819,5.175211372911448,-45.78311672748755,-40.221595159860954,-2.369314145648868,-41.140802471402914,-41.54052500835288,15.349600018732987,-37.59892741066764,-40.7838647412862,-2.369314145648868,-41.140802471402914,-41.54052500835288,15.349600018732987,-37.59892741066764,-40.7838647412862
-11.192892527980899,-35.14866521661973,-47.61957966228684,4.174813704089642,-46.15330087736141,-41.66001740305133,-11.192892527980899,-35.14866521661973,-47.61957966228684,4.174813704089642,-46.15330087736141,-41.66001740305133,4.477613425782451,-41.1737280051137,-40.161856292050636,7.534446707692585,-36.61590490502334,-41.01006486500936,4.477613425782451,-41.1737280051137,-40.161856292050636,7.534446707692585,-36.61590490502334,-41.01006486500936
-21.863245181517485,-35.96269322023421,-47.484422804688315,6.538918241841951,-46.21170698244294,-43.03820369529127,-21.863245181517485,-35.96269322023421,-47.484422804688315,6.538918241841951,-46.21170698244294,-43.03820369529127,9.823880214415782,-41.214610321218125,-38.72108577350336,6.693240767059592,-35.91455013803505,-41.05345835097004,9.823880214415782,-41.214610321218125,-38.72108577350336,6.693240767059592,-35.91455013803505,-41.05345835097004
-6.1503557288011175,-37.04054928294337,-46.992675835781306,6.98457415977118,-45.95523565063015,-44.27251098126901,-6.1503557288011175,-37.04054928294337,-46.992675835781306,6.98457415977118,-45.95523565063015,-44.27251098126901,-3.311560227153713,-41.25988412950045,-37.3196940266396,14.870505900766968,-35.54189324024351,-40.778940206373846,-3.311560227153713,-41.25988412950045,-37.3196940266396,14.870505900766968,-35.54189324024351,-40.778940206373846
-4.467802802343307,-38.31357328550884,-46.175166227606766,4.515895589753999,-45.39749684990668,-45.288028319572604,-4.467802802343307,-38.31357328550884,-46.175166227606766,4.515895589753999,-45.39749684990668,-45.288028319572604,6.792652643658641,-41.30560116378894,-36.05638798427046,12.191664919511023,-35.52292313790252,-41.041218715805435,6.792652643658641,-41.30560116378894,-36.05638798427046,12.191664919511023,-35.52292313790252,-41.041218715805435
-21.143115415911378,-39.70067278633897,-45.083143415713465,4.649519923799467,-44.56808767858145,-46.02312327823244,-21.143115415911378,-39.70067278633897,-45.083143415713465,4.649519923799467,-44.56808767858145,-46.02312327823244,8.04307589607231,-41.34777450478517,-35.020148521959854,5.167553779970875,-35.85891189250147,-41.02369352226676,8.04307589607231,-41.34777450478517,-35.020148521959854,5.167553779970875,-35.85891189250147,-41.02369352226676
-13.28736091596351,-41.113488661783165,-43.785065987200696,7.086843282637521,-43.51102175871234,-46.43318244857312,-13.28736091596351,-41.113488661783165,-43.785065987200696,7.086843282637521,-43.51102175871234,-46.43318244857312,-3.5319395042063446,-41.38272627377909,-34.28396309607851,10.870046360075527,-36.527329401255344,-40.78092906312311,-3.5319395042063446,-41.38272627377909,-34.28396309607851,10.870046360075527,-36.527329401255344,-40.78092906312311
-1.1055533552420602,-42.46202363871199,-42.36231003214088,6.381296258210966,-42.28239359889139,-46.49331906306618,-1.1055533552420602,-42.46202363871199,-42.36231003214088,6.381296258210966,-42.28239359889139,-46.49331906306618,8.8326767082003,-41.40740837536196,-33.89968487725598,15.43941974494177,-37.48335417841672,-41.06876898119818,8.8326767082003,-41.40740837536196,-33.89968487725598,15.43941974494177,-37.48335417841672,-41.06876898119818
-15.929322681428697,-43.66037517826481,-40.90406770056037,4.1095308877854935,-40.94740186986587,-46.199883390031204,-15.929322681428697,-43.66037517826481,-40.90406770056037,4.1095308877854935,-40.94740186986587,-46.199883390031204,5.8638896272113525,-41.4196683176091,-33.89438047581802,7.76996040329011,-38.66287891027454,-40.99102784228391,5.8638896272113525,-41.4196683176091,-33.89438047581802,7.76996040329011,-38.66287891027454,-40.99102784228391
-19.63190875299739,-44.63220752241061,-39.50175577293407,5.348152096996687,-39.576889556549695,-45.57068423831232,-19.63190875299739,-44.63220752241061,-39.50175577293407,5.348152096996687,-39.576889556549695,-45.57068423831232,-3.0087093504416487,-41.41843692792209,-34.268423506920776,6.502040047854308,-39.98680924297783,-40.789751561344545,-3.0087093504416487,-41.41843692792209,-34.268423506920776,6.502040047854308,-39.98680924297783,-40.789751561344545
-2.6902538409888557,-45.31561433046332,-38.243284769255304,7.329272579550874,-38.24358458753269,-44.64390812866197,-2.6902538409888557,-45.31561433046332,-38.243284769255304,7.329272579550874,-38.24358458753269,-44.64390812866197,10.396416781410503,-41.40382159409155,-34.99546827499259,14.71729790176807,-41.366367543145245,-41.09161093663394,10.396416781410503,-41.40382159409155,-34.99546827499259,14.71729790176807,-41.366367543145245,-41.09161093663394
-8.678323447523669,-45.66706215250075,-37.20754786453743,5.625777576617099,-37.01824043772563,-43.47580172804935,-8.678323447523669,-45.66706215250075,-37.20754786453743,5.625777576617099,-37.01824043772563,-43.47580172804935,3.5013199932618932,-41.37709689915661,-36.02430543101786,12.448816703829964,-42.70904598164477,-40.956771156071085,3.5013199932618932,-41.37709689915661,-36.02430543101786,12.448816703829964,-42.70904598164477,-40.956771156071085
-22.194792270283784,-45.66416353791422,-36.45947509900634,4.044385526318812,-35.965881507828406,-42.13725820151798,-22.194792270283784,-45.66416353791422,-36.45947509900634,4.044385526318812,-35.965881507828406,-42.13725820151798,-1.7934916691905345,-41.34059346678168,-37.28246889956791,5.210066291902977,-43.92480974983315,-40.80505393201738,-1.7934916691905345,-41.34059346678168,-37.28246889956791,5.210066291902977,-43.92480974983315,-40.80505393201738
-8.475279305618901,-45.30710313030322,-36.04596293308205,6.118957264998209,-35.142352524196724,-40.709514658199836,-8.475279305618901,-45.30710313030322,-36.04596293308205,6.118957264998209,-35.142352524196724,-40.709514658199836,11.329594218769294,-41.29749471079181,-38.68134002191759,10.594594320803198,-44.93213444463249,-41.10882865376632,11.329594218769294,-41.29749471079181,-38.68134002191759,10.594594320803198,-44.93213444463249,-41.10882865376632
-2.806395438540841,-44.61862590556021,-35.992934322145445,7.213547001655215,-34.591355069466054,-39.279221816388386,-2.806395438540841,-44.61862590556021,-35.992934322145445,7.213547001655215,-34.591355069466054,-39.279221816388386,1.18845818818453,-41.25155921405809,-40.12238940527281,15.515480385171724,-45.66347277881635,-40.922297105654835,1.18845818818453,-41.25155921405809,-40.12238940527281,15.515480385171724,-45.66347277881635,-40.922297105654835
-19.768519701827046,-43.64258830238717,-36.30371361413233,4.882127641677315,-34.34212850409413,-37.93318511302151,-19.768519701827046,-43.64258830238717,-36.30371361413233,4.882127641677315,-34.34212850409413,-37.93318511302151,-0.006179874885097192,-41.206792947686495,-41.50411683388115,8.012670808514798,-46.06978404011608,-40.82622257289965,-0.006179874885097192,-41.206792947686495,-41.50411683388115,8.012670808514798,-46.06978404011608,-40.82622257289965
-15.735039386747324,-42.44116453915473,-36.95881814714458,4.33461001505895,-34.40789834358559,-36.75309642318556,-15.735039386747324,-42.44116453915473,-36.95881814714458,4.33461001505895,-34.40789834358559,-36.75309642318556,11.540141705127002,-41.16709991582104,-42.72920042985647,6.321500464988244,-46.12382257118609,-41.119731727816884,11.540141705127002,-41.16709991582104,-42.72920042985647,6.321500464988244,-46.12382257118609,-41.119731727816884
-1.0800727843194942,-41.090886076503374,-37.91717961176222,6.794505456354047,-34.785174430177236,-35.810576125136045,-1.0800727843194942,-41.090886076503374,-37.91717961176222,6.794505456354047,-34.785174430177236,-35.810576125136045,-0.8465087700102636,-41.13594169284468,-43.711351513058815,14.552303920378751,-45.82196475771576,-40.88898804904212,-0.8465087700102636,-41.13594169284468,-43.711351513058815,14.552303920378751,-45.82196475771576,-40.88898804904212
-13.496219140929853,-39.677766514447214,-39.11871861121481,6.764803809321202,-35.45393614237024,-35.16282641125153,-13.496219140929853,-39.677766514447214,-39.11871861121481,6.764803809321202,-35.45393614237024,-35.16282641125153,2.1768897949608412,-41.116035544267355,-44.38139233843798,12.700380834245847,-45.18445201395142,-40.85240865306299,2.1768897949608412,-41.116035544267355,-44.38139233843798,12.700380834245847,-45.18445201395142,-40.85240865306299
-21.049128723794926,-38.29182247114672,-40.48811102099537,4.31187791755988,-36.37869481393718,-34.84915964840992,-21.049128723794926,-38.29182247114672,-40.48811102099537,4.31187791755988,-36.37869481393718,-34.84915964840992,11.007286618895755,-41.109117457760945,-44.69212862582255,5.266770089661358,-44.25403347196131,-41.123882961777106,11.007286618895755,-41.109117457760945,-44.69212862582255,5.266770089661358,-44.25403347196131,-41.123882961777106
-4.31270512652786,-37.021339466870344,-41.93951003594822,4.917163419822975,-37.51037698382621,-34.88861248393647,-4.31270512652786,-37.021339466870344,-41.93951003594822,4.917163419822975,-37.51037698382621,-34.88861248393647,-2.4028109775950215,-41.115790750076634,-44.62167368584855,10.318621048027975,-43.09309939063707,-40.858179629725846,-2.4028109775950215,-41.115790750076634,-44.62167368584855,10.318621048027975,-43.09309939063707,-40.858179629725846
-6.333058557599054,-35.94724807999654,-43.38192788109385,7.2280578853279165,-38.7889285399813,-35.27879049864215,-6.333058557599054,-35.94724807999654,-43.38192788109385,7.2280578853279165,-38.7889285399813,-35.27879049864215,4.540335618457246,-41.13547345262588,-44.174990007443,15.577574113661043,-41.779497506906885,-40.88256214974686,4.540335618457246,-41.13547345262588,-44.174990007443,15.577574113661043,-41.779497506906885,-40.88256214974686
-21.913836525777842,-35.137968617509884,-44.724939808331435,6.080516479634694,-40.14650156496968,-35.99601352573876,-21.913836525777842,-35.137968617509884,-44.724939808331435,6.080516479634694,-40.14650156496968,-35.99601352573876,9.783600459545337,-41.1664490641557,-43.3835397252523,8.26191474889544,-40.40131286842177,-41.12111589735634,9.783600459545337,-41.1664490641557,-43.3835397252523,8.26191474889544,-40.40131286842177,-41.12111589735634
-10.981251363461572,-34.64505269777008,-45.88435279715366,4.0388948480717115,-41.511054769517614,-36.99675281612748,-10.981251363461572,-34.64505269777008,-45.88435279715366,4.0388948480717115,-41.511054769517614,-36.99675281612748,-3.326903610105176,-41.20601624444772,-42.30306858631854,6.152115319284162,-39.050961191888966,-40.83110721937278,-3.326903610105176,-41.20601624444772,-42.30306858631854,6.152115319284162,-39.050961191888966,-40.83110721937278
-1.65393086622203,-34.49989937951487,-46.78748359020074,5.665506760364275,-42.810176452502,-38.22027282753079,-1.65393086622203,-34.49989937951487,-46.78748359020074,5.665506760364275,-42.810176452502,-38.22027282753079,6.850979956754696,-41.250724394460555,-41.009679502160736,14.375974781096046,-37.81899182353433,-40.91547395270529,6.850979956754696,-41.250724394460555,-41.009679502160736,14.375974781096046,-37.81899182353433,-40.91547395270529
-17.921759356743795,-34.71175502177498,-47.37771518516786,7.325440727173194,-43.97492711730418,-39.5923173055039,-17.921759356743795,-34.71175502177498,-47.37771518516786,7.325440727173194,-43.97492711730418,-39.5923173055039,7.9898121418210515,-41.29667457829741,-39.594472245354474,12.94566994464068,-36.78801585113116,-41.11154148971105,7.9898121418210515,-41.29667457829741,-39.594472245354474,12.94566994464068,-36.78801585113116,-41.11154148971105
-17.94385404512002,-35.26712428490148,-47.61804613793423,5.309322064900421,-44.943497831343684,-41.02961594558397,-17.94385404512002,-35.26712428490148,-47.61804613793423,5.309322064900421,-44.943497831343684,-41.02961594558397,-3.5276156595208956,-41.33985954401039,-38.15712684321829,5.3375102375272165,-36.027166524852895,-40.80885638126219,-3.5276156595208956,-41.33985954401039,-38.15712684321829,5.3375102375272165,-36.027166524852895,-40.80885638126219
-1.6633873549362352,-36.13062979231615,-47.49341017215153,4.122474283095648,-45.66449019342371,-42.44493812421258,-1.6633873549362352,-36.13062979231615,-47.49341017215153,4.122474283095648,-45.66449019342371,-42.44493812421258,8.880854567185214,-41.376513190497725,-36.79888262183822,10.042880602660718,-35.58746344964264,-40.94982434772446,8.880854567185214,-41.376513190497725,-36.79888262183822,10.042880602660718,-35.58746344964264,-40.94982434772446
-10.953747547317342,-37.24726569198245,-47.011620679652154,6.417089097297647,-46.09964385337178,-43.752386984094315,-10.953747547317342,-37.24726569198245,-47.011620679652154,6.417089097297647,-46.09964385337178,-43.752386984094315,5.802896877240063,-41.4034390039695,-35.615407420989136,15.62553126740942,-35.49839140838008,-41.0955436583085,5.802896877240063,-41.4034390039695,-35.615407420989136,15.62553126740942,-35.49839140838008,-41.0955436583085
-21.920112267089642,-38.545901564292926,-46.20288090122621,7.065501027671701,-46.225866844775915,-44.8726125723816,-21.920112267089642,-38.545901564292926,-46.20288090122621,7.065501027671701,-46.225866844775915,-44.8726125723816,-2.985144868771158,-41.41828882149199,-34.69005923631735,8.517011197929653,-35.7659232266954,-40.79231934081731,-2.985144868771158,-41.41828882149199,-34.69005923631735,8.517011197929653,-35.7659232266954,-40.79231934081731
-6.356972638947444,-39.94381347520398,-45.11789049438913,4.618735086558504,-46.03646098870256,-45.737627642814346,-6.356972638947444,-39.94381347520398,-45.11789049438913,4.618735086558504,-46.03646098870256,-45.737627642814346,10.429691957209542,-41.41976761102779,-34.08801490456083,5.9943474335214555,-36.37211925844747,-40.98423593519441,10.429691957209542,-41.41976761102779,-34.08801490456083,5.9943474335214555,-36.37211925844747,-40.98423593519441
-4.292750489654826,-41.3519535436408,-43.824667186847385,4.544461566953724,-45.541477340834476,-46.29493384753559,-4.292750489654826,-41.3519535436408,-43.824667186847385,4.544461566953724,-45.541477340834476,-46.29493384753559,3.4386157941883586,-41.407746409387784,-33.85167937746627,14.188792280254948,-37.2763303488169,-41.0737638923287,3.4386157941883586,-41.407746409387784,-33.85167937746627,14.188792280254948,-37.2763303488169,-41.0737638923287
-21.0366287289781,-42.680622348365034,-42.40428276526518,7.008655934624669,-44.767182819786996,-46.51070789721965,-21.0366287289781,-42.680622348365034,-42.40428276526518,7.008655934624669,-44.767182819786996,-46.51070789721965,-1.7530114230340068,-41.38327356893242,-33.99769893188382,13.184013814567237,-38.417923608974775,-40.78215920869656,-1.7530114230340068,-41.38327356893242,-33.99769893188382,13.184013814567237,-38.417923608974775,-40.78215920869656
-13.523323796287928,-43.8451828383671,-40.94578070893653,6.50470142910059,-43.754666320630335,-46.371854319306564,-13.523323796287928,-43.8451828383671,-40.94578070893653,6.50470142910059,-43.754666320630335,-46.371854319306564,11.344683781497636,-41.348483332213014,-34.515788690384134,5.422093447288991,-39.72034822244892,-41.017328861779184,11.344683781497636,-41.348483332213014,-34.515788690384134,5.422093447288991,-39.72034822244892,-41.017328861779184
-1.0770688697665136,-44.771451767042684,-39.54059408040427,4.158760971229657,-42.55765828192472,-45.8868002310612,-1.0770688697665136,-44.771451767042684,-39.54059408040427,4.158760971229657,-42.55765828192472,-45.8868002310612,1.1302289382508945,-41.30640970763217,-35.369457035903764,9.768126409441821,-41.09626864598176,-41.04707552790501,1.1302289382508945,-41.30640970763217,-35.369457035903764,9.768126409441821,-41.09626864598176,-41.04707552790501
-15.70965297566988,-45.400425212356204,-38.27681361381095,5.213194990797,-41.239679413637205,-45.08498389214472,-15.70965297566988,-45.400425212356204,-38.27681361381095,5.213194990797,-41.239679413637205,-45.08498389214472,0.0472223534069256,-41.26072187776934,-36.49857589632246,15.65922080976003,-42.45342099233925,-40.77878339104514,0.0472223534069256,-41.26072187776934,-36.49857589632246,15.65922080976003,-42.45342099233925,-40.77878339104514
-19.786044687073982,-45.692037164339276,-37.23366533283,7.3117104448769705,-39.87066989221451,-44.0150680767869,-19.786044687073982,-45.692037164339276,-37.23366533283,7.3117104448769705,-39.87066989221451,-44.0150680767869,11.535556918054086,-41.21540421504539,-37.82361586115201,8.777263137899805,-43.70079988875277,-41.04777615047767,11.535556918054086,-41.21540421504539,-37.82361586115201,8.777263137899805,-43.70079988875277,-41.04777615047767
-2.821757527989071,-45.627711755501615,-36.476543894673036,5.764855672046691,-38.523277898738634,-42.74198669720761,-2.821757527989071,-45.627711755501615,-36.476543894673036,5.764855672046691,-38.523277898738634,-42.74198669720761,-0.8945181711847603,-41.17440881011724,-39.251247830179615,5.848627887834977,-44.75476094426172,-41.01654872864767,-0.8945181711847603,-41.17440881011724,-39.251247830179615,5.848627887834977,-44.75476094426172,-41.01654872864767
-8.448967178847823,-45.211546555447974,-36.052913018370816,4.0293127140445595,-37.26900445347163,-41.34300392070274,-8.448967178847823,-45.211546555447974,-36.052913018370816,4.0293127140445595,-37.26900445347163,-41.34300392070274,2.237945339874663,-41.14131081552044,-40.680916642322615,13.991267869582874,-45.54462961816489,-40.782327253116144,2.237945339874663,-41.14131081552044,-40.680916642322615,13.991267869582874,-45.54462961816489,-40.782327253116144
-22.194480762494898,-44.47005155307864,-35.98932999826511,5.983416034431549,-36.174409125906806,-39.90302495523606,-22.194480762494898,-44.47005155307864,-35.98932999826511,5.983416034431549,-36.174409125906806,-39.90302495523606,10.98347981725744,-41.118996661563756,-42.01192367159143,13.414761200542042,-46.017440380616044,-41.074356910422246,10.98347981725744,-41.118996661563756,-42.01192367159143,13.414761200542042,-46.017440380616044,-41.074356910422246
-8.704813757282174,-43.45046045337401,-36.28978083508095,7.260424828623876,-35.29757796900729,-38.5094430951209,-8.704813757282174,-43.45046045337401,-36.28978083508095,7.260424828623876,-35.29757796900729,-38.5094430951209,-2.4358639209892834,-41.10941233473607,-43.15051952799345,5.520288606377135,-46.14148837563395,-40.98340757367912,-2.4358639209892834,-41.10941233473607,-43.15051952799345,5.520288606377135,-46.14148837563395,-40.98340757367912
-2.6754128461425957,-42.21772186023593,-36.935430354720054,5.006668898513777,-34.68504111106505,-37.246835763063785,-2.6754128461425957,-42.21772186023593,-36.935430354720054,5.006668898513777,-34.68504111106505,-37.246835763063785,4.603020738022506,-41.11339367091753,-44.01650728947004,9.495109198306539,-45.90845542578029,-40.792648691325866,4.603020738022506,-41.11339367091753,-44.01650728947004,9.495109198306539,-45.90845542578029,-40.792648691325866
-19.613907517752764,-40.85036200895954,-37.88580297975454,4.258508338732795,-34.36930357697493,-36.19183144935441,-19.613907517752764,-40.85036200895954,-37.88580297975454,4.258508338732795,-34.36930357697493,-36.19183144935441,9.742920423135745,-41.130593463289,-44.54889116667206,15.678550688440069,-45.33396781687752,-41.09600529278182,9.742920423135745,-41.130593463289,-44.54889116667206,15.678550688440069,-45.33396781687752,-41.09600529278182
-15.954460413719147,-39.43548259491816,-39.081320131404404,6.6878216066232286,-34.367120368942565,-35.40845907712359,-15.954460413719147,-39.43548259491816,-39.081320131404404,6.6878216066232286,-34.367120368942565,-35.40845907712359,-3.3417390912903775,-41.15951174175833,-44.710172737253075,9.041959464382867,-44.45654845988665,-40.948980973886734,-3.3417390912903775,-41.15951174175833,-44.710172737253075,9.041959464382867,-44.45654845988665,-40.948980973886734
-1.109175764483739,-38.0632123399672,-40.44703519302058,6.865939059520872,-34.67860734159859,-34.944262043827216,-1.109175764483739,-38.0632123399672,-40.44703519302058,6.865939059520872,-34.67860734159859,-34.944262043827216,6.909110135114965,-41.197626583276474,-44.488992144708575,5.71535484184448,-43.335033693905274,-40.80933383139553,6.909110135114965,-41.197626583276474,-44.488992144708575,5.71535484184448,-43.335033693905274,-40.80933383139553
-13.260151159369121,-36.82096573532843,-41.89733189131624,4.394830183142457,-35.28723505402967,-34.827412780398745,-13.260151159369121,-36.82096573532843,-41.89733189131624,4.394830183142457,-35.28723505402967,-34.827412780398745,7.936272364304391,-41.24161404525681,-43.9009282290997,13.78394125872464,-42.0446279494585,-41.11185322971024,7.936272364304391,-41.24161404525681,-43.9009282290997,13.78394125872464,-42.0446279494585,-41.11185322971024
-21.15505703412778,-35.787874682699055,-43.341291555216834,4.796563258357166,-36.160705924975574,-35.06500294742074,-21.15505703412778,-35.787874682699055,-43.341291555216834,4.796563258357166,-36.160705924975574,-35.06500294742074,-3.522770009459415,-41.2876380420086,-42.98740123250832,13.637281615480978,-40.67186083106088,-40.91464938457821,-3.522770009459415,-41.2876380420086,-42.98740123250832,13.637281615480978,-40.67186083106088,-40.91464938457821
-4.488181932826744,-35.02974774159984,-44.6883927804601,7.173404683370052,-37.25266814386866,-35.64261303746254,-4.488181932826744,-35.02974774159984,-44.6883927804601,7.173404683370052,-37.25266814386866,-35.64261303746254,8.928694679125776,-41.33168488446176,-41.812755367090304,5.631827409349024,-39.30878477753389,-40.83171362409263,8.928694679125776,-41.33168488446176,-41.812755367090304,5.631827409349024,-39.30878477753389,-40.83171362409263
-6.126757212982789,-34.5948780821252,-45.85418618965593,6.213941121769709,-38.505175386909556,-36.5251875047086,-6.126757212982789,-34.5948780821252,-45.85418618965593,6.213941121769709,-38.505175386909556,-36.5251875047086,5.7417795947402785,-41.369913308436665,-40.45972673484863,9.224574953112933,-38.04680238247441,-41.12126524257237,5.7417795947402785,-41.369913308436665,-40.45972673484863,9.224574953112933,-38.04680238247441,-41.12126524257237
-21.856364442572392,-34.510967179180426,-46.7655885387786,4.0622396969476915,-39.851761810307465,-37.659162309670045,-21.856364442572392,-34.510967179180426,-46.7655885387786,4.0622396969476915,-39.851761810307465,-37.659162309670045,-2.961096159449581,-41.398989465977834,-39.023615815890345,15.68346808708157,-36.97053729082407,-40.88178945128256,-2.961096159449581,-41.398989465977834,-39.023615815890345,15.68346808708157,-36.97053729082407,-40.88178945128256
-11.22042683828418,-34.7833602108472,-47.36546428411926,5.526604203807657,-41.22096914237148,-38.97571575685639,-11.22042683828418,-34.7833602108472,-47.36546428411926,5.526604203807657,-41.22096914237148,-38.97571575685639,10.462522095790419,-41.41637766562083,-37.60557498556242,9.310376929250344,-36.152159665443754,-40.85889067310734,10.462522095790419,-41.41637766562083,-37.60557498556242,9.310376929250344,-36.152159665443754,-40.85889067310734
-1.5745941674530481,-35.394705567127666,-47.61620739262254,7.334689634705621,-42.54013870495358,-40.39494532987785,-1.5745941674530481,-35.394705567127666,-47.61620739262254,7.334689634705621,-42.54013870495358,-40.39494532987785,3.375950839708828,-41.42056150653605,-36.305483853742544,5.594892446735487,-35.64654673589669,-41.12386392368954,3.375950839708828,-41.42056150653605,-36.305483853742544,5.594892446735487,-35.64654673589669,-41.12386392368954
-17.727964609744628,-36.30606015857766,-47.5020988529765,5.446054347224994,-43.73926713594372,-41.83071702903879,-17.727964609744628,-36.30606015857766,-47.5020988529765,5.446054347224994,-43.73926713594372,-41.83071702903879,-1.7121323008659868,-41.41117612174677,-35.21491425127963,13.567378940556384,-35.48760294426966,-40.851718808317464,-1.7121323008659868,-41.41117612174677,-35.21491425127963,13.567378940556384,-35.48760294426966,-40.851718808317464
-18.134041671684102,-37.45937011596335,-47.03029209578269,4.081140878245419,-44.75472120413944,-43.19589290185468,-18.134041671684102,-37.45937011596335,-47.03029209578269,4.081140878245419,-44.75472120413944,-43.19589290185468,11.35926492421986,-41.38903999767324,-34.41068037428767,13.850967051423392,-35.68598644478179,-40.8897752193061,11.35926492421986,-41.38903999767324,-34.41068037428767,13.850967051423392,-35.68598644478179,-40.8897752193061
-1.7483944532183102,-38.78116885878989,-46.2303645471073,6.2900557792147715,-45.53261458525132,-44.40761950414081,-1.7483944532183102,-38.78116885878989,-46.2303645471073,6.2900557792147715,-45.53261458525132,-44.40761950414081,1.0721988381584309,-41.35608359506459,-33.94942838144308,5.756405090998523,-36.22839440929907,-41.119545069824646,1.0721988381584309,-41.35608359506459,-33.94942838144308,5.756405090998523,-36.22839440929907,-41.119545069824646
-10.714935714679113,-40.18725696337582,-45.15246342838919,7.136643048921709,-46.03166740625501,-45.39235633140337,-10.714935714679113,-40.18725696337582,-45.15246342838919,7.136643048921709,-46.03166740625501,-45.39235633140337,0.10089875294930017,-41.31518099618823,-33.86364652563345,8.957262873340813,-37.07845506339534,-40.82564324361838,0.10089875294930017,-41.31518099618823,-33.86364652563345,8.957262873340813,-37.07845506339534,-40.82564324361838
-21.97170594682866,-41.588065719890174,-43.86416204195923,4.729074790293291,-46.225396812836934,-46.09033904164154,-21.97170594682866,-41.588065719890174,-43.86416204195923,4.729074790293291,-46.225396812836934,-46.09033904164154,11.530450488920742,-41.269899260092366,-34.159376846064994,15.673959569535223,-38.179166636481135,-40.92312883844771,11.530450488920742,-41.269899260092366,-34.159376846064994,15.673959569535223,-38.179166636481135,-40.92312883844771
-6.566272798248281,-42.89436271634395,-42.446223620702824,4.4474281185415325,-46.10352231476676,-46.45920659355935,-6.566272798248281,-42.89436271634395,-42.446223620702824,4.4474281185415325,-46.10352231476676,-46.45920659355935,-0.9421881653996182,-41.22418734432238,-34.81578959764012,9.581782116849878,-39.456719679463866,-41.108481860576504,-0.9421881653996182,-41.22418734432238,-34.81578959764012,9.581782116849878,-39.456719679463866,-41.108481860576504
-4.1214367596774855,-44.02293600019517,-40.98753830487724,6.921085319230311,-45.67251133280853,-46.476572166723656,-4.1214367596774855,-44.02293600019517,-40.98753830487724,6.921085319230311,-45.67251133280853,-46.476572166723656,2.299123301535511,-41.182031721797784,-35.78665039264313,5.487569850263745,-40.82544644014125,-40.804608348440524,2.299123301535511,-41.182031721797784,-35.78665039264313,5.487569850263745,-40.82544644014125,-40.804608348440524
-20.92532031716173,-44.90189473284366,-39.57955064550863,6.6222834935890775,-44.955235997050195,-46.141381832790465,-20.92532031716173,-44.90189473284366,-39.57955064550863,6.6222834935890775,-44.955235997050195,-46.141381832790465,10.959189616726826,-41.14710872602524,-37.00357671670875,13.342172643317777,-42.19356541041042,-40.957614100148305,10.959189616726826,-41.14710872602524,-37.00357671670875,13.342172643317777,-42.19356541041042,-40.957614100148305
-13.758306128804477,-45.475248681940975,-38.31052697253459,4.218740725354021,-43.989759409071674,-45.47397851912672,-13.758306128804477,-45.475248681940975,-38.31052697253459,4.218740725354021,-43.989759409071674,-45.47397851912672,-2.4684706862066905,-41.12246394314065,-38.38085444659169,14.055233640834414,-43.4693358382362,-41.091117914136255,-2.4684706862066905,-41.12246394314065,-38.38085444659169,14.055233640834414,-43.4693358382362,-41.091117914136255
-1.0539669842003967,-45.70647483493212,-37.260022004685496,5.081538559760914,-42.82731577644877,-44.514867382832264,-1.0539669842003967,-45.70647483493212,-37.260022004685496,5.081538559760914,-42.82731577644877,-44.514867382832264,4.665664442190641,-41.11024661055668,-39.82147511863428,5.893681259087089,-44.56720950667514,-40.78945759070899,4.665664442190641,-41.11024661055668,-39.82147511863428,5.893681259087089,-44.56720950667514,-40.78945759070899
-15.487884961333048,-45.58084393826957,-36.49389158769713,7.282624129643483,-41.52959160625026,-43.322257525445075,-15.487884961333048,-45.58084393826957,-36.49389158769713,7.282624129643483,-41.52959160625026,-43.322257525445075,9.70184292315112,-41.111522184941975,-41.22396871333641,8.693903354322186,-45.41356726551359,-40.99184819684516,9.70184292315112,-41.111522184941975,-41.22396871333641,8.693903354322186,-45.41356726551359,-40.99184819684516
-19.935998257349816,-45.10635876026653,-36.06016421081861,5.903337263807244,-40.165452234352536,-41.968529243321655,-19.935998257349816,-45.10635876026653,-36.06016421081861,5.903337263807244,-40.165452234352536,-41.968529243321655,-3.356065643034195,-41.126179425219505,-42.489550689309056,15.650051116582897,-45.95165564595675,-41.06814949885949,-3.356065643034195,-41.126179425219505,-42.489550689309056,15.650051116582897,-45.95165564595675,-41.06814949885949
-2.957751842836929,-44.31324430964694,-35.98603011502666,4.025904053081739,-38.8072874013381,-40.53584121864911,-2.957751842836929,-44.31324430964694,-35.98603011502666,4.025904053081739,-38.8072874013381,-40.53584121864911,6.9670391519783355,-41.15294009374692,-43.529079865759044,9.855433447965327,-46.14539252813347,-40.78079849321291,6.9670391519783355,-41.15294009374692,-43.529079865759044,9.855433447965327,-46.14539252813347,-40.78079849321291
-8.221224627141938,-43.252022483195745,-36.276136744860466,5.845734291628825,-37.52716980150451,-39.111144253628034,-8.221224627141938,-43.252022483195745,-36.276136744860466,5.845734291628825,-37.52716980150451,-39.111144253628034,7.882460272299038,-41.189470429652566,-44.269337075522955,5.393680297401995,-45.98178666811387,-41.024458392317605,7.882460272299038,-41.189470429652566,-44.269337075522955,5.393680297401995,-45.98178666811387,-41.024458392317605
-22.188755577982658,-41.990293788683296,-36.91229740149813,7.296140779661624,-36.39303045632651,-37.780904167661056,-22.188755577982658,-41.990293788683296,-36.91229740149813,7.296140779661624,-36.39303045632651,-37.780904167661056,-3.5174028896869887,-41.23258467289171,-44.658182352149154,13.108937713791933,-45.47180884034207,-41.04049761394362,-3.5174028896869887,-41.23258467289171,-44.658182352149154,13.108937713791933,-45.47180884034207,-41.04049761394362
-8.935831124354594,-40.60843114936803,-37.85463136152673,5.135969823591633,-35.465053870901635,-36.62585412847366,-8.935831124354594,-40.60843114936803,-37.85463136152673,5.135969823591633,-35.465053870901635,-36.62585412847366,8.97619373006859,-41.27852288997168,-44.66822740490468,14.249523251946714,-44.6496561800511,-40.778978272847674,8.97619373006859,-41.27852288997168,-44.66822740490468,14.249523251946714,-44.6496561800511,-40.778978272847674
-2.5489957003118526,-39.194460097478995,-39.04406398769809,4.192451672881603,-34.79248426885496,-35.716094901731296,-2.5489957003118526,-39.194460097478995,-39.04406398769809,4.192451672881603,-34.79248426885496,-35.716094901731296,5.680542013394109,-41.32327887254889,-44.29876471117879,6.043280824421091,-43.57045905600416,-41.05413706636217,5.680542013394109,-41.32327887254889,-44.29876471117879,6.043280824421091,-43.57045905600416,-41.05413706636217
-19.455200975003972,-37.83845149162262,-40.40603010046588,6.574021007308197,-34.41101238679203,-35.10684038830589,-19.455200975003972,-37.83845149162262,-40.40603010046588,6.574021007308197,-34.41101238679203,-35.10684038830589,-2.936564888365293,-41.362949513314774,-43.57581735079012,8.435215991533813,-42.30658424178291,-41.00927105873363,-2.936564888365293,-41.362949513314774,-43.57581735079012,8.435215991533813,-42.30658424178291,-41.00927105873363
-16.171657974312545,-36.62678394559299,-41.85514844703751,6.958699258447515,-34.34088150128046,-34.83506665540428,-16.171657974312545,-36.62678394559299,-41.85514844703751,6.958699258447515,-34.34088150128046,-34.83506665540428,10.494904922962629,-41.39407519058321,-42.55030607212151,15.611808054948552,-40.9427822806185,-40.78406991773523,10.494904922962629,-41.39407519058321,-42.55030607212151,15.611808054948552,-40.9427822806185,-40.78406991773523
-1.1436449299078486,-35.63664145553383,-43.30057422685984,4.48686442046128,-34.58581319437671,-34.917267834118455,-1.1436449299078486,-35.63664145553383,-43.30057422685984,4.48686442046128,-34.58581319437671,-34.917267834118455,3.313329470712312,-41.4139414771104,-41.294462692655195,10.13058320608863,-39.570504442658816,-41.07969414841257,3.313329470712312,-41.4139414771104,-41.294462692655195,10.13058320608863,-39.570504442658816,-41.07969414841257
-13.02323717701343,-34.9310967301142,-44.65169412529677,4.682207045745124,-35.13280986327796,-35.34845507948848,-13.02323717701343,-34.9310967301142,-44.65169412529677,4.682207045745124,-35.13280986327796,-35.34845507948848,-1.6708571344420866,-41.42081586153869,-39.89674245579879,5.313480329086391,-38.28177035747661,-40.97572197152203,-1.6708571344420866,-41.42081586153869,-39.89674245579879,5.313480329086391,-38.28177035747661,-40.97572197152203
-21.256103073107695,-34.55509341872413,-45.82380683552455,7.108204354872524,-35.95284445416777,-36.102459346866844,-21.256103073107695,-34.55509341872413,-45.82380683552455,7.108204354872524,-35.95284445416777,-36.102459346866844,11.373336636879422,-41.41409883831467,-38.45559369180459,12.868311435950721,-37.162997534599405,-40.7958692605093,11.373336636879422,-41.41409883831467,-38.45559369180459,12.868311435950721,-37.162997534599405,-40.7958692605093
-4.667297407513279,-34.53258317231891,-46.743432958404554,6.343596718911276,-37.00240081867733,-37.13351960888246,-4.667297407513279,-34.53258317231891,-46.743432958404554,6.343596718911276,-37.00240081867733,-37.13351960888246,1.0143719077348932,-41.39437618973888,-37.072523616293594,14.433305013782633,-36.28920654048223,-41.10010483759452,1.0143719077348932,-41.39437618973888,-37.072523616293594,14.433305013782633,-36.28920654048223,-41.10010483759452
-5.923256815155434,-34.864999907963856,-47.35292140428342,4.097016086138558,-38.225782952044625,-38.379060123045974,-5.923256815155434,-34.864999907963856,-47.35292140428342,4.097016086138558,-38.225782952044625,-38.379060123045974,0.1548456055027838,-41.36336790070199,-35.84494867639562,6.204795025734026,-35.71899041028067,-40.941195620670754,0.1548456055027838,-41.36336790070199,-35.84494867639562,6.204795025734026,-35.71899041028067,-40.941195620670754
-21.79365154460843,-35.5311684674019,-47.61406352275214,5.388788258965854,-39.55807057039538,-39.76348819575288,-21.79365154460843,-35.5311684674019,-47.61406352275214,5.388788258965854,-39.55807057039538,-39.76348819575288,11.524822771456652,-41.32377816118256,-34.85933302989114,8.181907614395987,-35.49058562616041,-40.81390316512222,11.524822771456652,-41.32377816118256,-34.85933302989114,8.181907614395987,-35.49058562616041,-40.81390316512222
-11.459799121347102,-36.48865348815161,-47.510488391639655,7.332252026360458,-40.92856418578841,-41.20278195382635,-11.459799121347102,-36.48865348815161,-47.510488391639655,7.332252026360458,-40.92856418578841,-41.20278195382635,-0.989515450486385,-41.27905953758098,-34.185098448111994,15.559334878801497,-35.61930812709974,-41.11455069571242,-0.989515450486385,-41.27905953758098,-34.185098448111994,15.559334878801497,-35.61930812709974,-41.11455069571242
-1.5003857087895032,-37.676462563185666,-47.04868910528186,5.584442281630523,-42.26453686186228,-42.60958968865175,-1.5003857087895032,-37.676462563185666,-47.04868910528186,5.584442281630523,-42.26453686186228,-42.60958968865175,2.360419442058774,-41.23311187918121,-33.86973459817769,10.406479580455118,-36.09652628142288,-40.9070764613562,2.360419442058774,-41.23311187918121,-33.86973459817769,10.406479580455118,-36.09652628142288,-40.9070764613562
-17.53103969236148,-39.01893149619261,-46.25761572435818,4.0511054872758585,-43.495093558536425,-43.898531290268906,-17.53103969236148,-39.01893149619261,-46.25761572435818,4.0511054872758585,-43.495093558536425,-43.898531290268906,10.934417699920065,-41.189942217691296,-33.9354541115071,5.247189081251914,-36.89023969054319,-40.83744849889485,10.934417699920065,-41.189942217691296,-33.9354541115071,5.247189081251914,-36.89023969054319,-40.83744849889485
-18.320891520973944,-40.43054415918199,-45.18686040514974,6.158715708011084,-44.55493326487362,-44.99138002381281,-18.320891520973944,-40.43054415918199,-45.18686040514974,6.158715708011084,-44.55493326487362,-44.99138002381281,-2.500629014530136,-41.153315319552874,-34.3776280386283,12.620951289659027,-37.94722501158222,-41.12245246540034,-2.500629014530136,-41.153315319552874,-34.3776280386283,12.620951289659027,-37.94722501158222,-41.12245246540034
-1.8384409362104197,-41.821379924425756,-43.90354848192955,7.19749764432941,-45.387814277876906,-45.821810162796346,-1.8384409362104197,-41.821379924425756,-43.90354848192955,7.19749764432941,-45.387814277876906,-45.821810162796346,4.728262391542968,-41.126425365869366,-35.165111888921274,14.60607676668976,-39.19660490832178,-40.87473262098142,4.728262391542968,-41.126425365869366,-35.165111888921274,14.60607676668976,-39.19660490832178,-40.87473262098142
-10.476579122615819,-43.10284166584512,-42.488130399610306,4.846135211732905,-45.94953873792193,-46.339422342170984,-10.476579122615819,-43.10284166584512,-42.488130399610306,4.846135211732905,-45.94953873792193,-46.339422342170984,9.660370805089007,-41.111617392292004,-36.242439290706116,6.377782546573275,-40.55460081047996,-40.865561129058534,9.660370805089007,-41.111617392292004,-36.242439290706116,6.377782546573275,-40.55460081047996,-40.865561129058534
-22.017999843467297,-44.19329945249726,-41.02933829914643,4.359105066425383,-46.210298042765245,-46.51280232977287,-22.017999843467297,-44.19329945249726,-41.02933829914643,4.359105066425383,-46.210298042765245,-46.51280232977287,-3.3698822729163593,-41.11018278170562,-37.53372876137704,7.9346703549535045,-41.93015077970765,-41.12349329747854,-3.3698822729163593,-41.11018278170562,-37.53372876137704,7.9346703549535045,-41.93015077970765,-41.12349329747854
-6.778149202003356,-45.023290427284394,-39.61862342586178,6.82475007461518,-46.156254677838376,-46.33142757725378,-6.778149202003356,-45.023290427284394,-39.61862342586178,6.82475007461518,-46.156254677838376,-46.33142757725378,7.024762994519232,-41.12224664451428,-38.94802841449228,15.492774964239725,-43.231015769999885,-40.8454610393077,7.024762994519232,-41.12224664451428,-38.94802841449228,15.492774964239725,-43.231015769999885,-40.8454610393077
-3.9539491965558007,-45.53994363529218,-38.34442307792741,6.733211799160493,-45.79027652104872,-45.80630584063518,-3.9539491965558007,-45.53994363529218,-38.34442307792741,6.733211799160493,-45.79027652104872,-45.80630584063518,7.828379593445309,-41.146756907936066,-40.3857221497378,10.68236872026878,-44.36996482038094,-40.89711378107099,7.828379593445309,-41.146756907936066,-40.3857221497378,10.68236872026878,-44.36996482038094,-40.89711378107099
-20.809247086887808,-45.71034793736765,-37.28661649829622,4.289046426235986,-45.1317846552963,-44.969307112173375,-20.809247086887808,-45.71034793736765,-37.28661649829622,4.289046426235986,-45.1317846552963,-44.969307112173375,-3.5115146719917387,-41.18157606581453,-41.74554610620862,5.194987686072059,-45.27062442483084,-41.117631456132976,-3.5115146719917387,-41.18157606581453,-41.74554610620862,5.194987686072059,-45.27062442483084,-41.117631456132976
-13.992187778802586,-45.52364847069188,-36.51151726858684,4.954112884051209,-44.215722764723324,-43.87122940904122,-13.992187778802586,-45.52364847069188,-36.51151726858684,4.954112884051209,-44.215722764723324,-43.87122940904122,9.023348429687989,-41.223667587572834,-42.931721175595676,12.367533154199089,-45.87259984339228,-40.82043546310442,9.023348429687989,-41.223667587572834,-42.931721175595676,12.367533154199089,-45.87259984339228,-40.82043546310442
-1.0362595093820222,-44.99173811047077,-36.06771613026534,7.242219112645754,-43.09070280495686,-42.57871580741564,-1.0362595093820222,-44.99173811047077,-36.06771613026534,7.242219112645754,-43.09070280495686,-42.57871580741564,5.6191883752161065,-41.26936072984342,-43.86069919719499,14.767366434426592,-46.13552493919734,-40.93084124064428,5.6191883752161065,-41.26936072984342,-43.86069919719499,14.767366434426592,-46.13552493919734,-40.93084124064428
-15.264132017315719,-44.14849988619259,-35.98303484543386,6.040244055735078,-41.81642534964454,-41.1702098292506,-15.264132017315719,-44.14849988619259,-35.98303484543386,6.040244055735078,-41.81642534964454,-41.1702098292506,-2.9115527548344096,-41.3146706569177,-44.467047666950364,6.561770721140057,-46.041768975049685,-41.10510199245923,-2.9115527548344096,-41.3146706569177,-44.467047666950364,6.561770721140057,-46.041768975049685,-41.10510199245923
-20.08169280006192,-43.047648611020655,-36.26278205879306,4.034183623742365,-40.46051150577907,-39.7311946520396,-20.08169280006192,-43.047648611020655,-36.26278205879306,4.034183623742365,-40.46051150577907,-39.7311946520396,10.526838195521147,-41.35564595275406,-44.70805847144655,7.694179756715267,-45.59761886228202,-40.800659380654054,10.526838195521147,-41.35564595275406,-44.70805847144655,7.694179756715267,-45.59761886228202,-40.800659380654054
-3.0981672584429685,-41.75930921390595,-36.88942050027582,5.706884682261425,-39.09491451613867,-38.349005077136894,-3.0981672584429685,-41.75930921390595,-36.88942050027582,5.706884682261425,-39.09491451613867,-38.349005077136894,3.250756025071162,-41.388713218503014,-44.56675603098614,15.412310177533463,-44.83285758486533,-40.965391086950774,3.250756025071162,-41.388713218503014,-44.56675603098614,15.412310177533463,-44.83285758486533,-40.965391086950774
-7.995212225778863,-40.365549736849474,-37.823666391321055,7.320442541248003,-37.79210147159155,-37.107527121778276,-7.995212225778863,-40.365549736849474,-37.823666391321055,7.320442541248003,-37.79210147159155,-37.107527121778276,-1.629188782951923,-41.410988703676104,-44.053092973396296,10.957496794501079,-43.79876706801394,-41.08640731926414,-1.629188782951923,-41.410988703676104,-44.053092973396296,10.957496794501079,-43.79876706801394,-41.08640731926414
-22.177619643747732,-38.95515354823881,-39.00695213333309,5.2691169771001825,-36.62120775541678,-36.08210692013523,-22.177619643747732,-38.95515354823881,-39.00695213333309,5.2691169771001825,-36.62120775541678,-36.08210692013523,11.386897944708734,-41.42052979403554,-43.20324912136152,5.157018777038837,-42.56468941117238,-40.78692578336875,11.386897944708734,-41.42052979403554,-43.20324912136152,5.157018777038837,-42.56468941117238,-40.78692578336875
-9.16821329920711,-37.6179637856075,-40.36509789311529,4.136906671461816,-35.64436828880306,-35.334977915630304,-9.16821329920711,-37.6179637856075,-40.36509789311529,4.136906671461816,-35.64436828880306,-35.334977915630304,0.9567521527349676,-41.416504424293755,-42.077083169062405,12.108749461515444,-41.2133770757632,-40.99937792268138,0.9567521527349676,-41.416504424293755,-42.077083169062405,12.108749461515444,-41.2133770757632,-40.99937792268138
-2.4272086318106947,-36.43916029042327,-41.81296191467414,6.453907596956443,-34.91342026451504,-34.91148387129517,-2.4272086318106947,-36.43916029042327,-41.81296191467414,6.453907596956443,-34.91342026451504,-34.91148387129517,0.20905917409126973,-41.39926364137575,-40.75391653910366,14.916733314049164,-39.83544382607086,-41.06229706506149,0.20905917409126973,-41.39926364137575,-40.75391653910366,14.916733314049164,-39.83544382607086,-41.06229706506149
-19.29248121229598,-35.4938335978124,-43.25977803072023,7.042429106391352,-34.467152342236254,-34.837326926219475,-19.29248121229598,-35.4938335978124,-43.25977803072023,7.042429106391352,-34.467152342236254,-34.837326926219475,11.51867415550183,-41.3703109901025,-39.32694638348332,6.756256825785346,-38.52328852164498,-40.7797853680173,11.51867415550183,-41.3703109901025,-39.32694638348332,6.756256825785346,-38.52328852164498,-40.7797853680173
-16.386521026274547,-34.84220162153857,-44.61484576685113,4.5873304583264325,-34.32924628043619,-35.117007715399815,-16.386521026274547,-34.84220162153857,-44.61484576685113,4.5873304583264325,-34.32924628043619,-35.117007715399815,-1.0364967480165603,-41.332171391127744,-37.89668124850149,7.4610929288199195,-37.36489920813872,-41.03143892641142,-1.0364967480165603,-41.332171391127744,-37.89668124850149,7.4610929288199195,-37.36489920813872,-41.03143892641142
-1.1834626582310577,-34.525773734456294,-45.79321632746539,4.574902645634997,-34.50702023460841,-35.733552223167344,-1.1834626582310577,-34.525773734456294,-45.79321632746539,4.574902645634997,-34.50702023460841,-35.733552223167344,2.4218295153725835,-41.2881709461016,-36.563861762106534,15.318160378199345,-36.43795298022017,-41.033738015086705,2.4218295153725835,-41.2881709461016,-36.563861762106534,15.318160378199345,-36.43795298022017,-41.033738015086705
-12.785598316129274,-34.56470659496279,-46.721018010634666,7.032917504240791,-34.9910404103108,-36.64954194764337,-12.785598316129274,-34.56470659496279,-46.721018010634666,7.032917504240791,-34.9910404103108,-36.64954194764337,10.909165782823477,-41.2421468729483,-35.422364974586024,11.23111205163574,-35.80460725686641,-40.77952445460605,10.909165782823477,-41.2421468729483,-35.422364974586024,11.23111205163574,-35.80460725686641,-40.77952445460605
-21.35221518095021,-34.95652015499123,-47.34008720324905,6.468567325684532,-35.755621679119194,-37.80938485484761,-21.35221518095021,-34.95652015499123,-47.34008720324905,6.468567325684532,-35.755621679119194,-37.80938485484761,-2.5323366783063763,-41.19811286740079,-34.55259213488555,5.133386099235393,-35.50733174591821,-41.060288499707205,-2.5323366783063763,-41.19811286740079,-34.55259213488555,5.133386099235393,-35.50733174591821,-41.060288499707205
-4.849959977800848,-35.67625564065565,-47.61161464072023,4.1429783396111315,-36.760190591690034,-39.1426892967231,-4.849959977800848,-35.67625564065565,-47.61161464072023,4.1429783396111315,-36.760190591690034,-39.1426892967231,4.7908102498303045,-41.159909074149894,-34.01580563408267,11.845307304237242,-35.56606059018675,-41.001875344650664,4.7908102498303045,-41.159909074149894,-34.01580563408267,11.845307304237242,-35.56606059018675,-41.001875344650664
-5.722661403695565,-36.67806544207976,-47.5185783483005,5.25303251957225,-37.9514384579611,-40.568536127718076,-5.722661403695565,-36.67806544207976,-47.5185783483005,5.25303251957225,-37.9514384579611,-40.568536127718076,9.61850694178101,-41.13086719313976,-33.849813993019055,15.053769280074281,-35.9768556611493,-40.78615350537366,9.61850694178101,-41.13086719313976,-33.849813993019055,15.053769280074281,-35.9768556611493,-40.78615350537366
-21.72572989385501,-37.89813363541292,-47.06681074364513,7.318145122497916,-39.26615023862984,-42.0003897422888,-21.72572989385501,-37.89813363541292,-47.06681074364513,7.318145122497916,-39.26615023862984,-42.0003897422888,-3.3831880238390246,-41.113519926625976,-34.0663088216948,6.960709452638965,-36.712170634574186,-41.08476981770597,-3.3831880238390246,-41.113519926625976,-34.0663088216948,6.960709452638965,-36.712170634574186,-41.08476981770597
-11.699245833577676,-39.25874109791559,-46.28463300427454,5.72350823358946,-40.634559129289116,-43.3513499791463,-11.699245833577676,-39.25874109791559,-46.28463300427454,5.72350823358946,-40.634559129289116,-43.3513499791463,7.082277664124801,-41.10938010571658,-34.6500413215096,7.236046750570971,-37.72269814018826,-40.967986699317734,7.082277664124801,-41.10938010571658,-34.6500413215096,7.236046750570971,-37.72269814018826,-40.967986699317734
-1.4313434293058585,-40.67321626568967,-45.22107962133183,4.032580293679276,-41.98404882207028,-44.539426150637,-1.4313434293058585,-40.67321626568967,-45.22107962133183,4.032580293679276,-41.98404882207028,-44.539426150637,7.77403407398892,-41.118808758464525,-35.55989633335979,15.210582818263006,-38.94067612269379,-40.799406705270954,7.77403407398892,-41.118808758464525,-35.55989633335979,15.210582818263006,-38.94067612269379,-40.799406705270954
-17.331085282458453,-42.05145616762512,-43.94282444183578,6.023996728939996,-43.2430069797066,-45.49251311285824,-17.331085282458453,-42.05145616762512,-43.94282444183578,6.023996728939996,-43.2430069797066,-45.49251311285824,-3.5051057642587375,-41.14098362511074,-36.73178828108614,11.502466873731557,-40.284431702388254,-41.103901216067484,-3.5051057642587375,-41.14098362511074,-36.73178828108614,11.502466873731557,-40.284431702388254,-41.103901216067484
-18.504308066003922,-43.3056660421764,-42.53000090493031,7.247634909699794,-44.34462543265717,-46.15276737545835,-18.504308066003922,-43.3056660421764,-42.53000090493031,7.247634909699794,-44.34462543265717,-46.15276737545835,9.07015551151006,-41.17397086621994,-38.08317503469184,5.124154225866123,-41.66385784171731,-40.93343096322411,9.07015551151006,-41.17397086621994,-38.08317503469184,5.124154225866123,-41.66385784171731,-40.93343096322411
-1.933480767650785,-44.35595191971627,-41.071178500285534,4.969089383480948,-45.2304454371361,-46.480117662066746,-1.933480767650785,-44.35595191971627,-41.071178500285534,4.969089383480948,-45.2304454371361,-46.480117662066746,5.557722930260246,-41.21489371014176,-39.5188717596804,11.577926503639487,-42.986455573742326,-40.818752620747915,5.557722930260246,-41.21489371014176,-39.5188717596804,11.577926503639487,-42.986455573742326,-40.818752620747915
-10.238799630935313,-45.135409919400935,-39.65781037298513,4.280116364316027,-45.85345986055273,-46.45469686307473,-10.238799630935313,-45.135409919400935,-39.65781037298513,4.280116364316027,-45.85345986055273,-46.45469686307473,-2.8860614914830744,-41.2601833322856,-40.93775525442907,15.17809989962907,-44.16353662411523,-41.11691555425012,-2.8860614914830744,-41.2601833322856,-40.93775525442907,15.17809989962907,-44.16353662411523,-41.11691555425012
-22.05897028925078,-45.594388069087536,-38.378500152909986,6.720330756215504,-46.180607673059754,-46.078047783912965,-22.05897028925078,-45.594388069087536,-38.378500152909986,6.720330756215504,-46.180607673059754,-46.078047783912965,10.558319701403533,-41.30589008737474,-42.23988655604873,7.174569961610576,-45.11617050278768,-40.899593769850576,10.558319701403533,-41.30589008737474,-42.23988655604873,7.174569961610576,-45.11617050278768,-40.899593769850576
-6.9924935284011385,-45.70364916765473,-37.313447419385966,6.836702698440182,-46.194528371934815,-45.37302951114972,-6.9924935284011385,-45.70364916765473,-37.313447419385966,6.836702698440182,-46.194528371934815,-45.37302951114972,3.188234837337154,-41.348027952545515,-43.33355013446875,7.019656131247318,-45.78047727654998,-40.84341550944651,3.188234837337154,-41.348027952545515,-43.33355013446875,7.019656131247318,-45.78047727654998,-40.84341550944651
-3.790373428301481,-45.45623321337753,-36.52942001327616,4.369181402825486,-45.89448323809904,-44.38243007911429,-3.790373428301481,-45.45623321337753,-36.52942001327616,4.369181402825486,-45.89448323809904,-44.38243007911429,-1.5871301328215992,-41.3829221428855,-44.14171386958808,15.089871439351267,-46.11191110960028,-41.12329097670238,-1.5871301328215992,-41.3829221428855,-44.14171386958808,15.089871439351267,-46.11191110960028,-41.12329097670238
-20.68846838059546,-44.86790076048008,-36.07556838078465,4.831818155875103,-45.296394537157255,-43.16636963524401,-20.68846838059546,-44.86790076048008,-36.07556838078465,4.831818155875103,-45.296394537157255,-43.16636963524401,11.39994790829649,-41.40752958434071,-44.60745480343914,11.770819819190725,-46.08824733452681,-40.86783194018647,11.39994790829649,-41.40752958434071,-44.60745480343914,11.770819819190725,-46.08824733452681,-40.86783194018647
-14.224849174286177,-43.97612896177096,-35.980344346520496,7.190780833071624,-44.432000584708554,-41.79865170780049,-14.224849174286177,-43.97612896177096,-35.980344346520496,7.190780833071624,-44.432000584708554,-41.79865170780049,0.8993435645596422,-41.41970429599287,-44.697968504878524,5.129348381818829,-45.71107275230841,-40.87240642631224,0.8993435645596422,-41.41970429599287,-44.697968504878524,5.129348381818829,-45.71107275230841,-40.87240642631224
-1.023955498257985,-42.83772425008571,-36.24971747702812,6.174608876759859,-43.34717151342986,-40.36228401997778,-1.023955498257985,-42.83772425008571,-36.24971747702812,6.174608876759859,-43.34717151342986,-40.36228401997778,0.26353570326358255,-41.41838453808582,-44.40687964747341,11.307337642825463,-45.00567922759524,-41.12277183849226,0.26353570326358255,-41.41838453808582,-44.40687964747341,11.307337642825463,-45.00567922759524,-41.12277183849226
-15.038508537303926,-41.52520373225342,-36.86680085042621,4.054092935420337,-42.099475117832434,-38.94444069521411,-15.038508537303926,-41.52520373225342,-36.86680085042621,4.054092935420337,-42.099475117832434,-38.94444069521411,11.512005066979667,-41.40368540488038,-43.75469105518737,15.289385455539877,-44.019367714357145,-40.83941907623161,11.512005066979667,-41.40368540488038,-43.75469105518737,15.289385455539877,-44.019367714357145,-40.83941907623161
-20.223053828875297,-40.122175803100646,-37.792909692545805,5.5678481023350725,-40.755121948145636,-37.6311716008637,-20.223053828875297,-40.122175803100646,-37.792909692545805,5.5678481023350725,-40.755121948145636,-37.6311716008637,-1.0831288035280604,-41.37688878744317,-42.78733958736257,7.397254006801133,-42.81827643736241,-40.90456287881598,-1.0831288035280604,-41.37688878744317,-42.78733958736257,7.397254006801133,-42.81827643736241,-40.90456287881598
-3.242931987424452,-38.71801423732995,-38.969986513981695,7.333158434824189,-39.38545176569422,-36.502179923728306,-3.242931987424452,-38.71801423732995,-38.969986513981695,7.333158434824189,-39.38545176569422,-36.502179923728306,2.483349267515301,-41.34033158170053,-41.57296057914208,6.812512329943978,-41.48294591933536,-41.11537895628774,2.483349267515301,-41.34033158170053,-41.57296057914208,6.812512329943978,-41.48294591933536,-41.11537895628774
-7.771045523598977,-37.40216502302016,-40.32424071693203,5.405169747742794,-38.06314781035341,-35.62598492991068,-7.771045523598977,-37.40216502302016,-40.32424071693203,5.405169747742794,-38.06314781035341,-35.62598492991068,10.883435614673353,-41.29720189097849,-40.19708873375209,14.95635606953611,-40.10291824587068,-40.81549449145552,10.883435614673353,-41.29720189097849,-40.19708873375209,14.95635606953611,-40.10291824587068,-40.81549449145552
-22.16107865303617,-36.25844859508826,-41.77077450594982,4.092265729312394,-36.858379774656285,-35.05576348435605,-22.16107865303617,-36.25844859508826,-41.77077450594982,4.092265729312394,-36.858379774656285,-35.05576348435605,-2.563591481100344,-41.251260995923325,-38.75663349147119,12.03543764865115,-38.77073272045316,-40.9385954411706,-2.563591481100344,-41.251260995923325,-38.75663349147119,12.03543764865115,-38.77073272045316,-40.9385954411706
-9.401841476452644,-35.359720420078936,-43.21890510563052,6.32832991064839,-35.83508016239441,-34.8261227110643,-9.401841476452644,-35.359720420078936,-43.21890510563052,6.32832991064839,-35.83508016239441,-34.8261227110643,4.853303684272494,-41.20651533842115,-37.35305321976546,5.148954374741064,-37.57572053767048,-41.101408773639456,4.853303684272494,-41.20651533842115,-37.35305321976546,5.148954374741064,-37.57572053767048,-41.101408773639456
-2.3101139042791985,-34.76323005643872,-44.57784963698113,7.1165370980996725,-35.047551631342905,-34.950999663400744,-2.3101139042791985,-34.76323005643872,-44.57784963698113,7.1165370980996725,-35.047551631342905,-34.950999663400744,9.57625423319718,-41.166867125345,-36.085209000045054,11.034280070503838,-36.598014579766286,-40.79701752602649,9.57625423319718,-41.166867125345,-36.085209000045054,11.034280070503838,-36.598014579766286,-40.79701752602649
-19.12583142010752,-34.506974321098006,-45.762416269254686,4.695518559521769,-34.53758535565778,-35.42281547493036,-19.12583142010752,-34.506974321098006,-45.762416269254686,4.695518559521769,-34.53758535565778,-35.42281547493036,-3.395981974093857,-41.13577402249324,-35.0424013540884,15.387321874565076,-35.90317601634405,-40.973139458381965,-3.395981974093857,-41.13577402249324,-35.0424013540884,15.387321874565076,-35.90317601634405,-40.973139458381965
-16.598939720876167,-34.607276867977504,-46.698344870623075,4.475408104506717,-34.33224332560421,-36.212935325931795,-16.598939720876167,-34.607276867977504,-46.698344870623075,4.475408104506717,-34.33224332560421,-36.212935325931795,7.139579176671891,-41.115947616339824,-34.29808036783661,7.6281531331517005,-35.53779802660575,-41.081421474036404,7.139579176671891,-41.115947616339824,-34.29808036783661,7.6281531331517005,-35.53779802660575,-41.081421474036404
-1.2286085926396506,-35.05774836081335,-47.32696235387797,6.948075991603305,-34.4424222696195,-37.27340630991318,-1.2286085926396506,-35.05774836081335,-47.32696235387797,6.948075991603305,-34.4424222696195,-37.27340630991318,7.7194274785222206,-41.10911694033023,-33.904672239563155,6.615181340033855,-35.52638144146168,-40.784729078701595,7.7194274785222206,-41.10911694033023,-33.904672239563155,6.615181340033855,-35.52638144146168,-40.784729078701595
-12.547356069586836,-35.829693477955814,-47.60886087491496,6.5879700935932854,-34.862275405960375,-38.539867727838896,-12.547356069586836,-35.829693477955814,-47.60886087491496,6.5879700935932854,-34.862275405960375,-38.539867727838896,-3.4981766104422363,-41.11587768826715,-33.88988664414782,14.810401522120998,-35.86969181283356,-41.006809766879,-3.4981766104422363,-41.11587768826715,-33.88988664414782,14.810401522120998,-35.86969181283356,-41.006809766879
-21.443344220340066,-36.87393882267579,-47.526368298824906,4.19980175936244,-35.56952270939735,-39.93545718234933,-21.443344220340066,-36.87393882267579,-47.526368298824906,4.19980175936244,-35.56952270939735,-39.93545718234933,9.116611733141525,-41.13564026467832,-34.25476500400265,12.295597328467192,-36.54470807871168,-41.05621851838353,9.116611733141525,-41.13564026467832,-34.25476500400265,12.295597328467192,-36.54470807871168,-41.05621851838353
-5.036076257455779,-38.12396529992604,-47.08465606080477,5.120296025146896,-36.526633228271,-41.375475408480504,-5.036076257455779,-38.12396529992604,-47.08465606080477,5.120296025146896,-36.526633228271,-41.375475408480504,5.496149936325514,-41.16668120262182,-34.97360713655485,5.182918633818683,-37.50616626628856,-40.77912189789154,5.496149936325514,-41.16668120262182,-34.97360713655485,5.182918633818683,-37.50616626628856,-40.77912189789154
-5.525073533009356,-39.50014542515785,-46.31141497041465,7.2924685806231295,-37.68281671079529,-42.77252672916288,-5.525073533009356,-39.50014542515785,-46.31141497041465,7.2924685806231295,-37.68281671079529,-42.77252672916288,-2.860092864127796,-41.2062934648531,-35.99578144486628,10.759499880814937,-38.689594718423635,-41.03825623750702,-2.860092864127796,-41.2062934648531,-35.99578144486628,10.759499880814937,-38.689594718423635,-41.03825623750702
-21.652634215256203,-40.91481564591655,-45.25511928291623,5.862269778756339,-38.97671885249823,-44.04182315778884,-21.652634215256203,-40.91481564591655,-45.25511928291623,5.862269778756339,-38.97671885249823,-44.04182315778884,10.589347259840139,-41.25102252079726,-37.2492911507359,15.47164155823546,-40.01563731292419,-41.02681050761472,10.589347259840139,-41.25102252079726,-37.2492911507359,15.47164155823546,-40.01563731292419,-41.02681050761472
-11.938644557839295,-42.27786056609246,-43.98198786254722,4.02569616774389,-40.339677138165804,-45.106330238287825,-11.938644557839295,-42.27786056609246,-43.98198786254722,4.02569616774389,-40.339677138165804,-45.106330238287825,3.1257702384420822,-41.296967611380154,-38.645845382897896,7.866636438967404,-41.395374776324964,-40.78042082318422,3.1257702384420822,-41.296967611380154,-38.645845382897896,7.866636438967404,-41.395374776324964,-40.78042082318422
-1.3675026268660826,-43.50245335417777,-42.57183294150758,5.886850557380984,-41.69936450301529,-45.90144231820538,-1.3675026268660826,-43.50245335417777,-42.57183294150758,5.886850557380984,-41.69936450301529,-45.90144231820538,-1.5446840975143434,-41.34012192882951,-40.087077938561656,6.428202342664809,-42.7362872655025,-41.06621791369324,-1.5446840975143434,-41.34012192882951,-40.087077938561656,6.428202342664809,-42.7362872655025,-41.06621791369324
-17.128203606727794,-44.51058666785903,-41.11305671472774,7.286700652870869,-42.98362745771677,-46.37890350931065,-17.128203606727794,-44.51058666785903,-41.11305671472774,7.286700652870869,-42.98362745771677,-46.37890350931065,11.412485623653641,-41.37672204483624,-41.47147570024562,14.652406598837207,-43.94845838952602,-40.99437665910257,11.412485623653641,-41.37672204483624,-41.47147570024562,14.652406598837207,-43.94845838952602,-40.99437665910257
-18.684197535063518,-45.2380417715181,-39.697109432415004,5.097068702043872,-44.12431500241963,-46.50973636998946,-18.684197535063518,-45.2380417715181,-39.697109432415004,5.097068702043872,-44.12431500241963,-46.50973636998946,0.842150119984443,-41.403576113929546,-42.70152870533427,12.55058800630464,-44.95060465410147,-40.78857376961264,0.842150119984443,-41.403576113929546,-42.70152870533427,12.55058800630464,-44.95060465410147,-40.78857376961264
-2.0334653584245608,-45.63847931068474,-38.412756410914945,4.211020023883558,-45.06089514373103,-46.28600056571376,-2.0334653584245608,-45.63847931068474,-38.412756410914945,4.211020023883558,-45.06089514373103,-46.28600056571376,0.3182714193521421,-41.41834222990368,-43.69059825369319,5.2311483561513485,-45.675526017449265,-41.089573573924746,0.3182714193521421,-41.41834222990368,-43.69059825369319,5.2311483561513485,-45.675526017449265,-41.089573573924746
-10.001718804400468,-45.68639115849681,-37.340513361283286,6.608565028998193,-45.743667099706784,-45.72127477329788,-10.001718804400468,-45.68639115849681,-37.340513361283286,6.608565028998193,-45.743667099706784,-45.72127477329788,11.50481596786743,-41.41973266021744,-44.369019298647274,10.483747874725971,-46.07461206447753,-40.96021752180043,11.50481596786743,-41.41973266021744,-44.369019298647274,10.483747874725971,-46.07461206447753,-40.96021752180043
-22.09459633803843,-45.37872529966444,-36.54759888317348,6.9320250852328975,-46.13639873322935,-44.84983258184728,-22.09459633803843,-45.37872529966444,-36.54759888317348,6.9320250852328975,-46.13639873322935,-44.84983258184728,-1.1294083867531999,-41.40762614736721,-44.68900729982673,15.542114114032096,-46.12110163268738,-40.803253816184345,-1.1294083867531999,-41.40762614736721,-44.68900729982673,15.542114114032096,-46.12110163268738,-40.803253816184345
-7.209196193904573,-44.73508024579211,-36.08372055070464,4.4585795456562884,-46.21824925511338,-43.72456240552699,-7.209196193904573,-44.73508024579211,-36.08372055070464,4.4585795456562884,-46.21824925511338,-43.72456240552699,2.5449744369260063,-41.38307848358602,-44.628023924032796,8.112052299773888,-45.811877311939725,-41.10738669105896,2.5449744369260063,-41.38307848358602,-44.628023924032796,8.112052299773888,-45.811877311939725,-41.10738669105896
-3.6307930830293884,-43.796456597678954,-35.97795875934199,4.715518320120563,-45.98487516632365,-42.41375765004609,-3.6307930830293884,-43.796456597678954,-35.97795875934199,4.715518320120563,-45.98487516632365,-42.41375765004609,10.857228977835115,-41.34823043666389,-44.19036453121074,6.252086233517609,-45.1676744858887,-40.92570282616907,10.857228977835115,-41.34823043666389,-44.19036453121074,6.252086233517609,-45.1676744858887,-40.92570282616907
-20.563045946396013,-42.62264528087529,-36.23694368450579,7.128672674031964,-45.44866075111597,-40.996971939818685,-20.563045946396013,-42.62264528087529,-36.23694368450579,7.128672674031964,-45.44866075111597,-40.996971939818685,-2.594391257846879,-41.30612105655121,-43.40685563106287,14.482803000169952,-44.23169089757382,-40.823872314925694,-2.594391257846879,-41.30612105655121,-43.40685563106287,14.482803000169952,-44.23169089757382,-40.823872314925694
-14.456171367123666,-41.28841882555783,-36.84443963783524,6.305482513435095,-44.63806088969767,-39.56019095485986,-14.456171367123666,-41.28841882555783,-36.84443963783524,6.305482513435095,-44.63806088969767,-39.56019095485986,4.915738365862811,-41.26042264401789,-42.33268361992474,12.799712953451841,-43.06668997630976,-41.11894298566539,4.915738365862811,-41.26042264401789,-42.33268361992474,12.799712953451841,-43.06668997630976,-41.11894298566539
-1.017061241253943,-39.87876830862679,-37.76236287768997,4.085491339795948,-43.59609106486547,-38.190613901889634,-1.017061241253943,-39.87876830862679,-37.76236287768997,4.085491339795948,-43.59609106486547,-38.190613901889634,9.533615606242867,-41.21512049438485,-41.04350773067556,5.293511760324189,-41.75079216553835,-40.892216560027926,9.533615606242867,-41.21512049438485,-41.04350773067556,5.293511760324189,-41.75079216553835,-40.892216560027926
-14.811129871304251,-38.483489367853736,-38.9331690676498,5.429606768698748,-42.37804469228369,-36.97136133568377,-14.811129871304251,-38.483489367853736,-38.9331690676498,5.429606768698748,-42.37804469228369,-36.97136133568377,-3.4082632374255217,-41.174165345433806,-39.63013097979277,10.207777508565492,-40.37223646887359,-40.84960249478767,-3.4082632374255217,-41.174165345433806,-39.63013097979277,10.207777508565492,-40.37223646887359,-40.84960249478767
-20.360009072965426,-37.19146216243493,-40.28346071394531,7.3341986296065045,-41.04855890709026,-35.97643051656069,-20.360009072965426,-37.19146216243493,-40.28346071394531,7.3341986296065045,-41.04855890709026,-35.97643051656069,7.1966635628030495,-41.141128839032255,-38.19210446303413,15.598546984903894,-39.02346348474473,-41.123779067565415,7.1966635628030495,-41.141128839032255,-38.19210446303413,15.598546984903894,-39.02346348474473,-41.123779067565415
-3.3919720188164355,-36.08498965011437,-41.7285884326345,5.543166997640924,-39.678184514489466,-35.26620446676051,-3.3919720188164355,-36.08498965011437,-41.7285884326345,5.543166997640924,-39.678184514489466,-35.26620446676051,7.664563589720423,-41.11889204318854,-36.83071548074796,8.363730148796044,-37.794916698388086,-40.8611014727077,7.664563589720423,-41.11889204318854,-36.83071548074796,8.363730148796044,-37.794916698388086,-40.8611014727077
-7.548839125828898,-35.23455483623784,-43.17795759444559,4.058844210098592,-38.33964212413803,-34.883787284112216,-7.548839125828898,-35.23455483623784,-43.17795759444559,4.058844210098592,-38.33964212413803,-34.883787284112216,-3.490727690534701,-41.109394198097554,-35.6418533737307,6.0873142268502365,-36.76897769250234,-40.879412613931905,-3.490727690534701,-41.109394198097554,-35.6418533737307,6.0873142268502365,-36.76897769250234,-40.879412613931905
-22.139141062429896,-34.69433096131989,-44.540707675292154,6.198175085562732,-37.10396314117844,-34.85238812527376,-22.139141062429896,-34.69433096131989,-44.540707675292154,6.198175085562732,-37.10396314117844,-34.85238812527376,9.16271387649369,-41.11346359768687,-34.709255563999854,14.30205414579321,-36.01444195782164,-41.12170101708739,9.16271387649369,-41.11346359768687,-34.709255563999854,14.30205414579321,-36.01444195782164,-41.12170101708739
-9.636596213690101,-34.49873063104189,-45.73140827565484,7.180499701432792,-36.036720396996046,-35.17391262636579,-9.636596213690101,-34.49873063104189,-45.73140827565484,7.180499701432792,-36.036720396996046,-35.17391262636579,5.4344736586618145,-41.1307453552494,-34.098609515143615,13.042291468539869,-35.581905734323016,-40.83360523280478,5.4344736586618145,-41.1307453552494,-34.098609515143615,13.042291468539869,-35.581905734323016,-40.83360523280478
-2.197771382393368,-34.66021371130297,-46.67541472706006,4.810664434707068,-35.19454844593438,-35.828847248630616,-2.197771382393368,-34.66021371130297,-46.67541472706006,4.810664434707068,-35.19454844593438,-35.828847248630616,-2.833648671651333,-41.15973235262211,-33.85292604027023,5.369838446483327,-35.50037322360642,-40.91210733103966,-2.833648671651333,-41.15973235262211,-33.85292604027023,5.369838446483327,-35.50037322360642,-40.91210733103966
-18.95533679814676,-35.16849362680865,-47.31354754426998,4.38442629648552,-34.622138182720846,-36.77744356825634,-18.95533679814676,-35.16849362680865,-47.31354754426998,4.38442629648552,-34.622138182720846,-36.77744356825634,10.619918721509025,-41.19789667387547,-33.98950983829877,9.932342835302416,-35.7753116796249,-41.112792160956275,10.619918721509025,-41.19789667387547,-33.98950983829877,9.932342835302416,-35.7753116796249,-41.112792160956275
-16.808805459057517,-35.99119262248337,-47.605802369708684,6.854279175512,-34.34986526494178,-37.96213063501819,-16.808805459057517,-35.99119262248337,-47.605802369708684,6.854279175512,-34.34986526494178,-37.96213063501819,3.063366555398607,-41.24191006136364,-34.498740638662305,15.640785975404132,-36.388284795838764,-40.81083039853124,3.063366555398607,-41.24191006136364,-34.498740638662305,15.640785975404132,-36.388284795838764,-40.81083039853124
-1.279059652274924,-37.07590424713705,-47.53385783480716,6.700961507854222,-34.39217819125626,-39.311008992064615,-1.279059652274924,-37.07590424713705,-47.53385783480716,6.700961507854222,-34.39217819125626,-39.311008992064615,-1.5018536173257813,-41.2879341684682,-35.34475080441397,8.620982309194126,-37.298188972429045,-40.946375636715935,-1.5018536173257813,-41.2879341684682,-35.34475080441397,8.620982309194126,-37.298188972429045,-40.946375636715935
-12.308632238730041,-38.35353167785926,-47.10222412117996,4.2670849192337394,-34.74683157396981,-40.742214302431464,-12.308632238730041,-38.35353167785926,-47.10222412117996,4.2670849192337394,-34.74683157396981,-40.742214302431464,11.42451022227408,-41.33195529649535,-36.467951666806975,5.9343365406424775,-38.44400956428481,-41.09740973101623,11.42451022227408,-41.33195529649535,-36.467951666806975,5.9343365406424775,-38.44400956428481,-41.09740973101623
-21.52944360155587,-39.74268923174617,-46.3379602186738,4.991516485903318,-35.39500529330568,-42.16888575084901,-21.52944360155587,-39.74268923174617,-46.3379602186738,4.991516485903318,-35.39500529330568,-42.16888575084901,0.7851757808815791,-41.370134423785,-37.7892306491434,14.110653908336019,-39.74891228646544,-40.79369020677498,0.7851757808815791,-41.370134423785,-37.7892306491434,14.110653908336019,-39.74891228646544,-40.79369020677498
-5.225551094526174,-41.15488668585373,-45.288977605296964,7.255403791360354,-36.302303210305,-43.50443768518622,-5.225551094526174,-41.15488668585373,-45.288977605296964,7.255403791360354,-36.302303210305,-43.50443768518622,0.37326253073812055,-41.39914200147735,-39.21552355575769,13.277660737470084,-41.125395423354504,-40.980843423011024,0.37326253073812055,-41.39914200147735,-39.21552355575769,13.277660737470084,-41.125395423354504,-40.980843423011024
-5.330594219885899,-42.50016616088641,-44.02103669083361,5.999746643250132,-37.42057844042235,-44.667814558058296,-5.330594219885899,-42.50016616088641,-44.02103669083361,5.999746643250132,-37.42057844042235,-44.667814558058296,11.497107356164372,-41.41644831886168,-40.64636954233763,5.459919861931215,-42.481157354343075,-41.076170539766416,11.497107356164372,-41.41644831886168,-40.64636954233763,5.459919861931215,-42.481157354343075,-41.076170539766416
-21.574401878975543,-43.69283249553249,-42.61362431620333,4.030501742027309,-38.690488327419345,-45.588410242649246,-21.574401878975543,-43.69283249553249,-42.61362431620333,4.030501742027309,-38.690488327419345,-45.588410242649246,-1.1753322918392666,-41.42054411594689,-41.98098706869187,9.658196444194811,-43.725285942524366,-40.78287195366248,-1.1753322918392666,-41.42054411594689,-41.98098706869187,9.658196444194811,-43.725285942524366,-40.78287195366248
-12.177872901546051,-44.656912082942696,-41.15497074691361,5.748246055487397,-40.04464353471016,-46.210353166153844,-12.177872901546051,-44.656912082942696,-41.15497074691361,5.748246055487397,-40.04464353471016,-46.210353166153844,2.606700754738843,-41.4110722039368,-43.12537243971002,15.668715673010093,-44.77435475000177,-41.014128583099875,2.606700754738843,-41.4110722039368,-43.12537243971002,15.668715673010093,-44.77435475000177,-41.014128583099875
-1.3088959400792621,-45.330992437983824,-39.73651854380974,7.314418895886513,-41.411184143738424,-46.49589719320246,-1.3088959400792621,-45.330992437983824,-39.73651854380974,7.314418895886513,-41.411184143738424,-46.49589719320246,10.830547687680225,-41.38885861517086,-43.99892094926343,8.883105873050852,-45.558017291252995,-41.04992624709974,10.830547687680225,-41.38885861517086,-43.99892094926343,8.883105873050852,-45.558017291252995,-41.04992624709974
-16.9224983884244,-45.672134211744066,-38.447190055980826,5.229169064032312,-42.71759298930769,-46.42771246426677,-16.9224983884244,-45.672134211744066,-38.447190055980826,5.229169064032312,-42.71759298930769,-46.42771246426677,-2.6247338750027946,-41.35584056598686,-44.540104267224066,5.793571166435424,-46.02372419561776,-40.778809435009144,-2.6247338750027946,-41.35584056598686,-44.540104267224066,5.793571166435424,-46.02372419561776,-40.778809435009144
-18.860467959670594,-45.65860645546886,-37.36781290499542,4.152304172710759,-43.894543872516635,-46.00993715651912,-18.860467959670594,-45.65860645546886,-37.36781290499542,4.152304172710759,-43.894543872516635,-46.00993715651912,4.978109969658452,-41.314897514764716,-44.710804183231424,13.909125263940032,-46.14024696428637,-41.04489643170457,4.978109969658452,-41.314897514764716,-44.710804183231424,13.909125263940032,-46.14024696428637,-41.04489643170457
-2.1383435914126654,-45.291270895868294,-36.566052925210585,6.490242456258462,-44.87958044112664,-45.26792633506978,-2.1383435914126654,-45.291270895868294,-36.566052925210585,6.490242456258462,-44.87958044112664,-45.26792633506978,9.490594014557132,-41.26960004834574,-44.49899746025852,13.505177644467059,-45.89977203231368,-41.01972921001129,9.490594014557132,-41.26960004834574,-44.49899746025852,13.505177644467059,-45.89977203231368,-41.01972921001129
-9.76545785057449,-44.593527042575644,-36.09217221262948,7.018505559383888,-45.6204305130318,-44.246713136969895,-9.76545785057449,-44.593527042575644,-36.09217221262948,7.018505559383888,-45.6204305130318,-44.246713136969895,-3.4200309630938923,-41.223898496095025,-43.91960269049788,5.563509870969631,-45.31842471598007,-40.78166555175414,-3.4200309630938923,-41.223898496095025,-43.91960269049788,5.563509870969631,-45.31842471598007,-40.78166555175414
-22.12485977601456,-43.609821624446866,-35.97587820896814,4.5566093060927875,-46.07777996416195,-43.00827567976041,-22.12485977601456,-43.609821624446866,-35.97587820896814,4.5566093060927875,-46.07777996416195,-43.00827567976041,7.2535268682007015,-41.181778427143904,-43.01342950533043,9.386087404438074,-44.43518791162227,-41.071913223983344,7.2535268682007015,-41.181778427143904,-43.01342950533043,9.386087404438074,-44.43518791162227,-41.071913223983344
-7.428146409282306,-42.402817304559804,-36.22446135092083,4.606034971065082,-46.2273589810326,-41.627775567730104,-7.428146409282306,-42.402817304559804,-36.22446135092083,4.606034971065082,-46.2273589810326,-41.627775567730104,7.609446208083303,-41.14691307442109,-41.84430415170237,15.682259763472194,-43.30928805379575,-40.98679028465233,7.609446208083303,-41.14691307442109,-41.84430415170237,15.682259763472194,-43.30928805379575,-40.98679028465233
-3.4752897461831314,-41.049401028576426,-36.82233803483983,7.056333395457777,-46.061229968372395,-40.188996283473934,-3.4752897461831314,-41.049401028576426,-36.82233803483983,7.056333395457777,-46.061229968372395,-40.188996283473934,-3.4827595205331168,-41.12234299709191,-40.49457389474245,9.149384621975457,-42.01622362027776,-40.79132577787559,-3.4827595205331168,-41.12234299709191,-40.49457389474245,9.149384621975457,-42.01622362027776,-40.79132577787559
-20.433043906506438,-39.6357862772228,-37.73202754823914,6.431940415609342,-45.58820876741973,-38.77925831184368,-20.433043906506438,-39.6357862772228,-37.73202754823914,6.431940415609342,-45.58820876741973,-38.77925831184368,9.208458748004746,-41.11021091760089,-39.05930689371809,5.665402727222199,-40.642702496960624,-41.09409562685878,9.208458748004746,-41.11021091760089,-39.05930689371809,5.665402727222199,-40.642702496960624,-41.09409562685878
-14.686036093839176,-38.25202121253405,-38.8965017245747,4.128157024437609,-44.83339683241925,-37.48411960084689,-14.686036093839176,-38.25202121253405,-38.8965017245747,4.128157024437609,-44.83339683241925,-37.48411960084689,5.372698369670289,-41.11157485781242,-37.6395960826737,13.698018863295554,-39.280827683311,-40.95243027280449,5.372698369670289,-41.11157485781242,-37.6395960826737,13.698018863295554,-39.280827683311,-40.95243027280449
-1.0155802630584443,-36.98625255244976,-40.24276002213867,5.293137280224093,-43.83684919095002,-36.38218299209527,-1.0155802630584443,-36.98625255244976,-40.24276002213867,5.293137280224093,-43.83684919095002,-36.38218299209527,-2.806730745882038,-41.126315870388034,-36.33543869646569,13.724220529308404,-38.02192122243874,-40.807402752713344,-2.806730745882038,-41.126315870388034,-36.33543869646569,13.724220529308404,-38.02192122243874,-40.807402752713344
-14.582112266652985,-35.91911056861439,-41.68640590642783,7.323555777191762,-42.65144887441643,-35.540325761349564,-14.582112266652985,-35.91911056861439,-41.68640590642783,7.323555777191762,-42.65144887441643,-35.540325761349564,10.650031968679794,-41.1531484120192,-35.23869297229547,5.680325427433324,-36.950400499068614,-41.1105541590585,10.650031968679794,-41.1531484120192,-35.23869297229547,5.680325427433324,-36.950400499068614,-41.1105541590585
-20.4924885139691,-35.11857288660261,-43.13693764393089,5.682133852238254,-41.34010061467208,-35.009640791562184,-20.4924885139691,-35.11857288660261,-43.13693764393089,5.682133852238254,-41.34010061467208,-35.009640791562184,3.0010281109962493,-41.18973245388034,-34.42660812099136,9.11675921843122,-36.138117537125126,-40.91802695969822,3.0010281109962493,-41.18973245388034,-34.42660812099136,9.11675921843122,-36.138117537125126,-40.91802695969822
-3.5452111559058253,-34.63563426777757,-44.50342182903516,4.0368782184440235,-39.97239272673204,-34.822335711361355,-3.5452111559058253,-34.63563426777757,-44.50342182903516,4.0368782184440235,-39.97239272673204,-34.822335711361355,-1.4586416591866689,-41.23287755230465,-33.956383284073915,15.681381239332836,-35.63954088167898,-40.82925181355367,-1.4586416591866689,-41.23287755230465,-33.956383284073915,15.681381239332836,-35.63954088167898,-40.82925181355367
-7.328706635482936,-34.501058210439886,-45.70019397232955,6.064362593844764,-38.62090431888987,-34.98977819235405,-7.328706635482936,-34.501058210439886,-45.70019397232955,6.064362593844764,-38.62090431888987,-34.98977819235405,11.436020871197382,-41.278821082961464,-33.8611387160955,9.419090984076878,-35.488103149565184,-41.12062885798762,11.436020871197382,-41.278821082961464,-33.8611387160955,9.419090984076878,-35.488103149565184,-41.12062885798762
-22.111818087521023,-34.723417295347865,-46.65222878211006,7.233865055832217,-37.35735379269559,-35.50180603747151,-22.111818087521023,-34.723417295347865,-46.65222878211006,7.233865055832217,-37.35735379269559,-35.50180603747151,0.7284244939424047,-41.32355637411751,-34.14758296175328,5.550181426517243,-35.69395916776343,-40.884959866879825,0.7284244939424047,-41.32355637411751,-34.14758296175328,5.550181426517243,-35.69395916776343,-40.884959866879825
-9.872357492564639,-35.28854710685105,-47.29984347772662,4.93195464170214,-36.248793017399535,-36.327343931561145,-9.872357492564639,-35.28854710685105,-47.29984347772662,4.93195464170214,-36.248793017399535,-36.327343931561145,0.42850522810583946,-41.363182122934425,-34.79554033999764,13.47791152706046,-36.24330503008501,-40.85599684564264,0.42850522810583946,-41.363182122934425,-34.79554033999764,13.47791152706046,-36.24330503008501,-40.85599684564264
-2.090238501269779,-36.160448515209154,-47.602439285450444,4.302599957929321,-35.354049139697146,-37.41628942321554,-2.090238501269779,-36.160448515209154,-47.602439285450444,4.302599957929321,-35.354049139697146,-37.41628942321554,11.488879765856687,-41.39424262269084,-35.759372016761,13.93419088593055,-37.099303733585096,-41.123915743244524,11.488879765856687,-41.39424262269084,-35.759372016761,13.93419088593055,-37.099303733585096,-41.123915743244524
-18.781084511780723,-37.28358084413586,-47.541046563591514,6.752189678804333,-34.720602848533304,-38.702553676329714,-18.781084511780723,-37.28358084413586,-47.541046563591514,6.752189678804333,-34.720602848533304,-38.702553676329714,-1.2208973375700163,-41.41402913018359,-36.97119057314537,5.810047348076668,-38.20455532511127,-40.854554935454935,-1.2208973375700163,-41.41402913018359,-36.97119057314537,5.810047348076668,-38.20455532511127,-40.854554935454935
-17.016010946966126,-38.58639984733297,-47.119514003725584,6.8067433463674085,-34.38206875370148,-40.10807244612446,-17.016010946966126,-38.58639984733297,-47.119514003725584,6.8067433463674085,-34.38206875370148,-40.10807244612446,2.668523945085469,-41.42081609147423,-38.345641651176294,8.850947790253727,-39.484945919542255,-40.886565413081165,2.668523945085469,-41.42081609147423,-38.345641651176294,8.850947790253727,-39.484945919542255,-40.886565413081165
-1.3347900440347136,-39.98591512264928,-46.36426735735758,4.344352500762813,-34.35641158505848,-41.54754385079638,-1.3347900440347136,-39.98591512264928,-46.36426735735758,4.344352500762813,-34.35641158505848,-41.54754385079638,10.803393592458582,-41.41401162506018,-39.78591588222792,15.666082501044452,-40.854617489480844,-41.12028301563249,10.803393592458582,-41.41401162506018,-39.78591588222792,15.666082501044452,-40.854617489480844,-41.12028301563249
-12.069548871112776,-41.39297665367358,-45.32265281337533,4.867603658350258,-34.64499287194684,-42.933605400239,-12.069548871112776,-41.39297665367358,-45.32265281337533,4.867603658350258,-34.64499287194684,-42.933605400239,-2.654617230690092,-41.394209139041614,-41.19056764834787,9.691488021958865,-42.2217251715794,-40.82803135782763,-2.654617230690092,-41.394209139041614,-41.19056764834787,9.691488021958865,-42.2217251715794,-40.82803135782763
-21.610469306289943,-42.717953722689536,-44.05996887947205,7.2072125970291205,-35.23249869195862,-44.182136084471054,-21.610469306289943,-42.717953722689536,-44.05996887947205,7.2072125970291205,-35.23249869195862,-44.182136084471054,5.04041417509122,-41.363135580822096,-42.46066039748945,5.4482220914706145,-43.494596026865494,-40.91973176190503,5.04041417509122,-41.363135580822096,-42.46066039748945,5.4482220914706145,-43.494596026865494,-40.91973176190503
-5.418287620010975,-43.876444444608346,-42.65537283801082,6.134967628752952,-36.08775232314199,-45.21736173445044,-5.418287620010975,-43.876444444608346,-42.65537283801082,6.134967628752952,-36.08775232314199,-45.21736173445044,9.447192438305184,-41.32350083241529,-43.50673523285669,13.249404669773124,-44.58787627248429,-41.109876342110894,9.447192438305184,-41.32350083241529,-43.50673523285669,13.249404669773124,-44.58787627248429,-41.109876342110894
-5.139322891876214,-44.79465222092753,-41.19691839940557,4.046963067794321,-37.165368675256914,-45.976453807483814,-5.139322891876214,-44.79465222092753,-41.19691839940557,4.046963067794321,-37.165368675256914,-45.976453807483814,-3.4312843359311964,-41.27876138538436,-44.25511194424353,14.13451499776657,-45.428254775341316,-40.806452689903416,-3.4312843359311964,-41.27876138538436,-44.25511194424353,14.13451499776657,-45.428254775341316,-40.806452689903416
-21.491072881296652,-45.414086630162224,-39.77603564105794,5.609162387717161,-38.40816270564281,-46.41334249384446,-21.491072881296652,-45.414086630162224,-39.77603564105794,5.609162387717161,-38.40816270564281,-46.41334249384446,7.310165153864951,-41.23281890499573,-44.653078668651226,5.9523211847001845,-45.95937901235814,-40.95416597099082,7.310165153864951,-41.23281890499573,-44.653078668651226,5.9523211847001845,-45.95937901235814,-40.95416597099082
-12.416808559204645,-45.69528930503158,-38.48179928284634,7.330593824628377,-39.75018401413504,-46.50151272458694,-12.416808559204645,-45.69528930503158,-38.48179928284634,7.330593824628377,-39.75018401413504,-46.50151272458694,7.554079151672717,-41.18967997139027,-44.67260464678989,8.589379414903213,-46.145633852111914,-41.093113014767404,7.554079151672717,-41.18967997139027,-44.67260464678989,8.589379414903213,-46.145633852111914,-41.093113014767404
-1.2555533316141343,-45.620347455642104,-37.39534461928219,5.364457253156931,-41.12021658250323,-46.23561338895912,-1.2555533316141343,-45.620347455642104,-37.39534461928219,5.364457253156931,-41.12021658250323,-46.23561338895912,-3.474272652404415,-41.15310667127332,-44.31231456771131,15.636405350410568,-45.974529767419305,-40.79068420408351,-3.474272652404415,-41.15310667127332,-44.31231456771131,15.636405350410568,-45.974529767419305,-40.79068420408351
-16.714074794332966,-45.19403492563863,-36.58478117189284,4.104383605943346,-42.44555794041569,-45.63178209692174,-16.714074794332966,-45.19403492563863,-36.58478117189284,4.104383605943346,-42.44555794041569,-45.63178209692174,9.253843178864102,-41.12628851153904,-43.597585438742456,9.965831446305154,-45.45754033458992,-40.988487279909535,9.253843178864102,-41.12628851153904,-43.597585438742456,9.965831446305154,-45.45754033458992,-40.988487279909535
-19.033029221568565,-44.443508095316844,-36.10092292346175,6.3661989217967045,-43.65587721182069,-44.726665776718846,-19.033029221568565,-44.443508095316844,-36.10092292346175,6.3661989217967045,-43.65587721182069,-44.726665776718846,5.3108283486166386,-41.11156426678765,-42.57875915769252,5.3598033126439395,-44.6293328598982,-41.070665218027585,5.3108283486166386,-41.11156426678765,-42.57875915769252,5.3598033126439395,-44.6293328598982,-41.070665218027585
-2.248061847616224,-43.4165760028631,-35.97410280447647,7.095533183980086,-44.68694730974755,-43.57519654809426,-2.248061847616224,-43.4165760028631,-35.97410280447647,7.095533183980086,-44.68694730974755,-43.57519654809426,-2.7793409514622853,-41.110218018028974,-41.327596684689055,13.013122656565761,-43.54544372447791,-40.78135819313213,-2.7793409514622853,-41.110218018028974,-41.327596684689055,13.013122656565761,-43.54544372447791,-40.78135819313213
-9.530137557872589,-42.17865487810329,-36.21227113068773,4.66257815787791,-45.48405322600224,-42.24725785490577,-9.530137557872589,-42.17865487810329,-36.21227113068773,4.66257815787791,-45.48405322600224,-42.24725785490577,10.679684915366533,-41.12236716975435,-39.93222356380988,14.324645505354471,-42.27855432999609,-41.02131945536048,10.679684915366533,-41.12236716975435,-39.93222356380988,14.324645505354471,-42.27855432999609,-41.02131945536048
-22.149745130996028,-40.808601086905355,-36.800497200166305,4.504141548260563,-46.00489555065414,-40.82344319179979,-22.149745130996028,-40.808601086905355,-36.800497200166305,4.504141548260563,-46.00489555065414,-40.82344319179979,2.9387592235113202,-41.14695221125343,-38.49092280635236,6.1067581926339365,-40.91361736574452,-41.04343307506197,2.9387592235113202,-41.14695221125343,-38.49092280635236,6.1067581926339365,-40.91361736574452,-41.04343307506197
-7.649232236232141,-39.393687930335005,-37.70190529459114,6.974274034505127,-46.22183514246696,-39.390164830680376,-7.649232236232141,-39.393687930335005,-37.70190529459114,6.974274034505127,-46.22183514246696,-39.390164830680376,-1.4150512164485818,-41.18182911507715,-37.10521233358677,8.332768793791525,-39.54216021077572,-40.77884861617955,-1.4150512164485818,-41.18182911507715,-37.10521233358677,8.332768793791525,-39.54216021077572,-40.77884861617955
-3.323942918845468,-38.024046279668504,-38.859986407124474,6.553089227863283,-46.12335983406477,-38.03440940166535,-3.323942918845468,-38.024046279668504,-38.859986407124474,6.553089227863283,-46.12335983406477,-38.03440940166535,11.447016773063856,-41.223956314704665,-35.8726945688448,15.592430876367857,-38.256147462844254,-41.051345976074096,11.447016773063856,-41.223956314704665,-35.8726945688448,15.592430876367857,-38.256147462844254,-41.051345976074096
-20.298528724469655,-36.7869231823566,-40.20214077533742,4.1817885797860335,-45.7146953393122,-36.8384586158536,-20.298528724469655,-36.7869231823566,-40.20214077533742,4.1817885797860335,-45.7146953393122,-36.8384586158536,0.6719001904125639,-41.269659955350825,-34.88018181744017,10.24137164955277,-37.141814149156104,-41.01250855418935,0.6719001904125639,-41.269659955350825,-34.88018181744017,10.24137164955277,-37.141814149156104,-41.01250855418935
-14.91432583610257,-35.76112416940941,-41.644229138843855,5.159403718674187,-45.01752794435404,-35.87489553280006,-14.91432583610257,-35.76112416940941,-41.644229138843855,5.159403718674187,-45.01752794435404,-35.87489553280006,0.48399568471792387,-41.31495428575825,-34.197581647821394,5.285166682798101,-36.2738831398982,-40.7832561035188,0.48399568471792387,-41.31495428575825,-34.197581647821394,5.285166682798101,-36.2738831398982,-40.7832561035188
-1.0195133208217744,-35.0119932927649,-43.095847404649774,7.3013050634698065,-44.06885369805687,-35.20219944569343,-1.0195133208217744,-35.0119932927649,-43.095847404649774,7.3013050634698065,-44.06885369805687,-35.20219944569343,11.480133766881735,-41.35588925004904,-33.872972956721085,12.769711097168287,-35.71055452236884,-41.07736282335145,11.480133766881735,-41.35588925004904,-33.872972956721085,12.769711097168287,-35.71055452236884,-41.07736282335145
-14.351572808605292,-34.58725066746925,-44.465994053004444,5.821088587255712,-42.919015170983045,-34.861196733622286,-14.351572808605292,-34.58725066746925,-44.465994053004444,5.821088587255712,-42.919015170983045,-34.861196733622286,-1.26610036759104,-41.388894966632,-33.92921953531973,14.504062901923572,-35.48960292884637,-40.97913168257576,-1.26610036759104,-41.388894966632,-33.92921953531973,14.504062901923572,-35.48960292884637,-40.97913168257576
-20.620424421770565,-34.51395266988596,-45.668774995758994,4.026522931979599,-41.62902996470705,-34.87258308110181,-20.620424421770565,-34.51395266988596,-45.668774995758994,4.026522931979599,-41.62902996470705,-34.87258308110181,2.7304397253870563,-41.41109305263626,-34.36235965966182,6.27293639293155,-35.62584451625409,-40.79440392148091,2.7304397253870563,-41.41109305263626,-34.36235965966182,6.27293639293155,-35.62584451625409,-40.79440392148091
-3.7025710551837427,-34.79676842925048,-46.6287882513484,5.927837747037625,-40.26735273742681,-35.235667443026266,-3.7025710551837427,-34.79676842925048,-46.6287882513484,5.927837747037625,-40.26735273742681,-35.235667443026266,10.775768573174549,-41.420547643698455,-35.141885134414466,8.081817081913087,-36.11014345213958,-41.09832676041837,10.775768573174549,-41.420547643698455,-35.141885134414466,8.081817081913087,-36.11014345213958,-41.09832676041837
-7.110760595301329,-35.4176824011574,-47.28585087271441,7.2762561644646615,-38.9062425729795,-35.92841398466244,-7.110760595301329,-35.4176824011574,-47.28585087271441,7.2762561644646615,-38.9062425729795,-35.92841398466244,-2.6840392548477556,-41.41643421801502,-36.212890135540135,15.534279233421202,-36.91002452816689,-40.9446408229945,-2.6840392548477556,-41.41643421801502,-36.212890135540135,15.534279233421202,-36.91002452816689,-40.9446408229945
-22.079123697180606,-36.337141969238914,-47.59877179845747,5.058532332007561,-37.61792846331295,-36.90877945131743,-22.079123697180606,-36.337141969238914,-47.59877179845747,5.058532332007561,-37.61792846331295,-36.90877945131743,5.102646666261693,-41.399111501747775,-37.49993849829542,10.517355754096748,-37.97185082163539,-40.8118450591915,5.102646666261693,-41.399111501747775,-37.49993849829542,10.517355754096748,-37.97185082163539,-40.8118450591915
-10.109004780122287,-37.49657697207607,-47.54793410829267,4.230507146845379,-36.4707763878195,-38.11726480181283,-10.109004780122287,-37.49657697207607,-47.54793410829267,4.230507146845379,-36.4707763878195,-38.11726480181283,9.403413883978452,-41.37009018501173,-38.91237705838744,5.224516136772582,-39.22442037949092,-41.11339716466416,9.403413883978452,-41.37009018501173,-38.91237705838744,5.224516136772582,-39.22442037949092,-41.11339716466416
-1.9875702370885744,-38.82213065986903,-47.13652480198062,6.642528707539382,-35.525661388202536,-39.48052624541169,-1.9875702370885744,-38.82213065986903,-47.13652480198062,6.642528707539382,-35.525661388202536,-39.48052624541169,-3.44202257640087,-41.331901176680596,-40.35072080146327,12.519835081864073,-40.58374074514796,-40.910419007474964,-3.44202257640087,-41.331901176680596,-40.35072080146327,12.519835081864073,-40.58374074514796,-40.910419007474964
-18.603163647492572,-40.22936441654482,-46.39033500725493,6.904568318712169,-34.83273715920342,-40.91582652592895,-18.603163647492572,-40.22936441654482,-46.39033500725493,6.904568318712169,-34.83273715920342,-40.91582652592895,7.36657449637792,-41.2878748873261,-41.7136600833604,14.672276952879336,-41.958661166871885,-40.83488015304015,7.36657449637792,-41.2878748873261,-41.7136600833604,14.672276952879336,-41.958661166871885,-40.83488015304015
-17.220450250792034,-41.62863655350317,-45.35614314165299,4.431058651048243,-34.42877458084647,-42.33605630159577,-17.220450250792034,-41.62863655350317,-45.35614314165299,4.431058651048243,-34.42877458084647,-42.33605630159577,7.498466255842082,-41.24185078872057,-42.905196368034275,6.450401725372546,-43.256984813671906,-41.12196973535463,7.498466255842082,-41.24185078872057,-42.905196368034275,6.450401725372546,-43.256984813671906,-41.12196973535463
-1.395771275755795,-42.93081254240146,-44.098782387355286,4.749432918356087,-34.33521042627576,-43.65502086974323,-1.395771275755795,-42.93081254240146,-44.098782387355286,4.749432918356087,-34.33521042627576,-43.65502086974323,-3.465267674045583,-41.19784257881662,-43.84140387794518,7.8372099720327775,-44.39165113721035,-40.877838479780934,-3.465267674045583,-41.19784257881662,-43.84140387794518,7.8372099720327775,-44.39165113721035,-40.877838479780934
-11.830228198106894,-44.05294294150991,-42.69707631816998,7.148235441871253,-34.55700979291218,-44.79267138142501,-11.830228198106894,-44.05294294150991,-42.69707631816998,7.148235441871253,-34.55700979291218,-44.79267138142501,9.29886402522506,-41.15968815270269,-44.45634090051714,15.462109313337216,-45.28657381451916,-40.86258553011819,9.29886402522506,-41.15968815270269,-44.45634090051714,15.462109313337216,-45.28657381451916,-40.86258553011819
-21.686379910153864,-44.923547328099,-41.23889747300374,6.266977473486781,-35.08240262342663,-45.679963060031355,-21.686379910153864,-44.923547328099,-41.23889747300374,6.266977473486781,-35.08240262342663,-45.679963060031355,5.248867881322036,-41.13071490508324,-44.70669438819875,10.793029669430432,-45.88174280172523,-41.12370072519026,5.248867881322036,-41.13071490508324,-44.70669438819875,10.793029669430432,-45.88174280172523,-41.12370072519026
-5.614187297359554,-45.487167646997406,-39.815658652386894,4.074963854846229,-35.88350829836901,-46.26304557533529,-5.614187297359554,-45.487167646997406,-39.815658652386894,4.074963854846229,-35.88350829836901,-46.26304557533529,-2.751481185721408,-41.11344955279081,-44.57483071003497,5.1780173942601655,-46.137248374849115,-40.848205670482194,-2.751481185721408,-41.11344955279081,-44.57483071003497,5.1780173942601655,-46.137248374849115,-40.848205670482194
-4.951357336444956,-45.7079009241071,-38.51658227704512,5.470582103567816,-36.917815155673935,-46.506531256342456,-4.951357336444956,-45.7079009241071,-38.51658227704512,5.470582103567816,-36.917815155673935,-46.506531256342456,10.708875507465738,-41.10939778330756,-44.07003767526963,12.264177364217655,-46.035957321109635,-40.893850246124686,10.708875507465738,-41.10939778330756,-44.07003767526963,12.264177364217655,-46.035957321109635,-40.893850246124686
-21.402689824165464,-45.571686308772314,-37.423107060731795,7.335111172134621,-38.13043642451334,-46.39564279290337,-21.402689824165464,-45.571686308772314,-37.423107060731795,7.335111172134621,-38.13043642451334,-46.39564279290337,2.876564206395016,-41.11891294584339,-43.227870347130136,14.828828035305353,-45.58466182572345,-41.118520724060254,2.876564206395016,-41.11891294584339,-43.227870347130136,14.828828035305353,-45.58466182572345,-41.118520724060254
-12.655329374962335,-45.087200758941776,-36.603782641349845,5.501977532883141,-39.45702285957955,-45.93711008063016,-12.655329374962335,-45.087200758941776,-36.603782641349845,5.501977532883141,-39.45702285957955,-45.93711008063016,-1.3710853086860073,-41.141165236240354,-42.10764672435623,6.638669289122577,-44.81362401430735,-40.82270881103714,-1.3710853086860073,-41.141165236240354,-42.10764672435623,6.638669289122577,-44.81362401430735,-40.82270881103714
-1.2075020728796932,-44.285306313408526,-36.10997222442575,4.067596855988819,-40.82717751326393,-45.15876177899436,-1.2075020728796932,-44.285306313408526,-36.10997222442575,4.067596855988819,-40.82717751326393,-45.15876177899436,11.45749716617203,-41.174214063045,-40.78826968197484,7.599615821119462,-43.77454669210261,-40.92742063257611,11.45749716617203,-41.174214063045,-40.78826968197484,7.599615821119462,-43.77454669210261,-40.92742063257611
-16.503039381018123,-43.21708416023802,-35.97263263894655,6.2373107248536,-42.16819143662668,-44.10783637121982,-16.503039381018123,-43.21708416023802,-35.97263263894655,6.2373107248536,-42.16819143662668,-44.10783637121982,0.6156067858080463,-41.21517728380368,-39.362669452639544,15.376118310993242,-42.53710635438009,-41.106637442284445,0.6156067858080463,-41.21517728380368,-39.362669452639544,15.376118310993242,-42.53710635438009,-41.106637442284445
-19.201793098813905,-41.95058073248149,-36.2003736629061,7.162563801284617,-43.40890206957352,-42.8481152288862,-19.201793098813905,-41.95058073248149,-36.2003736629061,7.162563801284617,-43.40890206957352,-42.8481152288862,0.5397300566683145,-41.26048255271773,-37.93125809198533,11.067640152596859,-41.1842809509005,-40.80237028748339,0.5397300566683145,-41.26048255271773,-37.93125809198533,11.067640152596859,-41.1842809509005,-40.80237028748339
-2.3625640335821956,-40.56647310695261,-36.77891827886939,4.7757374894452305,-44.48346956999808,-41.45605167748261,-2.3625640335821956,-40.56647310695261,-36.77891827886939,4.7757374894452305,-44.48346956999808,-41.45605167748261,11.470869965087111,-41.306178859977244,-36.594856962288176,5.145797506999522,-39.80678570642445,-40.96195056704278,11.470869965087111,-41.306178859977244,-36.594856962288176,5.145797506999522,-39.80678570642445,-40.96195056704278
-9.295878233792205,-39.15292982293573,-37.671997695972834,4.41055787261099,-45.334870686320265,-40.016130992536475,-9.295878233792205,-39.15292982293573,-37.671997695972834,4.41055787261099,-45.334870686320265,-40.016130992536475,-1.3109382506252345,-41.34828109385931,-35.44759538663917,12.00343649553924,-38.49699010957073,-41.08852738173926,-1.3109382506252345,-41.34828109385931,-35.44759538663917,12.00343649553924,-38.49699010957073,-41.08852738173926
-22.169239680345328,-37.799994489950414,-38.82362502969677,6.883074295356144,-45.91792476675929,-38.61574293127671,-22.169239680345328,-37.799994489950414,-38.82362502969677,6.883074295356144,-45.91792476675929,-38.61574293127671,2.7924438066458617,-41.38311757680692,-34.57028065644542,14.973288393822912,-37.34272397315469,-40.7880056442825,2.7924438066458617,-41.38311757680692,-34.57028065644542,14.973288393822912,-37.34272397315469,-40.7880056442825
-7.872340644636009,-36.59384995234732,-40.161605103096704,6.668073100572049,-46.20169132642199,-37.339877989346675,-7.872340644636009,-36.59384995234732,-40.161605103096704,6.668073100572049,-46.20169132642199,-37.339877989346675,10.747674543451087,-41.40765026734789,-34.024706375330766,6.837224667661593,-36.42138790757997,-40.99605545065065,10.747674543451087,-41.40765026734789,-34.024706375330766,6.837224667661593,-36.42138790757997,-40.99605545065065
-3.176829977080459,-35.61132838710756,-41.60206034109416,4.246007128444864,-46.17111194234719,-36.26596927031785,-3.176829977080459,-35.61132838710756,-41.60206034109416,4.246007128444864,-46.17111194234719,-36.26596927031785,-2.712997909368627,-41.41973970348776,-33.849300030848184,7.3696838241479,-35.79476313609536,-41.06491672884315,-2.712997909368627,-41.41973970348776,-33.849300030848184,7.3696838241479,-35.79476313609536,-41.06491672884315
-20.159569171174056,-34.91501704512466,-43.05468903085012,5.029350837995406,-45.82780934731865,-35.459193018426326,-20.159569171174056,-34.91501704512466,-43.05468903085012,5.029350837995406,-45.82780934731865,-35.459193018426326,5.164803132233096,-41.41833158222978,-34.05641635699567,15.27654118556812,-35.50486868557574,-40.78019088220332,5.164803132233096,-41.41833158222978,-34.05641635699567,15.27654118556812,-35.50486868557574,-40.78019088220332
-15.140923880780612,-34.54927140336947,-44.428426309435274,7.2676036774761155,-45.190001317545466,-34.96851302836439,-15.140923880780612,-34.54927140336947,-44.428426309435274,7.2676036774761155,-45.190001317545466,-34.96851302836439,9.359261384177405,-41.40354870388034,-34.63146712936354,11.340436866330315,-35.57114375354673,-41.028367728431235,9.359261384177405,-41.40354870388034,-34.63146712936354,11.340436866330315,-35.57114375354673,-41.028367728431235
-1.0288584037681865,-34.537389692693694,-45.63715299315369,5.959049564033893,-44.291533923867696,-34.82370899956772,-1.0288584037681865,-34.537389692693694,-45.63715299315369,5.959049564033893,-44.291533923867696,-34.82370899956772,-3.452244940649102,-41.37668026280418,-35.533948685733066,5.127944511622937,-35.989144190991276,-41.03675223556422,-3.452244940649102,-41.37668026280418,-35.533948685733066,5.127944511622937,-35.989144190991276,-41.03675223556422
-14.119629360447668,-34.880128785651955,-46.60509436369749,4.027851505100127,-43.18008544820397,-35.033569186177395,-14.119629360447668,-34.880128785651955,-46.60509436369749,4.027851505100127,-43.18008544820397,-35.033569186177395,7.4227509881855935,-41.34006941856781,-36.70029479878259,11.738324916186807,-36.73084050974685,-40.779239361550275,7.4227509881855935,-41.34006941856781,-36.70029479878259,11.738324916186807,-36.73084050974685,-40.779239361550275
-20.74375138913814,-35.555655983237195,-47.271570462827114,5.78956501797901,-41.91463627663645,-35.585357031970865,-20.74375138913814,-35.555655983237195,-47.271570462827114,5.78956501797901,-41.91463627663645,-35.585357031970865,7.44261137297444,-41.296908952236066,-38.0483539590053,15.105263309376678,-37.74649743127178,-41.05759172623618,7.44261137297444,-41.296908952236066,-38.0483539590053,15.105263309376678,-37.74649743127178,-41.05759172623618
-3.863971266403153,-36.52093977174383,-47.59480010100602,7.307373557499092,-40.56233903237707,-36.44558416054638,-3.863971266403153,-36.52093977174383,-47.59480010100602,7.307373557499092,-40.56233903237707,-36.44558416054638,-3.4557452092447987,-41.250962828353565,-39.48317571071934,7.045525334359778,-38.968008941531195,-41.00516325607832,-3.4557452092447987,-41.250962828353565,-39.48317571071934,7.045525334359778,-38.968008941531195,-41.00516325607832
-6.895112430186312,-37.714490957660324,-47.554520107815634,5.189503303965562,-39.19495503887951,-37.56204280746673,-6.895112430186312,-37.714490957660324,-47.554520107815634,5.189503303965562,-39.19495503887951,-37.56204280746673,9.343518168431874,-41.20623794480521,-40.9036984809853,7.148042240258296,-40.3134652161559,-40.78518923688244,9.343518168431874,-41.20623794480521,-40.9036984809853,7.148042240258296,-40.3134652161559,-40.78518923688244
-22.0410746064154,-39.06027956854637,-47.153255624115715,4.168657159232703,-37.885046216578566,-38.86697434468299,-22.0410746064154,-39.06027956854637,-47.153255624115715,4.168657159232703,-37.885046216578566,-38.86697434468299,5.186821259879757,-41.166634696796294,-42.209867844654,15.163650018546935,-41.69264517558539,-41.08255560533831,5.186821259879757,-41.166634696796294,-42.209867844654,15.163650018546935,-41.69264517558539,-41.08255560533831
-10.346417090434711,-40.47257801081169,-46.41616180171097,6.526070956073418,-36.7021244949634,-40.281181597357715,-10.346417090434711,-40.47257801081169,-46.41616180171097,6.526070956073418,-36.7021244949634,-40.281181597357715,-2.723153378546616,-41.13560682878385,-43.309683851027785,11.610674429252489,-43.01306636075056,-40.971416461350884,-2.723153378546616,-41.13560682878385,-43.309683851027785,11.610674429252489,-43.01306636075056,-40.971416461350884
-1.889819079001068,-41.861421972150325,-45.389446834324026,6.993745345346492,-35.70896307618731,-41.718835373803074,-1.889819079001068,-41.861421972150325,-45.389446834324026,6.993745345346492,-35.70896307618731,-41.718835373803074,10.737601722905076,-41.11586023820181,-44.1256810341592,5.124507189107713,-44.18618644809401,-40.79780192707266,10.737601722905076,-41.11586023820181,-44.1256810341592,5.124507189107713,-44.18618644809401,-40.79780192707266
-18.42166516732251,-43.13834120566403,-44.137475179597715,4.526590838900444,-34.95826529756496,-43.0926834969955,-18.42166516732251,-43.13834120566403,-44.137475179597715,4.526590838900444,-34.95826529756496,-43.0926834969955,2.814447367988226,-41.109116997890084,-44.60038468770031,11.4695670089125,-45.13334055438596,-41.10225835141686,2.814447367988226,-41.109116997890084,-44.60038468770031,11.4695670089125,-45.13334055438596,-41.10225835141686
-17.4220188509513,-44.221995141062955,-42.73873257028196,4.637839077106193,-34.48986786388619,-44.319346198027375,-17.4220188509513,-44.221995141062955,-42.73873257028196,4.637839077106193,-34.48986786388619,-44.319346198027375,-1.32674698147886,-41.11596517650516,-44.70035909195311,15.224392177752943,-45.79101619870002,-40.936865047520385,-1.32674698147886,-41.11596517650516,-44.70035909195311,15.224392177752943,-45.79101619870002,-40.936865047520385
-1.4619721707840174,-45.043354330917616,-41.28090576686052,7.078888967000173,-34.32862686347441,-45.324376490501706,-1.4619721707840174,-45.043354330917616,-41.28090576686052,7.078888967000173,-34.32862686347441,-45.324376490501706,11.467461324530397,-41.13580755386632,-44.418562556522666,7.263002134860683,-46.11511220305682,-40.816571682054935,11.467461324530397,-41.13580755386632,-44.418562556522666,7.263002134860683,-46.11511220305682,-40.816571682054935
-11.590792572404231,-45.550097670523726,-39.855385500471336,6.394843600617163,-34.48309874916102,-46.04677840833096,-11.590792572404231,-45.550097670523726,-39.855385500471336,6.394843600617163,-34.48309874916102,-46.04677840833096,0.5595481796563089,-41.1669137037012,-43.774843401303386,6.935296676120281,-46.08389594637773,-41.11590991373883,0.5595481796563089,-41.1669137037012,-43.774843401303386,6.935296676120281,-46.08389594637773,-41.11590991373883
-21.757136603850437,-45.70994528567152,-38.55153721500032,4.11430629304659,-34.94508627954787,-46.44270889204609,-21.757136603850437,-45.70994528567152,-38.55153721500032,4.11430629304659,-34.94508627954787,-46.44270889204609,0.5957044831606622,-41.206570901726465,-42.81454194141104,15.037753270293894,-45.69946066976657,-40.9028944747513,0.5957044831606622,-41.206570901726465,-42.81454194141104,15.037753270293894,-45.69946066976657,-40.9028944747513
-5.813149972863701,-45.512714781238174,-37.45109877383566,5.333484196411897,-35.69007351574644,-46.488138653636035,-5.813149972863701,-45.512714781238174,-37.45109877383566,5.333484196411897,-35.69007351574644,-46.488138653636035,11.4610890021893,-41.25132069857879,-41.605296945157306,11.877614452530299,-44.98758511187967,-40.840745862647765,11.4610890021893,-41.25132069857879,-41.605296945157306,11.877614452530299,-44.98758511187967,-40.840745862647765
-4.766793650984258,-44.97096986625717,-36.623056337386686,7.3279390258335475,-36.67852678995354,-46.180310530239105,-4.766793650984258,-44.97096986625717,-36.623056337386686,7.3279390258335475,-36.67852678995354,-46.180310530239105,-1.3554078806860765,-41.297260526398134,-40.232281501983074,5.1354949314885205,-43.99600488669143,-41.12296288501512,-1.3554078806860765,-41.297260526398134,-40.232281501983074,5.1354949314885205,-43.99600488669143,-41.12296288501512
-21.309297893420734,-44.119220037632736,-36.119319641091586,5.64075839818873,-37.857992608360966,-45.53790681821592,-21.309297893420734,-44.119220037632736,-36.119319641091586,5.64075839818873,-37.857992608360966,-45.53790681821592,2.8545318937541797,-41.34038403637055,-38.79220386167027,11.197897119583073,-42.791211518359496,-40.870866912347815,2.8545318937541797,-41.34038403637055,-38.79220386167027,11.197897119583073,-42.791211518359496,-40.870866912347815
-12.893313405054297,-43.011722303158486,-35.97146778945512,4.042203800971465,-39.165881160587446,-44.59991543198705,-12.893313405054297,-43.011722303158486,-35.97146778945512,4.042203800971465,-39.165881160587446,-44.59991543198705,10.71911344940321,-41.376930486864374,-37.38649579531589,15.330349494883954,-41.453993777495185,-40.86935512026285,10.71911344940321,-41.376930486864374,-37.38649579531589,15.330349494883954,-41.453993777495185,-40.86935512026285
-1.1647667300795863,-41.71902497548558,-36.18876957132751,6.104488389544321,-40.53278772527048,-43.42326370121885,-1.1647667300795863,-41.71902497548558,-36.18876957132751,6.104488389544321,-40.53278772527048,-43.42326370121885,-2.7414911882462363,-41.403712712503946,-36.114168255402134,7.4890608422216385,-40.07402029953689,-41.123134451616366,-2.7414911882462363,-41.403712712503946,-36.114168255402134,7.4890608422216385,-40.07402029953689,-41.123134451616366
-16.289500040332957,-40.32347369957367,-36.75760240227265,7.219123876910088,-41.886175717324996,-42.07936341280391,-16.289500040332957,-40.32347369957367,-36.75760240227265,7.219123876910088,-41.886175717324996,-42.07936341280391,5.226879267341826,-41.41839507245168,-35.06483754606168,6.7320284311913845,-38.74382675382913,-40.84206661779627,5.226879267341826,-41.41839507245168,-35.06483754606168,6.7320284311913845,-38.74382675382913,-40.84206661779627
-19.36667331087267,-38.913965982540894,-37.642306320357505,4.895287892451873,-43.154225931418395,-40.649776781364395,-19.36667331087267,-38.913965982540894,-37.642306320357505,4.895287892451873,-43.154225931418395,-40.649776781364395,9.314737997411054,-41.41969713841357,-34.31241320476349,14.899194937224062,-37.55261076052602,-40.901252266337785,9.314737997411054,-41.41969713841357,-34.31241320476349,14.899194937224062,-37.55261076052602,-40.901252266337785
-2.4817916100669155,-37.58028836571445,-38.78741949861839,4.32594506123516,-44.26964771680465,-39.22126638345486,-2.4817916100669155,-37.58028836571445,-38.78741949861839,4.32594506123516,-44.26964771680465,-39.22126638345486,-3.46195072055845,-41.40750535901881,-33.90989218904506,12.140527557426905,-36.58025064412778,-41.11641773397775,-3.46195072055845,-41.40750535901881,-33.90989218904506,12.140527557426905,-36.58025064412778,-41.11641773397775
-9.062799643410585,-36.40739696463204,-40.121155130590495,6.783378453931835,-45.17324983881386,-37.88052947829066,-9.062799643410585,-36.40739696463204,-40.121155130590495,6.783378453931835,-45.17324983881386,-37.88052947829066,7.4786907378638325,-41.38288296247783,-33.8856260393964,5.16087771619497,-35.89194910283982,-40.817648439955306,7.4786907378638325,-41.38288296247783,-33.8856260393964,5.16087771619497,-35.89194910283982,-40.817648439955306
-22.183333457474056,-35.47000571025197,-41.559901723972985,6.7760797360128535,-45.81708153482663,-36.70893629263217,-22.183333457474056,-35.47000571025197,-41.559901723972985,6.7760797360128535,-45.81708153482663,-36.70893629263217,7.386518372220197,-41.34797723392119,-34.24132394042512,10.924057550677562,-35.533860968512876,-40.93515827288651,7.386518372220197,-41.34797723392119,-34.24132394042512,10.924057550677562,-35.533860968512876,-40.93515827288651
-8.097357570317776,-34.827827023856855,-43.01346468035243,4.320359001743084,-46.16697708071428,-35.77759160685804,-8.097357570317776,-34.827827023856855,-43.01346468035243,4.320359001743084,-46.16697708071428,-35.77759160685804,-3.4457059176362552,-41.30583225363482,-34.95193233455427,15.422845746243471,-35.52999824262643,-41.10308206245922,-3.4457059176362552,-41.30583225363482,-34.95193233455427,15.422845746243471,-35.52999824262643,-41.10308206245922
-3.0340261323782034,-34.52176809770162,-44.39072056790133,4.903897390149829,-46.204368837187616,-35.14301935790295,-3.0340261323782034,-34.52176809770162,-44.39072056790133,4.903897390149829,-46.204368837187616,-35.14301935790295,9.387802515225957,-41.26012342703051,-35.96739956765411,7.723083780559261,-35.88061994459716,-40.79859151133897,9.387802515225957,-41.26012342703051,-35.96739956765411,7.723083780559261,-35.88061994459716,-40.79859151133897
-20.01623628968438,-34.571325080753375,-45.60532962236808,7.222689700938806,-45.92727256450773,-34.84373216341326,-20.01623628968438,-34.571325080753375,-45.60532962236808,7.222689700938806,-45.92727256450773,-34.84373216341326,5.124692782346022,-41.2148369576259,-37.216201273912034,6.538792909393962,-36.562214742941784,-40.96971355961398,5.124692782346022,-41.2148369576259,-37.216201273912034,6.538792909393962,-36.562214742941784,-40.96971355961398
-15.365714379625082,-34.97334116155735,-46.58114836136278,6.095042164267921,-45.350392718618785,-34.89789396501562,-15.365714379625082,-34.97334116155735,-46.58114836136278,6.095042164267921,-45.350392718618785,-34.89789396501562,-2.694359492243943,-41.17392221575168,-38.61037818969611,14.748353611880566,-37.529077533979745,-41.08366217759981,-2.694359492243943,-41.17392221575168,-38.61037818969611,14.748353611880566,-37.529077533979745,-41.08366217759981
-1.0436107342237602,-35.70220765914138,-47.25700299674736,4.0408545521683665,-44.50434214103185,-35.30221764645245,-1.0436107342237602,-35.70220765914138,-47.25700299674736,4.0408545521683665,-44.50434214103185,-35.30221764645245,10.765861571777087,-41.1409473194301,-40.051731558333856,12.398695368233808,-38.71637424882353,-40.7856599863632,10.765861571777087,-41.1409473194301,-40.051731558333856,12.398695368233808,-38.71637424882353,-40.7856599863632
-13.886400503270439,-36.7114953123414,-47.59052440132128,5.650521227333399,-43.434017550581586,-36.03216453088388,-13.886400503270439,-36.7114953123414,-47.59052440132128,5.650521227333399,-43.434017550581586,-36.03216453088388,2.7524130112111918,-41.11878796373968,-41.43873975289008,5.200586188084099,-40.04448937458587,-41.00353251105831,2.7524130112111918,-41.11878796373968,-41.43873975289008,5.200586188084099,-40.04448937458587,-41.00353251105831
-20.862406365160915,-37.93691185337483,-47.56080421687452,7.326997407694293,-42.1962170435899,-37.04343364973063,-20.862406365160915,-37.93691185337483,-47.56080421687452,7.326997407694293,-42.1962170435899,-37.04343364973063,-1.2820393062050437,-41.109376635426706,-42.67370894508664,10.648796533039192,-41.42436466189312,-41.058936787819476,-1.2820393062050437,-41.109376635426706,-42.67370894508664,10.648796533039192,-41.42436466189312,-41.058936787819476
-4.0293292737042155,-39.30039746633987,-47.16970559297998,5.323942319803431,-40.85662603273496,-38.27465039832627,-4.0293292737042155,-39.30039746633987,-47.16970559297998,5.323942319803431,-40.85662603273496,-38.27465039832627,11.476908557906963,-41.113534083410244,-43.66965416348301,15.501628197910147,-42.76347102568541,-40.77937239989338,11.476908557906963,-41.113534083410244,-43.66965416348301,15.501628197910147,-42.76347102568541,-40.77937239989338
-6.681872390264688,-40.715097247316415,-46.44174638669775,4.117486931183258,-39.486331569501715,-39.65109140205617,-6.681872390264688,-40.715097247316415,-46.44174638669775,4.117486931183258,-39.486331569501715,-39.65109140205617,0.5037282552138467,-41.130897742404606,-44.35642607405051,7.964431512771042,-43.972013186795216,-41.03525903770432,0.5037282552138467,-41.130897742404606,-44.35642607405051,7.964431512771042,-43.972013186795216,-41.03525903770432
-21.997690267822698,-42.09089391719036,-45.42256214536743,6.403639134269617,-38.158050021995976,-41.08921952834526,-21.997690267822698,-42.09089391719036,-45.42256214536743,6.403639134269617,-38.158050021995976,-41.08921952834526,0.6519150867635979,-41.159953351736206,-44.68565194376524,6.356118101543891,-44.96895099510688,-41.02989734437286,0.6519150867635979,-41.159953351736206,-44.68565194376524,6.356118101543891,-44.96895099510688,-41.02989734437286
-10.584473046470038,-43.3401483498578,-44.17604522764252,7.073644439699104,-36.94226829106203,-42.501753811557506,-10.584473046470038,-43.3401483498578,-44.17604522764252,7.073644439699104,-36.94226829106203,-42.501753811557506,11.450791555730076,-41.198167011921534,-44.63414277078361,14.58564144847632,-45.687433667717656,-40.779980874769635,11.450791555730076,-41.198167011921534,-44.63414277078361,14.58564144847632,-45.687433667717656,-40.779980874769635
-1.79703500228592,-44.38328224050305,-42.780339410423885,4.630274182036399,-35.90350333583163,-43.80296659365035,-1.79703500228592,-44.38328224050305,-42.780339410423885,4.630274182036399,-35.90350333583163,-43.80296659365035,-1.3995061773013306,-41.24220616253476,-44.20552660021723,12.651412475139706,-46.07928254316447,-41.063620953150576,-1.3995061773013306,-41.24220616253476,-44.20552660021723,12.651412475139706,-46.07928254316447,-41.063620953150576
-18.23668186237058,-45.15384729441271,-41.32294107859694,4.53361048361672,-35.0968785016056,-44.913886393541596,-18.23668186237058,-45.15384729441271,-41.32294107859694,4.53361048361672,-35.0968785016056,-44.913886393541596,2.91669968577832,-41.28823021019097,-43.429992983021094,5.25451184894458,-46.11822175560608,-40.99770828563264,2.91669968577832,-41.28823021019097,-43.429992983021094,5.25451184894458,-46.11822175560608,-40.99770828563264
-17.62061369549484,-45.60275802576669,-39.89521410254175,6.9996630670618725,-34.56519833145311,-45.76709073954353,-17.62061369549484,-45.60275802576669,-39.89521410254175,6.9996630670618725,-34.56519833145311,-45.76709073954353,10.690087269497859,-41.332225461380794,-42.362166577016,10.372866181434725,-45.80164019247793,-40.7874610120569,10.690087269497859,-41.332225461380794,-42.362166577016,10.372866181434725,-45.80164019247793,-40.7874610120569
-1.5333588839124204,-45.701418534417904,-38.5866622641207,6.517662706389162,-34.336677090267486,-46.31079808462802,-1.5333588839124204,-45.701418534417904,-38.5866622641207,6.517662706389162,-34.336677090267486,-46.31079808462802,-2.7695171177113007,-41.37035515112729,-41.07725966281323,15.566481587128038,-45.15076658557395,-41.08748098688675,-2.7695171177113007,-41.37035515112729,-41.07725966281323,15.566481587128038,-45.15076658557395,-41.08748098688675
-11.351364405471001,-45.443544082985845,-37.47931829106516,4.164712449740861,-34.42344153995287,-46.51201046342985,-11.351364405471001,-45.443544082985845,-37.47931829106516,4.164712449740861,-34.42344153995287,-46.51201046342985,5.288870771482126,-41.39929404195041,-39.665774571921865,8.212444587711746,-44.20924599462554,-40.96366034484738,5.288870771482126,-41.39929404195041,-39.665774571921865,8.212444587711746,-44.20924599462554,-40.96366034484738
-21.822703213020674,-44.84556143863948,-36.64260124953666,5.198837187442073,-34.82088741782623,-46.35851616101298,-21.822703213020674,-44.84556143863948,-36.64260124953666,5.198837187442073,-34.82088741782623,-46.35851616101298,9.269846807875435,-41.41651841322625,-38.22712916115623,6.184503142686439,-43.04021313886943,-40.80151286940586,9.269846807875435,-41.41651841322625,-38.22712916115623,6.184503142686439,-43.04021313886943,-40.80151286940586
-6.015073926857424,-43.94556247754289,-36.12896468339987,7.309128052988081,-35.50792376750317,-45.85963085008386,-6.015073926857424,-43.94556247754289,-36.12896468339987,7.309128052988081,-35.50792376750317,-45.85963085008386,-3.4711392437959487,-41.42052615137041,-36.86265432262215,14.41150303673884,-41.722058827637134,-41.105882387145016,-3.4711392437959487,-41.42052615137041,-36.86265432262215,14.41150303673884,-41.722058827637134,-41.105882387145016
-4.585726193669161,-42.80087770802739,-35.970608317072035,5.779819438705781,-36.448092156547744,-45.04563221653403,-4.585726193669161,-42.80087770802739,-35.970608317072035,5.779819438705781,-36.448092156547744,-45.04563221653403,7.534389870383381,-41.41096774708514,-35.668456749191925,12.897988361666266,-40.343173376711505,-40.92911879366331,7.534389870383381,-41.41096774708514,-35.668456749191925,12.897988361666266,-40.343173376711505,-40.92911879366331
-21.210944835686185,-41.48442428061491,-36.17745946432255,4.028383828837259,-37.59150138821782,-43.96592238626825,-21.210944835686185,-41.48442428061491,-36.17745946432255,4.028383828837259,-37.59150138821782,-43.96592238626825,7.330191139218407,-41.388676775581516,-34.728649666098654,5.322507353953711,-38.99601949656406,-40.82157298829386,7.330191139218407,-41.388676775581516,-34.728649666098654,5.322507353953711,-38.99601949656406,-40.82157298829386
-13.130638980142606,-40.080061118982506,-36.73655068790896,5.9686702325016725,-38.87747503944028,-42.68602967687496,-13.130638980142606,-40.080061118982506,-36.73655068790896,5.9686702325016725,-38.87747503944028,-42.68602967687496,-3.4351504946565408,-41.35559720163878,-34.109428321611716,10.097020439498534,-37.77093210159749,-41.11808728521888,-3.4351504946565408,-41.35559720163878,-34.109428321611716,10.097020439498534,-37.77093210159749,-41.11808728521888
-1.127369151658435,-38.67724705299436,-37.61283272438209,7.264813845077738,-40.23777133014094,-41.2836316398487,-1.127369151658435,-38.67724705299436,-37.61283272438209,7.264813845077738,-40.23777133014094,-41.2836316398487,9.431713997968703,-41.31461384912594,-33.854407529206526,15.617228710484454,-36.75006080114076,-40.89546869676755,9.431713997968703,-41.31461384912594,-33.854407529206526,15.617228710484454,-36.75006080114076,-40.89546869676755
-16.073565944263393,-37.365342234132655,-38.75137171204588,5.020384809153236,-41.60020445758729,-39.84384075761713,-16.073565944263393,-37.365342234132655,-38.75137171204588,5.020384809153236,-41.60020445758729,-39.84384075761713,5.062486752447333,-41.269300819504096,-33.98154966113032,8.46644534205798,-36.001861265256544,-40.84683698787118,5.062486752447333,-41.269300819504096,-33.98154966113032,8.46644534205798,-36.001861265256544,-40.84683698787118
-19.527585562744623,-36.22791583680675,-40.080792978499574,4.250900857037147,-42.89247522516641,-38.45403890959541,-19.527585562744623,-36.22791583680675,-40.080792978499574,4.250900857037147,-42.89247522516641,-38.45403890959541,-2.665101521408512,-41.22360979938373,-34.48189946992905,6.024416948274513,-35.57650485300487,-41.123606282898045,-2.665101521408512,-41.22360979938373,-34.48189946992905,6.024416948274513,-35.57650485300487,-41.123606282898045
-2.6056836219730233,-35.33742264859627,-41.51775549774067,6.675890806433678,-44.04600768854676,-37.19857410700715,-2.6056836219730233,-35.33742264859627,-41.51775549774067,6.675890806433678,-44.04600768854676,-37.19857410700715,10.793653096483304,-41.181525439403664,-35.32021485069542,14.226414187126327,-35.502514315689645,-40.864059372859714,10.793653096483304,-41.181525439403664,-35.32021485069542,14.226414187126327,-35.502514315689645,-40.864059372859714
-8.83102094815488,-34.75058765403209,-42.97217651443616,6.876346126802035,-44.99958822286164,-36.153641355213026,-8.83102094815488,-34.75058765403209,-42.97217651443616,6.876346126802035,-44.99958822286164,-36.153641355213026,2.6904654332705444,-41.146717858362656,-36.43744911634213,13.137749291420779,-35.784851171778364,-40.87629181943362,2.6904654332705444,-41.146717858362656,-36.43744911634213,13.137749291420779,-35.784851171778364,-40.87629181943362
-22.192019256939357,-34.50479261687088,-44.35287880521064,4.404318944651514,-45.70261389931547,-35.3826583274603,-22.192019256939357,-34.50479261687088,-44.35287880521064,4.404318944651514,-45.70261389931547,-35.3826583274603,-1.2369653798313944,-41.1222225772376,-37.75490994700911,5.404386914277935,-36.4045830067167,-41.122218076606636,-1.2369653798313944,-41.1222225772376,-37.75490994700911,5.404386914277935,-36.4045830067167,-41.122218076606636
-8.324167973376294,-34.61569483788183,-45.57330655181408,4.783929634640245,-46.11777779209856,-34.93241650353518,-8.324167973376294,-34.61569483788183,-45.57330655181408,4.783929634640245,-46.11777779209856,-34.93241650353518,11.485838211878916,-41.11017579559956,-39.179802078285164,9.822013019680124,-37.32015300722089,-40.8361502889845,11.485838211878916,-41.11017579559956,-39.179802078285164,9.822013019680124,-37.32015300722089,-40.8361502889845
-2.8956043932057103,-35.07622977479265,-46.5569514997673,7.166880426360919,-46.22304871648245,-34.83024136330506,-2.8956043932057103,-35.07622977479265,-46.5569514997673,7.166880426360919,-46.22304871648245,-34.83024136330506,0.44815087920944396,-41.11162809660521,-40.61176332937417,15.653730908095138,-38.47016660000271,-40.90875638816459,0.44815087920944396,-41.11162809660521,-40.61176332937417,15.653730908095138,-38.47016660000271,-40.90875638816459
-19.86860335893769,-35.857061058142165,-47.24214923820734,6.228105675147444,-46.01284034084735,-35.08233398492165,-19.86860335893769,-35.857061058142165,-47.24214923820734,6.228105675147444,-46.01284034084735,-35.08233398492165,0.7083579736900103,-41.1264528270935,-41.94993360650458,8.725739751934697,-39.77750833374157,-41.11397833134656,0.7083579736900103,-41.1264528270935,-41.94993360650458,8.725739751934697,-39.77750833374157,-41.11397833134656
-15.58858240849555,-36.908449236741255,-47.58594492356643,4.065440213819324,-45.4983076322691,-35.6733946972068,-15.58858240849555,-36.908449236741255,-47.58594492356643,4.065440213819324,-45.4983076322691,-35.6733946972068,11.439978339027672,-41.15335714283257,-43.10005897680564,5.876296932918452,-41.154512942165404,-40.812860557781576,11.439978339027672,-41.15335714283257,-43.10005897680564,5.876296932918452,-41.154512942165404,-40.812860557781576
-1.0637627700602827,-38.16342021246523,-47.56678610601084,5.511688642890662,-44.70675490441437,-36.567551627011845,-1.0637627700602827,-38.16342021246523,-47.56678610601084,5.511688642890662,-44.70675490441437,-36.567551627011845,-1.4432300857167233,-41.18999475567621,-43.98113043768782,14.030880630737762,-42.50884383680663,-40.94292891327577,-1.4432300857167233,-41.18999475567621,-43.98113043768782,14.030880630737762,-42.50884383680663,-40.94292891327577
-13.652005475324652,-39.54203153305604,-47.18587384614673,7.334989083358578,-43.68018688041265,-37.71053778738594,-13.652005475324652,-39.54203153305604,-47.18587384614673,7.334989083358578,-43.68018688041265,-37.71053778738594,2.9789428762684063,-41.23317055010637,-44.531089780455574,13.370040148988398,-43.7496848405058,-41.099217448613956,2.9789428762684063,-41.23317055010637,-44.531089780455574,13.370040148988398,-43.7496848405058,-41.099217448613956
-20.976328687483516,-40.956464777363,-46.46708742088585,5.460899641930243,-42.473079660344595,-39.032984577602576,-20.976328687483516,-40.956464777363,-46.46708742088585,5.460899641930243,-42.473079660344595,-39.032984577602576,10.66059801441908,-41.279119224836194,-44.71120065603527,5.499926804716553,-44.793829968031,-40.795124062737784,10.66059801441908,-41.279119224836194,-44.71120065603527,5.499926804716553,-44.793829968031,-40.795124062737784
-4.198560537813897,-42.31661964482738,-45.455487338638406,4.077357952171821,-41.149489879709776,-40.45463181031017,-4.198560537813897,-42.31661964482738,-45.455487338638406,4.077357952171821,-41.149489879709776,-40.45463181031017,-2.7970737563662036,-41.32383365952491,-44.50877696709961,9.548595343823349,-45.57126289674183,-40.97743912747525,-2.7970737563662036,-41.32383365952491,-44.50877696709961,9.548595343823349,-45.57126289674183,-40.97743912747525
-6.471149494504874,-43.53585340214422,-44.21449050936846,6.276098155507169,-39.779655464948185,-41.889198756416306,-6.471149494504874,-43.53585340214422,-44.21449050936846,6.276098155507169,-39.779655464948185,-41.889198756416306,5.350773350417525,-41.363414370197816,-43.93807641247397,15.675888442474275,-46.02985198963377,-41.07852731779196,5.350773350417525,-41.363414370197816,-43.93807641247397,15.675888442474275,-46.02985198963377,-41.07852731779196
-21.948992861646236,-44.53650008068068,-42.8218946572639,7.143701158681404,-38.43626837112591,-43.24962058071198,-21.948992861646236,-44.53650008068068,-42.8218946572639,7.143701158681404,-38.43626837112591,-43.24962058071198,9.22459092524969,-41.39440957784776,-43.03929624708493,8.98961932924474,-46.138846040728865,-40.78365201085209,9.22459092524969,-41.39440957784776,-43.03929624708493,8.98961932924474,-46.138846040728865,-40.78365201085209
-10.8230509421182,-45.25481784825656,-41.365001204417055,4.7413762147499705,-37.190617093558394,-44.45333236542238,-10.8230509421182,-45.25481784825656,-41.365001204417055,4.7413762147499705,-37.190617093558394,-44.45333236542238,-3.4798098738589944,-41.41411623330583,-41.87574199103102,5.740547815207751,-45.89093633168308,-41.010903222642305,-3.4798098738589944,-41.41411623330583,-41.87574199103102,5.740547815207751,-45.89093633168308,-41.010903222642305
-1.7092654428014793,-45.6450494045429,-39.93514237049408,4.4374834554878335,-36.10880365576115,-45.42728003073623,-1.7092654428014793,-45.6450494045429,-39.93514237049408,4.4374834554878335,-36.10880365576115,-45.42728003073623,7.5898445273889745,-41.42081574641903,-40.529368509560605,13.82543663746875,-45.302746726092394,-41.05273758226919,7.5898445273889745,-41.42081574641903,-40.529368509560605,13.82543663746875,-45.302746726092394,-41.05273758226919
-18.048308305342275,-45.68233675030191,-38.6219555828964,6.911117429398607,-35.24823582393006,-46.112354036166124,-18.048308305342275,-45.68233675030191,-38.6219555828964,6.911117429398607,-35.24823582393006,-46.112354036166124,7.273633575839872,-41.413923861919336,-39.09500752768675,13.594226229950536,-44.413718937673714,-40.77890441429565,7.273633575839872,-41.413923861919336,-39.09500752768675,13.594226229950536,-44.413718937673714,-40.77890441429565
-17.816133252810232,-45.36430465780655,-37.507764132948864,6.634567141476303,-34.65458069292586,-46.46697677841439,-17.816133252810232,-45.36430465780655,-37.507764132948864,6.634567141476303,-34.65458069292586,-46.46697677841439,-3.4240796714945825,-41.39404161151718,-37.673688164056344,5.6088659750016046,-43.28346772191414,-41.041979338469226,-3.4240796714945825,-41.39404161151718,-37.673688164056344,5.6088659750016046,-43.28346772191414,-41.041979338469226
-1.6098949186845815,-44.71121197436298,-36.662416353113706,4.225826233198241,-34.35934130548326,-46.46962596415132,-1.6098949186845815,-44.71121197436298,-36.662416353113706,4.225826233198241,-34.35934130548326,-46.46962596415132,9.475249574850292,-41.36290289875766,-36.365520951818276,9.27751449000439,-41.98778334177769,-41.02288237197718,9.475249574850292,-41.36290289875766,-36.365520951818276,9.27751449000439,-41.98778334177769,-41.02288237197718
-11.11206610494568,-43.764661120804725,-36.138906845687565,5.067592283608325,-34.37818490433925,-46.120140812508325,-11.11206610494568,-43.764661120804725,-36.138906845687565,5.067592283608325,-34.37818490433925,-46.120140812508325,5.0002074792874485,-41.32322328769172,-35.262646559998934,15.683640771054144,-40.61354936661528,-40.78107164460979,5.0002074792874485,-41.32322328769172,-35.262646559998934,15.683640771054144,-40.61354936661528,-40.78107164460979
-21.883046216736247,-42.58494799072944,-35.97005426685707,7.278811142759217,-34.71011153064728,-45.4397318129773,-21.883046216736247,-42.58494799072944,-35.97005426685707,7.278811142759217,-34.71011153064728,-45.4397318129773,-2.635381492780068,-41.27846318229293,-34.44274587171755,9.257363057520017,-39.252916596974025,-41.0694213690584,-2.635381492780068,-41.27846318229293,-34.44274587171755,9.257363057520017,-39.252916596974025,-41.0694213690584
-6.2198559257169865,-41.24722106358638,-36.166443934849084,5.918178264785834,-35.33750708802846,-44.46969344650256,-6.2198559257169865,-41.24722106358638,-36.166443934849084,5.918178264785834,-35.33750708802846,-44.46969344650256,10.82097437186367,-41.23252604941542,-33.963568536443006,5.617540511870401,-37.997123789309555,-40.990158836322465,10.82097437186367,-41.23252604941542,-33.963568536443006,5.617540511870401,-37.997123789309555,-40.990158836322465
-4.40824753523927,-39.83669439856585,-36.71576423946162,4.026234570076815,-36.22707805635075,-43.268897995589114,-4.40824753523927,-39.83669439856585,-36.71576423946162,4.026234570076815,-36.22707805635075,-43.268897995589114,2.628608925366695,-41.18941800285098,-33.85886537734335,13.610643556188828,-36.93037953883854,-40.790066799091136,2.628608925366695,-41.18941800285098,-33.85886537734335,13.610643556188828,-36.93037953883854,-40.790066799091136
-21.107680933961664,-38.44321944463169,-37.583578453266256,5.830815734191657,-37.33161825349419,-41.91022254578397,-21.107680933961664,-38.44321944463169,-37.583578453266256,5.830815734191657,-37.33161825349419,-41.91022254578397,-1.1915283246905828,-41.152898435688854,-34.13601115434098,13.809694975131757,-36.12421557773799,-41.092128929910366,-1.1915283246905828,-41.152898435688854,-34.13601115434098,13.809694975131757,-36.12421557773799,-41.092128929910366
-13.367184767538767,-37.15556144586727,-38.715483559865525,7.299310931330464,-38.59251388970911,-40.47612602621613,-13.367184767538767,-37.15556144586727,-38.715483559865525,7.299310931330464,-38.59251388970911,-40.47612602621613,11.494249667875913,-41.126152168846566,-34.77548512339682,5.730906763083619,-35.6326901346138,-40.95587914028078,11.494249667875913,-41.126152168846566,-34.77548512339682,5.730906763083619,-35.6326901346138,-40.95587914028078
-1.0953284571278612,-36.055745038763476,-40.040520762900556,5.150144498743378,-39.942853980760425,-39.05364472159144,-1.0953284571278612,-36.055745038763476,-40.040520762900556,5.150144498743378,-39.942853980760425,-39.05364472159144,0.39281990156563173,-41.11151170724473,-35.73224597879513,9.009511151238527,-35.48876299935029,-40.80552918546038,0.39281990156563173,-41.11151170724473,-35.73224597879513,9.009511151238527,-35.48876299935029,-40.80552918546038
-15.855347489114028,-35.21382923051479,-41.47562387200809,4.185955405981285,-41.310981061947295,-37.7291099813887,-15.855347489114028,-35.21382923051479,-41.47562387200809,4.185955405981285,-41.310981061947295,-37.7291099813887,0.7650292340622147,-41.1102538252806,-36.938904334462045,15.676966711609769,-35.702085367431366,-41.1091914817011,0.7650292340622147,-41.1102538252806,-36.938904334462045,15.676966711609769,-35.702085367431366,-41.1091914817011
-19.68444758803914,-34.683444595539406,-42.930826697725955,6.561370693883205,-42.62429377996845,-36.58290871205256,-19.68444758803914,-34.683444595539406,-42.930826697725955,6.561370693883205,-42.62429377996845,-36.58290871205256,11.428650101129612,-41.12248822109966,-38.310469290811284,9.528239362005973,-36.258352668202754,-40.92141784853851,11.428650101129612,-41.12248822109966,-38.310469290811284,9.528239362005973,-36.258352668202754,-40.92141784853851
-2.7341767295105885,-34.4983769736534,-44.314903005302874,6.968163946120542,-43.81309957340428,-35.68460464143966,-2.7341767295105885,-34.4983769736534,-44.314903005302874,6.968163946120542,-43.81309957340428,-35.68460464143966,-1.4865765771171775,-41.14714794997211,-39.75033476300224,5.5076111242913806,-37.12026377390118,-40.8268387850848,-1.4865765771171775,-41.14714794997211,-39.75033476300224,5.5076111242913806,-37.12026377390118,-40.8268387850848
-8.600660644885487,-34.670415290507904,-45.54108546037318,4.497293826423457,-44.814312994563466,-35.08871644927303,-8.600660644885487,-34.670415290507904,-45.54108546037318,4.497293826423457,-44.814312994563466,-35.08871644927303,3.0412571535516113,-41.182082471066394,-41.15708392398521,13.387088280929031,-38.230022268613496,-41.119924841550976,3.0412571535516113,-41.182082471066394,-41.15708392398521,13.387088280929031,-38.230022268613496,-41.119924841550976
-22.195292638126,-35.18860059549955,-46.53250504748596,4.670295077576203,-45.57480341667961,-34.83140899171013,-22.195292638126,-35.18860059549955,-46.53250504748596,4.670295077576203,-45.57480341667961,-34.83140899171013,10.630647726931214,-41.22424519313925,-42.43163249184832,14.015857644337695,-39.51321205177032,-40.88815680749882,10.630647726931214,-41.22424519313925,-42.43163249184832,14.015857644337695,-39.51321205177032,-40.88815680749882
-8.552655896995121,-36.01992415391939,-47.2270099659488,7.100570115525602,-46.054214476241576,-34.92829843183876,-8.552655896995121,-36.01992415391939,-47.2270099659488,7.100570115525602,-46.054214476241576,-34.92829843183876,-2.8241591953248104,-41.26995916354221,-43.48420772450564,5.865715708454269,-40.88378739323471,-40.85314111480068,-2.8241591953248104,-41.26995916354221,-43.48420772450564,5.865715708454269,-40.88378739323471,-40.85314111480068
-2.7616355276702684,-37.1114301244252,-47.581061907830865,6.357300076264984,-46.22710563326561,-35.37350448421024,-2.7616355276702684,-37.1114301244252,-47.581061907830865,6.357300076264984,-46.22710563326561,-35.37350448421024,5.412582716064758,-41.31523773017409,-44.24067155670807,8.745317611633244,-42.24984282624616,-41.123898617737765,5.412582716064758,-41.31523773017409,-44.24067155670807,8.745317611633244,-42.24984282624616,-41.123898617737765
-19.71674585626846,-38.393588879938385,-47.57246546161055,4.101434805896626,-46.08430220497099,-36.14000729332811,-19.71674585626846,-38.393588879938385,-47.57246546161055,4.101434805896626,-46.08430220497099,-36.14000729332811,9.178973484472095,-41.35613221189406,-44.647742509649746,15.655884500136594,-43.51977597157451,-40.85742973530173,9.178973484472095,-41.35613221189406,-44.647742509649746,15.655884500136594,-43.51977597157451,-40.85742973530173
-15.80941402611434,-39.784726089273676,-47.201759535958914,5.374048040383681,-45.63338223165285,-37.18128728689587,-15.80941402611434,-39.784726089273676,-47.201759535958914,5.374048040383681,-45.63338223165285,-37.18128728689587,-3.487962010121155,-41.3890762575399,-44.67674856832039,9.801508108589301,-44.60843003780114,-40.883381490413804,-3.487962010121155,-41.3890762575399,-44.67674856832039,9.801508108589301,-44.60843003780114,-40.883381490413804
-1.089304208549379,-41.196225424170954,-46.49218357571446,7.331292127705479,-44.89827433861483,-38.4341484800259,-1.089304208549379,-41.196225424170954,-46.49218357571446,7.331292127705479,-44.89827433861483,-38.4341484800259,7.6450508674544455,-41.41119686247782,-44.32564669294134,5.411060020159543,-45.44280410547976,-41.1209534677629,7.6450508674544455,-41.41119686247782,-44.32564669294134,5.411060020159543,-45.44280410547976,-41.1209534677629
-13.41656411106615,-42.538173475974176,-45.488220687959895,5.599407742308399,-43.91798793411323,-39.82255388217098,-13.41656411106615,-42.538173475974176,-45.488220687959895,5.599407742308399,-43.91798793411323,-39.82255388217098,7.216849599904537,-41.42056491936104,-43.61916672033407,13.155381647270634,-45.966948285667094,-40.83046874171586,7.216849599904537,-41.42056491936104,-43.61916672033407,13.155381647270634,-45.966948285667094,-40.83046874171586
-21.085460113317566,-43.72508729715809,-44.252809009195026,4.048553711329764,-42.74454312692911,-41.2622402333493,-21.085460113317566,-43.72508729715809,-44.252809009195026,4.048553711329764,-42.74454312692911,-41.2622402333493,-3.41249421504176,-41.41636345291201,-42.607069519538065,14.21215092501071,-46.14571550247994,-40.91634731796272,-3.41249421504176,-41.41636345291201,-42.607069519538065,14.21215092501071,-46.14571550247994,-40.91634731796272
-4.371578539246717,-44.68135971965277,-42.86339613217454,6.144349026546173,-41.440210215046235,-42.66583199820568,-4.371578539246717,-44.68135971965277,-42.86339613217454,6.144349026546173,-41.440210215046235,-42.66583199820568,9.518406230096877,-41.398958867205884,-41.360642088368564,6.012924463283651,-45.96711831968939,-41.111207487747954,9.518406230096877,-41.398958867205884,-41.360642088368564,6.012924463283651,-45.96711831968939,-41.111207487747954
-6.263051474985353,-45.346075579714004,-41.40708393922418,7.203420590163532,-40.074205235381235,-43.94814424616602,-6.263051474985353,-45.346075579714004,-41.40708393922418,7.203420590163532,-40.074205235381235,-43.94814424616602,4.937859277036997,-41.36986899207814,-39.96767645855248,8.485655745517587,-45.44313277170236,-40.808354922374285,4.937859277036997,-41.36986899207814,-39.96767645855248,8.485655745517587,-45.44313277170236,-40.808354922374285
-21.895007284432506,-45.67689205273785,-39.975168210998895,4.859112062379552,-38.7190169292967,-45.03135258230821,-21.895007284432506,-45.67689205273785,-39.975168210998895,4.859112062379552,-38.7190169292967,-45.03135258230821,-2.605201465108986,-41.33163071528496,-38.52628606991714,15.620451741022993,-44.608895297141814,-40.950716716928085,-2.605201465108986,-41.33163071528496,-38.52628606991714,15.620451741022993,-44.608895297141814,-40.950716716928085
-11.062028804432284,-45.6527359182178,-38.65741532099607,4.350137077220984,-37.446560038012265,-45.849716362363814,-11.062028804432284,-45.6527359182178,-38.65741532099607,4.350137077220984,-37.446560038012265,-45.849716362363814,10.847823505335263,-41.28757874403247,-37.137995156898775,10.07642262612477,-43.5203466255462,-41.09505147695634,10.847823505335263,-41.28757874403247,-37.137995156898775,10.07642262612477,-43.5203466255462,-41.09505147695634
-1.626555272735823,-45.275145937342714,-37.53643480814939,6.813877580165002,-36.324359058042276,-46.35356853674307,-1.626555272735823,-45.275145937342714,-37.53643480814939,6.813877580165002,-36.324359058042276,-46.35356853674307,2.566847772384742,-41.24155478977581,-35.900587895963554,5.328151012752145,-42.250480609007,-40.79197500845194,2.566847772384742,-41.24155478977581,-35.900587895963554,5.328151012752145,-42.250480609007,-40.79197500845194
-17.856640802220543,-44.56817483292686,-36.68250060926645,6.7447310404398415,-35.411964970389484,-46.51232997726302,-17.856640802220543,-44.56817483292686,-36.68250060926645,6.7447310404398415,-35.411964970389484,-46.51232997726302,-1.1457312882746677,-41.19757253787909,-34.90122098375854,12.916156763316717,-40.88444953754621,-40.98511152567005,-1.1457312882746677,-41.19757253787909,-34.90122098375854,12.916156763316717,-40.88444953754621,-40.98511152567005
-18.008477563525634,-43.57685711561298,-36.14914560671444,4.297215908203335,-34.75779509418933,-46.316365345054265,-18.008477563525634,-43.57685711561298,-36.14914560671444,4.297215908203335,-34.75779509418933,-46.316365345054265,11.502142343224655,-41.159467619668895,-34.210284761084175,14.398038471407851,-39.51385415680285,-41.07313326732566,11.502142343224655,-41.159467619668895,-34.210284761084175,14.398038471407851,-39.51385415680285,-41.07313326732566
-1.6915411460517493,-42.36434035679626,-35.96980566785755,4.940676657859021,-34.39656376187023,-45.777567865773875,-1.6915411460517493,-42.36434035679626,-35.96980566785755,4.940676657859021,-34.39656376187023,-45.777567865773875,0.3377391551366027,-41.13056311233387,-33.87644527400566,6.1721307988825975,-38.23060127729408,-40.78198581006805,0.3377391551366027,-41.13056311233387,-33.87644527400566,6.1721307988825975,-38.23060127729408,-40.78198581006805
-10.873020012086986,-41.00786264801732,-36.15572356042091,7.237202467417829,-34.347440160229105,-44.928637521720965,-10.873020012086986,-41.00786264801732,-36.15572356042091,7.237202467417829,-34.347440160229105,-44.928637521720965,0.8219249421781276,-41.1133797379615,-33.92321648419325,8.231235045014872,-37.12074086015332,-41.01815256365463,0.8219249421781276,-41.1133797379615,-33.92321648419325,8.231235045014872,-37.12074086015332,-41.01815256365463
-21.93813476463707,-39.59383248522556,-36.695244146707026,6.054857447535627,-34.61303109385824,-43.821096467863676,-21.93813476463707,-39.59383248522556,-36.695244146707026,6.054857447535627,-34.61303109385824,-43.821096467863676,11.41680762675847,-41.10941603485296,-34.34730406462395,15.570765249653814,-36.25869584047279,-41.04633174637319,11.41680762675847,-41.10941603485296,-34.34730406462395,15.570765249653814,-36.25869584047279,-41.04633174637319
-6.427391274655625,-38.21232449242988,-37.554545040730986,4.035771208019279,-35.17924265184031,-42.52216211751478,-6.427391274655625,-38.21232449242988,-37.554545040730986,4.035771208019279,-35.17924265184031,-42.52216211751478,-1.5295426488270802,-41.11901767207149,-35.11883743528238,10.352231746611881,-35.702271613917716,-40.77878787917987,-1.5295426488270802,-41.11901767207149,-35.11883743528238,10.352231746611881,-35.702271613917716,-40.77878787917987
-4.234448411657047,-36.95134161064962,-38.67975692359444,5.691898760706675,-36.016028118537875,-41.11066767219773,-4.234448411657047,-36.95134161064962,-38.67975692359444,5.691898760706675,-36.016028118537875,-41.11066767219773,3.103638201025718,-41.14134730412172,-36.18347369544179,5.25911064009954,-35.48877983108592,-41.04851493453618,3.103638201025718,-41.14134730412172,-36.18347369544179,5.25911064009954,-35.48877983108592,-41.04851493453618
-20.999558981918177,-35.89120925439591,-40.000340595155095,7.3223714327567695,-37.078982439669105,-39.67227768149212,-20.999558981918177,-35.89120925439591,-40.000340595155095,7.3223714327567695,-37.078982439669105,-39.67227768149212,10.600238481731736,-41.17445759469163,-37.46622526219754,12.670067279807016,-35.6325364229278,-41.01572161511722,10.600238481731736,-41.17445759469163,-37.46622526219754,12.670067279807016,-35.6325364229278,-41.01572161511722
-13.602829833206403,-35.099458531492296,-41.43350905562016,5.283650280491624,-38.311698631356,-38.29428900376199,-13.602829833206403,-35.099458531492296,-41.43350905562016,5.283650280491624,-38.311698631356,-38.29428900376199,-2.8507715583386757,-41.215461041157674,-38.87674161579208,14.573012370095531,-36.123901629939866,-40.78250944804662,-2.8507715583386757,-41.215461041157674,-38.87674161579208,14.573012370095531,-36.123901629939866,-40.78250944804662
-1.0686610272926433,-34.626524468397506,-42.889417398079146,4.131567511904038,-39.64876108639148,-37.06033270096098,-1.0686610272926433,-34.626524468397506,-42.889417398079146,4.131567511904038,-39.64876108639148,-37.06033270096098,5.474294586802651,-41.26078178969289,-40.31567313235698,6.342899704740786,-36.92992640705012,-41.07498115252491,5.474294586802651,-41.26078178969289,-40.31567313235698,6.342899704740786,-36.92992640705012,-41.07498115252491
-15.63495623907247,-34.50253326682577,-44.27679515914477,6.440627137791342,-41.0192169342286,-36.045298413095686,-15.63495623907247,-34.50253326682577,-44.27679515914477,6.440627137791342,-41.0192169342286,-36.045298413095686,9.13299764552654,-41.30646748053104,-41.681668767943826,7.982750681448155,-37.99656185879108,-40.98253029416905,9.13299764552654,-41.30646748053104,-41.681668767943826,7.982750681448155,-37.99656185879108,-40.98253029416905
-19.837179191047262,-34.73538324546632,-45.50866803730872,7.050884551651848,-42.3503412426876,-35.31078925547861,-19.837179191047262,-34.73538324546632,-45.50866803730872,7.050884551651848,-42.3503412426876,-35.31078925547861,-3.4955950878718856,-41.348533927792644,-42.878514712442865,15.506960787874988,-39.25228354860667,-40.79300128730709,-3.4955950878718856,-41.348533927792644,-42.878514712442865,15.506960787874988,-39.25228354860667,-40.79300128730709
-2.8672052405795903,-35.31024171204113,-46.507810286179094,4.598626830733085,-43.57149625630379,-34.90138308412511,-2.8672052405795903,-35.31024171204113,-46.507810286179094,4.598626830733085,-43.57149625630379,-34.90138308412511,7.700005066360937,-41.38331257482231,-43.82191120278407,10.62818185766445,-40.612887650167195,-41.09648996175131,7.700005066360937,-41.38331257482231,-43.82191120278407,10.62818185766445,-40.612887650167195,-41.09648996175131
-8.371836505296033,-36.19048981527162,-47.21158597368204,4.563796484508712,-44.61787987606291,-34.841927035614745,-8.371836505296033,-36.19048981527162,-47.21158597368204,4.563796484508712,-44.61787987606291,-34.841927035614745,7.159843144922458,-41.40777042393826,-44.44541017104158,5.204127545999604,-41.98713732938763,-40.94808870599702,7.159843144922458,-41.40777042393826,-44.44541017104158,5.204127545999604,-41.98713732938763,-40.94808870599702
-22.193151927517874,-37.320055189080016,-47.575875610117684,7.024227214251387,-45.433964462821805,-35.1360295376196,-22.193151927517874,-37.320055189080016,-47.575875610117684,7.024227214251387,-45.433964462821805,-35.1360295376196,-3.4003949278397894,-41.419774539963136,-44.70509550959929,12.41778560410266,-43.28288073266762,-40.80984268985453,-3.4003949278397894,-41.419774539963136,-44.70509550959929,12.41778560410266,-43.28288073266762,-40.80984268985453
-8.782704526720803,-38.62698379810282,-47.577841985920685,6.481712680343669,-45.976443480059324,-35.7658413109958,-8.782704526720803,-38.62698379810282,-47.577841985920685,6.481712680343669,-45.976443480059324,-35.7658413109958,9.561180974187788,-41.41827806054934,-44.582676299217525,14.736594527756614,-44.41323033279277,-41.112178891043726,9.561180974187788,-41.41827806054934,-44.582676299217525,14.736594527756614,-44.41323033279277,-41.112178891043726
-2.632188027355957,-40.02802345567394,-47.21736182957346,4.148584046434356,-46.216529608724315,-36.69313865456946,-2.632188027355957,-40.02802345567394,-47.21736182957346,4.148584046434356,-46.216529608724315,-36.69313865456946,4.875446464648229,-41.403411491595776,-44.0867751286913,6.524764577133103,-45.30238926952546,-40.9137779069205,4.875446464648229,-41.403411491595776,-44.0867751286913,6.524764577133103,-45.30238926952546,-40.9137779069205
-19.5607414188235,-41.43392704125989,-46.51703353546141,5.238571774849584,-46.14148238187507,-37.86164326733299,-19.5607414188235,-41.43392704125989,-46.51703353546141,5.238571774849584,-46.14148238187507,-37.86164326733299,-2.574563529007996,-41.37647132600897,-43.25232076339234,7.740881605875423,-45.89073399308124,-40.8323583405641,-2.574563529007996,-41.37647132600897,-43.25232076339234,7.740881605875423,-45.89073399308124,-40.8323583405641
-16.028096332314636,-42.75513759900779,-45.5207604772123,7.315932657690189,-45.75528427329323,-39.20043781647918,-16.028096332314636,-42.75513759900779,-45.5207604772123,7.315932657690189,-45.75528427329323,-39.20043781647918,10.874198637021053,-41.33980697835072,-42.13808794004493,15.429212693042022,-46.138812388133914,-41.121418837736066,10.874198637021053,-41.33980697835072,-42.13808794004493,15.429212693042022,-46.138812388133914,-41.121418837736066
-1.12022199163086,-43.90749317300093,-44.29099871818867,5.738488137504698,-45.07842936259371,-40.62826995814403,-1.12022199163086,-43.90749317300093,-44.29099871818867,5.738488137504698,-45.07842936259371,-40.62826995814403,2.5051862526111632,-41.29661589564529,-40.82255757212398,10.903518961657994,-46.02998927965821,-40.88097370881119,2.5051862526111632,-41.29661589564529,-40.82255757212398,10.903518961657994,-46.02998927965821,-40.88097370881119
-13.18019677989021,-44.81758797757605,-42.90484165934765,4.03127769475223,-44.146835791578646,-42.05848359694098,-13.18019677989021,-44.81758797757605,-42.90484165934765,4.03127769475223,-44.146835791578646,-42.05848359694098,-1.099577443007143,-41.25066471244885,-39.398388952027894,5.163351964573208,-45.571561923249156,-40.8596453954223,-1.099577443007143,-41.25066471244885,-39.398388952027894,5.163351964573208,-45.571561923249156,-40.8596453954223
-21.189744849227022,-45.42744839272724,-41.449187076736095,6.009322482409927,-43.00993972368044,-43.4042781028162,-21.189744849227022,-45.42744839272724,-41.449187076736095,6.009322482409927,-43.00993972368044,-43.4042781028162,11.509515691188469,-41.205960767862095,-37.96589330009179,12.160001062920916,-44.794270679463345,-41.12383929374646,11.509515691188469,-41.205960767862095,-37.96589330009179,12.160001062920916,-44.794270679463345,-41.12383929374646
-4.548294822551063,-45.698225920708296,-40.0152895256118,7.252380849258952,-41.728071952892805,-44.583976299812676,-4.548294822551063,-45.698225920708296,-40.0152895256118,7.252380849258952,-41.728071952892805,-44.583976299812676,0.2829124554471858,-41.166402631032426,-36.62596835057471,14.888337977517942,-43.75023768446364,-40.850991511088964,0.2829124554471858,-41.166402631032426,-36.62596835057471,14.888337977517942,-43.75023768446364,-40.850991511088964
-6.0576847218207615,-45.61267186013734,-38.693039619363056,4.98264998601661,-40.369256375673615,-45.52598150894839,-6.0576847218207615,-45.61267186013734,-38.693039619363056,4.98264998601661,-40.369256375673615,-45.52598150894839,0.8790411567940533,-41.135440112333384,-35.472991626578164,6.717228494057817,-42.50947174171855,-40.89060968422533,0.8790411567940533,-41.135440112333384,-35.472991626578164,6.717228494057817,-42.50947174171855,-40.89060968422533
-21.83576113630828,-45.17623605928571,-37.56532881354211,4.272188402865117,-39.0056002188652,-46.17312279893844,-21.83576113630828,-45.17623605928571,-37.56532881354211,4.272188402865117,-39.0056002188652,-46.17312279893844,11.404451736259967,-41.115773410175684,-34.58817296559618,7.506288693944528,-41.15517380316314,-41.11934320239876,11.404451736259967,-41.115773410175684,-34.58817296559618,7.506288693944528,-41.15517380316314,-41.11934320239876
-11.301284455982413,-44.416719757264275,-36.70285296503258,6.708630465331062,-37.70946758064477,-46.486124728561144,-11.301284455982413,-44.416719757264275,-36.70285296503258,6.708630465331062,-37.70946758064477,-46.486124728561144,-1.572125324526584,-41.10911763044031,-34.03383451010964,15.33773340166595,-39.77815783604955,-40.8250335551669,-1.572125324526584,-41.10911763044031,-34.03383451010964,15.33773340166595,-39.77815783604955,-40.8250335551669
-1.5489467776592996,-43.382504627344886,-36.1596804296904,6.847376156018191,-36.54963934027852,-46.445990999667686,-1.5489467776592996,-43.382504627344886,-36.1596804296904,6.847376156018191,-36.54963934027852,-46.445990999667686,3.166081697470053,-41.116053214467904,-33.84902105170003,11.177490735929728,-38.47076119051535,-40.92400958517247,3.166081697470053,-41.116053214467904,-33.84902105170003,11.177490735929728,-38.47076119051535,-40.92400958517247
-17.66177734301456,-42.139470833489476,-35.969862533106834,4.3783771460266845,-35.587663215815084,-46.05515735532459,-17.66177734301456,-42.139470833489476,-35.969862533106834,4.3783771460266845,-35.587663215815084,-46.05515735532459,10.56937238531407,-41.13597531957268,-34.046749913797896,5.136895309769108,-37.32065281500446,-41.10811085025054,10.56937238531407,-41.13597531957268,-34.046749913797896,5.136895309769108,-37.32065281500446,-41.10811085025054
-18.19754829161399,-40.76680042185065,-36.14529890307784,4.818986899180413,-34.87458765841039,-45.33734375292474,-18.19754829161399,-40.76680042185065,-36.14529890307784,4.818986899180413,-34.87458765841039,-45.33734375292474,-2.8769090019322263,-41.16714656653607,-34.613094077388325,11.897418018839996,-36.40495451659977,-40.80414071636367,-2.8769090019322263,-41.16714656653607,-34.613094077388325,11.897418018839996,-36.40495451659977,-40.80414071636367
-1.77825582438423,-39.35193337388662,-36.67499148545721,7.184595969335522,-34.44825290321892,-44.336114783980435,-1.77825582438423,-39.35193337388662,-36.67499148545721,7.184595969335522,-34.44825290321892,-44.336114783980435,5.535904687763634,-41.20684855404424,-35.50816312965237,15.027828100228925,-35.78506947174893,-40.958505812048486,5.535904687763634,-41.20684855404424,-35.50816312965237,15.027828100228925,-35.78506947174893,-40.958505812048486
-10.634348339207657,-37.984997623726,-37.52573400891822,6.188891423819761,-34.33128293057987,-43.112235709690694,-10.634348339207657,-37.984997623726,-37.52573400891822,6.188891423819761,-34.33128293057987,-43.112235709690694,9.086666593227438,-41.251618926705056,-36.668912942493186,6.919765573008101,-35.50256476739833,-41.090592637870955,9.086666593227438,-41.251618926705056,-36.668912942493186,6.919765573008101,-35.50256476739833,-41.090592637870955
-21.9879406927026,-36.75306785123004,-38.64419367628203,4.05692637157077,-34.52988489655782,-41.73998457626908,-21.9879406927026,-36.75306785123004,-38.64419367628203,4.05692637157077,-34.52988489655782,-41.73998457626908,-3.5027085783574288,-41.29755332227067,-38.013586181430256,7.279612940136835,-35.57638407335578,-40.78915076635562,-3.5027085783574288,-41.29755332227067,-38.013586181430256,7.279612940136835,-35.57638407335578,-40.78915076635562
-6.637573871224046,-35.73461876930292,-39.96025458179854,5.552900683943958,-35.03351974254005,-40.302644230237114,-6.637573871224046,-35.73461876930292,-39.96025458179854,5.552900683943958,-35.03351974254005,-40.302644230237114,7.754703317349755,-41.34064586566648,-39.44747087791825,15.232772868958332,-36.0015773532645,-40.99271511760347,7.754703317349755,-41.34064586566648,-39.44747087791825,15.232772868958332,-36.0015773532645,-40.99271511760347
-4.064417677722796,-34.99452623458484,-41.391413256541036,7.33383243961691,-35.81546146339848,-38.887447826315245,-4.064417677722796,-34.99452623458484,-41.391413256541036,7.33383243961691,-35.81546146339848,-38.887447826315245,7.102618159810489,-41.37713851581311,-40.869571460439175,11.449348588401948,-36.74963279484293,-41.0674910194497,7.102618159810489,-41.37713851581311,-40.869571460439175,11.449348588401948,-36.74963279484293,-41.0674910194497
-20.886634256898354,-34.5799346139717,-42.8479507864714,5.419959009592564,-36.83421535595993,-37.58028458844745,-20.886634256898354,-34.5799346139717,-42.8479507864714,5.419959009592564,-36.83421535595993,-37.58028458844745,-3.387782648022881,-41.40384879918873,-42.179722370744486,5.124829870939893,-37.770388701436154,-40.78066477978199,-3.387782648022881,-41.40384879918873,-42.179722370744486,5.124829870939893,-37.770388701436154,-40.78066477978199
-13.837453703607899,-34.51725365834888,-44.23855726462602,4.088121395318057,-38.03571998667957,-36.46048713488839,-13.837453703607899,-34.51725365834888,-44.23855726462602,4.088121395318057,-38.03571998667957,-36.46048713488839,9.603570844053195,-41.41844734894105,-43.28564321816873,11.630753945720343,-38.995397140846514,-41.02526575970455,9.603570844053195,-41.41844734894105,-43.28564321816873,11.630753945720343,-38.995397140846514,-41.02526575970455
-1.047380495876034,-34.81047618460161,-45.476055982176774,6.314513124872005,-39.35621602838168,-35.596016728113085,-1.047380495876034,-34.81047618460161,-45.476055982176774,6.314513124872005,-39.35621602838168,-35.596016728113085,4.812973365543923,-41.41966104574722,-44.1094385426984,15.154683757354187,-40.342513798198276,-41.0397323354316,4.812973365543923,-41.41966104574722,-44.1094385426984,15.154683757354187,-40.342513798198276,-41.0397323354316
-15.412504869154372,-35.4409237306306,-46.48286851052492,7.1239235678838675,-40.7256297277031,-35.039338659973716,-15.412504869154372,-35.4409237306306,-46.48286851052492,7.1239235678838675,-40.7256297277031,-35.039338659973716,-2.5434698068097488,-41.40738404478824,-44.59308437642414,7.131822407877991,-41.72140625510536,-40.77902303204837,-2.5434698068097488,-41.40738404478824,-44.59308437642414,7.131822407877991,-41.72140625510536,-40.77902303204837
-19.985702287738377,-36.368436385310766,-47.1958780700446,4.70760209572498,-42.07129145536283,-34.82423809776339,-19.985702287738377,-36.368436385310766,-47.1958780700446,4.70760209572498,-42.07129145536283,-34.82423809776339,10.900097939876623,-41.3826870063292,-44.702515157792035,7.061473706333544,-43.03961133130228,-41.05485250614966,10.900097939876623,-41.3826870063292,-44.702515157792035,7.061473706333544,-43.03961133130228,-41.05485250614966
-3.0047011443521736,-37.53393100046631,-47.570386302330206,4.465186209332778,-43.32179200979089,-34.96376963963318,-3.0047011443521736,-37.53393100046631,-47.570386302330206,4.465186209332778,-43.32179200979089,-34.96376963963318,2.4436286374239606,-41.34772372491908,-44.4300231371253,15.114617885861282,-44.20873530690417,-41.008429667646375,2.4436286374239606,-41.34772372491908,-44.4300231371253,15.114617885861282,-44.20873530690417,-41.008429667646375
-8.14466551573039,-38.86316482512417,-47.58291539706482,6.938391043083373,-44.41077203460638,-35.449465022228466,-8.14466551573039,-38.86316482512417,-47.58291539706482,6.938391043083373,-44.41077203460638,-35.449465022228466,-1.0530699860331802,-41.30554329994849,-43.79480127145091,11.718349703012072,-45.15038126243642,-40.78429135479035,-1.0530699860331802,-41.30554329994849,-43.79480127145091,11.718349703012072,-45.15038126243642,-40.78429135479035
-22.18559821955327,-40.27146481614431,-47.23267990900516,6.600464580868569,-45.280443459822,-36.25184706530179,-22.18559821955327,-40.27146481614431,-47.23267990900516,6.600464580868569,-45.280443459822,-36.25184706530179,11.516369201004622,-41.25982422791111,-42.84159136987083,5.127188615320763,-45.80140607219948,-41.08028897253213,11.516369201004622,-41.25982422791111,-42.84159136987083,5.127188615320763,-45.80140607219948,-41.08028897253213
-9.014196250202797,-41.669121365117945,-46.54163599731155,4.206554852020623,-45.88465609715017,-37.32221866165645,-9.014196250202797,-41.669121365117945,-46.54163599731155,4.206554852020623,-45.88465609715017,-37.32221866165645,0.22834360041802748,-41.21455360581461,-41.637532707267134,11.360737468301048,-46.11815453738446,-40.97483820638729,0.22834360041802748,-41.21455360581461,-41.637532707267134,11.360737468301048,-46.11815453738446,-40.97483820638729
-2.507328072296101,-42.967102857688396,-45.55310500042397,5.10621691147849,-46.19134665674408,-38.59561823741684,-2.507328072296101,-42.967102857688396,-45.55310500042397,5.10621691147849,-46.19134665674408,-38.59561823741684,0.9363739213852678,-41.17367942196787,-40.26743307402122,15.268558332384824,-46.07938673439294,-40.79625849612317,0.9363739213852678,-41.17367942196787,-40.26743307402122,15.268558332384824,-46.07938673439294,-40.79625849612317
-19.400669803869995,-44.082727044219496,-44.32905763416799,7.289019179507822,-46.18424022527337,-39.99476231374599,-19.400669803869995,-44.082727044219496,-44.32905763416799,7.289019179507822,-46.18424022527337,-39.99476231374599,11.391583285543936,-41.14076625738368,-38.8277953450401,7.3528195810722625,-45.687702281736584,-41.100555194486084,11.391583285543936,-41.14076625738368,-38.8277953450401,7.3528195810722625,-45.687702281736584,-41.100555194486084
-16.24451752577823,-44.9449279518761,-42.94622906590808,5.877158301138282,-45.86371391430099,-41.43473589328536,-16.24451752577823,-44.9449279518761,-42.94622906590808,5.877158301138282,-45.86371391430099,-41.43473589328536,-1.6143216544541934,-41.11868442360117,-37.42002030629594,6.852467029490272,-44.96936601970194,-40.94030491915238,-1.6143216544541934,-41.11868442360117,-37.42002030629594,6.852467029490272,-44.96936601970194,-40.94030491915238
-1.1565003125884132,-45.49878283245922,-41.49130840960145,4.0256519479797195,-45.24677684839238,-42.828146008597,-1.1565003125884132,-45.49878283245922,-41.49130840960145,4.0256519479797195,-45.24677684839238,-42.828146008597,3.2285833173311955,-41.10935964678831,-36.143264497331245,14.983591295428695,-43.97254679202655,-40.81444459152724,3.2285833173311955,-41.10935964678831,-36.143264497331245,14.983591295428695,-43.97254679202655,-40.81444459152724
-12.94302432459746,-45.70901077652522,-40.05550421088247,5.87197241125314,-44.3661675549127,-44.09042566028219,-12.94302432459746,-45.70901077652522,-40.05550421088247,5.87197241125314,-44.3661675549127,-44.09042566028219,10.538051575815025,-41.11360512782761,-35.0874561271095,11.983759069360481,-42.76408743005599,-41.114838526736285,10.538051575815025,-41.11360512782761,-35.0874561271095,11.983759069360481,-42.76408743005599,-41.114838526736285
-21.289129579639383,-45.562220129839226,-38.72882661031337,7.290236058706217,-43.26861665363767,-45.144966245194205,-21.289129579639383,-45.562220129839226,-38.72882661031337,7.290236058706217,-43.26861665363767,-45.144966245194205,-2.9025697155281787,-41.131050624192405,-34.32696098670527,5.143965097950982,-41.42502253171639,-40.90621453925668,-2.9025697155281787,-41.131050624192405,-34.32696098670527,5.143965097950982,-41.42502253171639,-40.90621453925668
-4.728619041528749,-45.06776155029821,-37.59444463429381,5.111117258281803,-42.01236703869996,-45.92776698421538,-4.728619041528749,-45.06776155029821,-37.59444463429381,5.111117258281803,-42.01236703869996,-45.92776698421538,5.597408751124823,-41.16017473828528,-33.915344499844664,11.088106371327939,-40.04514459566281,-40.83812040569968,5.597408751124823,-41.16017473828528,-33.915344499844664,11.088106371327939,-40.04514459566281,-40.83812040569968
-5.855154228753472,-44.257132365053884,-36.72347235339398,4.204188096865959,-40.66408314747679,-46.391319172694914,-5.855154228753472,-44.257132365053884,-36.72347235339398,4.204188096865959,-40.66408314747679,-46.391319172694914,9.039983536990292,-41.19843759641728,-33.88159884591181,15.36914067792273,-38.71698288457008,-41.12256622896174,9.039983536990292,-41.19843759641728,-33.88159884591181,15.36914067792273,-38.71698288457008,-41.12256622896174
-21.771284706866233,-43.1819701706674,-36.17051076230371,6.5961195977885865,-39.29531332988619,-46.50748951576596,-21.771284706866233,-43.1819701706674,-36.17051076230371,6.5961195977885865,-39.29531332988619,-46.50748951576596,-3.5093019888157686,-41.242502347677735,-34.228100897756754,7.582153246689315,-37.52959877164328,-40.87393404009148,-3.5093019888157686,-41.242502347677735,-34.228100897756754,7.582153246689315,-37.52959877164328,-40.87393404009148
-11.540695577318976,-41.91076348524526,-35.97022485962364,6.941777357010394,-37.978693046829896,-46.26922755698024,-11.540695577318976,-41.91076348524526,-35.97022485962364,6.941777357010394,-37.978693046829896,-46.26922755698024,7.8091418313965875,-41.28852616608471,-34.93044480681724,6.653163993043947,-36.56261363034624,-40.866336573802364,7.8091418313965875,-41.28852616608471,-34.93044480681724,6.653163993043947,-36.56261363034624,-40.866336573802364
-1.4764796349160036,-40.52448898611684,-36.13517050935596,4.468736587229939,-36.78409037975166,-45.69099357526355,-1.4764796349160036,-40.52448898611684,-36.13517050935596,4.468736587229939,-36.78409037975166,-45.69099357526355,7.0451786086233446,-41.33249537812134,-35.93916102740979,14.840051110699797,-35.88086973390012,-41.123428431828316,7.0451786086233446,-41.33249537812134,-35.93916102740979,14.840051110699797,-35.88086973390012,-41.123428431828316
-17.463817551666022,-39.111453243798024,-36.65500731750349,4.703382678683868,-35.774898394602154,-44.80788098083772,-17.463817551666022,-39.111453243798024,-36.65500731750349,4.703382678683868,-35.774898394602154,-44.80788098083772,-3.3746582492623247,-41.3705754896492,-37.18320070083067,12.24485149103041,-35.530082183926005,-40.84475782153002,-3.3746582492623247,-41.3705754896492,-37.18320070083067,12.24485149103041,-35.530082183926005,-40.84475782153002
-18.38324877466363,-37.76166753707819,-37.49714686831124,7.121363284442945,-35.004671110499714,-43.67348647249325,-18.38324877466363,-37.76166753707819,-37.49714686831124,7.121363284442945,-35.004671110499714,-43.67348647249325,9.6455729032887,-41.39944558683608,-38.57493997690843,5.175113479283532,-35.533773433031115,-40.8979616695761,9.6455729032887,-41.39944558683608,-38.57493997690843,5.175113479283532,-35.533773433031115,-40.8979616695761
-1.8699946208019451,-36.56111407710434,-38.608795682411255,6.319333317426501,-34.514281589562884,-42.35665721780157,-1.8699946208019451,-36.56111407710434,-38.608795682411255,6.319333317426501,-34.514281589562884,-42.35665721780157,4.750444307322998,-41.416587948455906,-40.016351793958286,10.81360558365317,-35.891695960366604,-41.11739056228697,4.750444307322998,-41.416587948455906,-40.016351793958286,10.81360558365317,-35.891695960366604,-41.11739056228697
-10.396173107198221,-35.5862688856436,-39.920264824430475,4.0895506111542534,-34.32975295738726,-40.937312472096245,-10.396173107198221,-35.5862688856436,-39.920264824430475,4.0895506111542534,-34.32975295738726,-40.937312472096245,-2.511922452422403,-41.4205076128729,-41.40591040823506,15.456155965850199,-36.57984886941567,-40.819855806423085,-2.511922452422403,-41.4205076128729,-41.40591040823506,15.456155965850199,-36.57984886941567,-40.819855806423085
-22.03243853765458,-34.89923022367955,-41.349338681737656,5.414803448747724,-34.46087745374573,-39.501593224980454,-22.03243853765458,-34.89923022367955,-41.349338681737656,5.414803448747724,-34.46087745374573,-39.501593224980454,10.925519619821767,-41.41086275157718,-42.645742352820285,7.819196780451199,-37.55208729502891,-40.93172757384616,10.925519619821767,-41.41086275157718,-42.645742352820285,7.819196780451199,-37.55208729502891,-40.93172757384616
-6.850296259571722,-34.54376289254671,-42.806429036883266,7.333612986210516,-34.900696795290585,-38.13663424558904,-6.850296259571722,-34.54376289254671,-42.806429036883266,7.333612986210516,-34.900696795290585,-38.13663424558904,2.3821791910102506,-41.38849447957606,-43.64852014863817,6.464109166501933,-38.74321669911305,-41.104694729901404,2.3821791910102506,-41.38849447957606,-43.64852014863817,6.464109166501933,-38.74321669911305,-41.104694729901404
-3.898242261650953,-34.54251038814903,-44.20019132645396,5.558107739958822,-35.62587142545356,-36.92527581469827,-3.898242261650953,-34.54251038814903,-44.20019132645396,5.558107739958822,-35.62587142545356,-36.92527581469827,-1.0062121389893637,-41.35535350291821,-44.343613209531924,14.684389536475258,-40.07336456350491,-40.8002265284375,-1.0062121389893637,-41.35535350291821,-44.343613209531924,14.684389536475258,-40.07336456350491,-40.8002265284375
-20.768964491668928,-34.89555249581617,-45.4432510047378,4.0559239791050254,-36.597919056840766,-35.94103609223187,-20.768964491668928,-34.89555249581617,-45.4432510047378,4.0559239791050254,-36.597919056840766,-35.94103609223187,11.522702397921098,-41.31433000031846,-44.682062702817795,12.500913567092397,-41.45333633126255,-40.96628032420991,11.522702397921098,-41.31433000031846,-44.682062702817795,12.500913567092397,-41.45333633126255,-40.96628032420991
-14.070936427291707,-35.58040020792706,-46.45768102815224,6.183919581155642,-37.76525678134242,-35.243649250565504,-14.070936427291707,-35.58040020792706,-46.45768102815224,6.183919581155642,-37.76525678134242,-35.243649250565504,0.1740363701144818,-41.269001574671414,-44.64002996135044,5.22054865043612,-42.79059644772086,-41.08585001861565,0.1740363701144818,-41.269001574671414,-44.64002996135044,5.22054865043612,-42.79059644772086,-41.08585001861565
-1.031497742549785,-36.55342828805132,-47.17988707855865,7.1867650144006845,-39.06593838085946,-34.87544016732959,-1.031497742549785,-36.55342828805132,-47.17988707855865,7.1867650144006845,-39.06593838085946,-34.87544016732959,0.9939192644309993,-41.22332125525363,-44.22047555842935,10.53798514281445,-43.99547343589806,-40.786657092345294,0.9939192644309993,-41.22332125525363,-44.22047555842935,10.53798514281445,-43.99547343589806,-40.786657092345294
-15.188107107624937,-37.75265422635777,-47.564594272257764,4.823449771179448,-40.43094157987617,-34.85875570004908,-15.188107107624937,-37.75265422635777,-47.564594272257764,4.823449771179448,-40.43094157987617,-34.85875570004908,11.37820316602593,-41.18127275951044,-43.452950780018924,15.52936643826186,-44.987172917960734,-41.000234406909904,11.37820316602593,-41.18127275951044,-43.452950780018924,15.52936643826186,-44.987172917960734,-41.000234406909904
-20.129940945680694,-39.10168656505643,-47.58768542905803,4.3751608793229195,-41.78783079775688,-35.19460844029265,-20.129940945680694,-39.10168656505643,-47.58768542905803,4.3751608793229195,-41.78783079775688,-35.19460844029265,-1.6561287156076778,-41.146523078570155,-42.39151618192232,8.063302491872577,-45.69919537284769,-41.061612073247204,-1.6561287156076778,-41.146523078570155,-42.39151618192232,8.063302491872577,-45.69919537284769,-41.061612073247204
-3.1465941460543547,-40.514591083024726,-47.247712971169165,6.843667987287379,-43.06460103229675,-35.86261525880768,-3.1465941460543547,-40.514591083024726,-47.247712971169165,6.843667987287379,-43.06460103229675,-35.86261525880768,3.291138731036259,-41.12210268402199,-41.110933838193546,6.285819117476997,-46.08379533624126,-40.77969161229626,3.291138731036259,-41.12210268402199,-41.110933838193546,6.285819117476997,-46.08379533624126,-40.77969161229626
-7.919263817354847,-41.901364860547545,-46.5659896714255,6.712716861075859,-44.193498894094716,-36.82223437137813,-7.919263817354847,-41.901364860547545,-46.5659896714255,6.712716861075859,-44.193498894094716,-36.82223437137813,10.506278222873433,-41.11014124468227,-39.70140147951312,14.517031897668858,-46.115183026228294,-41.032228313869105,10.506278222873433,-41.11014124468227,-39.70140147951312,14.517031897668858,-46.115183026228294,-41.032228313869105
-22.17263537606562,-43.173669522757194,-45.58525256186053,4.2749376908463494,-45.114618023842155,-38.01522584704313,-22.17263537606562,-43.173669522757194,-45.58525256186053,4.2749376908463494,-45.114618023842155,-38.01522584704313,-2.9277519215709225,-41.11168190112393,-38.26219942213431,12.751245641379121,-45.7912537060523,-41.032952799256755,-2.9277519215709225,-41.11168190112393,-38.26219942213431,12.751245641379121,-45.7912537060523,-41.032952799256755
-9.247012717295028,-44.25045845050159,-44.36698376180856,4.97791846447358,-45.779078097269235,-39.36918622877586,-9.247012717295028,-44.25045845050159,-44.36698376180856,4.97791846447358,-45.779078097269235,-39.36918622877586,5.658802516415439,-41.1265902948306,-36.894697765529436,5.280146465739858,-45.13372881959714,-40.77960939365201,5.658802516415439,-41.1265902948306,-36.894697765529436,5.280146465739858,-45.13372881959714,-40.77960939365201
-2.3871194971415584,-45.06313950172107,-42.98755618202825,7.2507418220562485,-46.15161871992223,-40.80194274810711,-2.3871194971415584,-45.06313950172107,-42.98755618202825,7.2507418220562485,-46.15161871992223,-40.80194274810711,8.992951710619502,-41.15356628541692,-35.6952163962967,10.26199814565548,-44.18669943560475,-41.06097913713432,8.992951710619502,-41.15356628541692,-35.6952163962967,10.26199814565548,-44.18669943560475,-41.06097913713432
-19.236612848022936,-45.559944374682054,-41.53344572951447,6.014438604889819,-46.212470563545025,-42.22654044584954,-19.236612848022936,-45.559944374682054,-41.53344572951447,6.014438604889819,-46.212470563545025,-42.22654044584954,-3.515374862512166,-41.19025733407244,-34.74824070346883,15.588572057107086,-43.01366967160819,-41.001021390788765,-3.515374862512166,-41.19025733407244,-34.74824070346883,15.588572057107086,-43.01366967160819,-41.001021390788765
-16.458566961167577,-45.70922628184426,-40.09581015846557,4.031716213814318,-45.958404449899255,-43.556519527198404,-16.458566961167577,-45.70922628184426,-40.09581015846557,4.031716213814318,-45.958404449899255,-43.556519527198404,7.863316837469443,-41.2334636652159,-34.120470855856496,8.313803393990367,-41.69329835410356,-40.78641373325756,7.863316837469443,-41.2334636652159,-34.120470855856496,8.313803393990367,-41.69329835410356,-40.78641373325756
-1.198120624130791,-45.501475870428074,-38.76477441763352,5.733269115668963,-45.40290271109592,-44.71116266497471,-1.198120624130791,-45.501475870428074,-38.76477441763352,5.733269115668963,-45.40290271109592,-44.71116266497471,6.987528470283753,-41.279417314495916,-33.856123780174,6.118781000233101,-40.314124462716315,-41.08533401157169,6.987528470283753,-41.279417314495916,-33.856123780174,6.118781000233101,-40.314124462716315,-41.08533401157169
-12.70516799959391,-44.94992697425707,-37.62378074394196,7.316718792303403,-44.575443732990095,-45.62039378863374,-12.70516799959391,-44.94992697425707,-37.62378074394196,7.316718792303403,-44.575443732990095,-45.62039378863374,-3.3610226407032133,-41.32411072774808,-33.9738187447998,14.338435477162696,-38.96863004961649,-40.96709824970016,-3.3610226407032133,-41.32411072774808,-33.9738187447998,14.338435477162696,-38.96863004961649,-40.96709824970016
-21.383563494112153,-44.08971361009581,-36.744357693333,5.243606328661673,-43.51993764822797,-46.22903104823595,-21.383563494112153,-44.08971361009581,-36.744357693333,5.243606328661673,-43.51993764822797,-46.22903104823595,9.687184242349492,-41.3636462542481,-34.465265912868844,12.995163714204468,-37.747038751782654,-40.799831787242745,9.687184242349492,-41.3636462542481,-34.465265912868844,12.995163714204468,-37.747038751782654,-40.799831787242745
-4.912459005420777,-42.975631918354026,-36.181636036749794,4.14661654392839,-42.292396190825,-46.50013583812511,-4.912459005420777,-42.975631918354026,-36.181636036749794,4.14661654392839,-42.292396190825,-46.50013583812511,4.6878636214658655,-41.39457605543801,-35.29585023637093,5.353744081951116,-36.7312657438294,-41.10431634303925,4.6878636214658655,-41.39457605543801,-35.29585023637093,5.353744081951116,-36.7312657438294,-41.10431634303925
-5.655563539500328,-41.67864961396375,-35.97089262841219,6.477139804841203,-40.95796036432273,-46.4172546258117,-5.655563539500328,-41.67864961396375,-35.97089262841219,6.477139804841203,-40.95796036432273,-46.4172546258117,-2.4799236511744436,-41.41420278615576,-36.40706956471372,9.986398690587206,-35.989424824097036,-40.93254364335549,-2.4799236511744436,-41.41420278615576,-36.40706956471372,9.986398690587206,-35.989424824097036,-40.93254364335549
-21.701610959680316,-40.2813852976368,-36.125338910259146,7.027267750933033,-39.58744365398093,-45.98541752795329,-21.701610959680316,-40.2813852976368,-36.125338910259146,7.027267750933033,-39.58744365398093,-45.98541752795329,10.950461915859085,-41.42081482637437,-37.72065523973894,15.633611050767827,-35.571260967507996,-40.81932551165451,10.950461915859085,-41.42081482637437,-37.72065523973894,15.633611050767827,-35.571260967507996,-40.81932551165451
-11.78013976950361,-38.87284559825928,-36.6352926905609,4.567655892135603,-38.25357422172285,-45.230833029183174,-11.78013976950361,-38.87284559825928,-36.6352926905609,4.567655892135603,-38.25357422172285,-45.230833029183174,2.320842170059096,-41.413835549215904,-39.144084943360625,8.57001502581846,-35.504814620478925,-41.117164968355475,2.320842170059096,-41.413835549215904,-39.144084943360625,8.57001502581846,-35.504814620478925,-41.117164968355475
-1.409190893331985,-37.54275539381582,-37.46878511765496,4.594680676508252,-37.02713549639864,-44.199297371506646,-1.409190893331985,-37.54275539381582,-37.46878511765496,4.594680676508252,-37.02713549639864,-44.199297371506646,-0.9590071477842583,-41.39387360778364,-40.577099500775496,5.96345122460288,-35.794541417336156,-40.89874315993428,-0.9590071477842583,-41.39387360778364,-40.577099500775496,5.96345122460288,-35.794541417336156,-40.89874315993428
-17.262862635116406,-36.3758422793853,-38.573564797801694,7.04795111682693,-35.97320996370954,-42.95341514949648,-17.262862635116406,-36.3758422793853,-38.573564797801694,7.04795111682693,-35.97320996370954,-42.95341514949648,11.52851484322797,-41.362669855367145,-41.918764628652255,14.149088266341481,-36.421013402758526,-40.84411323721695,11.52851484322797,-41.362669855367145,-41.918764628652255,14.149088266341481,-36.421013402758526,-40.84411323721695
-18.56548407331181,-35.446439365250114,-39.88037341960388,6.445261628232388,-35.14772548372365,-41.56879979523652,-18.56548407331181,-35.446439365250114,-39.88037341960388,6.445261628232388,-35.14772548372365,-41.56879979523652,0.11999452647283837,-41.322945528035824,-43.07458023454444,13.232001311303298,-37.34222179511181,-41.12336467680768,0.11999452647283837,-41.322945528035824,-43.07458023454444,13.232001311303298,-37.34222179511181,-41.12336467680768
-1.966710633846084,-34.81375021031995,-41.307287537064425,4.133413454487938,-34.59448740990538,-40.12948454814763,-1.966710633846084,-34.81375021031995,-41.307287537064425,4.133413454487938,-34.59448740990538,-40.12948454814763,1.0516731996848883,-41.27816492940689,-43.96313652450391,5.441140403199416,-38.49639393241833,-40.867052148411545,1.0516731996848883,-41.27816492940689,-43.96313652450391,5.441140403199416,-38.49639393241833,-40.867052148411545
-10.158616083148585,-34.518077517637835,-42.76485432618554,5.278582636015737,-34.34285400393183,-38.72282242102696,-10.158616083148585,-34.518077517637835,-42.76485432618554,5.278582636015737,-34.34285400393183,-38.72282242102696,11.364312304566635,-41.232233313520716,-44.52184809640581,9.711939817112448,-39.80613550749,-40.87320101310354,11.364312304566635,-41.232233313520716,-44.52184809640581,9.711939817112448,-39.80613550749,-40.87320101310354
-22.071605549969142,-34.578255826468656,-44.161699356049354,7.321714622855115,-34.4061785032767,-37.434184686805224,-22.071605549969142,-34.578255826468656,-44.161699356049354,7.321714622855115,-34.4061785032767,-37.434184686805224,-1.6975436119546021,-41.18915631303991,-44.711362138510005,15.66436035607843,-41.183620330002945,-41.1226668693332,-1.6975436119546021,-41.18915631303991,-44.711362138510005,15.66436035607843,-41.183620330002945,-41.1226668693332
-7.065449685379598,-34.99045174012538,-45.41025482486654,5.697120526910603,-34.781100515171886,-36.34177963843008,-7.065449685379598,-34.99045174012538,-45.41025482486654,5.697120526910603,-34.781100515171886,-36.34177963843008,3.3537436052791483,-41.152690613567735,-44.518330242091665,8.831237322547944,-42.536479610194824,-40.83874137108524,3.3537436052791483,-41.152690613567735,-44.518330242091665,8.831237322547944,-42.536479610194824,-40.83874137108524
-3.7360071206147483,-35.72840811578495,-46.432249159571455,4.035202720274384,-35.44772433999977,-35.51190607483672,-3.7360071206147483,-35.72840811578495,-46.432249159571455,4.035202720274384,-35.44772433999977,-35.51190607483672,10.474054527473896,-41.12601633829499,-43.956348595706075,5.820254208903045,-43.77399585166364,-40.90542246288285,10.474054527473896,-41.12601633829499,-43.956348595706075,5.820254208903045,-43.77399585166364,-40.90542246288285
-20.64660984489627,-36.74511666124739,-47.163613837587974,6.0497690780930125,-36.37067476116648,-34.994929582137864,-20.64660984489627,-36.74511666124739,-47.163613837587974,6.0497690780930125,-36.37067476116648,-34.994929582137864,-2.952453875654526,-41.11145971385714,-43.06500033856822,13.949507631719822,-44.813186014838294,-41.11509952697105,-2.952453875654526,-41.11145971385714,-43.06500033856822,13.949507631719822,-44.813186014838294,-41.11509952697105
-14.303158636217528,-37.97581239315592,-47.558499823560524,7.23896495099891,-37.500974274660784,-34.822225812244525,-14.303158636217528,-37.97581239315592,-47.558499823560524,7.23896495099891,-37.500974274660784,-34.822225812244525,5.720081730798491,-41.11029020332838,-41.90706752482213,13.461111304885303,-45.584366037770025,-40.81494604790335,5.720081730798491,-41.11029020332838,-41.90706752482213,13.461111304885303,-45.584366037770025,-40.81494604790335
-1.0210208873707494,-39.342099207780045,-47.592151831820615,4.945351457084946,-38.77864214079603,-35.004276273396215,-1.0210208873707494,-39.342099207780045,-47.592151831820615,4.945351457084946,-38.77864214079603,-35.004276273396215,8.945574372075455,-41.1226097981036,-40.56410907380781,5.542096630455619,-46.03582357906471,-40.93948555447395,8.945574372075455,-41.1226097981036,-40.56410907380781,5.542096630455619,-46.03582357906471,-40.93948555447395
-14.961877677837649,-40.756943762865845,-47.26246022792338,4.294356473846073,-40.135877336241954,-35.53003220035899,-14.961877677837649,-40.756943762865845,-47.26246022792338,4.294356473846073,-40.135877336241954,-35.53003220035899,-3.5209267787701464,-41.14734412336995,-39.13071617309936,9.439371448243842,-46.13728564693553,-41.100966088863984,-3.5209267787701464,-41.14734412336995,-39.13071617309936,9.439371448243842,-46.13728564693553,-41.100966088863984
-20.269821422858918,-42.13021955709604,-46.59009328100709,6.740727213075754,-41.50065649906641,-36.36758511143685,-20.269821422858918,-42.13021955709604,-46.59009328100709,6.740727213075754,-41.50065649906641,-36.36758511143685,7.917224582785469,-41.18233613284755,-37.70784975461232,15.68073595457965,-45.88194858862147,-40.796620335837,7.917224582785469,-41.18233613284755,-37.70784975461232,15.68073595457965,-45.88194858862147,-40.796620335837
-3.2928117028876205,-43.37444804575443,-45.61720147611363,6.8176765204391065,-42.8005559373916,-37.4661033557405,-3.2928117028876205,-43.37444804575443,-45.61720147611363,6.8176765204391065,-42.8005559373916,-37.4661033557405,6.929671738295824,-41.22453422181079,-36.39572931819968,9.096756528382727,-45.28693431695407,-40.97402440870585,6.929671738295824,-41.22453422181079,-36.39572931819968,9.096756528382727,-45.28693431695407,-40.97402440870585
-7.69574664678559,-44.41037107986698,-44.40477511274813,4.3532494758244225,-43.96659488205089,-38.75891712035205,-7.69574664678559,-44.41037107986698,-44.40477511274813,4.3532494758244225,-43.96659488205089,-38.75891712035205,-3.3468767669043347,-41.27025835331366,-35.28677397796489,5.689581220269741,-44.39214218128871,-41.08083328480143,-3.3468767669043347,-41.27025835331366,-35.28677397796489,5.689581220269741,-44.39214218128871,-41.08083328480143
-22.154270024308026,-45.17199970088443,-43.02882084104098,4.854582791689457,-44.93689603630219,-40.16756466622381,-22.154270024308026,-45.17199970088443,-43.02882084104098,4.854582791689457,-44.93689603630219,-40.16756466622381,9.728401978759955,-41.31552098911948,-34.459092928217146,13.740238901305826,-43.25757347188251,-40.78449906860903,9.728401978759955,-41.31552098911948,-34.459092928217146,13.740238901305826,-43.25757347188251,-40.78449906860903
-9.481034900580873,-45.61081767946649,-41.57559682733135,7.201370993781327,-45.659969171001485,-41.6065542240224,-9.481034900580873,-45.61081767946649,-41.57559682733135,7.201370993781327,-45.659969171001485,-41.6065542240224,4.625235643022423,-41.35637483739273,-33.97098382765846,13.681867681827143,-41.95930796607806,-41.007654069035254,4.625235643022423,-41.35637483739273,-33.97098382765846,13.681867681827143,-41.95930796607806,-41.007654069035254
-2.271623758525248,-45.69887203026022,-40.13620525523114,6.149359239034415,-46.0974435172075,-42.9885525472533,-2.271623758525248,-45.69887203026022,-40.13620525523114,6.149359239034415,-46.0974435172075,-42.9885525472533,-2.4474756196701923,-41.38925709055784,-33.856826607739926,5.65633691401908,-40.58440231350333,-41.05550841020015,-2.4474756196701923,-41.38925709055784,-33.856826607739926,5.65633691401908,-40.58440231350333,-41.05550841020015
-19.068654425392864,-45.43055363491109,-38.8008811566787,4.049427651558448,-46.226103958425746,-44.22968522587331,-19.068654425392864,-45.43055363491109,-38.8008811566787,4.049427651558448,-46.226103958425746,-44.22968522587331,10.97492310020088,-41.41130013281778,-34.12466192451767,9.169438341437191,-39.22505235478756,-40.77906829095756,10.97492310020088,-41.41130013281778,-34.12466192451767,9.169438341437191,-39.22505235478756,-40.77906829095756
-16.670135205710828,-44.8229545464824,-37.65333560447527,5.594192458037208,-46.03912296943782,-45.254627080789305,-16.670135205710828,-44.8229545464824,-37.65333560447527,5.594192458037208,-46.03912296943782,-45.254627080789305,2.2596218234717007,-41.420581620959574,-34.75562481558785,15.682693102088118,-37.97241082606095,-41.03902603623837,2.2596218234717007,-41.420581620959574,-34.75562481558785,15.682693102088118,-37.97241082606095,-41.03902603623837
-1.2450616478731078,-43.91477921476489,-36.765507889888646,7.331641964125282,-45.54642292735963,-46.00117369976388,-1.2450616478731078,-43.91477921476489,-36.765507889888646,7.331641964125282,-45.54642292735963,-46.00117369976388,-0.9114582823774722,-41.41629212924581,-35.7052734524364,9.365847146783999,-36.910475009996624,-41.026006954762025,-0.9114582823774722,-41.41629212924581,-35.7052734524364,9.365847146783999,-36.910475009996624,-41.026006954762025
-12.466749408928253,-42.76387898811776,-36.19305566976111,5.379181234854388,-44.77414956844502,-46.42401666513604,-12.466749408928253,-42.76387898811776,-36.19305566976111,5.379181234854388,-44.77414956844502,-46.42401666513604,11.53380613428919,-41.39880573831319,-36.9067193976215,5.571789305571468,-36.110454203809,-40.78054576896694,11.53380613428919,-41.39880573831319,-36.9067193976215,5.571789305571468,-36.110454203809,-40.78054576896694
-21.47299831330745,-41.443566945649835,-35.971865804463185,4.0998804553602035,-43.76328453229913,-46.49749335223732,-21.47299831330745,-41.443566945649835,-35.971865804463185,4.0998804553602035,-43.76328453229913,-46.49749335223732,0.06622181305159236,-41.369647412117786,-38.275338887336254,13.521853874563568,-35.625994699961424,-41.06688234121862,0.06622181305159236,-41.369647412117786,-38.275338887336254,13.521853874563568,-35.625994699961424,-41.06688234121862
-5.099720726054723,-40.03794780728032,-36.11580462123102,6.35253161318588,-42.5674706205581,-46.217144411386265,-5.099720726054723,-40.03794780728032,-36.11580462123102,6.35253161318588,-42.5674706205581,-46.217144411386265,1.1096317264463575,-41.33136000793867,-39.71473330048304,13.893667254171515,-35.489582473854746,-40.993511882851536,1.1096317264463575,-41.33136000793867,-39.71473330048304,13.893667254171515,-35.489582473854746,-40.993511882851536
-5.459014694799344,-38.63656040939331,-36.615848638212945,7.103243395244215,-41.25016517536664,-45.59998440882715,-5.459014694799344,-38.63656040939331,-36.615848638212945,7.103243395244215,-41.25016517536664,-45.59998440882715,11.34991166340506,-41.28728251731333,-41.12351898902402,5.783549107240901,-35.710364800310636,-40.7888722579725,11.34991166340506,-41.28728251731333,-41.12351898902402,5.783549107240901,-35.710364800310636,-40.7888722579725
-21.626775515453122,-37.328674023802236,-37.440650243878075,4.674436250344478,-39.88127263714296,-44.683469201232434,-21.626775515453122,-37.328674023802236,-37.440650243878075,4.674436250344478,-39.88127263714296,-44.683469201232434,-1.738563474623799,-41.24125887720608,-42.40246822836667,8.90287805363902,-36.2735368727989,-41.09010598769133,-1.738563474623799,-41.24125887720608,-42.40246822836667,8.90287805363902,-36.2735368727989,-41.09010598769133
-12.019494616704934,-36.19760184815197,-38.53850286951174,4.493648812419643,-38.533434979111405,-43.52322271450725,-12.019494616704934,-36.19760184815197,-38.53850286951174,4.493648812419643,-38.533434979111405,-43.52322271450725,3.4163936033326925,-41.197302745584494,-43.46149831542734,15.670226450953978,-37.14133455634438,-40.95932619838901,3.4163936033326925,-41.197302745584494,-43.46149831542734,15.670226450953978,-37.14133455634438,-40.95932619838901
-1.3471149542757495,-35.31539390204521,-39.84058245871553,6.9648780830131605,-37.278176871273914,-42.189661090221946,-1.3471149542757495,-35.31539390204521,-39.84058245871553,6.9648780830131605,-37.278176871273914,-42.189661090221946,10.441382721796828,-41.15924747586212,-44.226016537724036,9.637773922794723,-38.25556670395401,-40.80371387818329,10.441382721796828,-41.15924747586212,-44.226016537724036,9.637773922794723,-38.25556670395401,-40.80371387818329
-17.05901533156905,-34.73824739480199,-41.26526202714686,6.565786742087398,-36.18211013545946,-40.76371908250186,-17.05901533156905,-34.73824739480199,-41.26526202714686,6.565786742087398,-36.18211013545946,-40.76371908250186,-2.976673866638067,-41.13041181545168,-44.64217410602993,5.467200315825162,-39.54151722924557,-41.10776574206877,-2.976673866638067,-41.13041181545168,-44.64217410602993,5.467200315825162,-39.54151722924557,-41.10776574206877
-18.74416101976003,-34.502926927352036,-42.723228834026116,4.18820503474504,-35.303398906727054,-39.33193807323066,-18.74416101976003,-34.502926927352036,-42.723228834026116,4.18820503474504,-35.303398906727054,-39.33193807323066,5.781242149378794,-41.113310482395626,-44.68065899019674,13.294949260045756,-40.91295527742227,-40.92482069633672,5.781242149378794,-41.113310482395626,-44.68065899019674,13.294949260045756,-40.91295527742227,-40.92482069633672
-2.0683544174558843,-34.62442256368755,-44.12308337144033,5.145200570751713,-34.68867308170245,-37.981213817232415,-2.0683544174558843,-34.62442256368755,-44.12308337144033,5.145200570751713,-34.68867308170245,-37.981213817232415,8.897854803252619,-41.109434860285475,-44.33876051001375,14.095931307259438,-42.27791753195693,-40.8244755027637,8.897854803252619,-41.109434860285475,-44.33876051001375,14.095931307259438,-42.27791753195693,-40.8244755027637
-9.921798718075515,-35.09499495421782,-45.37706917246194,7.29822140493367,-34.37055384552241,-36.79352268032357,-9.921798718075515,-35.09499495421782,-45.37706917246194,7.29822140493367,-34.37055384552241,-36.79352268032357,-3.525957353000255,-41.119122936762466,-43.6405602617849,5.92338561942388,-43.54487491792832,-41.11915347453824,-3.525957353000255,-41.119122936762466,-43.6405602617849,5.92338561942388,-43.54487491792832,-41.11915347453824
-22.105421705511603,-35.88466833727873,-46.406574238105584,5.836015321681311,-34.365922588355446,-35.8409464383981,-22.105421705511603,-35.88466833727873,-46.406574238105584,5.836015321681311,-34.365922588355446,-35.8409464383981,7.9708613330812454,-41.141529828083115,-42.63523593272352,8.640418926007456,-44.62887018679947,-40.89137899586531,7.9708613330812454,-41.141529828083115,-42.63523593272352,8.640418926007456,-44.62887018679947,-40.89137899586531
-7.282924151460744,-36.94314001428526,-47.1470592002937,4.02610400310552,-34.675025073583086,-35.1812975858488,-7.282924151460744,-36.94314001428526,-47.1470592002937,4.02610400310552,-34.675025073583086,-35.1812975858488,6.871612420481018,-41.17470146026136,-41.39359747388299,15.643370064672636,-45.4572148200057,-40.850324621532025,6.871612420481018,-41.17470146026136,-41.39359747388299,15.643370064672636,-45.4572148200057,-40.850324621532025
-3.5777951973318967,-38.20298466374245,-47.55210327575368,5.913009315090464,-35.28145839606244,-34.85461065630196,-3.5777951973318967,-38.20298466374245,-47.55210327575368,5.913009315090464,-35.28145839606244,-34.85461065630196,-3.3322216077701663,-41.21574498115684,-40.003099606048366,9.91179385202776,-45.974363239095034,-41.12381255401142,-3.3322216077701663,-41.21574498115684,-40.003099606048366,9.91179385202776,-45.974363239095034,-41.12381255401142
-20.5196328703924,-39.58394937726435,-47.59631437119137,7.280154613880262,-36.15304142254615,-34.88071249977897,-20.5196328703924,-39.58394937726435,-47.59631437119137,7.280154613880262,-36.15304142254615,-34.88071249977897,9.76922325730984,-41.26108104210708,-38.561681952398885,5.376100026780339,-46.14563747679115,-40.8603420592886,9.76922325730984,-41.26108104210708,-38.561681952398885,5.376100026780339,-46.14563747679115,-40.8603420592886
-14.534001606778594,-40.99806582106829,-47.2769209061097,5.072445985178363,-37.243522523264666,-35.25801897780019,-14.534001606778594,-40.99806582106829,-47.2769209061097,5.072445985178363,-37.243522523264666,-35.25801897780019,4.562564710325431,-41.30675594797131,-37.1708706677802,13.060145044965576,-45.959552546983986,-40.880224723377154,4.562564710325431,-41.30675594797131,-37.1708706677802,13.060145044965576,-45.959552546983986,-40.880224723377154
-1.0159552866314119,-42.35525387498981,-46.6139455623703,4.223343831516463,-38.495033971784,-35.96363110581727,-1.0159552866314119,-42.35525387498981,-46.6139455623703,4.223343831516463,-38.495033971784,-35.96363110581727,-2.4145806056292747,-41.3487864534127,-35.928627450861526,14.288107180992442,-45.42858658335481,-41.121556158350025,-2.4145806056292747,-41.3487864534127,-35.928627450861526,14.288107180992442,-45.42858658335481,-41.121556158350025
-14.733932239586366,-43.5690597936405,-45.64895006818982,6.630295940312624,-39.8411627673793,-36.9547248080253,-14.733932239586366,-43.5690597936405,-45.64895006818982,6.630295940312624,-39.8411627673793,-36.9547248080253,10.998901478386689,-41.383507136212266,-34.922449618522194,6.075464365568665,-44.58834410412682,-40.83295442147469,10.998901478386689,-41.383507136212266,-34.922449618522194,6.075464365568665,-44.58834410412682,-40.83295442147469
-20.405272205386026,-44.562163365175365,-44.44242970568997,6.914602076782207,-41.21047492294437,-38.1711499393967,-20.405272205386026,-44.562163365175365,-44.44242970568997,6.914602076782207,-41.21047492294437,-38.1711499393967,2.1985223920720847,-41.407890053668524,-34.22320723826119,8.382778093819715,-43.49516851116175,-40.91297685880822,2.1985223920720847,-41.407890053668524,-34.22320723826119,8.382778093819715,-43.49516851116175,-40.91297685880822
-3.443279061127406,-45.27130325814537,-43.07002087955372,4.440936977330905,-42.530306197742405,-39.539080838539775,-3.443279061127406,-45.27130325814537,-43.07002087955372,4.440936977330905,-42.530306197742405,-39.539080838539775,-0.8635688365440934,-41.41980880529047,-33.880151399790975,15.602197324810714,-42.2223639199527,-41.11247476565485,-0.8635688365440934,-41.41980880529047,-33.880151399790975,15.602197324810714,-42.2223639199527,-41.11247476565485
-7.474228277178416,-45.65130680869243,-41.617759493186,4.737081191714686,-43.73061811508752,-40.975496856864325,-7.474228277178416,-45.65130680869243,-41.617759493186,4.737081191714686,-43.73061811508752,-40.975496856864325,11.538575904569187,-41.41822397324197,-33.917445217868085,10.187158210828258,-40.85527966994244,-40.81031428585389,11.538575904569187,-41.41822397324197,-33.917445217868085,10.187158210828258,-40.85527966994244,-40.81031428585389
-22.130511553566592,-45.67796754807351,-40.1766873833752,7.141255472388536,-44.74771464061227,-42.39322093772119,-22.130511553566592,-45.67796754807351,-40.1766873833752,7.141255472388536,-44.74771464061227,-42.39322093772119,0.012721954761773624,-41.40327376853293,-34.332461904941184,5.298737358074206,-39.48558712883874,-40.94726771604116,0.012721954761773624,-41.40327376853293,-34.332461904941184,5.298737358074206,-39.48558712883874,-40.94726771604116
-9.71614315622132,-45.34958717017123,-38.83714493447218,6.2809670636116515,-45.527622291000256,-43.706210450749566,-9.71614315622132,-45.34958717017123,-38.83714493447218,6.2809670636116515,-45.527622291000256,-43.706210450749566,1.1677908298488076,-41.37626197782838,-35.09596978875441,12.818082801162644,-38.205132566234084,-41.096932526228954,1.1677908298488076,-41.37626197782838,-35.09596978875441,12.818082801162644,-38.205132566234084,-41.096932526228954
-2.160899903644639,-44.68708371467795,-37.68310766641356,4.078661139660541,-46.02895430354042,-44.83477917712637,-2.160899903644639,-44.68708371467795,-37.68310766641356,4.078661139660541,-46.02895430354042,-44.83477917712637,11.335002240094934,-41.339544262017526,-36.15419124320358,14.469669779904088,-37.09977829898342,-40.79332948809898,11.335002240094934,-41.339544262017526,-36.15419124320358,14.469669779904088,-37.09977829898342,-40.79332948809898
-18.89688040472503,-43.73265907461405,-36.786921834214276,5.455724938334895,-46.2251068758052,-45.71043351991578,-18.89688040472503,-43.73265907461405,-36.786921834214276,5.455724938334895,-46.2251068758052,-45.71043351991578,-1.7791854621120446,-41.296322722287364,-37.43259051178997,6.239369810371107,-36.243645097243665,-40.98172228284238,-1.7791854621120446,-41.296322722287364,-37.43259051178997,6.239369810371107,-36.243645097243665,-40.98172228284238
-16.87911409514495,-42.547110708803814,-36.204769062637666,7.334900150183473,-46.10567092928455,-46.28002942664783,-16.87911409514495,-42.547110708803814,-36.204769062637666,7.334900150183473,-46.10567092928455,-46.28002942664783,3.479084385343934,-41.25036664930907,-38.841123628582906,8.130659526986808,-35.694141933097626,-41.07555266069357,3.479084385343934,-41.25036664930907,-38.841123628582906,8.130659526986808,-35.694141933097626,-41.07555266069357
-1.2972993852193024,-41.2059588049377,-35.973144336755695,5.516884214829382,-45.6769844799928,-46.50899773769566,-1.2972993852193024,-41.2059588049377,-35.973144336755695,5.516884214829382,-45.6769844799928,-46.50899773769566,10.408265069066566,-41.20568380861442,-40.280580658863826,15.546820730500503,-35.48811635754052,-40.78268109326878,10.408265069066566,-41.20568380861442,-40.280580658863826,15.546820730500503,-35.48811635754052,-40.78268109326878
-12.227890444102739,-39.79463559540958,-36.10656814212817,4.064309995883223,-44.961796303820975,-46.383442211880904,-12.227890444102739,-39.79463559540958,-36.10656814212817,4.064309995883223,-44.961796303820975,-46.383442211880904,-3.00041021676957,-41.166170928909594,-41.64957354416129,10.463114602063236,-35.63938364661983,-41.014958982468855,-3.00041021676957,-41.166170928909594,-41.64957354416129,10.463114602063236,-35.63938364661983,-41.014958982468855
-21.557388313673137,-38.403043269576905,-36.59667617985789,6.223175311055954,-43.99805874464761,-45.91098289872046,-21.557388313673137,-38.403043269576905,-36.59667617985789,6.223175311055954,-43.99805874464761,-45.91098289872046,5.842279535483634,-41.13527387375691,-42.85167736328511,5.235323693091262,-36.137800402604796,-41.04919246977063,5.842279535483634,-41.13527387375691,-42.85167736328511,5.235323693091262,-36.137800402604796,-41.04919246977063
-5.290308465874001,-37.11982714691121,-37.41274372201462,7.169167563868621,-42.83691372633736,-45.12029367248367,-5.290308465874001,-37.11982714691121,-37.41274372201462,7.169167563868621,-42.83691372633736,-45.12029367248367,8.849796309756151,-41.11568713258178,-43.802222015122034,12.569423932091762,-36.949944730898025,-40.77879608611489,8.849796309756151,-41.11568713258178,-43.802222015122034,12.569423932091762,-36.949944730898025,-40.77879608611489
-5.2656081802455335,-36.02672891356033,-38.50361173574196,4.788323317444892,-41.53997884338626,-44.0593619954292,-5.2656081802455335,-36.02672891356033,-38.50361173574196,4.788323317444892,-41.53997884338626,-44.0593619954292,-3.530466236727718,-41.109118837978556,-44.43425595147521,14.640123007914719,-38.02135738266377,-41.04564507283494,-3.530466236727718,-41.109118837978556,-44.43425595147521,14.640123007914719,-38.02135738266377,-41.04564507283494
-21.546816633806472,-35.193379624762514,-39.80089402789576,4.4010008208858595,-40.17607754716857,-42.79257652636601,-21.546816633806472,-35.193379624762514,-39.80089402789576,4.4010008208858595,-40.17607754716857,-42.79257652636601,8.024223372859694,-41.116141801830565,-44.703261904828565,6.414654103618172,-39.28019358084002,-41.018908957802466,8.024223372859694,-41.116141801830565,-44.703261904828565,6.414654103618172,-39.28019358084002,-41.018908957802466
-12.258637748754738,-34.67286416217821,-41.22326435526701,6.872731048225561,-38.81758694448636,-41.39681932953553,-12.258637748754738,-34.67286416217821,-41.22326435526701,6.872731048225561,-38.81758694448636,-41.39681932953553,6.813354538689461,-41.136143561178436,-44.59029245907033,7.884752106552325,-40.64204065224616,-40.78183024963007,6.813354538689461,-41.136143561178436,-44.59029245907033,7.884752106552325,-40.64204065224616,-40.78183024963007
-1.290283554070557,-34.49833969304235,-42.68155474271504,6.680057215454288,-37.5365970170073,-39.956799850296534,-1.290283554070557,-34.49833969304235,-42.68155474271504,6.680057215454288,-37.5365970170073,-39.956799850296534,-3.317058178484049,-41.1673797902673,-44.10330460946404,15.477391591050786,-42.01557841405961,-41.0725500874823,-3.317058178484049,-41.1673797902673,-44.10330460946404,15.477391591050786,-42.01557841405961,-41.0725500874823
-16.852379857947774,-34.680923537445715,-44.084345397156746,4.2535382795930055,-36.401085077349855,-38.559913841770204,-16.852379857947774,-34.680923537445715,-44.084345397156746,4.2535382795930055,-36.401085077349855,-38.559913841770204,9.809645250248764,-41.20712642078207,-43.2765993122259,10.738909010948433,-43.30870275110025,-40.98591644845403,9.809645250248764,-41.20712642078207,-43.2765993122259,10.738909010948433,-43.30870275110025,-40.98591644845403
-18.91918826542108,-35.20898498794841,-45.34369578735661,5.015599523775131,-35.471308469032756,-37.29093925765825,-18.91918826542108,-35.20898498794841,-45.34369578735661,5.015599523775131,-35.471308469032756,-37.29093925765825,4.49985516467631,-41.251917204075774,-42.16840549899596,5.186032301385831,-44.43470176057831,-40.79166191838252,4.49985516467631,-41.251917204075774,-42.16840549899596,5.186032301385831,-44.43470176057831,-40.79166191838252
-2.1748740062457355,-36.048886193068036,-46.38065760981995,7.263299299089418,-34.796606936119204,-36.2268910210704,-2.1748740062457355,-36.048886193068036,-46.38065760981995,7.263299299089418,-34.796606936119204,-36.2268910210704,-2.3812408877379996,-41.297845997917534,-40.85677872598037,12.314847865623287,-45.31807031599123,-41.09459517544984,-2.3812408877379996,-41.297845997917534,-40.85677872598037,12.314847865623287,-45.31807031599123,-41.09459517544984
-9.685842084859473,-37.14712490989209,-47.13022403458997,5.973810909057105,-34.41278434875921,-35.43234693691494,-9.685842084859473,-37.14712490989209,-47.13022403458997,5.973810909057105,-34.41278434875921,-35.43234693691494,11.022395389398767,-41.34090741575131,-39.434103336134655,14.79900112384918,-45.8995731480686,-40.951537892145026,11.022395389398767,-41.34090741575131,-39.434103336134655,14.79900112384918,-45.8995731480686,-40.951537892145026
-22.13386971577276,-38.4337426311037,-47.54540496419065,4.028692105023379,-34.3402087266003,-34.95552842137697,-22.13386971577276,-38.4337426311037,-47.54540496419065,4.028692105023379,-34.3402087266003,-34.95552842137697,2.1375481083016177,-41.37734613091494,-38.00058537422237,6.600838303880146,-46.14021693219117,-40.807896857118266,2.1375481083016177,-41.37734613091494,-38.00058537422237,6.600838303880146,-46.14021693219117,-40.807896857118266
-7.502608473991971,-39.82678098655625,-47.60017282893981,5.774606424541439,-34.58273138466852,-34.82537391165708,-7.502608473991971,-39.82678098655625,-47.60017282893981,5.774606424541439,-34.58273138466852,-34.82537391165708,-0.8153421276569146,-41.40398437348182,-36.65719458083649,7.645727742413828,-46.02386502950831,-41.11089636158819,-0.8153421276569146,-41.40398437348182,-36.65719458083649,7.645727742413828,-46.02386502950831,-41.11089636158819
-3.423687377646697,-41.23750254376836,-47.2910942475945,7.3100430207655345,-35.127482558580205,-35.04978257270627,-3.423687377646697,-41.23750254376836,-47.2910942475945,7.3100430207655345,-35.127482558580205,-35.04978257270627,11.54282382365933,-41.41849905917891,-35.49855259555678,15.39409961251392,-45.558319547354806,-40.91715181771113,11.54282382365933,-41.41849905917891,-35.49855259555678,15.39409961251392,-45.558319547354806,-40.91715181771113
-20.388098485134343,-42.57604343901917,-46.6375452650058,5.20383550262967,-35.945554354483754,-35.61513489157901,-20.388098485134343,-42.57604343901917,-46.6375452650058,5.20383550262967,-35.945554354483754,-35.61513489157901,-0.04050134238662206,-41.41962438235155,-34.60626828817221,11.013787865295194,-44.77479816019283,-40.82988406900685,-0.04050134238662206,-41.41962438235155,-34.60626828817221,11.013787865295194,-44.77479816019283,-40.82988406900685
-14.76334732051765,-43.75713776283033,-45.68049667359763,4.162624617534612,-36.993534782150796,-36.4871192548566,-14.76334732051765,-43.75713776283033,-45.68049667359763,4.162624617534612,-36.993534782150796,-36.4871192548566,1.2261464811250646,-41.407262205123054,-34.04318964346254,5.15099786524563,-43.72584077343718,-41.120799992644855,1.2261464811250646,-41.407262205123054,-34.04318964346254,5.15099786524563,-43.72584077343718,-41.120799992644855
-1.016303530120103,-44.70554905282993,-44.47994556650734,6.513154305110562,-38.21581146585387,-37.61281434360049,-1.016303530120103,-44.70554905282993,-44.47994556650734,6.513154305110562,-38.21581146585387,-37.61281434360049,11.319585067432453,-41.38249061586309,-33.84897706764548,12.055050197599693,-42.48178640116837,-40.88413705545361,11.319585067432453,-41.38249061586309,-33.84897706764548,12.055050197599693,-42.48178640116837,-40.88413705545361
-14.504387329978895,-45.360862904431386,-43.11115413756159,7.002808804441161,-39.54752278377078,-38.92390096387985,-14.504387329978895,-45.360862904431386,-43.11115413756159,7.002808804441161,-39.54752278377078,-38.92390096387985,-1.8194067604774533,-41.34746991059284,-34.03730991034979,14.945870014013732,-41.126056504651885,-40.85674189964337,-1.8194067604774533,-41.34746991059284,-34.03730991034979,14.945870014013732,-41.126056504651885,-40.85674189964337
-20.536224044047863,-45.68133540697164,-41.659931516605646,4.5373807314709556,-40.917999830054335,-40.34080838471613,-20.536224044047863,-45.68133540697164,-41.659931516605646,4.5373807314709556,-40.917999830054335,-40.34080838471613,3.5418116086296147,-41.3052541965583,-34.59492296055041,6.7974136871555135,-39.74956107268689,-41.12390894778479,3.5418116086296147,-41.3052541965583,-34.59492296055041,6.7974136871555135,-39.74956107268689,-41.12390894778479
-3.5979192943382206,-45.6465522574669,-40.21725442053145,4.626243748628422,-42.254516547603515,-41.777543539395154,-3.5979192943382206,-45.6465522574669,-40.21725442053145,4.626243748628422,-42.254516547603515,-41.777543539395154,10.374703863388312,-41.25952504776357,-35.482540780808876,7.414239537416853,-38.444602550342715,-40.853817448100635,10.374703863388312,-41.25952504776357,-35.482540780808876,7.414239537416853,-38.444602550342715,-40.853817448100635
-7.254821959788804,-45.25872916474428,-38.8735638498037,7.0708199409227355,-43.486149026105096,-43.14691000266776,-7.254821959788804,-45.25872916474428,-38.8735638498037,7.0708199409227355,-43.486149026105096,-43.14691000266776,-3.0236612817969286,-41.214270439996376,-36.63764407005018,15.297172379338829,-37.29868639497831,-40.887393390075175,-3.0236612817969286,-41.214270439996376,-36.63764407005018,15.297172379338829,-37.29868639497831,-40.887393390075175
-22.10137211035928,-44.54257070737496,-37.71309536888954,6.408332341835928,-44.547539166930214,-44.3658000005886,-22.10137211035928,-44.54257070737496,-37.71309536888954,6.408332341835928,-44.547539166930214,-44.3658000005886,5.9031896609679375,-41.17343696497813,-37.978873206301245,11.287000094548025,-36.38865329965231,-41.12009856254358,5.9031896609679375,-41.17343696497813,-37.978873206301245,11.287000094548025,-36.38865329965231,-41.12009856254358
-9.952217285122867,-43.54369663624954,-36.80859840363561,4.119210159630638,-45.382362991361205,-45.36023827735318,-9.952217285122867,-43.54369663624954,-36.80859840363561,4.119210159630638,-45.382362991361205,-45.36023827735318,8.801402220663778,-41.140585653561,-39.41175880615626,5.1303161116900275,-35.77552655426614,-40.827408766688265,8.801402220663778,-41.140585653561,-39.41175880615626,5.1303161116900275,-35.77552655426614,-40.827408766688265
-2.055004540065049,-42.325735867324546,-36.216775601278584,5.318844753313608,-45.94631954208549,-46.06987170344904,-2.055004540065049,-42.325735867324546,-36.216775601278584,5.318844753313608,-45.94631954208549,-46.06987170344904,-3.534453117615487,-41.11858142315501,-40.83537566940092,11.79074079120417,-35.50042006041538,-40.92060946124971,-3.534453117615487,-41.11858142315501,-40.83537566940092,11.79074079120417,-35.50042006041538,-40.92060946124971
-18.721378605485906,-40.966273279059656,-35.97472815825979,7.326470333188199,-46.20948176821111,-46.4516321477795,-18.721378605485906,-40.966273279059656,-35.97472815825979,7.326470333188199,-46.20948176821111,-46.4516321477795,8.07730700565917,-41.10934323224505,-42.14945143865656,15.080328378355,-35.581781392604896,-41.10952162768659,8.07730700565917,-41.10934323224505,-42.14945143865656,15.080328378355,-35.581781392604896,-41.10952162768659
-17.085396789010545,-39.5519075061329,-36.097629957193774,5.655742472887099,-46.15788464118393,-46.48235031157783,-17.085396789010545,-39.5519075061329,-36.097629957193774,5.655742472887099,-46.15788464118393,-46.48235031157783,6.754902128526072,-41.113676730676865,-43.261429276083305,7.003843136892822,-36.0141547754498,-40.805969959955135,6.754902128526072,-41.113676730676865,-43.261429276083305,7.003843136892822,-36.0141547754498,-40.805969959955135
-1.3548071296257547,-38.17273455113302,-36.577776320654976,4.0401564511994055,-45.79426622627592,-46.160161888771604,-1.3548071296257547,-38.17273455113302,-36.577776320654976,4.0401564511994055,-45.79426622627592,-46.160161888771604,-3.3013875294391726,-41.13120400004876,-44.09298709798689,7.190920002836705,-36.76854692681294,-40.955058198251464,-3.3013875294391726,-41.13120400004876,-44.09298709798689,7.190920002836705,-36.76854692681294,-40.955058198251464
-11.9887132217609,-36.91660861168108,-37.38506701512688,6.089984729471163,-45.137922383769634,-45.5046207119749,-11.9887132217609,-36.91660861168108,-37.38506701512688,6.089984729471163,-45.137922383769634,-45.5046207119749,9.849665157489866,-41.16039651145254,-44.58555418548098,15.186874732526242,-37.7943712348575,-41.09260226252708,9.849665157489866,-41.16039651145254,-44.58555418548098,15.186874732526242,-37.7943712348575,-41.09260226252708
-21.636690350825724,-35.86354571196186,-38.468893225738285,7.22457453886831,-44.223682810300836,-44.55551201720327,-21.636690350825724,-35.86354571196186,-38.468893225738285,7.22457453886831,-44.223682810300836,-44.55551201720327,4.437111350058102,-41.19870842636442,-44.70443660910649,11.557799181986747,-39.02283990004165,-40.7903606920773,4.437111350058102,-41.19870842636442,-44.70443660910649,11.557799181986747,-39.02283990004165,-40.7903606920773
-5.484124786898412,-35.08062663090453,-39.761310207899975,4.908512544041412,-43.10006275798867,-43.37043785107434,-5.484124786898412,-35.08062663090453,-39.761310207899975,4.908512544041412,-43.10006275798867,-43.37043785107434,-2.347458775485257,-41.24279861569981,-44.44126089340411,5.1240435509084605,-40.37157657816982,-40.98935825810366,-2.347458775485257,-41.24279861569981,-44.44126089340411,5.1240435509084605,-40.37157657816982,-40.98935825810366
-5.075442874917652,-34.61772381374472,-41.18129672324729,4.317391208931262,-41.82668851266292,-42.02132116376153,-5.075442874917652,-34.61772381374472,-41.18129672324729,4.317391208931262,-41.82668851266292,-42.02132116376153,11.045403205781692,-41.28882203505751,-43.81456380209143,11.52264183735663,-41.750140218545326,-41.07001890837435,11.045403205781692,-41.28882203505751,-43.81456380209143,11.52264183735663,-41.750140218545326,-41.07001890837435
-21.461775193714644,-34.50432446542719,-42.63983423711031,6.7721609805056024,-40.47113325136269,-40.59004075665323,-21.461775193714644,-34.50432446542719,-42.63983423711031,6.7721609805056024,-40.47113325136269,-40.59004075665323,2.076703195939184,-41.33276504572114,-42.86848670236538,15.202008826959936,-43.06608969006402,-40.78120687141694,2.076703195939184,-41.33276504572114,-42.86848670236538,15.202008826959936,-43.06608969006402,-40.78120687141694
-12.497446903729003,-34.74765219682764,-44.045487464124186,6.787265790382987,-39.10533118823935,-39.16346200269139,-12.497446903729003,-34.74765219682764,-44.045487464124186,6.787265790382987,-39.10533118823935,-39.16346200269139,-0.7667814964475044,-41.37079543853779,-41.66966647069237,7.219562611591487,-44.23118252494301,-41.02213425956147,-0.7667814964475044,-41.37079543853779,-41.66966647069237,7.219562611591487,-44.23118252494301,-41.02213425956147
-1.238725747770216,-35.33220687612881,-45.31013641922506,4.328951645646014,-37.80176029663907,-37.82816492831775,-1.238725747770216,-35.33220687612881,-45.31013641922506,4.328951645646014,-37.80176029663907,-37.82816492831775,11.546549597300302,-41.39959663557525,-40.30254192892586,6.97637933012405,-45.167292116369815,-41.042677124049014,11.546549597300302,-41.39959663557525,-40.30254192892586,6.97637933012405,-45.167292116369815,-41.042677124049014
-16.643061856640617,-36.22075199711192,-46.354500633452176,4.89069505509119,-36.6295961759304,-36.665189613294224,-16.643061856640617,-36.22075199711192,-46.354500633452176,4.89069505509119,-36.6295961759304,-36.665189613294224,-0.09344439153702666,-41.416656924294124,-38.863406401605936,15.063508045985248,-45.81164658574968,-40.7788755525305,-0.09344439153702666,-41.416656924294124,-38.863406401605936,15.063508045985248,-45.81164658574968,-40.7788755525305
-19.090476327617267,-37.35668666837201,-47.11310922309824,7.2171950107635245,-35.65104116288812,-35.74511781362008,-19.090476327617267,-37.35668666837201,-47.11310922309824,7.2171950107635245,-35.65104116288812,-35.74511781362008,1.2846946378991695,-41.420488500522765,-37.453625302164745,11.825445204485897,-46.1210380214296,-41.0520719338487,1.2846946378991695,-41.420488500522765,-37.453625302164745,11.825445204485897,-46.1210380214296,-41.0520719338487
-2.28621494208115,-38.667651126232094,-47.53840524004548,6.109533839115918,-34.918023487866634,-35.12378930717189,-2.28621494208115,-38.667651126232094,-47.53840524004548,6.109533839115918,-34.918023487866634,-35.12378930717189,11.30366121338798,-41.41075721780029,-36.17249646689418,5.13219732185373,-46.07471983367627,-41.01167327432486,11.30366121338798,-41.41075721780029,-36.17249646689418,5.13219732185373,-46.07471983367627,-41.01167327432486
-9.450866816326986,-40.07013609787889,-47.603727002777596,4.042948742513448,-34.46944163912197,-34.83891293993374,-9.450866816326986,-40.07013609787889,-47.603727002777596,4.042948742513448,-34.46944163912197,-34.83891293993374,-1.8592245835311578,-41.38831172782707,-35.11025611856951,11.251485881420276,-45.67579794052001,-40.78346021782837,-1.8592245835311578,-41.38831172782707,-35.11025611856951,11.251485881420276,-45.67579794052001,-40.78346021782837
-22.156935036707637,-41.47480239534982,-47.304979509308566,5.63553814662742,-34.3291001664893,-34.90777805070996,-22.156935036707637,-41.47480239534982,-47.304979509308566,5.63553814662742,-34.3291001664893,-34.90777805070996,3.60457092798899,-41.355109470724265,-34.34172308420751,15.310578883900758,-44.95102249693769,-41.077970824875614,3.60457092798899,-41.355109470724265,-34.34172308420751,15.310578883900758,-44.95102249693769,-41.077970824875614
-7.724390339374277,-42.7921718788343,-46.660891151646,7.328419026524264,-34.50444646354597,-35.32620516949555,-7.724390339374277,-42.7921718788343,-46.660891151646,7.328419026524264,-34.50444646354597,-35.32620516949555,10.340701429596459,-41.314045969389504,-33.921028936051016,7.4439826859714895,-43.948994133207826,-40.978250567336566,10.340701429596459,-41.314045969389504,-33.921028936051016,7.4439826859714895,-43.948994133207826,-40.978250567336566
-3.2737624491805235,-43.9383272712986,-45.7118396384353,5.338591814872122,-34.98617556247304,-36.06879967232889,-3.2737624491805235,-43.9383272712986,-45.7118396384353,5.338591814872122,-34.98617556247304,-36.06879967232889,-3.04642545108638,-41.26870231495173,-33.87780523794292,6.771203723636491,-42.73690498513633,-40.79477702906971,-3.04642545108638,-41.26870231495173,-33.87780523794292,6.771203723636491,-42.73690498513633,-40.79477702906971
-20.252073936078112,-44.84025774260053,-44.51732072834671,4.112627779700091,-35.74872391366512,-37.090492998141976,-20.252073936078112,-44.84025774260053,-44.51732072834671,4.112627779700091,-35.74872391366512,-37.090492998141976,5.963968306502148,-41.223032864769266,-34.21509644813309,14.927409403068484,-41.39603305002786,-41.098792425737734,5.963968306502148,-41.223032864769266,-34.21509644813309,14.927409403068484,-41.39603305002786,-41.098792425737734
-14.991078524436034,-45.44050974597534,-43.15221845856136,6.3901298485939435,-36.75162594706261,-38.32927789011942,-14.991078524436034,-45.44050974597534,-43.15221845856136,6.3901298485939435,-36.75162594706261,-38.32927789011942,8.752675888305678,-41.181020388396476,-34.90914548306758,12.089206854258006,-40.01629199941469,-40.94374920378759,8.752675888305678,-41.181020388396476,-34.90914548306758,12.089206854258006,-40.01629199941469,-40.94374920378759
-1.022065439797343,-45.70084684564046,-41.70211068662743,7.081673571472879,-37.941661427605425,-39.70997165792186,-1.022065439797343,-45.70084684564046,-41.70211068662743,7.081673571472879,-37.941661427605425,-39.70997165792186,-3.537917719486856,-41.146328735762204,-35.911067045960415,5.154755145412051,-38.69020191696488,-40.81237219900167,-3.537917719486856,-41.146328735762204,-35.911067045960415,5.154755145412051,-38.69020191696488,-40.81237219900167
-14.273360303838896,-45.604685402162346,-40.25790423988155,4.641899416246248,-39.255679652737236,-41.148779065855265,-14.273360303838896,-45.604685402162346,-40.25790423988155,4.641899416246248,-39.255679652737236,-41.148779065855265,8.130108554297859,-41.12198331788742,-37.1502908593629,10.978013821617111,-37.50668526050145,-41.11370182129392,8.130108554297859,-41.12198331788742,-37.1502908593629,10.978013821617111,-37.50668526050145,-41.11370182129392
-20.66260998971814,-45.15815096087468,-38.91013599332972,4.52285346791219,-40.623950622431764,-42.558377922222604,-20.66260998971814,-45.15815096087468,-38.91013599332972,4.52285346791219,-40.623950622431764,-42.558377922222604,6.696259239075816,-41.11010726497649,-38.53953227787793,15.405741895681981,-36.54510406685699,-40.90955263690077,6.696259239075816,-41.11010726497649,-38.53953227787793,15.405741895681981,-36.54510406685699,-40.90955263690077
-3.7566533427022826,-44.38968805073051,-37.74329713973032,6.990561987613802,-41.97386534776702,-43.85321872201573,-3.7566533427022826,-44.38968805073051,-37.74329713973032,6.990561987613802,-41.97386534776702,-43.85321872201573,-3.2852107461628792,-41.11173627117007,-39.980940176249035,7.676490161500955,-35.869938241482096,-40.835540187551494,-3.2852107461628792,-41.11173627117007,-39.980940176249035,7.676490161500955,-35.869938241482096,-40.835540187551494
-7.037639866098941,-43.34824824965014,-36.8305364617099,6.530555308176042,-43.233788936598586,-44.95471670405449,-7.037639866098941,-43.34824824965014,-36.8305364617099,6.530555308176042,-43.233788936598586,-44.95471670405449,9.889280206794936,-41.12672827309217,-41.372989086742926,6.575953798911754,-35.526461786064075,-41.1221011670183,9.889280206794936,-41.12672827309217,-41.372989086742926,6.575953798911754,-35.526461786064075,-41.1221011670183
-22.06686659222614,-42.10017193776028,-36.22907465621403,4.170788254978502,-44.33686198758695,-45.796021213129265,-22.06686659222614,-42.10017193776028,-36.22907465621403,4.170788254978502,-44.33686198758695,-45.796021213129265,4.374337612822572,-41.15377583900066,-42.61763013859567,14.778950675535217,-35.537706899564526,-40.87703209800737,4.374337612822572,-41.15377583900066,-42.61763013859567,14.778950675535217,-35.537706899564526,-40.87703209800737
-10.189136594384552,-40.724962372831044,-35.976617185940064,5.184518886079822,-45.22454856690464,-46.32607291133844,-10.189136594384552,-40.724962372831044,-35.976617185940064,5.184518886079822,-45.22454856690464,-46.32607291133844,-2.313236609005177,-41.19052018810029,-43.62719712358668,12.34836343705657,-35.902919528285196,-40.863351992931165,-2.313236609005177,-41.19052018810029,-43.62719712358668,12.34836343705657,-35.902919528285196,-40.863351992931165
-1.9539918067923896,-39.310221282006566,-36.0889905350323,7.306412065152905,-45.84974248986197,-46.512702603732926,-1.9539918067923896,-39.310221282006566,-36.0889905350323,7.306412065152905,-45.84974248986197,-46.512702603732926,11.06792333374997,-41.2337568965518,-44.33058125947943,5.1916553852778184,-36.5976099297843,-41.12365366167415,11.06792333374997,-41.2337568965518,-44.33058125947943,5.1916553852778184,-36.5976099297843,-41.12365366167415
-18.542238752968704,-37.94606857586465,-36.559150051471924,5.79477505192321,-46.17926706877667,-46.34458360844704,-18.542238752968704,-37.94606857586465,-36.559150051471924,5.79477505192321,-46.17926706877667,-46.34458360844704,2.015991869795272,-41.279715350840846,-44.67823973228393,10.702972884620344,-37.57519486002373,-40.84749161221575,2.015991869795272,-41.279715350840846,-44.67823973228393,10.702972884620344,-37.57519486002373,-40.84749161221575
-17.2888778252906,-36.71940165258658,-37.35762157422827,4.027590452797305,-46.19563567488141,-45.83191918065809,-17.2888778252906,-36.71940165258658,-37.35762157422827,4.027590452797305,-46.19563567488141,-45.83191918065809,-0.7178903067786644,-41.32438757776481,-44.64568524100593,15.487237841807332,-38.77012126504571,-40.8946924032236,-0.7178903067786644,-41.32438757776481,-44.64568524100593,15.487237841807332,-38.77012126504571,-40.8946924032236
-1.4175554802586756,-35.70835997822145,-38.43434915969681,5.953900786523579,-45.89797968787682,-45.005823270150344,-1.4175554802586756,-35.70835997822145,-38.43434915969681,5.953900786523579,-45.89797968787682,-45.005823270150344,11.549752967402252,-41.36387777422977,-44.23521075903453,7.916449741881017,-40.10226201453088,-41.11829705254116,11.549752967402252,-41.36387777422977,-44.23521075903453,7.916449741881017,-40.10226201453088,-41.11829705254116
-11.74934002125542,-34.97734755281941,-39.72183307399898,7.269072900486248,-45.302094590340445,-43.916432194723676,-11.74934002125542,-34.97734755281941,-39.72183307399898,7.269072900486248,-45.302094590340445,-43.916432194723676,-0.14610352525184833,-41.39474205484738,-43.4757280287168,6.391163050858977,-41.48228891639173,-40.82211570894934,-0.14610352525184833,-41.39474205484738,-43.4757280287168,6.391163050858977,-41.48228891639173,-40.82211570894934
-21.710863881597696,-34.57293033451669,-41.13936133133522,5.034154859454556,-44.43960176093492,-42.62986183326271,-21.710863881597696,-34.57293033451669,-41.13936133133522,5.034154859454556,-44.43960176093492,-42.62986183326271,1.3434312444536451,-41.414288788414055,-42.42073116474297,14.61853750746301,-42.817662718884016,-40.9283047147173,1.3434312444536451,-41.414288788414055,-42.42073116474297,14.61853750746301,-42.817662718884016,-40.9283047147173
-5.681070600535645,-34.52086995827672,-42.598069504503414,4.243410632409145,-43.35627044689505,-41.22419500846881,-5.681070600535645,-34.52086995827672,-42.598069504503414,4.243410632409145,-43.35627044689505,-41.22419500846881,11.287231781029172,-41.420813331343645,-41.14452879979994,12.60220684137892,-44.01883843392506,-41.1062461316567,11.287231781029172,-41.420813331343645,-41.14452879979994,12.60220684137892,-44.01883843392506,-41.1062461316567
-4.888616000829995,-34.82448270329845,-44.00651160955689,6.663878351982441,-42.109588962394284,-39.78474258770278,-4.888616000829995,-34.82448270329845,-44.00651160955689,6.663878351982441,-42.109588962394284,-39.78474258770278,-1.8986361730379713,-41.41374668727572,-39.737010161059025,5.24279721636676,-45.00526987670252,-40.80192192408341,-1.8986361730379713,-41.41374668727572,-39.737010161059025,5.24279721636676,-45.00526987670252,-40.80192192408341
-21.371694672614648,-35.46442824391446,-45.2763928274928,6.886655097348252,-40.76571400015097,-38.39886590892536,-21.371694672614648,-35.46442824391446,-45.2763928274928,6.886655097348252,-40.76571400015097,-38.39886590892536,3.6673579959911176,-41.39370512846084,-38.297313728545866,10.42711458385514,-45.710810780438266,-40.9628411238509,3.6673579959911176,-41.39370512846084,-38.297313728545866,10.42711458385514,-45.710810780438266,-40.9628411238509
-12.735799990449479,-36.399941640681476,-46.32810468034059,4.413912379013766,-39.3959599448215,-37.150674762192196,-12.735799990449479,-36.399941640681476,-46.32810468034059,4.413912379013766,-39.3959599448215,-37.150674762192196,10.306260123087153,-41.36243645151033,-36.926844423011914,15.554844045251793,-46.08815030849678,-41.087984122975435,10.306260123087153,-41.36243645151033,-36.926844423011914,15.554844045251793,-46.08815030849678,-41.087984122975435
-1.1924678943006413,-37.57143009304555,-47.09571566310106,4.771369545969295,-38.07301448709878,-36.11592270978591,-1.1924678943006413,-37.57143009304555,-47.09571566310106,4.771369545969295,-38.07301448709878,-36.11592270978591,-3.06870114773207,-41.32266755447237,-35.72213115720677,8.16320576890995,-46.11198553559964,-40.78771999827397,-3.06870114773207,-41.32266755447237,-35.72213115720677,8.16320576890995,-46.11198553559964,-40.78771999827397
-16.431168341473786,-38.904269038777294,-47.53110447029448,7.160234241356961,-36.86708136163234,-35.35740955144362,-16.431168341473786,-38.904269038777294,-47.53110447029448,7.160234241356961,-36.86708136163234,-35.35740955144362,6.02461126185953,-41.27786662782662,-34.768027828444005,6.217336396053576,-45.780718163859866,-40.996916772125886,6.02461126185953,-41.27786662782662,-34.768027828444005,6.217336396053576,-45.780718163859866,-40.996916772125886
-19.257937635325057,-40.3135557862231,-47.606976706369196,6.242225304120853,-35.84215489914114,-34.92116996216925,-19.257937635325057,-40.3135557862231,-47.606976706369196,6.242225304120853,-35.84215489914114,-34.92116996216925,8.703620688021694,-41.231940698391654,-34.13173664008882,14.446608206874387,-45.11656169843932,-41.06424330580946,8.703620688021694,-41.231940698391654,-34.13173664008882,14.446608206874387,-45.11656169843932,-41.06424330580946
-2.402320301907629,-41.709517869959534,-47.31857596328577,4.068773200285063,-35.052624088216916,-34.833679616768315,-2.402320301907629,-41.709517869959534,-47.31857596328577,4.068773200285063,-35.052624088216916,-34.833679616768315,-3.5408598023437268,-41.188894902922556,-33.8580747189138,12.850043473288384,-44.16405189604557,-40.78007940756519,-3.5408598023437268,-41.188894902922556,-33.8580747189138,12.850043473288384,-44.16405189604557,-40.78007940756519
-9.21699304358189,-43.00323161414764,-46.68398199833028,5.496786922128084,-34.54038635647028,-35.100248363293176,-9.21699304358189,-43.00323161414764,-46.68398199833028,5.496786922128084,-34.54038635647028,-35.100248363293176,8.182624361138675,-41.15248320567669,-33.966317423809016,5.308040900307309,-42.98706036981406,-41.029165276867,8.182624361138675,-41.15248320567669,-33.966317423809016,5.308040900307309,-42.98706036981406,-41.029165276867
-22.174605876170816,-44.112286627447325,-45.74297731947729,7.33515281479813,-34.332624231787584,-35.70469796478454,-22.174605876170816,-44.112286627447325,-45.74297731947729,7.33515281479813,-34.332624231787584,-35.70469796478454,6.637429932612035,-41.12588102038542,-34.448840687183605,10.151192666086365,-41.66451160665144,-41.03597565151997,6.637429932612035,-41.12588102038542,-34.448840687183605,10.151192666086365,-41.66451160665144,-41.03597565151997
-7.948156361626662,-44.96603539755171,-44.55455323173144,5.475762942791229,-34.440362867916704,-36.61034396738042,-7.948156361626662,-44.96603539755171,-44.55455323173144,5.475762942791229,-34.440362867916704,-36.61034396738042,-3.2685289492448906,-41.111408286816705,-35.27165801565033,15.608375780897466,-40.285090597243844,-40.779306528249265,-3.2685289492448906,-41.111408286816705,-35.27165801565033,15.608375780897466,-40.285090597243844,-40.779306528249265
-3.128097061051651,-45.51009358281923,-43.19321168966346,4.0737065181319725,-34.85788498106632,-37.762222104555846,-3.128097061051651,-45.51009358281923,-43.19321168966346,4.0737065181319725,-34.85788498106632,-37.762222104555846,9.928487653974138,-41.11032715203811,-36.37681432638631,8.416084013983546,-38.94129596453736,-41.05829352112967,9.928487653974138,-41.11032715203811,-36.37681432638631,8.416084013983546,-38.94129596453736,-41.05829352112967
-20.11162876576767,-45.709804329551545,-41.74429479191331,6.2620916707817855,-35.563034244631474,-39.09042411551686,-20.11162876576767,-45.709804329551545,-41.74429479191331,6.2620916707817855,-35.563034244631474,-39.09042411551686,4.311538301394265,-41.122731900317646,-37.686468009467916,6.054948793118669,-37.7232373648299,-41.004314650885476,4.311538301394265,-41.122731900317646,-37.686468009467916,6.054948793118669,-37.7232373648299,-41.004314650885476
-15.217078790957874,-45.552445935697534,-40.29863471026729,7.150639241740322,-36.518391042029805,-40.51434052468447,-15.217078790957874,-45.552445935697534,-40.29863471026729,7.150639241740322,-36.518391042029805,-40.51434052468447,-2.2785767589178842,-41.14754073072317,-39.10837369639554,14.263632548119968,-36.71259308370056,-40.7854323516341,-2.2785767589178842,-41.14754073072317,-39.10837369639554,14.263632548119968,-36.71259308370056,-40.7854323516341
-1.0332380698865844,-45.04804223139463,-38.94685944767318,4.7537546647237265,-37.673258184871486,-41.947552885117084,-1.0332380698865844,-45.04804223139463,-38.94685944767318,4.7537546647237265,-37.673258184871486,-41.947552885117084,11.089954213303466,-41.182590099484756,-40.54237955637855,13.091196151569104,-35.97713300696046,-41.083133505760955,11.089954213303466,-41.182590099484756,-40.54237955637855,13.091196151569104,-35.97713300696046,-41.083133505760955
-14.040969273735916,-44.2287240545903,-37.77371139554038,4.427640744946446,-38.966351221875314,-43.30307857232307,-14.040969273735916,-44.2287240545903,-37.77371139554038,4.427640744946446,-38.966351221875314,-43.30307857232307,1.9554183354333001,-41.22482339965297,-41.88748148375638,5.38720816725744,-35.56617423494831,-40.97052986281207,1.9554183354333001,-41.22482339965297,-41.88748148375638,5.38720816725744,-35.56617423494831,-40.97052986281207
-20.78436542758331,-43.14668249615463,-36.85273485828503,6.901048590692912,-40.329050573967805,-44.49864981838927,-20.78436542758331,-43.14668249615463,-36.85273485828503,6.901048590692912,-40.329050573967805,-44.49864981838927,-0.6686719454154701,-41.27055752356135,-43.04893731534241,9.875961051904033,-35.50727406905317,-40.79821124133803,-0.6686719454154701,-41.27055752356135,-43.04893731534241,9.875961051904033,-35.50727406905317,-40.79821124133803
-3.9194000534355355,-41.87084429407533,-36.24166558263837,6.646772524701514,-41.689042916995724,-45.461706598283264,-3.9194000534355355,-41.87084429407533,-36.24166558263837,6.646772524701514,-41.689042916995724,-45.461706598283264,11.552433712063337,-41.315804061549365,-43.94493998827359,15.647686780270973,-35.80438212596168,-41.10268918442359,11.552433712063337,-41.315804061549365,-43.94493998827359,15.647686780270973,-35.80438212596168,-41.10268918442359
-6.822793030452197,-40.482481156249776,-35.97881132075998,4.23303105487267,-42.97415857758585,-46.13380034669692,-6.822793030452197,-40.482481156249776,-35.97881132075998,4.23303105487267,-42.97415857758585,-46.13380034669692,-0.19847509575495526,-41.356617125649905,-44.512379614944614,8.67439352033668,-36.437575491681095,-40.935976006914736,-0.19847509575495526,-41.356617125649905,-44.512379614944614,8.67439352033668,-36.437575491681095,-40.935976006914736
-22.027012640113004,-39.07003270081167,-36.080650328584916,5.053696274893349,-44.11620130599611,-46.474141240882766,-22.027012640113004,-39.07003270081167,-36.080650328584916,5.053696274893349,-44.11620130599611,-46.474141240882766,1.4023522320216264,-41.38943746501867,-44.7112886236686,5.904443944962696,-37.36439467488267,-40.81713078294243,1.4023522320216264,-41.38943746501867,-44.7112886236686,5.904443944962696,-37.36439467488267,-40.81713078294243
-10.426779959021262,-37.72347279600138,-36.540798348832645,7.274867046692449,-45.05456719433666,-46.46207376249946,-10.426779959021262,-37.72347279600138,-36.540798348832645,7.274867046692449,-45.05456719433666,-46.46207376249946,11.270297908445759,-41.411402863275136,-44.52765687188293,14.070110488280806,-38.52269077571517,-41.11617640356863,11.270297908445759,-41.411402863275136,-44.52765687188293,14.070110488280806,-38.52269077571517,-41.11617640356863
-1.8579133465856046,-36.52857816732508,-37.33040883820785,5.932999763351694,-45.73946069779177,-46.09833029494652,-1.8579133465856046,-36.52857816732508,-37.33040883820785,5.932999763351694,-45.73946069779177,-46.09833029494652,-1.9376387988987558,-41.42059774843242,-43.97441844959211,13.325005958035224,-39.83479294999124,-40.90203864128117,-1.9376387988987558,-41.42059774843242,-43.97441844959211,13.325005958035224,-39.83479294999124,-40.90203864128117
-18.359552432425055,-35.56146436538395,-38.3999813486679,4.02670077253356,-46.13453709670647,-45.404986674522014,-18.359552432425055,-35.56146436538395,-38.3999813486679,4.02670077253356,-46.13453709670647,-45.404986674522014,3.730168463289727,-41.41622024727956,-43.09054066761395,5.480082703003728,-41.212716714759324,-40.84143233104564,3.730168463289727,-41.41622024727956,-43.09054066761395,5.480082703003728,-41.212716714759324,-40.84143233104564
-17.489453174303055,-34.883737156713885,-39.682464695870316,5.815884840308037,-46.218831174023975,-44.424122393033386,-17.489453174303055,-34.883737156713885,-39.682464695870316,5.815884840308037,-46.218831174023975,-44.424122393033386,10.27138232965783,-41.39865211563465,-41.9382793976804,9.60217177573381,-42.564063846491806,-41.123054345823256,10.27138232965783,-41.39865211563465,-41.9382793976804,9.60217177573381,-42.564063846491806,-41.123054345823256
-1.4855123570243922,-34.538568197130665,-41.0974603780882,7.302348292308895,-45.98786976042202,-43.215266765067184,-1.4855123570243922,-34.538568197130665,-41.0974603780882,7.302348292308895,-45.98786976042202,-43.215266765067184,-3.090486828663522,-41.369425445948174,-40.598794084327004,15.672669631202323,-43.79821824759811,-40.870078603658975,-3.090486828663522,-41.369425445948174,-40.598794084327004,15.672669631202323,-43.79821824759811,-40.870078603658975
-11.509893222137633,-34.54794496969661,-42.556262734504095,5.1643626699362875,-45.45390910856779,-41.85178605375025,-11.509893222137633,-34.54794496969661,-42.556262734504095,5.1643626699362875,-45.45390910856779,-41.85178605375025,6.085114326219436,-41.33108905564049,-39.166431284911845,8.937428490992396,-44.83242231048283,-40.87014142981214,6.085114326219436,-41.33108905564049,-39.166431284911845,8.937428490992396,-44.83242231048283,-40.87014142981214
-21.77987098477216,-34.91127016801366,-43.967419876851864,4.1795817233398935,-44.64528449993257,-40.416430822772696,-21.77987098477216,-34.91127016801366,-43.967419876851864,4.1795817233398935,-44.64528449993257,-40.416430822772696,8.654240017938147,-41.28698620826157,-37.74207937623564,5.766233086419192,-45.59732632174475,-41.12304721596084,8.654240017938147,-41.28698620826157,-37.74207937623564,5.766233086419192,-45.59732632174475,-41.12304721596084
-5.881045218240324,-35.60539974502219,-45.242466781243515,6.5486481197800055,-43.604906598084746,-38.99631374888449,-5.881045218240324,-35.60539974502219,-45.242466781243515,6.5486481197800055,-43.604906598084746,-38.99631374888449,-3.543279162383927,-41.240963052103105,-36.426062488552255,13.866570801100993,-46.041638784991434,-40.84137744389145,-3.543279162383927,-41.240963052103105,-36.426062488552255,13.866570801100993,-46.041638784991434,-40.84137744389145
-4.705223073212673,-36.58611720357292,-46.30147113435251,6.977523005643563,-42.387984341329016,-37.67762269480696,-4.705223073212673,-36.58611720357292,-46.30147113435251,6.977523005643563,-42.387984341329016,-37.67762269480696,8.23485078833824,-41.1970332029282,-35.31107418224661,13.550834037938747,-46.13556582965849,-40.902106887198286,8.23485078833824,-41.1970332029282,-35.31107418224661,13.550834037938747,-46.13556582965849,-40.902106887198286
-21.276621124172053,-37.790950215520084,-47.07804426649479,4.507820278914811,-41.05909521220907,-36.54038990973362,-21.276621124172053,-37.790950215520084,-47.07804426649479,4.507820278914811,-41.05909521220907,-36.54038990973362,6.578418284327862,-41.15902772209457,-34.47564858318463,5.5864107400116705,-45.872809072417105,-41.11615529987823,6.578418284327862,-41.15902772209457,-34.47564858318463,5.5864107400116705,-45.872809072417105,-41.11615529987823
-12.973575150898036,-39.14315014890405,-47.52350303769686,4.658465965400056,-39.68875835363736,-35.65363481816459,-12.973575150898036,-39.14315014890405,-47.52350303769686,4.658465965400056,-39.68875835363736,-35.65363481816459,-3.251343294256145,-41.13026101499485,-33.97862883687495,9.330572931001177,-45.27098796233237,-40.817086035680255,-3.251343294256145,-41.13026101499485,-33.97862883687495,9.330572931001177,-45.27098796233237,-40.817086035680255
-1.151533642990076,-40.5565810047982,-47.60992176934157,7.092819387328721,-38.349692383481305,-35.07117518449754,-1.151533642990076,-40.5565810047982,-47.60992176934157,7.092819387328721,-38.349692383481305,-35.07117518449754,9.967284783072774,-41.113241786348695,-33.85502249549886,15.683256071315654,-44.370458288944405,-40.93604693603629,9.967284783072774,-41.113241786348695,-33.85502249549886,15.683256071315654,-44.370458288944405,-40.93604693603629
-16.21680764300492,-41.941206335426,-47.33188289670142,6.37094791196286,-37.11295649129223,-34.82836087662056,-16.21680764300492,-41.941206335426,-47.33188289670142,6.37094791196286,-37.11295649129223,-34.82836087662056,4.248717765974431,-41.109454259535624,-34.1135357633426,9.204470217259932,-43.2316060795372,-41.10265495313172,4.248717765974431,-41.109454259535624,-34.1135357633426,9.204470217259932,-43.2316060795372,-41.10265495313172
-19.421486573959193,-43.20882462335828,-46.70681659446899,4.105983042769614,-36.04417959464898,-34.93992845859508,-19.421486573959193,-43.20882462335828,-46.70681659446899,4.105983042769614,-36.04417959464898,-34.93992845859508,-2.2434816261587063,-41.119228739527934,-34.735960275887855,5.640693860601334,-41.930798346350635,-40.79817842826635,-2.2434816261587063,-41.119228739527934,-34.735960275887855,5.640693860601334,-41.930798346350635,-40.79817842826635
-2.523130726861048,-44.278687774475955,-45.77390808426087,5.359332952012393,-35.200077659590406,-35.3991068186471,-2.523130726861048,-44.278687774475955,-45.77390808426087,5.359332952012393,-35.200077659590406,-35.3991068186471,11.111494318330543,-41.14171280745114,-35.6784556047339,13.653569632182487,-40.55526221092104,-40.97060063098609,11.111494318330543,-41.14171280745114,-35.6784556047339,13.653569632182487,-40.55526221092104,-40.97060063098609
-8.984340334588314,-45.08264482311149,-44.59164112466364,7.330196815082132,-34.6254439978283,-36.1780281125063,-8.984340334588314,-45.08264482311149,-44.59164112466364,7.330196815082132,-34.6254439978283,-36.1780281125063,1.8949867888666798,-41.17494565885445,-36.87463715520376,13.768063345556667,-39.19723579161263,-41.08308751949136,1.8949867888666798,-41.17494565885445,-36.87463715520376,13.768063345556667,-39.19723579161263,-41.08308751949136
-22.186873199946493,-45.56948319206485,-43.234131681705534,5.614379847927008,-34.35077225433911,-37.2294190816641,-22.186873199946493,-45.56948319206485,-43.234131681705534,5.614379847927008,-34.35077225433911,-37.2294190816641,-0.6191298217812804,-41.21602910275361,-38.240251960775865,5.705901750812319,-37.94778307313629,-40.78541278850814,-0.6191298217812804,-41.21602910275361,-38.240251960775865,5.705901750812319,-37.94778307313629,-40.78541278850814
-8.173792140372345,-45.70819096646308,-41.7864816208667,4.046135790103711,-34.39063822443086,-38.489470099307034,-8.173792140372345,-45.70819096646308,-41.7864816208667,4.046135790103711,-34.39063822443086,-38.489470099307034,11.554591645584406,-41.26138030885623,-39.67911303507678,9.06190662606391,-36.89068750891686,-41.00438242041372,11.554591645584406,-41.26138030885623,-39.67911303507678,9.06190662606391,-36.89068750891686,-41.00438242041372
-2.9867656846911945,-45.4899323725336,-40.33944369630197,6.129944290869561,-34.742926371163264,-39.8817078195905,-2.9867656846911945,-45.4899323725336,-40.33944369630197,6.129944290869561,-34.742926371163264,-39.8817078195905,-0.25055547519444765,-41.30704426123378,-41.08987429575417,15.679417174546515,-36.096833827652866,-41.05823762386318,-0.25055547519444765,-41.30704426123378,-41.08987429575417,15.679417174546515,-36.096833827652866,-41.05823762386318
-19.96683477679771,-44.9286106220339,-38.98373228752468,7.209218610773005,-35.38894208892807,-41.32163639656097,-19.96683477679771,-44.9286106220339,-38.98373228752468,7.209218610773005,-35.38894208892807,-41.32163639656097,1.461453519063932,-41.3490386697878,-42.373168868925816,9.474789042512317,-35.61945477832872,-40.779300999521205,1.461453519063932,-41.3490386697878,-42.373168868925816,9.474789042512317,-35.61945477832872,-40.779300999521205
-15.441232577449028,-44.05998226878775,-37.80433654178381,4.872156281186773,-36.294403755785225,-42.72186559401657,-15.441232577449028,-44.05998226878775,-37.80433654178381,4.872156281186773,-36.294403755785225,-42.72186559401657,11.252860768672157,-41.38370126025895,-43.43860798821403,5.528169287041475,-35.490561548525676,-41.03603770494543,11.252860768672157,-41.38370126025895,-43.43860798821403,5.528169287041475,-35.490561548525676,-41.03603770494543
-1.0498157083812458,-42.93937949338111,-36.87519242956013,4.341278205170896,-37.41126193007086,-43.99741455786598,-1.0498157083812458,-42.93937949338111,-36.87519242956013,4.341278205170896,-37.41126193007086,-43.99741455786598,-1.9762297593481515,-41.40800915609731,-44.21114752138578,13.431688979389916,-35.71879721833504,-41.02910171000063,-1.9762297593481515,-41.40800915609731,-44.21114752138578,13.431688979389916,-35.71879721833504,-41.02910171000063
-13.807333049581926,-41.638185407938565,-36.25454772044397,6.802912113000199,-38.680249153364606,-45.0708693614599,-13.807333049581926,-41.638185407938565,-36.25454772044397,6.802912113000199,-38.680249153364606,-45.0708693614599,3.792997978910783,-41.419842499343346,-44.636373698725826,13.976100330187782,-36.288857188928354,-40.780088134928775,3.792997978910783,-41.419842499343346,-44.636373698725826,13.976100330187782,-36.288857188928354,-40.780088134928775
-20.90142811017691,-40.23928690631312,-35.98131044768709,6.756162980794767,-40.034025051369355,-45.8770813089965,-20.90142811017691,-40.23928690631312,-35.98131044768709,6.756162980794767,-40.034025051369355,-45.8770813089965,10.236070465344866,-41.41816932050721,-44.68433574322255,5.838229241830632,-37.16251544959753,-41.06429715488232,10.236070465344866,-41.41816932050721,-44.68433574322255,5.838229241830632,-37.16251544959753,-41.06429715488232
-4.086076222290189,-38.83179471603772,-36.07260977510563,4.305498848217454,-41.40074983404464,-46.36712085379497,-4.086076222290189,-38.83179471603772,-36.07260977510563,4.305498848217454,-41.40074983404464,-46.36712085379497,-3.111780984756754,-41.4031355351999,-44.35165545151903,8.79690695649794,-38.28118786577711,-40.99684808459619,-3.111780984756754,-41.4031355351999,-44.35165545151903,8.79690695649794,-38.28118786577711,-40.99684808459619
-6.610391293291283,-37.5053669880985,-36.522722174866495,4.927301109439714,-42.707896562792136,-46.51124716547459,-6.610391293291283,-37.5053669880985,-36.522722174866495,4.927301109439714,-42.707896562792136,-46.51124716547459,6.145473308445046,-41.376052219034776,-43.661765137437754,15.66116343017876,-39.56986060389611,-40.78774263177495,6.145473308445046,-41.376052219034776,-43.661765137437754,15.66116343017876,-39.56986060389611,-40.78774263177495
-21.98183062935348,-36.344498015483126,-37.30343023375453,7.232058125985449,-43.886099882028006,-46.300713121003064,-21.98183062935348,-36.344498015483126,-37.30343023375453,7.232058125985449,-43.886099882028006,-46.300713121003064,8.604537298723116,-41.339281270537484,-42.66325717854299,9.747646355877764,-40.94212026812296,-41.088027608428185,8.604537298723116,-41.339281270537484,-42.66325717854299,9.747646355877764,-40.94212026812296,-41.088027608428185
-10.665025883860293,-35.42313589278208,-38.36579159446137,6.069440125727674,-44.87283697744936,-45.74829617349101,-10.665025883860293,-35.42313589278208,-38.36579159446137,6.069440125727674,-44.87283697744936,-45.74829617349101,-3.545175632014984,-41.296029433243945,-41.426461415316915,5.428966824435089,-42.305948447544715,-40.96277006992536,-3.545175632014984,-41.296029433243945,-41.426461415316915,5.428966824435089,-42.305948447544715,-40.96277006992536
-1.7668182795565741,-34.799971975357934,-39.64320713748992,4.037493695509166,-45.61574542639439,-44.8875228799474,-1.7668182795565741,-34.799971975357934,-39.64320713748992,4.037493695509166,-45.61574542639439,-44.8875228799474,8.286784218094645,-41.25006864003389,-40.03849147360686,13.201535102617454,-43.56989211391922,-40.80195755615213,8.286784218094645,-41.25006864003389,-40.03849147360686,13.201535102617454,-43.56989211391922,-40.80195755615213
-18.173413042227278,-34.51470220254417,-41.05559606025764,5.676911897458184,-46.075401874473336,-43.77063415192998,-18.173413042227278,-34.51470220254417,-41.05559606025764,5.676911897458184,-46.075401874473336,-43.77063415192998,6.5192283820410655,-41.20540706808399,-38.59710892228662,14.174376557952437,-44.64919610705685,-41.10627750978754,6.5192283820410655,-41.20540706808399,-38.59710892228662,14.174376557952437,-44.64919610705685,-41.10627750978754
-17.6870202919026,-34.58549844096943,-42.51441611892647,7.324165642023016,-46.227414084559186,-42.46541471939897,-17.6870202919026,-34.58549844096943,-42.51441611892647,7.324165642023016,-46.227414084559186,-42.46541471939897,-3.233654971672401,-41.16593959128264,-37.20383744377167,5.983031645486512,-45.471486487149136,-40.92823414355237,-3.233654971672401,-41.16593959128264,-37.20383744377167,5.983031645486512,-45.471486487149136,-40.92823414355237
-1.5586430169702918,-35.00785092505361,-43.92821431548112,5.298216129029408,-46.063715340977524,-41.05107922975312,-1.5586430169702918,-35.00785092505361,-43.92821431548112,5.298216129029408,-46.063715340977524,-41.05107922975312,10.005668906556284,-41.13510811366775,-35.956812020321735,8.536297999277103,-45.9816236504771,-40.822162910793004,10.005668906556284,-41.13510811366775,-35.956812020321735,8.536297999277103,-45.9816236504771,-40.822162910793004
-11.270495241571716,-35.75485553195413,-45.20836005912663,4.126355397806835,-45.59299251973645,-39.61346465746791,-11.270495241571716,-35.75485553195413,-45.20836005912663,4.126355397806835,-45.59299251973645,-39.61346465746791,4.185880358227674,-41.115601405738424,-34.94386680320941,15.628544714183954,-46.14539977738333,-41.118315065133835,4.185880358227674,-41.115601405738424,-34.94386680320941,15.628544714183954,-46.14539977738333,-41.118315065133835
-21.843676380468246,-36.77892759136478,-46.27460139181128,6.427284322015305,-44.840225108722606,-38.239820800240615,-21.843676380468246,-36.77892759136478,-46.27460139181128,6.427284322015305,-44.840225108722606,-38.239820800240615,-2.2079536418194348,-41.109120620500384,-34.23634852022199,10.022296610397389,-45.95183267598669,-40.89462514461775,-2.2079536418194348,-41.109120620500384,-34.23634852022199,10.022296610397389,-45.95183267598669,-40.89462514461775
-6.083946402986906,-38.0148330593901,-47.060095959742235,7.0592275835520635,-43.845359640324496,-37.013515029939086,-6.083946402986906,-38.0148330593901,-47.060095959742235,7.0592275835520635,-43.845359640324496,-37.013515029939086,11.132542156718033,-41.11623093826631,-33.88409117372016,5.343357530550054,-45.41390220537636,-40.847548491110814,11.132542156718033,-41.11623093826631,-33.88409117372016,5.343357530550054,-45.41390220537636,-40.847548491110814
-4.52535785170201,-39.38384396878327,-47.51560134077487,4.61001193776563,-42.66118987935506,-36.00897267059419,-4.52535785170201,-39.38384396878327,-47.51560134077487,4.61001193776563,-42.66118987935506,-36.00897267059419,1.834701416273139,-41.13631227806289,-33.91190598605569,12.963736867262872,-44.56767989660269,-41.12365758645056,1.834701416273139,-41.13631227806289,-33.91190598605569,12.963736867262872,-44.56767989660269,-41.12365758645056
-21.176603154737606,-40.79875345071466,-47.61256203729317,4.552781914988866,-41.350555256716945,-35.287160075302396,-21.176603154737606,-40.79875345071466,-47.61256203729317,4.552781914988866,-41.350555256716945,-35.287160075302396,-0.5692673677323272,-41.167613374034424,-34.3178338228049,14.36235026496463,-43.469910135704275,-40.863290743854165,-0.5692673677323272,-41.167613374034424,-34.3178338228049,14.36235026496463,-43.469910135704275,-40.863290743854165
-13.210650822535683,-42.169430867985476,-47.34489961190957,7.015426697486824,-39.98300621739062,-34.891884537150936,-13.210650822535683,-42.169430867985476,-47.34489961190957,7.015426697486824,-39.98300621739062,-34.891884537150936,11.556226618482452,-41.20740450091477,-35.073283184269116,6.1399133081309705,-42.1942051052581,-40.87709637319497,11.556226618482452,-41.20740450091477,-35.073283184269116,6.1399133081309705,-42.1942051052581,-40.87709637319497
-1.115943921474118,-43.40856319415049,-46.72939374290722,6.494792308325325,-38.6311134401721,-34.847135595062824,-1.115943921474118,-43.40856319415049,-46.72939374290722,6.494792308325325,-38.6311134401721,-34.847135595062824,-0.30234105588961313,-41.25221552959047,-36.125044045820246,8.280791834327422,-40.82610863691302,-41.12209084660077,-0.30234105588961313,-41.25221552959047,-36.125044045820246,8.280791834327422,-40.82610863691302,-41.12209084660077
-16.000089353139114,-44.43721690903961,-45.80463031117099,4.15431540292675,-37.36661678497136,-35.15562909250524,-16.000089353139114,-44.43721690903961,-45.80463031117099,4.15431540292675,-37.36661678497136,-35.15562909250524,1.5207310115469324,-41.298138552258905,-37.39903570238291,15.581650152941787,-39.45735997381255,-40.835487403999984,1.5207310115469324,-41.298138552258905,-37.39903570238291,15.581650152941787,-39.45735997381255,-40.835487403999984
-19.581039529122922,-45.18986611437845,-44.62858246272711,5.224147272864644,-36.256618328543496,-35.79864235111797,-19.581039529122922,-45.18986611437845,-44.62858246272711,5.224147272864644,-36.256618328543496,-35.79864235111797,11.234921569602943,-41.34116868566008,-38.805524637880936,10.297989360134851,-38.17974209275116,-40.90962173104175,11.234921569602943,-41.34116868566008,-38.805524637880936,10.297989360134851,-38.17974209275116,-40.90962173104175
-2.6485844526127806,-45.61856657533739,-43.274976289364965,7.313586038784509,-35.36002150990847,-36.737150462687254,-2.6485844526127806,-45.61856657533739,-43.274976289364965,7.313586038784509,-35.36002150990847,-36.737150462687254,-2.0144063811332105,-41.377553331403895,-40.24544489936685,5.27157532159672,-37.07892709372089,-41.113677669515795,-2.0144063811332105,-41.377553331403895,-40.24544489936685,5.27157532159672,-37.07892709372089,-41.113677669515795
-8.753027633046191,-45.69600979889456,-41.82866896174802,5.753463278203565,-34.72440534661052,-37.914194737136974,-8.753027633046191,-45.69600979889456,-41.82866896174802,5.753463278203565,-34.72440534661052,-37.914194737136974,3.8558421905658933,-41.404119434883036,-41.617375800710676,12.718944025934999,-36.228731361157266,-40.81232999751735,3.8558421905658933,-41.404119434883036,-41.617375800710676,12.718944025934999,-36.228731361157266,-40.81232999751735
-22.193730736365104,-45.417262602273894,-40.38032905848304,4.0301103676212895,-34.383499595387704,-39.258339563834376,-22.193730736365104,-45.417262602273894,-40.38032905848304,4.0301103676212895,-34.383499595387704,-39.258339563834376,10.20032697624951,-41.41855020297448,-42.82468548176088,14.539507837627824,-35.68616572348794,-40.94382034630994,10.20032697624951,-41.41855020297448,-42.82468548176088,14.539507837627824,-35.68616572348794,-40.94382034630994
-8.401182319321554,-44.80008135983702,-39.02075257974251,5.9946212573033675,-34.35539484097242,-40.688007886963454,-8.401182319321554,-44.80008135983702,-39.02075257974251,5.9946212573033675,-34.35539484097242,-40.688007886963454,-3.1325821409340557,-41.41958714836184,-43.78233716687191,6.308445571118042,-35.487612528088974,-41.098755411049304,-3.1325821409340557,-41.41958714836184,-43.78233716687191,6.308445571118042,-35.487612528088974,-41.098755411049304
-2.8498405757583125,-43.88378091070146,-37.83517097286844,7.256997847597418,-34.64158249686916,-42.11643217204657,-2.8498405757583125,-43.88378091070146,-37.83517097286844,7.256997847597418,-34.64158249686916,-42.11643217204657,6.20568402738528,-41.40713984047278,-44.422878724439364,8.03108659886173,-35.64638598217543,-40.79474710186916,6.20568402738528,-41.40713984047278,-44.422878724439364,8.03108659886173,-35.64638598217543,-40.79474710186916
-19.817765995093744,-42.72673017839294,-36.89790799814649,4.996267823437472,-35.22687566165499,-43.456920386113225,-19.817765995093744,-42.72673017839294,-36.89790799814649,4.996267823437472,-35.22687566165499,-43.456920386113225,8.554515973353435,-41.38229379180408,-44.70119365322307,15.520607879713896,-36.15183935370304,-40.97832090553125,8.554515973353435,-41.38229379180408,-44.70119365322307,15.520607879713896,-36.15183935370304,-40.97832090553125
-15.6634252852838,-41.40263403315673,-36.26772039425574,4.2643759523566995,-36.0802150306602,-44.62811739563404,-15.6634252852838,-41.40263403315673,-36.26772039425574,4.2643759523566995,-36.0802150306602,-44.62811739563404,-3.5465490798656374,-41.34721579187892,-44.597678860056995,10.57397131067184,-36.97007889992691,-41.07792243151067,-3.5465490798656374,-41.34721579187892,-44.597678860056995,10.57397131067184,-36.97007889992691,-41.07792243151067
-1.0717898799636352,-39.995838244674054,-35.984114435699055,6.696845834692884,-37.15631709633175,-45.55894246442675,-1.0717898799636352,-39.995838244674054,-35.984114435699055,6.696845834692884,-37.15631709633175,-45.55894246442675,8.338421052908018,-41.304964944530866,-44.11962540238946,5.213816333082425,-38.04623665033643,-40.783443764947705,8.338421052908018,-41.304964944530866,-44.11962540238946,5.213816333082425,-38.04623665033643,-40.783443764947705
-13.572571077894336,-38.59595660269232,-36.064869296138596,6.857953893141382,-38.398077173489156,-46.192903191462044,-13.572571077894336,-38.59595660269232,-36.064869296138596,6.857953893141382,-38.398077173489156,-46.192903191462044,6.459864325923785,-41.25922588769168,-43.30070494314534,12.467825443089614,-39.308149639958295,-41.01173998773517,6.459864325923785,-41.25922588769168,-43.30070494314534,12.467825443089614,-39.308149639958295,-41.01173998773517
-21.01373818920134,-37.2921624614126,-36.50492247725755,4.387679689972755,-39.73959972997299,-46.49152407277091,-21.01373818920134,-37.2921624614126,-36.50492247725755,4.387679689972755,-39.73959972997299,-46.49152407277091,-3.215465206788515,-41.21398746121593,-42.19859808942765,14.705365216021887,-40.67119887791019,-41.05201410230901,-3.215465206788515,-41.21398746121593,-42.19859808942765,14.705365216021887,-40.67119887791019,-41.05201410230901
-4.2565966360732395,-36.16750833990488,-37.27668717528245,4.806226301937143,-41.109695214444386,-46.436681605723024,-4.2565966360732395,-36.16750833990488,-37.27668717528245,4.806226301937143,-41.109695214444386,-46.436681605723024,10.04363736550382,-41.17319484567699,-40.890931662861405,6.488167942058515,-42.04398356874346,-40.77887323370569,10.04363736550382,-41.17319484567699,-40.890931662861405,6.488167942058515,-42.04398356874346,-40.77887323370569
-6.400543245002336,-35.293635423626036,-38.33178168955211,7.178287724475376,-42.43565781785067,-46.03170421662083,-6.400543245002336,-35.293635423626036,-38.33178168955211,7.178287724475376,-42.43565781785067,-46.03170421662083,4.123030430994236,-41.14040550862838,-39.46981105966809,7.787864579810968,-43.33445009529762,-41.04273753756669,4.123030430994236,-41.14040550862838,-39.46981105966809,7.787864579810968,-43.33445009529762,-41.04273753756669
-21.931343659248327,-34.72620997517544,-39.60406245702328,6.203132263050099,-43.647123696980856,-45.30117025626297,-21.931343659248327,-34.72620997517544,-39.60406245702328,6.203132263050099,-43.647123696980856,-45.30117025626297,-2.1719952669732336,-41.11847896278121,-38.03533281331867,15.44558468453646,-44.45606477724563,-41.02206930880552,-2.1719952669732336,-41.11847896278121,-38.03533281331867,15.44558468453646,-44.45606477724563,-41.02206930880552
-10.903752565674798,-34.501377357832354,-41.01377057267472,4.059892975668662,-44.67980491870899,-44.28941632326275,-10.903752565674798,-34.501377357832354,-41.01377057267472,4.059892975668662,-44.67980491870899,-44.28941632326275,11.153096270452721,-41.10932739185749,-36.68853430197543,10.84948837738664,-45.33361648408511,-40.78121877962941,11.153096270452721,-41.10932739185749,-36.68853430197543,10.84948837738664,-45.33361648408511,-40.78121877962941
-1.6807531780591454,-34.6334595528423,-42.47253185167349,5.537963725262485,-45.478900978566806,-43.057846445984524,-1.6807531780591454,-34.6334595528423,-42.47253185167349,5.537963725262485,-45.478900978566806,-43.057846445984524,1.7745663937096654,-41.11374889169382,-35.52427718760176,5.1702383838968435,-45.908260001850884,-41.07007059950744,1.7745663937096654,-41.11374889169382,-35.52427718760176,5.1702383838968435,-45.908260001850884,-41.07007059950744
-17.983915746140514,-35.11404284006919,-43.88889698088456,7.3343708220706825,-46.0020068571955,-41.68120543066033,-17.983915746140514,-35.11404284006919,-43.88889698088456,7.3343708220706825,-46.0020068571955,-41.68120543066033,-0.5190880373091558,-41.13135786940779,-34.624565841224175,12.211067267444712,-46.141461964938316,-40.9892887925599,-0.5190880373091558,-41.13135786940779,-34.624565841224175,12.211067267444712,-46.141461964938316,-40.9892887925599
-17.881478171902202,-35.91251375733874,-45.174074449263514,5.434769635777389,-46.22136329507118,-40.243042548704345,-17.881478171902202,-35.91251375733874,-45.174074449263514,5.434769635777389,-46.22136329507118,-40.243042548704345,11.557338517500476,-41.16061867041977,-34.0527713706111,14.85946921653028,-46.01758475415303,-40.79038634982548,11.557338517500476,-41.16061867041977,-34.0527713706111,14.85946921653028,-46.01758475415303,-40.79038634982548
-1.6369100720455378,-36.978009197521175,-46.247496861423706,4.08410767047955,-46.125329871896675,-38.83064087509685,-1.6369100720455378,-36.978009197521175,-46.247496861423706,4.08410767047955,-46.125329871896675,-38.83064087509685,-0.3538282505766306,-41.198979500763734,-33.84916808058763,6.678589353055234,-45.544935094805,-41.09264315853823,-0.3538282505766306,-41.198979500763734,-33.84916808058763,6.678589353055234,-45.544935094805,-41.09264315853823
-11.031268471777809,-38.24265642092358,-47.041871683823736,6.30064432706541,-45.71900271988112,-37.529720019714674,-11.031268471777809,-38.24265642092358,-47.041871683823736,6.30064432706541,-45.71900271988112,-37.529720019714674,1.5801806032374648,-41.24309496550796,-34.02809675510189,7.5517903495642775,-44.755207039926354,-40.9549870033846,1.5801806032374648,-41.24309496550796,-34.02809675510189,7.5517903495642775,-44.755207039926354,-40.9549870033846
-21.902247448178006,-39.625896592134005,-47.50739979379274,7.131191633237362,-45.023944091190096,-36.41923374641057,-21.902247448178006,-39.625896592134005,-47.50739979379274,7.131191633237362,-45.023944091190096,-36.41923374641057,11.216481553912988,-41.289117816017786,-34.57695456507859,15.356785558488225,-43.70135668999672,-40.80600833840159,11.216481553912988,-41.289117816017786,-34.57695456507859,15.356785558488225,-43.70135668999672,-40.80600833840159
-6.289670421554749,-41.03961642926249,-47.614897371802,4.719765427789594,-44.07703813040388,-35.56657821585185,-6.289670421554749,-41.03961642926249,-47.614897371802,4.719765427789594,-44.07703813040388,-35.56657821585185,-2.0521660197059823,-41.33303446318531,-35.45708274783165,11.123787745893033,-42.45405116223052,-41.10955008870675,-2.0521660197059823,-41.33303446318531,-35.45708274783165,11.123787745893033,-42.45405116223052,-41.10955008870675
-4.349112292390818,-42.39376107624297,-47.35762542647973,4.455063994335045,-42.928533571830165,-35.02350166708697,-4.349112292390818,-42.39376107624297,-47.35762542647973,4.455063994335045,-42.928533571830165,-35.02350166708697,3.918696744948652,-41.3710149969816,-36.60648953439671,5.1409605450924944,-41.096929927771484,-40.92053939186772,3.918696744948652,-41.3710149969816,-36.60648953439671,5.1409605450924944,-41.096929927771484,-40.92053939186772
-21.07169189849941,-43.60207065465191,-46.751712259987094,6.928602908553353,-41.63937722835726,-34.82296378202746,-21.07169189849941,-43.60207065465191,-46.751712259987094,6.928602908553353,-41.63937722835726,-34.82296378202746,10.16415433837615,-41.39974718761064,-37.944216535581006,11.949371057168776,-39.72099627314506,-40.82745832691454,10.16415433837615,-41.39974718761064,-37.944216535581006,11.949371057168776,-39.72099627314506,-40.82745832691454
-13.446905800422725,-44.587575073026294,-45.83514238952581,6.612883600766494,-40.277979773554954,-34.977135340129266,-13.446905800422725,-44.587575073026294,-45.83514238952581,6.612883600766494,-40.277979773554954,-34.977135340129266,-3.152888856270823,-41.416725340486416,-39.376041040625054,15.00139877010591,-38.41851497281119,-41.12011344732829,-3.152888856270823,-41.416725340486416,-39.376041040625054,15.00139877010591,-38.41851497281119,-41.12011344732829
-1.0857169249975644,-45.28749707082429,-44.665375309189095,4.213428839256023,-38.916585444788176,-35.476659565581706,-1.0857169249975644,-45.28749707082429,-44.665375309189095,4.213428839256023,-38.916585444788176,-35.476659565581706,6.265742312159444,-41.420468814390496,-40.80111258745571,6.879189502481954,-37.27682537122806,-40.88732725585577,6.265742312159444,-41.420468814390496,-40.80111258745571,6.879189502481954,-37.27682537122806,-40.88732725585577
-15.781124269104456,-45.657251169994446,-43.31574337127116,5.092184897039294,-37.62743831353559,-36.29121999634028,-15.781124269104456,-45.657251169994446,-43.31574337127116,5.092184897039294,-37.62743831353559,-36.29121999634028,8.504179506880352,-41.41065114614383,-42.11905635815444,7.323508950111777,-36.37248474515039,-40.853876202815556,8.504179506880352,-41.41065114614383,-42.11905635815444,7.323508950111777,-36.37248474515039,-40.853876202815556
-19.736514929369406,-45.67328379838912,-41.87085460279137,7.285437831889274,-36.47894856450864,-37.371380410648456,-19.736514929369406,-45.67328379838912,-41.87085460279137,7.285437831889274,-36.47894856450864,-37.371380410648456,-3.547399410795273,-41.38812852100879,-43.237043072461574,15.254453133579165,-35.7661346695694,-41.123909659476375,-3.547399410795273,-41.38812852100879,-43.237043072461574,15.254453133579165,-35.7661346695694,-41.123909659476375
-2.7786173409467096,-45.33457366734521,-40.42128865330326,5.892030685797368,-35.532062224708824,-38.65158514466895,-2.7786173409467096,-45.33457366734521,-40.42128865330326,5.892030685797368,-35.532062224708824,-38.65158514466895,8.389757715818384,-41.354865105957266,-44.076327411846606,11.396119929002483,-35.49843462888601,-40.85668235247012,8.389757715818384,-41.354865105957266,-44.076327411846606,11.396119929002483,-35.49843462888601,-40.85668235247012
-8.523173197562716,-44.66269682842409,-39.05791838345458,4.0257434614671785,-34.83702698723223,-40.0541377099218,-8.523173197562716,-44.66269682842409,-39.05791838345458,4.0257434614671785,-34.83702698723223,-40.0541377099218,6.400330228207196,-41.31376175738698,-44.57779444068752,5.126062814538647,-35.58733554958101,-40.88420264868075,6.400330228207196,-41.31376175738698,-44.57779444068752,5.126062814538647,-35.58733554958101,-40.88420264868075
-22.195174979511215,-43.70045226515397,-37.86621307222986,5.857078552776088,-34.430725755375136,-41.49391624555706,-22.195174979511215,-43.70045226515397,-37.86621307222986,5.857078552776088,-34.430725755375136,-41.49391624555706,-3.1967752596349115,-41.26840304144913,-44.706123362759016,11.683451862964741,-36.02687608070582,-41.120786502705556,-3.1967752596349115,-41.26840304144913,-44.706123362759016,11.683451862964741,-36.02687608070582,-41.120786502705556
-8.630210645242805,-42.509135570459165,-36.920880373129265,7.293639418223558,-34.334719405818106,-42.883539621483315,-8.630210645242805,-42.509135570459165,-36.920880373129265,7.293639418223558,-34.334719405818106,-42.883539621483315,10.08118752978403,-41.222744628994626,-44.45227533912332,15.130766072787281,-36.78758233895668,-40.8298334966326,10.08118752978403,-41.222744628994626,-44.45227533912332,15.130766072787281,-36.78758233895668,-40.8298334966326
-2.717391737216552,-41.164634378262264,-36.28118291346671,5.125212511795613,-34.554102634075264,-44.13867065806816,-2.717391737216552,-41.164634378262264,-36.28118291346671,5.125212511795613,-34.554102634075264,-44.13867065806816,4.060172337974731,-41.18076832699286,-43.83413013813878,7.089420276639569,-37.818444312977405,-40.9172216192599,4.060172337974731,-41.18076832699286,-43.83413013813878,7.089420276639569,-37.818444312977405,-40.9172216192599
-19.664498632069026,-39.752594272761826,-35.987223137790494,4.197477258560149,-35.07723359818465,-45.18313460643522,-19.664498632069026,-39.752594272761826,-35.987223137790494,4.197477258560149,-35.07723359818465,-45.18313460643522,-2.135608992506987,-41.146134830655825,-42.89522677518611,7.10364413055161,-39.05033639688425,-41.11086921094444,-2.135608992506987,-41.146134830655825,-42.89522677518611,7.10364413055161,-39.05033639688425,-41.11086921094444
-15.883543318451325,-38.362963110046344,-36.057429297495815,6.5835990556009705,-35.8763517074305,-45.95354224533289,-15.883543318451325,-38.362963110046344,-36.057429297495815,6.5835990556009705,-35.8763517074305,-45.95354224533289,11.173155235720724,-41.12186447927427,-41.701696845067744,15.138867019790208,-40.400652685299086,-40.807857287419786,11.173155235720724,-41.12186447927427,-41.701696845067744,15.138867019790208,-40.400652685299086,-40.807857287419786
-1.0991493503387346,-37.084261282244896,-36.487400189195085,6.951426165014737,-36.9090507723761,-46.40313701571284,-1.0991493503387346,-37.084261282244896,-36.487400189195085,6.951426165014737,-36.9090507723761,-46.40313701571284,1.7145858868117068,-41.11007385660759,-40.33760654760532,11.66574081460711,-41.77884620498576,-40.951609103077416,1.7145858868117068,-41.11007385660759,-40.33760654760532,11.66574081460711,-41.77884620498576,-40.951609103077416
-13.336803380728975,-35.9979429120408,-37.25018106485636,4.478993017759351,-38.120529341680395,-46.504632707823426,-13.336803380728975,-35.9979429120408,-37.25018106485636,4.478993017759351,-38.120529341680395,-46.504632707823426,-0.468595306508254,-41.11179120654304,-38.899035490546794,5.125585898337591,-43.09250064369849,-41.09455545280198,-0.468595306508254,-41.11179120654304,-38.899035490546794,5.125585898337591,-43.09250064369849,-41.09455545280198
-21.121238246134276,-35.173207173061954,-38.29795341698562,4.691327179207702,-39.44649880879824,-46.25186947967747,-21.121238246134276,-35.173207173061954,-38.29795341698562,4.691327179207702,-39.44649880879824,-46.25186947967747,11.557927265615703,-41.12686676136915,-37.48730932889966,11.414036274287383,-44.25352742965285,-40.79163493804572,11.557927265615703,-41.12686676136915,-37.48730932889966,11.414036274287383,-44.25352742965285,-40.79163493804572
-4.4308741162211955,-34.662590258346874,-39.565032706718476,7.113935700430991,-40.81659496628671,-45.66018770201564,-4.4308741162211955,-34.662590258346874,-39.565032706718476,7.113935700430991,-40.81659496628671,-45.66018770201564,-0.4050134926669431,-41.15398580281065,-36.20186289928062,15.24721764532217,-45.18407260950763,-40.98598621331786,-0.4050134926669431,-41.15398580281065,-36.20186289928062,15.24721764532217,-45.18407260950763,-40.98598621331786
-6.193356170398081,-34.49861879131267,-40.97198610813472,6.333131714010446,-42.15811196937927,-44.76549694086282,-6.193356170398081,-34.49861879131267,-40.97198610813472,6.333131714010446,-42.15811196937927,-44.76549694086282,1.6397981759743212,-41.190783316789954,-35.13323653393055,7.30870724740517,-45.821737432527094,-41.07249938564925,1.6397981759743212,-41.190783316789954,-35.13323653393055,7.30870724740517,-45.821737432527094,-41.07249938564925
-21.87557754126139,-34.69173785907968,-42.43061212862223,4.093740374436259,-43.39986056143414,-43.62209658175467,-21.87557754126139,-34.69173785907968,-42.43061212862223,4.093740374436259,-43.39986056143414,-43.62209658175467,11.197541998968504,-41.23405024303224,-34.35669885854304,6.892796642777015,-46.12376256879803,-40.781816940526205,11.197541998968504,-41.23405024303224,-34.35669885854304,6.892796642777015,-46.12376256879803,-40.781816940526205
-11.142837955446124,-35.22964565375467,-43.84946993436158,5.400021916019888,-44.47594581976309,-42.29938036341763,-11.142837955446124,-35.22964565375467,-43.84946993436158,5.400021916019888,-44.47594581976309,-42.29938036341763,-2.0895060594024777,-41.28001333277142,-33.92694525170963,15.010343041075501,-46.0698953840561,-41.01897447913075,-2.0895060594024777,-41.28001333277142,-33.92694525170963,15.010343041075501,-46.0698953840561,-41.01897447913075
-1.5997620428706139,-36.07807710544609,-45.1396117491545,7.332891738476345,-45.32926395108839,-40.87762482497816,-1.5997620428706139,-36.07807710544609,-45.1396117491545,7.332891738476345,-45.32926395108839,-40.87762482497816,3.9815572880310457,-41.324664208553685,-33.87424537963177,11.931913698864033,-45.66374800279162,-41.04558542488459,3.9815572880310457,-41.324664208553685,-33.87424537963177,11.931913698864033,-45.66374800279162,-41.04558542488459
-17.791157424655616,-37.1829865890896,-46.22015896420576,5.57305851487656,-45.914532574860296,-39.44311726867595,-17.791157424655616,-37.1829865890896,-46.22015896420576,5.57305851487656,-45.914532574860296,-39.44311726867595,10.127555057455012,-41.36410892928865,-34.202311154231296,5.139531099600536,-44.93255509319077,-40.77879698191918,10.127555057455012,-41.36410892928865,-34.202311154231296,5.139531099600536,-44.93255509319077,-40.77879698191918
-18.07272739770873,-38.47399066526367,-47.02337239418795,4.053136998280365,-46.20069368870859,-38.08291892531323,-18.07272739770873,-38.47399066526367,-47.02337239418795,4.053136998280365,-46.20069368870859,-38.08291892531323,-3.172699724090296,-41.394907575463435,-34.88803528488551,11.141860434032552,-43.92534761591351,-41.04925112025582,-3.172699724090296,-41.394907575463435,-34.88803528488551,11.141860434032552,-43.92534761591351,-41.04925112025582
-1.720273508223828,-39.868851550210564,-47.498898826735044,6.169622776736083,-46.172561799696794,-36.87958114945627,-1.720273508223828,-39.868851550210564,-47.498898826735044,6.169622776736083,-46.172561799696794,-36.87958114945627,6.325644002441264,-41.41437423976341,-35.88311883887778,15.350435299003479,-42.70966499803384,-41.01489278019506,6.325644002441264,-41.41437423976341,-35.88311883887778,15.350435299003479,-42.70966499803384,-41.01489278019506
-10.792335217439732,-41.278715715156714,-47.61692765043292,7.192906768328188,-45.83162976126033,-35.90613532206651,-10.792335217439732,-41.278715715156714,-47.61692765043292,7.192906768328188,-45.83162976126033,-35.90613532206651,8.453531386182673,-41.42081126133236,-37.11747317345337,7.536451241781848,-41.36702620100476,-40.78269615806081,8.453531386182673,-41.42081126133236,-37.11747317345337,7.536451241781848,-41.36702620100476,-40.78269615806081
-21.955554243442606,-42.613773912815915,-47.3700596732324,4.836305401035295,-45.19598955309492,-35.22166052674979,-21.955554243442606,-42.613773912815915,-47.3700596732324,4.836305401035295,-45.19598955309492,-35.22166052674979,-3.5477265659002075,-41.413657276426626,-38.50415662462668,6.691542600000286,-39.98746337526633,-41.07560208853867,-3.5477265659002075,-41.413657276426626,-38.50415662462668,6.691542600000286,-39.98746337526633,-41.07560208853867
-6.498112097541453,-43.78898208376956,-46.77377097561016,4.3660025267210285,-44.299372207909514,-34.8676980003377,-6.498112097541453,-43.78898208376956,-46.77377097561016,4.3660025267210285,-44.299372207909514,-34.8676980003377,8.44079065066334,-41.39353617417035,-39.94549823739775,14.869232372414722,-38.663484653417896,-40.981652180857544,8.44079065066334,-41.39353617417035,-39.94549823739775,14.869232372414722,-38.663484653417896,-40.981652180857544
-4.176576500819647,-44.72947871734016,-45.865442719660976,6.83296138277256,-43.18935783251465,-34.86572996721586,-4.176576500819647,-44.72947871734016,-45.865442719660976,6.83296138277256,-43.18935783251465,-34.86572996721586,6.340630212904742,-41.36220268804833,-41.33997721285505,12.193911299143553,-37.483870913628834,-40.793358117803066,6.340630212904742,-41.36220268804833,-41.33997721285505,12.193911299143553,-37.483870913628834,-40.793358117803066
-20.961940991332007,-45.37535357760794,-44.70201773510172,6.72438753935545,-41.924850710690485,-35.21587586864139,-20.961940991332007,-45.37535357760794,-44.70201773510172,6.72438753935545,-41.924850710690485,-35.21587586864139,-3.177586424892424,-41.322389368026904,-42.58937351877347,5.167860314887025,-36.52772247827702,-41.09697074945113,-3.177586424892424,-41.322389368026904,-42.58937351877347,5.167860314887025,-36.52772247827702,-41.09697074945113
-13.682219299199208,-45.68546402368314,-43.35643079011847,4.282905747890752,-40.572953474615794,-35.89688511377243,-13.682219299199208,-45.68546402368314,-43.35643079011847,4.282905747890752,-40.572953474615794,-35.89688511377243,10.118316798244553,-41.27756827865265,-43.60568601093427,10.867668027122901,-35.85915495311226,-40.94719652533037,10.118316798244553,-41.27756827865265,-43.60568601093427,10.867668027122901,-35.85915495311226,-40.94719652533037
-1.060868107112075,-45.64005582219331,-41.91303633231945,4.9643780660326975,-39.20540622081592,-36.867426792354784,-1.060868107112075,-45.64005582219331,-41.91303633231945,4.9643780660326975,-39.20540622081592,-36.867426792354784,3.997310433445734,-41.2316482051078,-44.317330787760085,15.440137005078316,-35.52299988340046,-40.81035533246157,3.997310433445734,-41.2316482051078,-44.317330787760085,15.440137005078316,-35.52299988340046,-40.81035533246157
-15.560024336789306,-45.24202150455951,-40.46232033336372,7.24595104597322,-37.8947795333352,-38.06859807553184,-15.560024336789306,-45.24202150455951,-40.46232033336372,7.24595104597322,-37.8947795333352,-38.06859807553184,-2.098797338952793,-41.18863377346336,-44.67418319757611,7.772029979060619,-35.54179852437317,-41.11250025155986,-2.098797338952793,-41.18863377346336,-44.67418319757611,7.772029979060619,-35.54179852437317,-41.11250025155986
-19.887833287898722,-44.51671611089803,-39.09522775016002,6.0291031683024245,-36.71062343606523,-39.427499068243655,-19.887833287898722,-44.51671611089803,-39.09522775016002,6.0291031683024245,-36.71062343606523,-39.427499068243655,11.1927176630095,-41.15227621278094,-44.651108365057134,6.500431902598676,-35.91429031207539,-40.91290743401284,11.1927176630095,-41.15227621278094,-44.651108365057134,6.500431902598676,-35.91429031207539,-40.91290743401284
-2.9131629125498897,-43.51034205778018,-37.89746121241607,4.033065921427861,-35.71577663482793,-40.86165715300954,-2.9131629125498897,-43.51034205778018,-37.89746121241607,4.033065921427861,-35.71577663482793,-40.86165715300954,1.6547640505177528,-41.12574621561713,-44.249731564469386,14.715920580273314,-36.615497391895495,-40.83300623907823,1.6547640505177528,-41.12574621561713,-44.249731564469386,14.715920580273314,-36.615497391895495,-40.83300623907823
-8.294894541220547,-42.28700601480297,-36.94410835013019,5.718287840726586,-34.96303190383987,-42.284032308690904,-8.294894541220547,-42.28700601480297,-36.94410835013019,5.718287840726586,-34.96303190383987,-42.284032308690904,-0.41779267303308565,-41.11135742631316,-43.498323743587605,12.451017741233926,-37.59839953662135,-41.12156788499109,-0.41779267303308565,-41.11135742631316,-43.498323743587605,12.451017741233926,-37.59839953662135,-41.12156788499109
-22.191205191015662,-40.92463526881449,-36.29493457227398,7.318884470139123,-34.4923345719463,-43.60829962805925,-22.191205191015662,-40.92463526881449,-36.29493457227398,7.318884470139123,-34.4923345719463,-43.60829962805925,11.557992822044714,-41.110364671273466,-42.449810261402604,5.2104961383176125,-38.79708714051434,-40.88015984832785,11.557992822044714,-41.110364671273466,-42.449810261402604,5.2104961383176125,-38.79708714051434,-40.88015984832785
-8.860760027420477,-39.510013705996165,-35.9906363909807,5.258079423066677,-34.32866277440994,-44.75408843462129,-8.860760027420477,-39.510013705996165,-35.9906363909807,5.258079423066677,-34.32866277440994,-44.75408843462129,-0.4558932364830719,-41.122854527291295,-41.17804309404396,10.592208248485994,-40.13118086184589,-40.86040257007938,-0.4558932364830719,-41.122854527291295,-41.17804309404396,10.592208248485994,-40.13118086184589,-40.86040257007938
-2.5894868835333753,-38.133253622916115,-36.05029016923599,4.1410547262001165,-34.48070195731383,-45.65186003316379,-2.5894868835333753,-38.133253622916115,-36.05029016923599,4.1410547262001165,-34.48070195731383,-45.65186003316379,1.699579599963243,-41.14773777130644,-39.77259907584137,15.516077665354718,-41.51122154981085,-41.12381005116774,1.699579599963243,-41.14773777130644,-39.77259907584137,15.516077665354718,-41.51122154981085,-41.12381005116774
-19.507111045664665,-36.882055515713866,-36.47015622932431,6.463971801837147,-34.940383973637545,-46.24712806005281,-19.507111045664665,-36.882055515713866,-36.47015622932431,6.463971801837147,-34.940383973637545,-46.24712806005281,11.178104216737887,-41.182844370041025,-38.33247056106335,8.014799771122227,-42.84466902822275,-40.8502668976216,11.178104216737887,-41.182844370041025,-38.33247056106335,8.014799771122227,-42.84466902822275,-40.8502668976216
-16.101474141609078,-35.83612150251424,-37.223913292118866,7.035919466305513,-35.6833152294438,-46.50376529737986,-16.101474141609078,-35.83612150251424,-37.223913292118866,7.035919466305513,-35.6833152294438,-46.50376529737986,-2.1264239136259233,-41.22511272559888,-36.95909290414641,6.319986735583467,-44.04210748082023,-40.8914457734509,-2.1264239136259233,-41.22511272559888,-36.95909290414641,6.319986735583467,-44.04210748082023,-40.8914457734509
-1.131880131977569,-35.06207824762435,-38.26430855028532,4.578793753215355,-36.67007116006822,-46.40619625817504,-1.131880131977569,-35.06207824762435,-38.26430855028532,4.578793753215355,-36.67007116006822,-46.40619625817504,4.04441946537365,-41.27085667318152,-35.74919986737291,14.55082656909252,-45.02324132911598,-41.1191368425701,4.04441946537365,-41.27085667318152,-35.74919986737291,14.55082656909252,-45.02324132911598,-41.1191368425701
-13.100150494323582,-34.60923280048732,-39.52611993279797,4.5834154402616925,-37.84828834333616,-45.96034247321313,-13.100150494323582,-34.60923280048732,-39.52611993279797,4.5834154402616925,-37.84828834333616,-45.96034247321313,10.090531668767442,-41.316086946419375,-34.78801018487388,12.70253051537411,-45.72227954247163,-40.8244272446348,10.090531668767442,-41.316086946419375,-34.78801018487388,12.70253051537411,-45.72227954247163,-40.8244272446348
-21.22387332157232,-34.50643170515719,-40.93024485728234,7.039456665452429,-39.15544322923217,-45.19326310931844,-21.22387332157232,-34.50643170515719,-40.93024485728234,7.039456665452429,-39.15544322923217,-45.19326310931844,-3.192013372067584,-41.356859075771695,-34.14322518686017,5.267322073075312,-46.0923473294485,-40.92489106303546,-3.192013372067584,-41.356859075771695,-34.14322518686017,5.267322073075312,-46.0923473294485,-40.92489106303546
-4.6088195633845865,-34.7602234570291,-42.38865914750815,6.458520104096829,-40.52217002930372,-44.15151273028526,-4.6088195633845865,-34.7602234570291,-42.38865914750815,6.458520104096829,-40.52217002930372,-44.15151273028526,6.385384948755274,-41.38961738025692,-33.860260261012606,10.316233755977047,-46.10862937952247,-41.10773564789328,6.385384948755274,-41.38961738025692,-33.860260261012606,10.316233755977047,-46.10862937952247,-41.10773564789328
-5.988935993872553,-35.35444135950209,-43.80993524296393,4.1387967785843855,-41.87594169789686,-42.898315869012755,-5.988935993872553,-35.35444135950209,-43.80993524296393,4.1387967785843855,-41.87594169789686,-42.898315869012755,8.402575119723757,-41.411505053470876,-33.959046022725516,15.578049781900418,-45.77003388156379,-40.80367702091497,8.402575119723757,-41.411505053470876,-33.959046022725516,15.578049781900418,-45.77003388156379,-40.80367702091497
-21.814560785821254,-36.25123335287289,-45.10497376558417,5.26406095262863,-43.14491866940961,-41.50972988797345,-21.814560785821254,-36.25123335287289,-45.10497376558417,5.26406095262863,-43.14491866940961,-41.50972988797345,-3.5475305225179747,-41.42061330172009,-34.43262450356082,8.264097281226585,-45.0992657364573,-40.9593973326013,-3.5475305225179747,-41.42061330172009,-34.43262450356082,8.264097281226585,-45.0992657364573,-40.9593973326013
-11.382159820785418,-37.39347321470107,-46.19258913340819,7.319738840150851,-44.261761113568866,-40.07002900660462,-11.382159820785418,-37.39347321470107,-46.19258913340819,7.319738840150851,-44.261761113568866,-40.07002900660462,8.49151632231736,-41.41614780727846,-35.24763923528383,6.150700141797659,-44.14130405450731,-41.09006363804007,8.49151632231736,-41.41614780727846,-35.24763923528383,6.150700141797659,-44.14130405450731,-41.09006363804007
-1.5238862807145992,-38.70839953664559,-47.00459906070183,5.712105831571298,-45.167202406692326,-38.66658964210788,-1.5238862807145992,-38.70839953664559,-47.00459906070183,5.712105831571298,-45.167202406692326,-38.66658964210788,6.280768415516683,-41.39849799973704,-36.346684710445054,14.374401436687707,-42.96038603074801,-40.78884827948622,6.280768415516683,-41.39849799973704,-36.346684710445054,14.374401436687707,-42.96038603074801,-40.78884827948622
-17.595236625466605,-40.11225067262193,-47.49009888528404,4.033662171948173,-45.81319418827389,-37.38458747577736,-17.595236625466605,-40.11225067262193,-47.49009888528404,4.033662171948173,-45.81319418827389,-37.38458747577736,-3.157900031796892,-41.369203094388226,-37.65234973541084,12.9477623957699,-41.63569944778163,-40.99358093220148,-3.157900031796892,-41.369203094388226,-37.65234973541084,12.9477623957699,-41.63569944778163,-40.99358093220148
-18.26067019316871,-41.51560040912768,-47.61865276674399,6.035145266107633,-46.16545610657633,-36.301828083471406,-18.26067019316871,-41.51560040912768,-47.61865276674399,6.035145266107633,-46.16545610657633,-36.301828083471406,10.155022598887044,-41.33081785939006,-39.072669882545924,5.3381828497179304,-40.25607265019906,-41.066829434249414,10.155022598887044,-41.33081785939006,-39.072669882545924,5.3381828497179304,-40.25607265019906,-41.066829434249414
-1.8086907059424941,-42.82905447212611,-47.38220170027422,7.243937005392445,-46.20529494783558,-35.484024862754836,-1.8086907059424941,-42.82905447212611,-47.38220170027422,7.243937005392445,-46.20529494783558,-35.484024862754836,3.9344490719306755,-41.286689817970384,-40.507604998447626,10.040498613839688,-38.91401806030338,-40.78053563076425,3.9344490719306755,-41.286689817970384,-40.507604998447626,10.040498613839688,-38.91401806030338,-40.78053563076425
-10.55381763318632,-43.968944999367984,-46.79556873329864,4.958808566787964,-45.930596614736274,-34.98081084249279,-10.55381763318632,-43.968944999367984,-46.79556873329864,4.958808566787964,-45.930596614736274,-34.98081084249279,-2.0615628563023467,-41.240667315558326,-41.856085525377644,15.625884024003863,-37.69952865386979,-41.02607115047374,-2.0615628563023467,-41.240667315558326,-41.856085525377644,15.625884024003863,-37.69952865386979,-41.02607115047374
-22.00356951316652,-44.86266023662458,-45.89552971301342,4.2862266823563075,-45.35593831359708,-34.82272642086482,-22.00356951316652,-44.86266023662458,-45.89552971301342,4.2862266823563075,-45.35593831359708,-34.82272642086482,11.211782197202332,-41.19676391090466,-43.02313132871865,8.519241336500073,-36.694043380219625,-41.03896469344181,11.211782197202332,-41.19676391090466,-43.02313132871865,8.519241336500073,-36.694043380219625,-41.03896469344181
-6.709164865129466,-45.453269952784325,-44.73850781940367,6.729177774837773,-44.51181499691315,-35.01936584800717,-6.709164865129466,-45.453269952784325,-44.73850781940367,6.729177774837773,-44.51181499691315,-35.01936584800717,1.5951050287716635,-41.15880835917701,-43.92654161632549,5.99303467474081,-35.96498618213103,-40.779072399565266,1.5951050287716635,-41.15880835917701,-43.92654161632549,5.99303467474081,-35.96498618213103,-40.779072399565266
-4.0078386859136765,-45.70315193191524,-43.39703641277728,6.828516410187617,-43.44302111103903,-35.5587949445034,-4.0078386859136765,-45.70315193191524,-43.39703641277728,6.828516410187617,-43.44302111103903,-35.5587949445034,-0.36668365605031195,-41.130110711519755,-44.5026847457547,14.187127241682532,-35.56124480773311,-41.05556517812127,-0.36668365605031195,-41.130110711519755,-44.5026847457547,14.187127241682532,-35.56124480773311,-41.05556517812127
-20.84740654338538,-45.59638853243577,-41.95521193886022,4.362255312744339,-42.206273523567745,-36.408275394779444,-20.84740654338538,-45.59638853243577,-41.95521193886022,4.362255312744339,-42.206273523567745,-36.408275394779444,11.557535182246294,-41.11317365007415,-44.71098011469189,13.186043318348627,-35.509892587723,-41.00758675016595,11.557535182246294,-41.11317365007415,-44.71098011469189,13.186043318348627,-35.509892587723,-41.00758675016595
-13.916471014855244,-45.13978065104459,-40.50342194748615,4.841629664704541,-40.86720177270269,-37.51625165754998,-13.916471014855244,-45.13978065104459,-40.50342194748615,4.841629664704541,-40.86720177270269,-37.51625165754998,-0.506463957512663,-41.109474232531845,-44.53675645292832,5.422884850431532,-35.814373002810186,-40.78451725927808,-0.506463957512663,-41.109474232531845,-44.53675645292832,5.422884850431532,-35.814373002810186,-40.78451725927808
-1.0414101717759028,-44.36241450125968,-39.13267872383122,7.195404633427566,-39.49686535475613,-38.81547990637934,-1.0414101717759028,-44.36241450125968,-39.13267872383122,7.195404633427566,-39.49686535475613,-38.81547990637934,1.759520734064679,-41.11933507997756,-43.992285192284726,9.765756232323927,-36.454268777255415,-41.08088034862305,1.759520734064679,-41.11933507997756,-43.992285192284726,9.765756232323927,-36.454268777255415,-41.08088034862305
-15.336902593540875,-43.31380880304979,-37.92891375517326,6.163712384138698,-38.16798286421254,-40.227109102847706,-15.336902593540875,-43.31380880304979,-37.92891375517326,6.163712384138698,-38.16798286421254,-40.227109102847706,11.158169553705044,-41.14189624155071,-43.115916129141894,15.659449690848234,-37.386670982195405,-40.973953813150125,11.158169553705044,-41.14189624155071,-43.115916129141894,15.659449690848234,-37.386670982195405,-40.973953813150125
-20.03491724321049,-42.060760408763095,-36.967590711370235,4.052026018356998,-36.951073091700735,-41.665466519236645,-20.03491724321049,-42.060760408763095,-36.967590711370235,4.052026018356998,-36.951073091700735,-41.665466519236645,-2.162917025020926,-41.17519018956997,-41.96937625912896,8.779534789147231,-38.54905634199448,-40.79665187914872,-2.162917025020926,-41.17519018956997,-41.96937625912896,8.779534789147231,-38.54905634199448,-40.79665187914872
-3.05215238099726,-40.683089300992286,-36.308974649715914,5.5792296010845925,-35.91071285727201,-43.04325727413999,-3.05215238099726,-40.683089300992286,-36.308974649715914,5.5792296010845925,-35.91071285727201,-43.04325727413999,4.107278922428986,-41.21631340489975,-40.63342204036541,5.847421134702039,-39.8634798026185,-41.10100156139699,4.107278922428986,-41.21631340489975,-40.63342204036541,5.847421134702039,-39.8634798026185,-41.10100156139699
-8.068308371485141,-39.26855400873182,-35.99435401632218,7.332554660958392,-35.102110161688124,-44.2768623176733,-8.068308371485141,-39.26855400873182,-35.99435401632218,7.332554660958392,-35.102110161688124,-44.2768623176733,10.053086736978333,-41.261679588836245,-39.202151317800976,13.989515686346737,-41.24180122465609,-40.93941451300823,10.053086736978333,-41.261679588836245,-39.202151317800976,13.989515686346737,-41.24180122465609,-40.93941451300823
-22.18182340043237,-37.90726133305961,-36.04345228564392,5.39392992571181,-34.568174505674016,-45.2914133279923,-22.18182340043237,-37.90726133305961,-36.04345228564392,5.39392992571181,-34.568174505674016,-45.2914133279923,-3.210828462316652,-41.307332419254735,-37.77637554787732,13.416722211621686,-42.59159571922618,-40.81498967901794,-3.210828462316652,-41.307332419254735,-37.77637554787732,13.416722211621686,-42.59159571922618,-40.81498967901794
-9.09271259746655,-36.68592648639033,-36.45319150169868,4.095506949388348,-34.337239844265945,-46.02533652022419,-9.09271259746655,-36.68592648639033,-36.45319150169868,4.095506949388348,-34.337239844265945,-46.02533652022419,6.444961012765859,-41.34929057598744,-36.45651915041888,5.521196638066273,-43.82235130256395,-41.11512198581981,6.444961012765859,-41.34929057598744,-36.45651915041888,5.521196638066273,-43.82235130256395,-41.11512198581981
-2.4661914060664696,-35.682349278089276,-37.19788523421702,6.338809174054379,-34.42156101049291,-46.43408960098824,-2.4661914060664696,-35.682349278089276,-37.19788523421702,6.338809174054379,-34.42156101049291,-46.43408960098824,8.351314237319574,-41.38389494624619,-35.33554612142162,9.492757309091079,-44.851538278611756,-40.90535382416404,8.351314237319574,-41.38389494624619,-35.33554612142162,9.492757309091079,-44.851538278611756,-40.90535382416404
-19.345683700273128,-34.960458216953725,-38.23084885335903,7.110836898381877,-34.816663397526234,-46.49286507021292,-19.345683700273128,-34.960458216953725,-38.23084885335903,7.110836898381877,-34.816663397526234,-46.49286507021292,-3.5468112942288013,-41.4081277307852,-34.49241212028909,15.678655068634365,-45.61014336035336,-40.83879534046014,-3.5468112942288013,-41.4081277307852,-34.49241212028909,15.678655068634365,-45.61014336035336,-40.83879534046014
-16.317106337612678,-34.56623822439326,-39.4873261753516,4.686376859121815,-35.50158040921735,-46.19809580504192,-16.317106337612678,-34.56623822439326,-39.4873261753516,4.686376859121815,-35.50158040921735,-46.19809580504192,8.541931216945008,-41.419875621997456,-33.98650323330784,9.044266421317069,-46.04729743318023,-41.122675413931354,8.541931216945008,-41.419875621997456,-33.98650323330784,9.044266421317069,-46.04729743318023,-41.122675413931354
-1.1699654912675168,-34.52480136558228,-40.88854900849622,4.483253422091962,-36.43996607841803,-45.56767155092525,-1.1699654912675168,-34.52480136558228,-40.88854900849622,4.483253422091962,-36.43996607841803,-45.56767155092525,6.220748982758314,-41.418114102546696,-33.85345311868056,5.714257391654519,-46.13368664042642,-40.87313752944181,6.220748982758314,-41.418114102546696,-33.85345311868056,5.714257391654519,-46.13368664042642,-40.87313752944181
-12.862733407449815,-34.838787194878044,-42.34667510781081,6.955376772895933,-37.582023810616484,-44.63985318090601,-12.862733407449815,-34.838787194878044,-42.34667510781081,6.955376772895933,-37.582023810616484,-44.63985318090601,-3.1377174440538615,-41.4029967921067,-34.102633152223056,13.782106718436548,-45.863518056905804,-40.86711429195524,-3.1377174440538615,-41.4029967921067,-34.102633152223056,13.782106718436548,-45.863518056905804,-40.86711429195524
-21.321590943328076,-35.48819461452327,-43.77029497938675,6.578411633405756,-38.867148901728235,-43.47095061743772,-21.321590943328076,-35.48819461452327,-43.77029497938675,6.578411633405756,-38.867148901728235,-43.47095061743772,10.191302389051353,-41.37584205040205,-34.71649235514313,13.639168775652314,-45.25490814000792,-41.123358964529594,10.191302389051353,-41.37584205040205,-34.71649235514313,13.639168775652314,-45.25490814000792,-41.123358964529594
-4.790342002940904,-36.43165595734058,-45.070162314526726,4.1947438894369,-40.22714460156942,-42.13190534522468,-4.790342002940904,-36.43165595734058,-45.070162314526726,4.1947438894369,-40.22714460156942,-42.13190534522468,3.871592607930825,-41.33901800488088,-35.651793596043596,5.632849588506409,-44.34866791032771,-40.84405745421253,3.871592607930825,-41.33901800488088,-35.651793596043596,5.632849588506409,-44.34866791032771,-40.84405745421253
-5.787387225226843,-37.609072133539094,-46.16478881444151,5.131041324398507,-41.58984105863274,-40.703984924682295,-5.787387225226843,-37.609072133539094,-46.16478881444151,5.131041324398507,-41.58984105863274,-40.703984924682295,-2.0239081238433343,-41.29573602959706,-36.84265899534486,9.222247778030495,-43.2055663229066,-40.89881098578342,-2.0239081238433343,-41.29573602959706,-36.84265899534486,9.222247778030495,-43.2055663229066,-40.89881098578342
-21.748324587739724,-38.94544098109724,-46.98555266759945,7.295005045075969,-42.882925102393905,-39.27385080890234,-21.748324587739724,-38.94544098109724,-46.98555266759945,7.295005045075969,-42.882925102393905,-39.27385080890234,11.230347517670221,-41.24977068572277,-38.205210029273005,15.683447681176716,-41.90225533679322,-41.117145228254984,11.230347517670221,-41.24977068572277,-38.205210029273005,15.683447681176716,-41.90225533679322,-41.117145228254984
-11.621595808372017,-40.35563495136178,-47.481000430796485,5.850929293162888,-44.03777763101634,-37.9282988016325,-11.621595808372017,-40.35563495136178,-47.481000430796485,5.850929293162888,-44.03777763101634,-37.9282988016325,1.535612954234034,-41.205130547291816,-39.64347550800289,9.31271288841291,-40.526129931956554,-40.819279666122625,1.535612954234034,-41.205130547291816,-39.64347550800289,9.31271288841291,-40.526129931956554,-40.819279666122625
-1.453164683070435,-41.74982378823659,-47.62007263029211,4.025820770402945,-44.993114968740876,-36.74899136142651,-1.453164683070435,-41.74982378823659,-47.62007263029211,4.025820770402945,-44.993114968740876,-36.74899136142651,-0.3152717959571607,-41.165708619005045,-41.05615129991592,5.593907298127761,-39.169467740881835,-40.932614431794605,-0.3152717959571607,-41.165708619005045,-41.05615129991592,5.593907298127761,-39.169467740881835,-40.932614431794605
-17.396253513068324,-43.03919677283989,-47.39405087103212,5.898161804717675,-45.698240959829235,-35.807501451972804,-17.396253513068324,-43.03919677283989,-47.39405087103212,5.898161804717675,-45.698240959829235,-35.807501451972804,11.556554377921874,-41.13494283267745,-42.3437356812519,13.565467055857981,-37.92324126842575,-41.10428336666492,11.556554377921874,-41.13494283267745,-42.3437356812519,13.565467055857981,-37.92324126842575,-41.10428336666492
-18.44521047251461,-44.14162002298764,-46.81710439025594,7.283921843914375,-46.11573722268158,-35.160968730671556,-18.44521047251461,-44.14162002298764,-46.81710439025594,7.283921843914375,-46.11573722268158,-35.160968730671556,-0.5567221526539132,-41.115516229961884,-43.415537733285525,13.852775204267815,-36.87101762846741,-40.799797717520896,-0.5567221526539132,-41.115516229961884,-43.415537733285525,13.852775204267815,-36.87101762846741,-40.799797717520896
-1.9021164619132822,-44.98686847391948,-45.92540179220507,5.086409507660597,-46.223448802471104,-34.84863170430009,-1.9021164619132822,-44.98686847391948,-45.92540179220507,5.086409507660597,-46.223448802471104,-34.84863170430009,1.8196174260675662,-41.109122977999206,-44.19606515104664,5.757538624653159,-36.08335485735981,-40.9671691622185,1.8196174260675662,-41.109122977999206,-44.19606515104664,5.757538624653159,-36.08335485735981,-40.9671691622185
-10.31583766111592,-45.52109925975115,-44.774843649020056,4.216300033637076,-46.0156598511845,-34.88944631758076,-10.31583766111592,-45.52109925975115,-44.774843649020056,4.216300033637076,-46.0156598511845,-34.88944631758076,11.137739390773625,-41.116320623446285,-44.63034153870976,8.95496677109266,-35.61307056566305,-41.08528912122699,11.137739390773625,-41.116320623446285,-44.63034153870976,8.95496677109266,-35.61307056566305,-41.08528912122699
-22.046268709539692,-45.71028153840164,-43.437558110406485,6.617985258771198,-45.50339694615642,-35.28093550411452,-22.046268709539692,-45.71028153840164,-43.437558110406485,6.617985258771198,-45.50339694615642,-35.28093550411452,-2.1989828656616233,-41.136481469603574,-44.68777866831188,15.673814433287685,-35.4917001940283,-40.78639280549074,-2.1989828656616233,-41.136481469603574,-44.68777866831188,15.673814433287685,-35.4917001940283,-40.78639280549074
-6.922720823601668,-45.54236427795742,-41.997379211262455,6.924534600148599,-44.71384395112474,-35.99933952121075,-6.922720823601668,-45.54236427795742,-41.997379211262455,6.924534600148599,-44.71384395112474,-35.99933952121075,4.1701313048294235,-41.167847316975674,-44.3643309595182,9.584140695537007,-35.72738236885468,-41.00108958390001,4.1701313048294235,-41.167847316975674,-44.3643309595182,9.584140695537007,-35.72738236885468,-41.00108958390001
-3.8429851148691387,-45.028043915097925,-40.544591340826294,4.450916972849829,-43.688899470926884,-37.00105794469147,-3.8429851148691387,-45.028043915097925,-40.544591340826294,4.450916972849829,-43.688899470926884,-37.00105794469147,10.015222855953569,-41.2076827934164,-43.68278042979901,5.486699695028112,-36.30431315756778,-41.06092413285508,10.015222855953569,-41.2076827934164,-43.68278042979901,5.486699695028112,-36.30431315756778,-41.06092413285508
-20.728147110402013,-44.20008298525093,-39.17026934101693,4.724806842892026,-42.482953450286374,-38.22529580803153,-20.728147110402013,-44.20008298525093,-39.17026934101693,4.724806842892026,-42.482953450286374,-38.22529580803153,-3.2291436914914335,-41.25251390214852,-42.69113204457169,13.340188638184205,-37.18380581904421,-40.779602447012486,-3.2291436914914335,-41.25251390214852,-42.69113204457169,13.340188638184205,-37.18380581904421,-40.779602447012486
-14.14954118618456,-43.11122312817239,-37.960569051531024,7.13415567681363,-41.16000090422098,-39.59775328986794,-14.14954118618456,-43.11122312817239,-37.960569051531024,7.13415567681363,-41.16000090422098,-39.59775328986794,6.50436806755087,-41.29843098421546,-41.45923249071155,14.05695784581052,-38.30688498642863,-41.03301553851894,6.50436806755087,-41.29843098421546,-41.45923249071155,14.05695784581052,-38.30688498642863,-41.03301553851894
-1.0273530668572928,-41.83082541182599,-36.99132622573379,6.294907393343831,-39.79024594353123,-41.035135020255225,-1.0273530668572928,-41.83082541182599,-36.99132622573379,6.294907393343831,-39.79024594353123,-41.035135020255225,8.299752289887344,-41.34142967442886,-40.07385052989072,5.894923050006364,-39.59824132650485,-41.032165401244946,8.299752289887344,-41.34142967442886,-40.07385052989072,5.894923050006364,-39.59824132650485,-41.032165401244946
-15.111873110334797,-40.440451988078465,-36.323302409709804,4.082489809614301,-38.44637630695478,-42.45020533282788,-15.111873110334797,-40.440451988078465,-36.323302409709804,4.082489809614301,-38.44637630695478,-42.45020533282788,-3.5455689308545777,-41.377760116515525,-38.63256544672429,8.691644598707716,-40.9712814915028,-40.77969892533391,-3.5455689308545777,-41.377760116515525,-38.63256544672429,8.691644598707716,-40.9712814915028,-40.77969892533391
-20.177691598622108,-39.02867053155985,-35.9983758189101,5.440886203713429,-37.199706096534264,-43.75708265621156,-20.177691598622108,-39.02867053155985,-35.9983758189101,5.440886203713429,-37.199706096534264,-43.75708265621156,8.592031842231888,-41.40425398289408,-37.23689405846492,15.649781646558512,-42.333934733154805,-41.0616668429094,8.592031842231888,-41.40425398289408,-37.23689405846492,15.649781646558512,-42.333934733154805,-41.0616668429094
