5.502021789550781250e+00,-2.839864540100097656e+01,-2.911019515991210938e+01,9.265590667724609375e+00,-1.528428268432617188e+01,-1.485117340087890625e+01,2.094284057617187500e+00,-2.869613838195800781e+01,-2.627914428710937500e+01,1.240035629272460938e+01,-1.554087829589843750e+01,-1.491604232788085938e+01,1.370045471191406250e+01,-2.798049163818359375e+01,-2.953991699218750000e+01,5.258247375488281250e+00,-1.430901336669921875e+01,-1.359565353393554688e+01,9.348110198974609375e+00,-2.880513954162597656e+01,-2.890463829040527344e+01,1.819538116455078125e+00,-1.766636276245117188e+01,-1.500023269653320312e+01
1.280288696289062500e+01,-1.802784347534179688e+01,-1.781803894042968750e+01,6.527160644531250000e+00,-2.453599929809570312e+01,-2.483129119873046875e+01,1.226295089721679688e+01,-1.805936431884765625e+01,-1.951585578918457031e+01,4.889030456542968750e+00,-2.381063079833984375e+01,-2.476533889770507812e+01,4.011173248291015625e+00,-1.614899063110351562e+01,-1.873062896728515625e+01,1.202476119995117188e+01,-2.546974563598632812e+01,-2.732814979553222656e+01,5.905548095703125000e+00,-1.764772033691406250e+01,-1.819734382629394531e+01,1.208246612548828125e+01,-2.401167678833007812e+01,-2.567765998840332031e+01
1.584440612792968750e+01,-9.814201354980468750e+00,-7.589004516601562500e+00,4.708724975585937500e+00,-3.054632377624511719e+01,-3.128228378295898438e+01,1.716181182861328125e+01,-9.264732360839843750e+00,-1.370991134643554688e+01,-8.884506225585937500e-01,-2.954768753051757812e+01,-3.096295928955078125e+01,-3.868251800537109375e+00,-7.776199340820312500e+00,-8.861259460449218750e+00,1.507275390625000000e+01,-3.242382812500000000e+01,-3.473447418212890625e+01,3.631660461425781250e+00,-8.535995483398437500e+00,-8.891212463378906250e+00,1.737162780761718750e+01,-2.841827392578125000e+01,-3.214250946044921875e+01
1.465071868896484375e+01,-1.079412841796875000e+01,-8.297458648681640625e+00,5.234741210937500000e+00,-3.006100273132324219e+01,-3.082498168945312500e+01,1.633106994628906250e+01,-1.017902755737304688e+01,-1.422299194335937500e+01,2.551612854003906250e-01,-2.930803489685058594e+01,-3.040491294860839844e+01,-2.360794067382812500e+00,-9.486022949218750000e+00,-9.360000610351562500e+00,1.401055145263671875e+01,-3.179712677001953125e+01,-3.370111846923828125e+01,4.324760437011718750e+00,-9.732509613037109375e+00,-9.852668762207031250e+00,1.664273834228515625e+01,-2.813284683227539062e+01,-3.154018592834472656e+01
8.856891632080078125e+00,-2.048279190063476562e+01,-1.808893394470214844e+01,8.057258605957031250e+00,-2.347531318664550781e+01,-2.418928337097167969e+01,9.081745147705078125e+00,-2.008432197570800781e+01,-2.060418891906738281e+01,7.977149963378906250e+00,-2.346567916870117188e+01,-2.322990417480468750e+01,7.426239013671875000e+00,-2.025555038452148438e+01,-1.920000457763671875e+01,8.535846710205078125e+00,-2.386606025695800781e+01,-2.379783630371093750e+01,7.825092315673828125e+00,-2.058457946777343750e+01,-2.031740379333496094e+01,9.347122192382812500e+00,-2.429319381713867188e+01,-2.433849716186523438e+01
1.045822143554687500e+00,-3.096763229370117188e+01,-2.998970794677734375e+01,1.076511383056640625e+01,-1.322243499755859375e+01,-1.322149658203125000e+01,-2.610916137695312500e+00,-3.088794517517089844e+01,-2.778651046752929688e+01,1.514377593994140625e+01,-1.435408020019531250e+01,-1.225305938720703125e+01,1.638633728027343750e+01,-3.130272674560546875e+01,-3.086763191223144531e+01,1.394851684570312500e+00,-1.170748901367187500e+01,-8.680503845214843750e+00,1.109973907470703125e+01,-3.171268844604492188e+01,-3.159874153137207031e+01,-2.533042907714843750e+00,-1.797661209106445312e+01,-1.304770660400390625e+01
-1.101623535156250000e+00,-3.345347595214843750e+01,-3.363261413574218750e+01,1.131399154663085938e+01,-9.476287841796875000e+00,-9.058952331542968750e+00,-6.220169067382812500e+00,-3.354007339477539062e+01,-2.971984100341796875e+01,1.655718994140625000e+01,-1.098780059814453125e+01,-8.598384857177734375e+00,1.829524993896484375e+01,-3.392139053344726562e+01,-3.400096511840820312e+01,-5.385398864746093750e-01,-7.569583892822265625e+00,-4.083820343017578125e+00,1.176177597045898438e+01,-3.428962326049804688e+01,-3.426177215576171875e+01,-6.056282043457031250e+00,-1.487076568603515625e+01,-9.173046112060546875e+00
2.054676055908203125e+00,-3.140735816955566406e+01,-3.205699920654296875e+01,1.033116912841796875e+01,-1.191135025024414062e+01,-1.135617065429687500e+01,-2.365604400634765625e+00,-3.166115570068359375e+01,-2.832683563232421875e+01,1.476636505126953125e+01,-1.272379302978515625e+01,-1.129286956787109375e+01,1.644688415527343750e+01,-3.152890586853027344e+01,-3.236566925048828125e+01,2.183742523193359375e+00,-1.030152893066406250e+01,-8.201259613037109375e+00,1.065662002563476562e+01,-3.207946014404296875e+01,-3.203819274902343750e+01,-2.448814392089843750e+00,-1.565219116210937500e+01,-1.137510681152343750e+01
9.713356018066406250e+00,-2.268280029296875000e+01,-2.319513702392578125e+01,7.713813781738281250e+00,-2.057348251342773438e+01,-2.052048683166503906e+01,8.033176422119140625e+00,-2.290361022949218750e+01,-2.253730964660644531e+01,8.544502258300781250e+00,-2.022680473327636719e+01,-2.051051712036132812e+01,8.663543701171875000e+00,-2.182102966308593750e+01,-2.364087104797363281e+01,9.222908020019531250e+00,-2.076461601257324219e+01,-2.161514663696289062e+01,7.716022491455078125e+00,-2.279168128967285156e+01,-2.321765518188476562e+01,7.988887786865234375e+00,-2.133640670776367188e+01,-2.132749748229980469e+01
1.501924896240234375e+01,-1.224352264404296875e+01,-1.096063232421875000e+01,5.193344116210937500e+00,-2.871245384216308594e+01,-2.929240036010742188e+01,1.567457580566406250e+01,-1.195970153808593750e+01,-1.561966705322265625e+01,1.104187011718750000e+00,-2.772344970703125000e+01,-2.903450202941894531e+01,-1.328056335449218750e+00,-1.042211532592773438e+01,-1.201387786865234375e+01,1.425732421875000000e+01,-3.031543731689453125e+01,-3.261838531494140625e+01,4.593139648437500000e+00,-1.147555160522460938e+01,-1.200205230712890625e+01,1.591157531738281250e+01,-2.708023452758789062e+01,-3.039897727966308594e+01
1.565560150146484375e+01,-9.662773132324218750e+00,-7.282432556152343750e+00,4.767574310302734375e+00,-3.072568130493164062e+01,-3.146800422668457031e+01,1.722950744628906250e+01,-9.056285858154296875e+00,-1.350956726074218750e+01,-9.988555908203125000e-01,-2.978216552734375000e+01,-3.114992904663085938e+01,-3.896560668945312500e+00,-7.792312622070312500e+00,-8.499965667724609375e+00,1.491623687744140625e+01,-3.259842300415039062e+01,-3.481566238403320312e+01,3.584400177001953125e+00,-8.344673156738281250e+00,-8.585468292236328125e+00,1.742788696289062500e+01,-2.847579765319824219e+01,-3.221126556396484375e+01
1.219587326049804688e+01,-1.577807617187500000e+01,-1.327285385131835938e+01,6.681785583496093750e+00,-2.695074844360351562e+01,-2.774370193481445312e+01,1.339282608032226562e+01,-1.522109985351562500e+01,-1.744949340820312500e+01,3.827472686767578125e+00,-2.657165718078613281e+01,-2.717721939086914062e+01,2.506221771240234375e+00,-1.453544616699218750e+01,-1.448560714721679688e+01,1.159767913818359375e+01,-2.812548065185546875e+01,-2.932599639892578125e+01,5.682453155517578125e+00,-1.511731719970703125e+01,-1.501491546630859375e+01,1.340804290771484375e+01,-2.614995765686035156e+01,-2.800742149353027344e+01
4.587005615234375000e+00,-2.679984855651855469e+01,-2.487851142883300781e+01,9.721225738525390625e+00,-1.803648757934570312e+01,-1.847706031799316406e+01,2.883155822753906250e+00,-2.655447196960449219e+01,-2.479583358764648438e+01,1.228229522705078125e+01,-1.862737846374511719e+01,-1.735113525390625000e+01,1.293307495117187500e+01,-2.683482170104980469e+01,-2.608359527587890625e+01,4.537982940673828125e+00,-1.729013061523437500e+01,-1.553770065307617188e+01,9.674144744873046875e+00,-2.729364395141601562e+01,-2.695048332214355469e+01,2.910888671875000000e+00,-2.101222991943359375e+01,-1.809776115417480469e+01
-7.842941284179687500e-01,-3.291793823242187500e+01,-3.263246917724609375e+01,1.125127792358398438e+01,-1.042435836791992188e+01,-1.015848159790039062e+01,-5.583805084228515625e+00,-3.293760681152343750e+01,-2.927933502197265625e+01,1.637708282470703125e+01,-1.190649414062500000e+01,-9.438327789306640625e+00,1.792413330078125000e+01,-3.338778305053710938e+01,-3.322408294677734375e+01,-2.269744873046875000e-01,-8.610145568847656250e+00,-5.066913604736328125e+00,1.172331237792968750e+01,-3.375790405273437500e+01,-3.375667953491210938e+01,-5.424797058105468750e+00,-1.596136856079101562e+01,-1.024240493774414062e+01
-1.063842773437500000e-01,-3.259723663330078125e+01,-3.304092407226562500e+01,1.091653823852539062e+01,-1.040808105468750000e+01,-9.924911499023437500e+00,-4.888305664062500000e+00,-3.278804779052734375e+01,-2.912671852111816406e+01,1.600025939941406250e+01,-1.164261245727539062e+01,-9.579833984375000000e+00,1.765090942382812500e+01,-3.318304824829101562e+01,-3.326416397094726562e+01,3.802528381347656250e-01,-8.637176513671875000e+00,-5.585830688476562500e+00,1.152183151245117188e+01,-3.344952392578125000e+01,-3.343606185913085938e+01,-4.647483825683593750e+00,-1.520168685913085938e+01,-1.012012863159179688e+01
5.830055236816406250e+00,-2.713543891906738281e+01,-2.787288284301757812e+01,9.008270263671875000e+00,-1.636237716674804688e+01,-1.600977325439453125e+01,2.925357818603515625e+00,-2.745410728454589844e+01,-2.541858482360839844e+01,1.204581451416015625e+01,-1.653681945800781250e+01,-1.593069839477539062e+01,1.293860626220703125e+01,-2.722369956970214844e+01,-2.806341552734375000e+01,5.743293762207031250e+00,-1.568085479736328125e+01,-1.502261352539062500e+01,9.512603759765625000e+00,-2.766661071777343750e+01,-2.790134811401367188e+01,3.060546875000000000e+00,-1.866141510009765625e+01,-1.661110687255859375e+01
1.298785781860351562e+01,-1.710945129394531250e+01,-1.699304962158203125e+01,6.346534729003906250e+00,-2.506168556213378906e+01,-2.537235260009765625e+01,1.258011627197265625e+01,-1.712616729736328125e+01,-1.895688819885253906e+01,4.606643676757812500e+00,-2.428483963012695312e+01,-2.526253890991210938e+01,3.400226593017578125e+00,-1.561143112182617188e+01,-1.766155624389648438e+01,1.228351211547851562e+01,-2.613039207458496094e+01,-2.801932334899902344e+01,6.044712066650390625e+00,-1.682891464233398438e+01,-1.742647552490234375e+01,1.268051910400390625e+01,-2.447648239135742188e+01,-2.650825119018554688e+01
1.571015930175781250e+01,-1.074202728271484375e+01,-8.597110748291015625e+00,4.914058685302734375e+00,-2.998947143554687500e+01,-3.072630310058593750e+01,1.687915039062500000e+01,-1.023306274414062500e+01,-1.435557556152343750e+01,-4.538269042968750000e-01,-2.899822235107421875e+01,-3.044096946716308594e+01,-3.176235198974609375e+00,-8.359573364257812500e+00,-9.988334655761718750e+00,1.488167572021484375e+01,-3.181009483337402344e+01,-3.413216400146484375e+01,3.646987915039062500e+00,-9.446937561035156250e+00,-9.847442626953125000e+00,1.691108703613281250e+01,-2.800225830078125000e+01,-3.149574089050292969e+01
1.437707519531250000e+01,-1.247840118408203125e+01,-1.003910064697265625e+01,5.638698577880859375e+00,-2.910485839843750000e+01,-2.988813781738281250e+01,1.589900207519531250e+01,-1.185849380493164062e+01,-1.527792739868164062e+01,8.362121582031250000e-01,-2.841030883789062500e+01,-2.955695152282714844e+01,-1.167839050292968750e+00,-1.047688674926757812e+01,-1.134942245483398438e+01,1.363586425781250000e+01,-3.073208999633789062e+01,-3.264340972900390625e+01,4.153957366943359375e+00,-1.127221298217773438e+01,-1.137391281127929688e+01,1.580935668945312500e+01,-2.734427642822265625e+01,-3.028368186950683594e+01
8.672428131103515625e+00,-2.137453079223632812e+01,-1.902909851074218750e+01,8.251075744628906250e+00,-2.287989425659179688e+01,-2.357438850402832031e+01,8.778175354003906250e+00,-2.095814132690429688e+01,-2.111947059631347656e+01,8.167629241943359375e+00,-2.294193077087402344e+01,-2.270851516723632812e+01,7.985614776611328125e+00,-2.078997611999511719e+01,-2.027687072753906250e+01,8.279285430908203125e+00,-2.314489364624023438e+01,-2.306659698486328125e+01,7.658050537109375000e+00,-2.133676528930664062e+01,-2.099952697753906250e+01,8.733360290527343750e+00,-2.373352813720703125e+01,-2.341484832763671875e+01
1.304359436035156250e+00,-3.030770874023437500e+01,-2.915636444091796875e+01,1.061193084716796875e+01,-1.404135894775390625e+01,-1.411325836181640625e+01,-1.981716156005859375e+00,-3.020306777954101562e+01,-2.730379486083984375e+01,1.486052703857421875e+01,-1.509643173217773438e+01,-1.301019287109375000e+01,1.596854400634765625e+01,-3.081121444702148438e+01,-3.004296112060546875e+01,1.698986053466796875e+00,-1.261423873901367188e+01,-9.656837463378906250e+00,1.106841659545898438e+01,-3.109783554077148438e+01,-3.094448280334472656e+01,-1.760540008544921875e+00,-1.857460975646972656e+01,-1.396292495727539062e+01
-9.714698791503906250e-01,-3.273710250854492188e+01,-3.284306335449218750e+01,1.112720489501953125e+01,-1.028599548339843750e+01,-9.953113555908203125e+00,-5.760082244873046875e+00,-3.286450195312500000e+01,-2.917707443237304688e+01,1.645598602294921875e+01,-1.173466110229492188e+01,-9.291881561279296875e+00,1.792389678955078125e+01,-3.360376739501953125e+01,-3.311152648925781250e+01,-2.826080322265625000e-01,-8.574962615966796875e+00,-5.024394989013671875e+00,1.194371032714843750e+01,-3.369027709960937500e+01,-3.374497985839843750e+01,-5.274543762207031250e+00,-1.575761032104492188e+01,-1.032343292236328125e+01
2.287239074707031250e+00,-3.041280555725097656e+01,-3.105020332336425781e+01,1.010934829711914062e+01,-1.287854385375976562e+01,-1.241213226318359375e+01,-1.674247741699218750e+00,-3.070724678039550781e+01,-2.760276603698730469e+01,1.455684661865234375e+01,-1.362354660034179688e+01,-1.216854095458984375e+01,1.589579772949218750e+01,-3.101537322998046875e+01,-3.117906761169433594e+01,2.576793670654296875e+00,-1.154166030883789062e+01,-9.431785583496093750e+00,1.084472274780273438e+01,-3.120593643188476562e+01,-3.128997421264648438e+01,-1.377433776855468750e+00,-1.663891601562500000e+01,-1.281433486938476562e+01
9.545253753662109375e+00,-2.301294708251953125e+01,-2.358874320983886719e+01,7.783775329589843750e+00,-2.026895523071289062e+01,-2.018481063842773438e+01,7.803035736083984375e+00,-2.323899459838867188e+01,-2.272268104553222656e+01,8.711982727050781250e+00,-1.994528198242187500e+01,-2.022452354431152344e+01,8.929904937744140625e+00,-2.212491035461425781e+01,-2.401560211181640625e+01,9.060676574707031250e+00,-2.041827392578125000e+01,-2.123086929321289062e+01,7.747726440429687500e+00,-2.312050628662109375e+01,-2.353680610656738281e+01,7.724727630615234375e+00,-2.109221267700195312e+01,-2.094672775268554688e+01
1.457867431640625000e+01,-1.458665084838867188e+01,-1.359226989746093750e+01,5.706581115722656250e+00,-2.719492721557617188e+01,-2.773816299438476562e+01,1.485035705566406250e+01,-1.438111114501953125e+01,-1.712276077270507812e+01,2.139823913574218750e+00,-2.628714561462402344e+01,-2.763072776794433594e+01,4.470863342285156250e-01,-1.204517745971679688e+01,-1.482763290405273438e+01,1.370575714111328125e+01,-2.863358688354492188e+01,-3.092784500122070312e+01,4.572082519531250000e+00,-1.372382354736328125e+01,-1.429067230224609375e+01,1.464579772949218750e+01,-2.590246200561523438e+01,-2.854109573364257812e+01
1.545803833007812500e+01,-1.105480575561523438e+01,-8.744316101074218750e+00,5.109153747558593750e+00,-2.992551040649414062e+01,-3.068988037109375000e+01,1.686997985839843750e+01,-1.046912765502929688e+01,-1.442276382446289062e+01,-4.476890563964843750e-01,-2.902534294128417969e+01,-3.043601989746093750e+01,-2.886928558349609375e+00,-8.614105224609375000e+00,-1.015511322021484375e+01,1.463259887695312500e+01,-3.173040580749511719e+01,-3.396138763427734375e+01,3.495784759521484375e+00,-9.646331787109375000e+00,-9.915946960449218750e+00,1.676490020751953125e+01,-2.785412979125976562e+01,-3.122434425354003906e+01
1.221566009521484375e+01,-1.590515136718750000e+01,-1.343730163574218750e+01,6.708168029785156250e+00,-2.688676834106445312e+01,-2.767304420471191406e+01,1.339845657348632812e+01,-1.534126663208007812e+01,-1.752891159057617188e+01,3.816139221191406250e+00,-2.651164627075195312e+01,-2.712722396850585938e+01,2.566837310791015625e+00,-1.458176803588867188e+01,-1.465140151977539062e+01,1.160518646240234375e+01,-2.804411888122558594e+01,-2.926870727539062500e+01,5.619243621826171875e+00,-1.520011901855468750e+01,-1.509189987182617188e+01,1.335496902465820312e+01,-2.605695915222167969e+01,-2.789232635498046875e+01
5.065765380859375000e+00,-2.538324737548828125e+01,-2.334579086303710938e+01,9.406528472900390625e+00,-1.931751060485839844e+01,-1.982423591613769531e+01,3.900928497314453125e+00,-2.510190582275390625e+01,-2.385404777526855469e+01,1.171806335449218750e+01,-1.978296470642089844e+01,-1.858032608032226562e+01,1.200408172607421875e+01,-2.583016967773437500e+01,-2.434889984130859375e+01,5.135784149169921875e+00,-1.880168914794921875e+01,-1.721073913574218750e+01,9.657329559326171875e+00,-2.596161270141601562e+01,-2.562294197082519531e+01,4.302974700927734375e+00,-2.191717529296875000e+01,-1.975280761718750000e+01
-5.357551574707031250e-01,-3.181774520874023438e+01,-3.141153907775878906e+01,1.097969055175781250e+01,-1.170116043090820312e+01,-1.152181243896484375e+01,-4.794422149658203125e+00,-3.187771987915039062e+01,-2.847016525268554688e+01,1.615821075439453125e+01,-1.304404830932617188e+01,-1.052886962890625000e+01,1.735079193115234375e+01,-3.284004592895507812e+01,-3.187631034851074219e+01,1.885070800781250000e-01,-1.009342193603515625e+01,-6.521667480468750000e+00,1.192055511474609375e+01,-3.283531570434570312e+01,-3.290997314453125000e+01,-4.194747924804687500e+00,-1.712897491455078125e+01,-1.189339828491210938e+01
-5.813980102539062500e-02,-3.229273223876953125e+01,-3.268460083007812500e+01,1.084669113159179688e+01,-1.074603271484375000e+01,-1.030603027343750000e+01,-4.701293945312500000e+00,-3.249632644653320312e+01,-2.889507484436035156e+01,1.595528411865234375e+01,-1.196490478515625000e+01,-9.870841979980468750e+00,1.749134826660156250e+01,-3.303585052490234375e+01,-3.288748931884765625e+01,4.777755737304687500e-01,-9.061378479003906250e+00,-5.979343414306640625e+00,1.159698486328125000e+01,-3.319554138183593750e+01,-3.321872711181640625e+01,-4.334495544433593750e+00,-1.559104156494140625e+01,-1.060369491577148438e+01
5.344509124755859375e+00,-2.838800811767578125e+01,-2.911401367187500000e+01,9.277091979980468750e+00,-1.522281646728515625e+01,-1.479122543334960938e+01,1.996875762939453125e+00,-2.868487358093261719e+01,-2.623228073120117188e+01,1.247606658935546875e+01,-1.549005889892578125e+01,-1.485895538330078125e+01,1.374805068969726562e+01,-2.806787872314453125e+01,-2.949781227111816406e+01,5.150077819824218750e+00,-1.427804565429687500e+01,-1.350388336181640625e+01,9.434017181396484375e+00,-2.883559036254882812e+01,-2.894911193847656250e+01,1.805206298828125000e+00,-1.768153762817382812e+01,-1.499522399902343750e+01
1.245888519287109375e+01,-1.922294425964355469e+01,-1.929494094848632812e+01,6.759963989257812500e+00,-2.354910850524902344e+01,-2.379028511047363281e+01,1.161649322509765625e+01,-1.927530479431152344e+01,-2.023902511596679688e+01,5.450431823730468750e+00,-2.288784790039062500e+01,-2.385370063781738281e+01,4.930198669433593750e+00,-1.714844131469726562e+01,-2.014163780212402344e+01,1.166350936889648438e+01,-2.441483306884765625e+01,-2.623180580139160156e+01,5.979270935058593750e+00,-1.880547714233398438e+01,-1.934766006469726562e+01,1.130526733398437500e+01,-2.327125740051269531e+01,-2.453593444824218750e+01
1.554590606689453125e+01,-1.175312423706054688e+01,-9.756713867187500000e+00,5.144115447998046875e+00,-2.935438919067382812e+01,-3.008331298828125000e+01,1.653397369384765625e+01,-1.129197692871093750e+01,-1.505813217163085938e+01,4.482269287109375000e-02,-2.837196350097656250e+01,-2.983526611328125000e+01,-2.387573242187500000e+00,-9.060623168945312500e+00,-1.123199081420898438e+01,1.466216278076171875e+01,-3.109815597534179688e+01,-3.343902969360351562e+01,3.687976837158203125e+00,-1.046601867675781250e+01,-1.091043090820312500e+01,1.638773345947265625e+01,-2.751822471618652344e+01,-3.075802040100097656e+01
1.455583190917968750e+01,-1.173433685302734375e+01,-9.322566986083984375e+00,5.454254150390625000e+00,-2.952385330200195312e+01,-3.028857803344726562e+01,1.608972167968750000e+01,-1.112818908691406250e+01,-1.485974884033203125e+01,5.991516113281250000e-01,-2.878305435180664062e+01,-2.991163635253906250e+01,-1.708961486816406250e+00,-1.003118133544921875e+01,-1.048820114135742188e+01,1.385297393798828125e+01,-3.119053268432617188e+01,-3.311735916137695312e+01,4.249359130859375000e+00,-1.059460830688476562e+01,-1.072701644897460938e+01,1.618797302246093750e+01,-2.768845748901367188e+01,-3.086949729919433594e+01
9.306030273437500000e+00,-1.925956916809082031e+01,-1.684223556518554688e+01,7.780757904052734375e+00,-2.440682601928710938e+01,-2.513466835021972656e+01,9.881156921386718750e+00,-1.880617904663085938e+01,-1.981170272827148438e+01,7.311702728271484375e+00,-2.434966278076171875e+01,-2.417078971862792969e+01,6.491691589355468750e+00,-1.927248191833496094e+01,-1.775069427490234375e+01,9.055969238281250000e+00,-2.495847892761230469e+01,-2.506121063232421875e+01,7.668884277343750000e+00,-1.931885147094726562e+01,-1.905472946166992188e+01,1.033367538452148438e+01,-2.486096191406250000e+01,-2.546867561340332031e+01
1.741081237792968750e+00,-2.906967544555664062e+01,-2.770426177978515625e+01,1.033145523071289062e+01,-1.540539550781250000e+01,-1.557892227172851562e+01,-9.796371459960937500e-01,-2.894326210021972656e+01,-2.644098091125488281e+01,1.442139434814453125e+01,-1.630931091308593750e+01,-1.426008605957031250e+01,1.521656799316406250e+01,-2.998147201538085938e+01,-2.851026916503906250e+01,2.233715057373046875e+00,-1.416761016845703125e+01,-1.131884002685546875e+01,1.109256744384765625e+01,-2.998611068725585938e+01,-2.981380462646484375e+01,-4.016342163085937500e-01,-1.960750579833984375e+01,-1.561992645263671875e+01
-1.010566711425781250e+00,-3.304452514648437500e+01,-3.308499145507812500e+01,1.120873260498046875e+01,-1.000438690185546875e+01,-9.659210205078125000e+00,-5.972167968750000000e+00,-3.314403152465820312e+01,-2.941672897338867188e+01,1.649153900146484375e+01,-1.148862457275390625e+01,-9.032539367675781250e+00,1.806800079345703125e+01,-3.369700241088867188e+01,-3.348718261718750000e+01,-3.990631103515625000e-01,-8.194335937500000000e+00,-4.657054901123046875e+00,1.186048889160156250e+01,-3.395334625244140625e+01,-3.396397018432617188e+01,-5.661018371582031250e+00,-1.549141311645507812e+01,-9.879760742187500000e+00
1.918907165527343750e+00,-3.149347305297851562e+01,-3.207985687255859375e+01,1.036817550659179688e+01,-1.181221771240234375e+01,-1.127406692504882812e+01,-2.515281677246093750e+00,-3.173675918579101562e+01,-2.836334228515625000e+01,1.483156585693359375e+01,-1.264970397949218750e+01,-1.119453811645507812e+01,1.651957702636718750e+01,-3.160412216186523438e+01,-3.244271469116210938e+01,2.050582885742187500e+00,-1.019815063476562500e+01,-8.038360595703125000e+00,1.068912124633789062e+01,-3.218470001220703125e+01,-3.213636016845703125e+01,-2.598110198974609375e+00,-1.564453506469726562e+01,-1.125798034667968750e+01
9.101341247558593750e+00,-2.426997375488281250e+01,-2.490496063232421875e+01,8.038421630859375000e+00,-1.923694610595703125e+01,-1.907768249511718750e+01,7.016365051269531250e+00,-2.450541496276855469e+01,-2.349498367309570312e+01,9.215167999267578125e+00,-1.900106811523437500e+01,-1.924540519714355469e+01,9.822956085205078125e+00,-2.307512092590332031e+01,-2.546078491210937500e+01,8.551643371582031250e+00,-1.918557357788085938e+01,-1.989536476135253906e+01,7.722618103027343750e+00,-2.430932807922363281e+01,-2.464804077148437500e+01,6.675643920898437500e+00,-2.023920249938964844e+01,-1.952312278747558594e+01
1.454416656494140625e+01,-1.467407989501953125e+01,-1.387992477416992188e+01,5.732799530029296875e+00,-2.704462432861328125e+01,-2.754778289794921875e+01,1.469886016845703125e+01,-1.451054382324218750e+01,-1.724150085449218750e+01,2.364143371582031250e+00,-2.610686492919921875e+01,-2.744056892395019531e+01,6.173095703125000000e-01,-1.227597808837890625e+01,-1.497085571289062500e+01,1.368299865722656250e+01,-2.845697593688964844e+01,-3.075720024108886719e+01,4.758560180664062500e+00,-1.391133880615234375e+01,-1.453212356567382812e+01,1.457539367675781250e+01,-2.582282829284667969e+01,-2.848057174682617188e+01
1.566211700439453125e+01,-9.960208892822265625e+00,-7.680900573730468750e+00,4.840492248535156250e+00,-3.050747108459472656e+01,-3.124382400512695312e+01,1.705295562744140625e+01,-9.408336639404296875e+00,-1.380900573730468750e+01,-7.071723937988281250e-01,-2.954479598999023438e+01,-3.089971923828125000e+01,-3.628807067871093750e+00,-8.060146331787109375e+00,-8.884880065917968750e+00,1.488702392578125000e+01,-3.234613800048828125e+01,-3.457204437255859375e+01,3.733707427978515625e+00,-8.712520599365234375e+00,-9.007602691650390625e+00,1.725896453857421875e+01,-2.837210845947265625e+01,-3.205113220214843750e+01
1.266622924804687500e+01,-1.412039184570312500e+01,-1.165888977050781250e+01,6.293315887451171875e+00,-2.798213195800781250e+01,-2.875530433654785156e+01,1.404753112792968750e+01,-1.355387878417968750e+01,-1.646285629272460938e+01,3.133541107177734375e+00,-2.752369117736816406e+01,-2.813299942016601562e+01,1.265045166015625000e+00,-1.339052581787109375e+01,-1.256298446655273438e+01,1.216156005859375000e+01,-2.930472946166992188e+01,-3.060772895812988281e+01,5.708450317382812500e+00,-1.351188278198242188e+01,-1.347952270507812500e+01,1.441361236572265625e+01,-2.690636062622070312e+01,-2.937269210815429688e+01
5.171592712402343750e+00,-2.524819946289062500e+01,-2.318838882446289062e+01,9.375156402587890625e+00,-1.949476242065429688e+01,-2.000915145874023438e+01,4.146583557128906250e+00,-2.493737030029296875e+01,-2.373442459106445312e+01,1.154580688476562500e+01,-1.996389579772949219e+01,-1.879009056091308594e+01,1.187169647216796875e+01,-2.565301704406738281e+01,-2.418013763427734375e+01,5.241714477539062500e+00,-1.899294090270996094e+01,-1.747009658813476562e+01,9.540336608886718750e+00,-2.576844406127929688e+01,-2.538624954223632812e+01,4.502162933349609375e+00,-2.194291877746582031e+01,-1.987551498413085938e+01
-6.351242065429687500e-01,-3.249088668823242188e+01,-3.200160217285156250e+01,1.115284347534179688e+01,-1.110974884033203125e+01,-1.089847946166992188e+01,-5.114601135253906250e+00,-3.248228073120117188e+01,-2.893952369689941406e+01,1.618586730957031250e+01,-1.256126785278320312e+01,-1.003318786621093750e+01,1.767745208740234375e+01,-3.305084991455078125e+01,-3.269945907592773438e+01,-3.149414062500000000e-02,-9.299129486083984375e+00,-5.791671752929687500e+00,1.169355392456054688e+01,-3.336754226684570312e+01,-3.332400512695312500e+01,-4.911827087402343750e+00,-1.647695922851562500e+01,-1.089051055908203125e+01
-1.934509277343750000e-01,-3.289473724365234375e+01,-3.322771453857421875e+01,1.100736236572265625e+01,-1.014376449584960938e+01,-9.663932800292968750e+00,-5.139026641845703125e+00,-3.305399322509765625e+01,-2.934696006774902344e+01,1.605534362792968750e+01,-1.142402267456054688e+01,-9.330539703369140625e+00,1.780356597900390625e+01,-3.328274536132812500e+01,-3.361438751220703125e+01,2.165908813476562500e-01,-8.283683776855468750e+00,-5.213550567626953125e+00,1.145845031738281250e+01,-3.372179794311523438e+01,-3.366436004638671875e+01,-5.052932739257812500e+00,-1.499557876586914062e+01,-9.693801879882812500e+00
5.209693908691406250e+00,-2.858017921447753906e+01,-2.929512977600097656e+01,9.326293945312500000e+00,-1.502350616455078125e+01,-1.458328628540039062e+01,1.808052062988281250e+00,-2.887377738952636719e+01,-2.634575271606445312e+01,1.257079315185546875e+01,-1.531238937377929688e+01,-1.467117691040039062e+01,1.389250183105468750e+01,-2.822731208801269531e+01,-2.970856857299804688e+01,5.009464263916015625e+00,-1.404619979858398438e+01,-1.322815704345703125e+01,9.452110290527343750e+00,-2.903267288208007812e+01,-2.912960815429687500e+01,1.589767456054687500e+00,-1.753779220581054688e+01,-1.473208999633789062e+01
1.266988754272460938e+01,-1.810982704162597656e+01,-1.823854064941406250e+01,6.544689178466796875e+00,-2.426531219482421875e+01,-2.451360321044921875e+01,1.208130645751953125e+01,-1.814916992187500000e+01,-1.954505729675292969e+01,5.075702667236328125e+00,-2.353578758239746094e+01,-2.452773284912109375e+01,4.192996978759765625e+00,-1.645583724975585938e+01,-1.884473419189453125e+01,1.196089172363281250e+01,-2.526054382324218750e+01,-2.711565780639648438e+01,6.095470428466796875e+00,-1.780206298828125000e+01,-1.839599609375000000e+01,1.205809783935546875e+01,-2.383767890930175781e+01,-2.555781364440917969e+01
1.573339843750000000e+01,-1.062102508544921875e+01,-8.784065246582031250e+00,4.885208129882812500e+00,-2.992636680603027344e+01,-3.060953330993652344e+01,1.670807647705078125e+01,-1.019384384155273438e+01,-1.443164443969726562e+01,-1.749801635742187500e-01,-2.886362075805664062e+01,-3.028116607666015625e+01,-3.090625762939453125e+00,-8.559993743896484375e+00,-9.940929412841796875e+00,1.491513061523437500e+01,-3.169427680969238281e+01,-3.405093383789062500e+01,3.987449645996093750e+00,-9.544292449951171875e+00,-1.002397918701171875e+01,1.691910552978515625e+01,-2.800073242187500000e+01,-3.160792732238769531e+01
1.465396118164062500e+01,-1.141099929809570312e+01,-9.045730590820312500e+00,5.376342773437500000e+00,-2.969180679321289062e+01,-3.044407653808593750e+01,1.614781188964843750e+01,-1.082680130004882812e+01,-1.470927429199218750e+01,5.370750427246093750e-01,-2.892384338378906250e+01,-3.003797340393066406e+01,-1.931934356689453125e+00,-9.863594055175781250e+00,-1.012790679931640625e+01,1.396045684814453125e+01,-3.136773300170898438e+01,-3.330492401123046875e+01,4.329368591308593750e+00,-1.032101440429687500e+01,-1.048069000244140625e+01,1.634276580810546875e+01,-2.783821487426757812e+01,-3.112919235229492188e+01
9.001358032226562500e+00,-2.062675285339355469e+01,-1.827776336669921875e+01,8.077926635742187500e+00,-2.349281692504882812e+01,-2.419249534606933594e+01,9.354415893554687500e+00,-2.016786384582519531e+01,-2.063051414489746094e+01,7.697601318359375000e+00,-2.351657676696777344e+01,-2.333484268188476562e+01,7.381912231445312500e+00,-2.013673782348632812e+01,-1.939506149291992188e+01,8.645576477050781250e+00,-2.385326576232910156e+01,-2.391082000732421875e+01,7.501873016357421875e+00,-2.052579498291015625e+01,-2.018057250976562500e+01,9.390235900878906250e+00,-2.406424331665039062e+01,-2.412843513488769531e+01
1.611557006835937500e+00,-2.986217880249023438e+01,-2.845069885253906250e+01,1.052375793457031250e+01,-1.475661468505859375e+01,-1.490961456298828125e+01,-1.285949707031250000e+00,-2.968440246582031250e+01,-2.694275665283203125e+01,1.447763061523437500e+01,-1.578578567504882812e+01,-1.373361968994140625e+01,1.561613464355468750e+01,-3.029734039306640625e+01,-2.946694946289062500e+01,1.981235504150390625e+00,-1.333956146240234375e+01,-1.052555847167968750e+01,1.084903335571289062e+01,-3.059873771667480469e+01,-3.031674957275390625e+01,-1.144126892089843750e+00,-1.895162963867187500e+01,-1.453989410400390625e+01
-1.009254455566406250e+00,-3.319846343994140625e+01,-3.317111206054687500e+01,1.126466369628906250e+01,-9.917602539062500000e+00,-9.555870056152343750e+00,-6.030849456787109375e+00,-3.328039932250976562e+01,-2.954448318481445312e+01,1.649065399169921875e+01,-1.142043685913085938e+01,-8.937850952148437500e+00,1.814299774169921875e+01,-3.371496582031250000e+01,-3.368708038330078125e+01,-4.537620544433593750e-01,-8.017028808593750000e+00,-4.494457244873046875e+00,1.179364776611328125e+01,-3.408495712280273438e+01,-3.406380462646484375e+01,-5.860900878906250000e+00,-1.535625839233398438e+01,-9.641342163085937500e+00
2.014915466308593750e+00,-3.097451972961425781e+01,-3.152184677124023438e+01,1.024914550781250000e+01,-1.233021163940429688e+01,-1.184930038452148438e+01,-2.177406311035156250e+00,-3.123958206176757812e+01,-2.797890663146972656e+01,1.473354339599609375e+01,-1.313217926025390625e+01,-1.165499114990234375e+01,1.623447418212890625e+01,-3.133840942382812500e+01,-3.181859779357910156e+01,2.231170654296875000e+00,-1.086054992675781250e+01,-8.677234649658203125e+00,1.080130004882812500e+01,-3.173930931091308594e+01,-3.175314521789550781e+01,-2.056900024414062500e+00,-1.620333480834960938e+01,-1.202847290039062500e+01
9.498611450195312500e+00,-2.267476654052734375e+01,-2.333052825927734375e+01,7.733951568603515625e+00,-2.043787765502929688e+01,-2.034701347351074219e+01,7.902976989746093750e+00,-2.291108131408691406e+01,-2.247527694702148438e+01,8.688102722167968750e+00,-2.010139656066894531e+01,-2.039033889770507812e+01,8.788410186767578125e+00,-2.202978897094726562e+01,-2.361309051513671875e+01,9.080257415771484375e+00,-2.066073417663574219e+01,-2.145319938659667969e+01,7.869964599609375000e+00,-2.286094665527343750e+01,-2.331870651245117188e+01,7.984664916992187500e+00,-2.126221656799316406e+01,-2.126233863830566406e+01
1.467575836181640625e+01,-1.394794082641601562e+01,-1.327212524414062500e+01,5.586437225341796875e+00,-2.741742706298828125e+01,-2.791388702392578125e+01,1.488028717041015625e+01,-1.377610778808593750e+01,-1.681137084960937500e+01,2.163360595703125000e+00,-2.642898559570312500e+01,-2.777220153808593750e+01,1.454696655273437500e-01,-1.190464782714843750e+01,-1.413685607910156250e+01,1.386625289916992188e+01,-2.890320968627929688e+01,-3.122233200073242188e+01,4.901245117187500000e+00,-1.328517150878906250e+01,-1.392878723144531250e+01,1.498475646972656250e+01,-2.613943481445312500e+01,-2.906768608093261719e+01
1.552493286132812500e+01,-1.097873306274414062e+01,-8.766731262207031250e+00,5.088905334472656250e+00,-2.990786743164062500e+01,-3.065544319152832031e+01,1.675540924072265625e+01,-1.045738601684570312e+01,-1.450571823120117188e+01,-2.495651245117187500e-01,-2.896565437316894531e+01,-3.034451675415039062e+01,-2.876686096191406250e+00,-8.691272735595703125e+00,-1.009956741333007812e+01,1.468301391601562500e+01,-3.168897628784179688e+01,-3.392044830322265625e+01,3.721511840820312500e+00,-9.692680358886718750e+00,-1.002220535278320312e+01,1.675917816162109375e+01,-2.792895126342773438e+01,-3.134360313415527344e+01
1.230939483642578125e+01,-1.595412445068359375e+01,-1.357113265991210938e+01,6.715980529785156250e+00,-2.687184524536132812e+01,-2.763968658447265625e+01,1.344411849975585938e+01,-1.539595031738281250e+01,-1.759800720214843750e+01,3.776775360107421875e+00,-2.648085594177246094e+01,-2.710876846313476562e+01,2.555351257324218750e+00,-1.456820678710937500e+01,-1.474391555786132812e+01,1.168005371093750000e+01,-2.800727844238281250e+01,-2.927620124816894531e+01,5.559928894042968750e+00,-1.520503616333007812e+01,-1.511045837402343750e+01,1.335425949096679688e+01,-2.598647689819335938e+01,-2.785323143005371094e+01
5.056804656982421875e+00,-2.591188049316406250e+01,-2.389568710327148438e+01,9.523170471191406250e+00,-1.899263763427734375e+01,-1.948264312744140625e+01,3.925380706787109375e+00,-2.558337211608886719e+01,-2.412645149230957031e+01,1.162692260742187500e+01,-1.954499244689941406e+01,-1.837531852722167969e+01,1.224367523193359375e+01,-2.599722099304199219e+01,-2.499630928039550781e+01,5.048812866210937500e+00,-1.837400627136230469e+01,-1.686531829833984375e+01,9.365447998046875000e+00,-2.629233169555664062e+01,-2.584376335144042969e+01,3.979072570800781250e+00,-2.143403244018554688e+01,-1.905718040466308594e+01
-4.449081420898437500e-01,-3.191568565368652344e+01,-3.128012084960937500e+01,1.101093292236328125e+01,-1.187186431884765625e+01,-1.172766876220703125e+01,-4.570014953613281250e+00,-3.189319801330566406e+01,-2.849703216552734375e+01,1.597042846679687500e+01,-1.325394821166992188e+01,-1.071748352050781250e+01,1.733988952636718750e+01,-3.266795730590820312e+01,-3.197891998291015625e+01,2.196197509765625000e-01,-1.014129257202148438e+01,-6.665798187255859375e+00,1.170119857788085938e+01,-3.284755706787109375e+01,-3.277438354492187500e+01,-4.210247039794921875e+00,-1.707134628295898438e+01,-1.173501968383789062e+01
-2.661895751953125000e-02,-3.209053039550781250e+01,-3.235538482666015625e+01,1.080566406250000000e+01,-1.101665115356445312e+01,-1.062862014770507812e+01,-4.606414794921875000e+00,-3.229341506958007812e+01,-2.874552536010742188e+01,1.592186737060546875e+01,-1.223359298706054688e+01,-1.008982849121093750e+01,1.737755584716796875e+01,-3.290262985229492188e+01,-3.263462066650390625e+01,5.171279907226562500e-01,-9.376354217529296875e+00,-6.258068084716796875e+00,1.164390945434570312e+01,-3.304037857055664062e+01,-3.307659530639648438e+01,-4.180484771728515625e+00,-1.593692016601562500e+01,-1.094845581054687500e+01
5.548912048339843750e+00,-2.734008789062500000e+01,-2.804788780212402344e+01,9.073913574218750000e+00,-1.610869979858398438e+01,-1.575622940063476562e+01,2.634731292724609375e+00,-2.766091346740722656e+01,-2.550235748291015625e+01,1.222074890136718750e+01,-1.631397628784179688e+01,-1.568716430664062500e+01,1.314418792724609375e+01,-2.747173118591308594e+01,-2.826645851135253906e+01,5.485343933105468750e+00,-1.541408538818359375e+01,-1.464922332763671875e+01,9.607406616210937500e+00,-2.792147827148437500e+01,-2.814542007446289062e+01,2.800308227539062500e+00,-1.854620933532714844e+01,-1.632338333129882812e+01
1.249294281005859375e+01,-1.861768913269042969e+01,-1.884967422485351562e+01,6.644340515136718750e+00,-2.386762428283691406e+01,-2.407939529418945312e+01,1.182205581665039062e+01,-1.867129135131835938e+01,-1.984177017211914062e+01,5.312545776367187500e+00,-2.316669082641601562e+01,-2.415780067443847656e+01,4.599716186523437500e+00,-1.688664627075195312e+01,-1.944295883178710938e+01,1.178005218505859375e+01,-2.481263732910156250e+01,-2.664443969726562500e+01,6.115669250488281250e+00,-1.829794311523437500e+01,-1.888439178466796875e+01,1.172773742675781250e+01,-2.350654220581054688e+01,-2.505647277832031250e+01
1.537755584716796875e+01,-1.277239227294921875e+01,-1.119819259643554688e+01,5.388370513916015625e+00,-2.859490203857421875e+01,-2.926930999755859375e+01,1.605638122558593750e+01,-1.240361785888671875e+01,-1.583598709106445312e+01,7.549095153808593750e-01,-2.759699058532714844e+01,-2.907122802734375000e+01,-1.463645935058593750e+00,-9.978622436523437500e+00,-1.252370452880859375e+01,1.445191955566406250e+01,-3.023847961425781250e+01,-3.261391448974609375e+01,3.929672241210937500e+00,-1.160375976562500000e+01,-1.213386917114257812e+01,1.584374237060546875e+01,-2.695587158203125000e+01,-2.999906730651855469e+01
1.442834472656250000e+01,-1.284056472778320312e+01,-1.055692291259765625e+01,5.722446441650390625e+00,-2.885257530212402344e+01,-2.961443710327148438e+01,1.572609710693359375e+01,-1.228060150146484375e+01,-1.564079284667968750e+01,1.106220245361328125e+00,-2.812480735778808594e+01,-2.926610755920410156e+01,-8.922157287597656250e-01,-1.076407241821289062e+01,-1.183084106445312500e+01,1.363889312744140625e+01,-3.042269134521484375e+01,-3.235790252685546875e+01,4.252300262451171875e+00,-1.166922378540039062e+01,-1.182962417602539062e+01,1.560256958007812500e+01,-2.717297744750976562e+01,-3.005820083618164062e+01
9.092597961425781250e+00,-2.054094314575195312e+01,-1.821582031250000000e+01,8.057342529296875000e+00,-2.358227729797363281e+01,-2.427555084228515625e+01,9.482055664062500000e+00,-2.007351303100585938e+01,-2.057825088500976562e+01,7.588630676269531250e+00,-2.359968185424804688e+01,-2.343389511108398438e+01,7.282985687255859375e+00,-2.002266693115234375e+01,-1.930562019348144531e+01,8.729801177978515625e+00,-2.394621849060058594e+01,-2.404790878295898438e+01,7.430236816406250000e+00,-2.039945602416992188e+01,-2.004883193969726562e+01,9.489940643310546875e+00,-2.407049560546875000e+01,-2.419932556152343750e+01
2.012310028076171875e+00,-2.865219116210937500e+01,-2.709040451049804688e+01,1.026008605957031250e+01,-1.602193450927734375e+01,-1.626380538940429688e+01,-3.150100708007812500e-01,-2.844579505920410156e+01,-2.608593750000000000e+01,1.406121063232421875e+01,-1.691069412231445312e+01,-1.491485214233398438e+01,1.488333129882812500e+01,-2.951079559326171875e+01,-2.793451690673828125e+01,2.504768371582031250e+00,-1.482478713989257812e+01,-1.210064315795898438e+01,1.087807464599609375e+01,-2.948835563659667969e+01,-2.919549560546875000e+01,2.112236022949218750e-01,-1.990169334411621094e+01,-1.614263534545898438e+01
-8.009376525878906250e-01,-3.217572021484375000e+01,-3.204787063598632812e+01,1.101253128051757812e+01,-1.110787200927734375e+01,-1.082861328125000000e+01,-5.312534332275390625e+00,-3.231028747558593750e+01,-2.878722763061523438e+01,1.631147766113281250e+01,-1.249200439453125000e+01,-9.945060729980468750e+00,1.762315368652343750e+01,-3.323564147949218750e+01,-3.244051742553710938e+01,-8.406829833984375000e-02,-9.409141540527343750e+00,-5.835891723632812500e+00,1.200406646728515625e+01,-3.323434448242187500e+01,-3.330089569091796875e+01,-4.727981567382812500e+00,-1.649056625366210938e+01,-1.119947814941406250e+01
2.060123443603515625e+00,-3.069728279113769531e+01,-3.119332504272460938e+01,1.019126510620117188e+01,-1.261382293701171875e+01,-1.217127990722656250e+01,-2.011875152587890625e+00,-3.097208213806152344e+01,-2.777494812011718750e+01,1.468242645263671875e+01,-1.340236282348632812e+01,-1.190536499023437500e+01,1.608399200439453125e+01,-3.118787574768066406e+01,-3.148544502258300781e+01,2.310897827148437500e+00,-1.121766281127929688e+01,-9.015468597412109375e+00,1.086105728149414062e+01,-3.150889205932617188e+01,-3.155153465270996094e+01,-1.789150238037109375e+00,-1.652008819580078125e+01,-1.243402481079101562e+01
8.927654266357421875e+00,-2.435826110839843750e+01,-2.504824829101562500e+01,8.062347412109375000e+00,-1.908564567565917969e+01,-1.890395736694335938e+01,6.862159729003906250e+00,-2.460303115844726562e+01,-2.351838302612304688e+01,9.337646484375000000e+00,-1.886237144470214844e+01,-1.910178947448730469e+01,9.956474304199218750e+00,-2.325899887084960938e+01,-2.554997444152832031e+01,8.414009094238281250e+00,-1.903758049011230469e+01,-1.969250106811523438e+01,7.816413879394531250e+00,-2.444360351562500000e+01,-2.478842926025390625e+01,6.579765319824218750e+00,-2.014728355407714844e+01,-1.938341331481933594e+01
1.426888275146484375e+01,-1.596002197265625000e+01,-1.551200103759765625e+01,5.993633270263671875e+00,-2.606359863281250000e+01,-2.653226661682128906e+01,1.412990570068359375e+01,-1.582347488403320312e+01,-1.805245971679687500e+01,2.959579467773437500e+00,-2.517794036865234375e+01,-2.654739761352539062e+01,1.615299224853515625e+00,-1.329764556884765625e+01,-1.652742004394531250e+01,1.337625122070312500e+01,-2.743205070495605469e+01,-2.973537063598632812e+01,4.818214416503906250e+00,-1.516220474243164062e+01,-1.579459381103515625e+01,1.385543060302734375e+01,-2.508041572570800781e+01,-2.738328742980957031e+01
1.539578247070312500e+01,-1.187157440185546875e+01,-9.766918182373046875e+00,5.311424255371093750e+00,-2.935446739196777344e+01,-3.010518836975097656e+01,1.645100402832031250e+01,-1.138763809204101562e+01,-1.512802505493164062e+01,2.019844055175781250e-01,-2.842795944213867188e+01,-2.981619834899902344e+01,-2.184871673583984375e+00,-9.306686401367187500e+00,-1.117280578613281250e+01,1.449682617187500000e+01,-3.107193374633789062e+01,-3.330899047851562500e+01,3.759349822998046875e+00,-1.058246231079101562e+01,-1.094741058349609375e+01,1.629830169677734375e+01,-2.752887725830078125e+01,-3.070588874816894531e+01
1.258140563964843750e+01,-1.498706054687500000e+01,-1.262409973144531250e+01,6.489452362060546875e+00,-2.747037696838378906e+01,-2.822565078735351562e+01,1.379824829101562500e+01,-1.443487167358398438e+01,-1.704806518554687500e+01,3.420047760009765625e+00,-2.701931762695312500e+01,-2.764667892456054688e+01,1.840835571289062500e+00,-1.391489410400390625e+01,-1.361412811279296875e+01,1.200478363037109375e+01,-2.869102096557617188e+01,-3.000558662414550781e+01,5.622615814208984375e+00,-1.429322433471679688e+01,-1.425117874145507812e+01,1.393603897094726562e+01,-2.645180130004882812e+01,-2.868232345581054688e+01
5.696022033691406250e+00,-2.397152709960937500e+01,-2.183084487915039062e+01,9.097141265869140625e+00,-2.064402389526367188e+01,-2.120081901550292969e+01,5.171829223632812500e+00,-2.360863876342773438e+01,-2.288935661315917969e+01,1.090816879272460938e+01,-2.102601814270019531e+01,-1.993384552001953125e+01,1.097225570678710938e+01,-2.465762901306152344e+01,-2.262908554077148438e+01,5.839126586914062500e+00,-2.032879829406738281e+01,-1.901406288146972656e+01,9.398590087890625000e+00,-2.449211120605468750e+01,-2.408488464355468750e+01,5.752105712890625000e+00,-2.264121818542480469e+01,-2.125585556030273438e+01
-1.432609558105468750e-01,-3.097832870483398438e+01,-3.017045402526855469e+01,1.078659057617187500e+01,-1.300557327270507812e+01,-1.294734191894531250e+01,-3.782138824462890625e+00,-3.094579505920410156e+01,-2.780820465087890625e+01,1.566475677490234375e+01,-1.426268005371093750e+01,-1.172837448120117188e+01,1.680290222167968750e+01,-3.208969497680664062e+01,-3.081413650512695312e+01,6.174774169921875000e-01,-1.141707992553710938e+01,-7.993221282958984375e+00,1.174918746948242188e+01,-3.202210998535156250e+01,-3.193059921264648438e+01,-3.120918273925781250e+00,-1.796362304687500000e+01,-1.307180023193359375e+01
-1.204299926757812500e-01,-3.250427627563476562e+01,-3.270060348510742188e+01,1.091167831420898438e+01,-1.062438201904296875e+01,-1.021648025512695312e+01,-4.912742614746093750e+00,-3.267668151855468750e+01,-2.905631065368652344e+01,1.599108886718750000e+01,-1.188498687744140625e+01,-9.729248046875000000e+00,1.758731079101562500e+01,-3.306360626220703125e+01,-3.313385391235351562e+01,3.327598571777343750e-01,-8.861713409423828125e+00,-5.742202758789062500e+00,1.155291748046875000e+01,-3.340477752685546875e+01,-3.338411712646484375e+01,-4.690021514892578125e+00,-1.557014846801757812e+01,-1.034450149536132812e+01
5.011413574218750000e+00,-2.878812408447265625e+01,-2.945045280456542969e+01,9.384731292724609375e+00,-1.480290603637695312e+01,-1.436471557617187500e+01,1.557212829589843750e+00,-2.908000755310058594e+01,-2.646107864379882812e+01,1.269729614257812500e+01,-1.512272644042968750e+01,-1.445761108398437500e+01,1.406346893310546875e+01,-2.841446304321289062e+01,-2.993207931518554688e+01,4.804721832275390625e+00,-1.379564666748046875e+01,-1.289855957031250000e+01,9.498229980468750000e+00,-2.926667404174804688e+01,-2.934210014343261719e+01,1.321506500244140625e+00,-1.741456985473632812e+01,-1.444199371337890625e+01
1.211731338500976562e+01,-1.989987373352050781e+01,-2.024762344360351562e+01,6.894306182861328125e+00,-2.291997718811035156e+01,-2.307210540771484375e+01,1.118412780761718750e+01,-1.998136711120605469e+01,-2.061597633361816406e+01,5.846916198730468750e+00,-2.230335044860839844e+01,-2.327078628540039062e+01,5.555236816406250000e+00,-1.786652374267578125e+01,-2.094256591796875000e+01,1.135531997680664062e+01,-2.372204589843750000e+01,-2.549337768554687500e+01,6.096530914306640625e+00,-1.951252174377441406e+01,-2.005804824829101562e+01,1.085071945190429688e+01,-2.273347854614257812e+01,-2.379387664794921875e+01
1.537969970703125000e+01,-1.276137161254882812e+01,-1.138718032836914062e+01,5.394042968750000000e+00,-2.851647567749023438e+01,-2.915499877929687500e+01,1.595446014404296875e+01,-1.243228530883789062e+01,-1.590153503417968750e+01,9.316635131835937500e-01,-2.748383522033691406e+01,-2.895189094543457031e+01,-1.369277954101562500e+00,-1.013122177124023438e+01,-1.255211639404296875e+01,1.446369934082031250e+01,-3.013762664794921875e+01,-3.252895355224609375e+01,4.111309051513671875e+00,-1.169708633422851562e+01,-1.227433013916015625e+01,1.583625030517578125e+01,-2.692034530639648438e+01,-3.002034568786621094e+01
1.470745849609375000e+01,-1.155117797851562500e+01,-9.300003051757812500e+00,5.414196014404296875e+00,-2.957042694091796875e+01,-3.030706405639648438e+01,1.602931976318359375e+01,-1.102211380004882812e+01,-1.491524887084960938e+01,7.364349365234375000e-01,-2.877190780639648438e+01,-2.987222290039062500e+01,-1.798519134521484375e+00,-1.002224731445312500e+01,-1.033162689208984375e+01,1.398206710815429688e+01,-3.121184158325195312e+01,-3.315937042236328125e+01,4.458087921142578125e+00,-1.052238845825195312e+01,-1.073511123657226562e+01,1.624893951416015625e+01,-2.778648567199707031e+01,-3.107104682922363281e+01
9.644683837890625000e+00,-1.872243690490722656e+01,-1.636328887939453125e+01,7.654006958007812500e+00,-2.485726356506347656e+01,-2.556763648986816406e+01,1.037319183349609375e+01,-1.823765754699707031e+01,-1.948743438720703125e+01,6.882255554199218750e+00,-2.476774024963378906e+01,-2.463703346252441406e+01,5.994991302490234375e+00,-1.873893547058105469e+01,-1.714298629760742188e+01,9.396072387695312500e+00,-2.545550346374511719e+01,-2.569859313964843750e+01,7.472515106201171875e+00,-1.867530632019042969e+01,-1.840744018554687500e+01,1.081317138671875000e+01,-2.502797698974609375e+01,-2.593610763549804688e+01
2.107028961181640625e+00,-2.861496162414550781e+01,-2.699400329589843750e+01,1.026922607421875000e+01,-1.614325714111328125e+01,-1.640901184082031250e+01,-8.533096313476562500e-02,-2.837268829345703125e+01,-2.601969909667968750e+01,1.393432998657226562e+01,-1.705453491210937500e+01,-1.508572387695312500e+01,1.481742095947265625e+01,-2.938350296020507812e+01,-2.785356521606445312e+01,2.582115173339843750e+00,-1.495562744140625000e+01,-1.227755737304687500e+01,1.075574493408203125e+01,-2.937800407409667969e+01,-2.902995300292968750e+01,3.591117858886718750e-01,-1.990679740905761719e+01,-1.617757415771484375e+01
-9.393501281738281250e-01,-3.285110473632812500e+01,-3.264417266845703125e+01,1.118489837646484375e+01,-1.047991943359375000e+01,-1.016039657592773438e+01,-5.694583892822265625e+00,-3.291334152221679688e+01,-2.925924110412597656e+01,1.636331176757812500e+01,-1.196648025512695312e+01,-9.406173706054687500e+00,1.796179962158203125e+01,-3.346315765380859375e+01,-3.327113342285156250e+01,-3.283386230468750000e-01,-8.575893402099609375e+00,-5.062351226806640625e+00,1.179730987548828125e+01,-3.378630828857421875e+01,-3.374467468261718750e+01,-5.478965759277343750e+00,-1.581951904296875000e+01,-1.017678070068359375e+01
1.823810577392578125e+00,-3.142774963378906250e+01,-3.185972023010253906e+01,1.037038803100585938e+01,-1.190921401977539062e+01,-1.142387390136718750e+01,-2.579673767089843750e+00,-3.166639709472656250e+01,-2.829606056213378906e+01,1.486030578613281250e+01,-1.276938629150390625e+01,-1.125815200805664062e+01,1.650017547607421875e+01,-3.156748008728027344e+01,-3.234585189819335938e+01,1.953845977783203125e+00,-1.032306289672851562e+01,-8.082794189453125000e+00,1.074947357177734375e+01,-3.217102813720703125e+01,-3.212216949462890625e+01,-2.634979248046875000e+00,-1.587051391601562500e+01,-1.138166046142578125e+01
8.818840026855468750e+00,-2.448304939270019531e+01,-2.518095397949218750e+01,8.090419769287109375e+00,-1.895351600646972656e+01,-1.876124191284179688e+01,6.733646392822265625e+00,-2.473430252075195312e+01,-2.358401870727539062e+01,9.426383972167968750e+00,-1.874313545227050781e+01,-1.897443771362304688e+01,1.007526397705078125e+01,-2.339945793151855469e+01,-2.568937301635742188e+01,8.310668945312500000e+00,-1.889168930053710938e+01,-1.950955390930175781e+01,7.856185913085937500e+00,-2.458725166320800781e+01,-2.492572021484375000e+01,6.454280853271484375e+00,-2.005830383300781250e+01,-1.922229576110839844e+01
1.446082305908203125e+01,-1.486933898925781250e+01,-1.449054336547851562e+01,5.775558471679687500e+00,-2.670654106140136719e+01,-2.716732978820800781e+01,1.448746490478515625e+01,-1.471735763549804688e+01,-1.738363647460937500e+01,2.598743438720703125e+00,-2.574823379516601562e+01,-2.713113975524902344e+01,8.814964294433593750e-01,-1.265844726562500000e+01,-1.525727844238281250e+01,1.364031219482421875e+01,-2.816703033447265625e+01,-3.049264335632324219e+01,4.954193115234375000e+00,-1.418834304809570312e+01,-1.484659576416015625e+01,1.449378204345703125e+01,-2.558336067199707031e+01,-2.828791046142578125e+01
1.561080932617187500e+01,-1.067762756347656250e+01,-8.685703277587890625e+00,5.040760040283203125e+00,-2.997833633422851562e+01,-3.069353294372558594e+01,1.665702056884765625e+01,-1.021558380126953125e+01,-1.445840072631835938e+01,-5.973052978515625000e-02,-2.897524070739746094e+01,-3.031325531005859375e+01,-2.963100433349609375e+00,-8.725975036621093750e+00,-9.779438018798828125e+00,1.478331756591796875e+01,-3.172870445251464844e+01,-3.398201370239257812e+01,4.043457031250000000e+00,-9.575824737548828125e+00,-9.984123229980468750e+00,1.686875915527343750e+01,-2.807339477539062500e+01,-3.162524604797363281e+01
1.269777297973632812e+01,-1.471382904052734375e+01,-1.240000152587890625e+01,6.427593231201171875e+00,-2.763004302978515625e+01,-2.837333488464355469e+01,1.388901138305664062e+01,-1.417987823486328125e+01,-1.692962646484375000e+01,3.341529846191406250e+00,-2.715100479125976562e+01,-2.777537536621093750e+01,1.636398315429687500e+00,-1.373956680297851562e+01,-1.331205749511718750e+01,1.212512588500976562e+01,-2.886451911926269531e+01,-3.020043373107910156e+01,5.660556793212890625e+00,-1.404368591308593750e+01,-1.403421020507812500e+01,1.409509277343750000e+01,-2.657487678527832031e+01,-2.892107963562011719e+01
5.406280517578125000e+00,-2.525004577636718750e+01,-2.319638061523437500e+01,9.376129150390625000e+00,-1.965231132507324219e+01,-2.016277122497558594e+01,4.596248626708984375e+00,-2.488466453552246094e+01,-2.367535781860351562e+01,1.120714569091796875e+01,-2.015380859375000000e+01,-1.904907035827636719e+01,1.173736572265625000e+01,-2.541297721862792969e+01,-2.419705390930175781e+01,5.419403076171875000e+00,-1.912040710449218750e+01,-1.776483917236328125e+01,9.203945159912109375e+00,-2.557968139648437500e+01,-2.509431457519531250e+01,4.702033996582031250e+00,-2.176366996765136719e+01,-1.977999877929687500e+01
-1.864051818847656250e-01,-3.157404708862304688e+01,-3.069525146484375000e+01,1.094608306884765625e+01,-1.251465225219726562e+01,-1.244100570678710938e+01,-3.954322814941406250e+00,-3.148571777343750000e+01,-2.820348548889160156e+01,1.565473175048828125e+01,-1.387683486938476562e+01,-1.135561370849609375e+01,1.707727050781250000e+01,-3.224967575073242188e+01,-3.153846549987792969e+01,4.516677856445312500e-01,-1.076326751708984375e+01,-7.407421112060546875e+00,1.151116180419921875e+01,-3.246458435058593750e+01,-3.226793670654296875e+01,-3.684951782226562500e+00,-1.740366363525390625e+01,-1.219240570068359375e+01
-1.393890380859375000e-01,-3.269174957275390625e+01,-3.281715774536132812e+01,1.096540069580078125e+01,-1.047269058227539062e+01,-1.006301498413085938e+01,-5.045238494873046875e+00,-3.284645080566406250e+01,-2.920413589477539062e+01,1.601165008544921875e+01,-1.176017379760742188e+01,-9.584354400634765625e+00,1.767544555664062500e+01,-3.311060333251953125e+01,-3.336541748046875000e+01,2.532157897949218750e-01,-8.645652770996093750e+00,-5.527259826660156250e+00,1.149948883056640625e+01,-3.357183837890625000e+01,-3.352132415771484375e+01,-4.941520690917968750e+00,-1.543581390380859375e+01,-1.007405090332031250e+01
5.192646026611328125e+00,-2.804750823974609375e+01,-2.867372131347656250e+01,9.228416442871093750e+00,-1.546576309204101562e+01,-1.508944702148437500e+01,2.036212921142578125e+00,-2.835902786254882812e+01,-2.595015525817871094e+01,1.249999237060546875e+01,-1.573237609863281250e+01,-1.507044982910156250e+01,1.362076568603515625e+01,-2.796609878540039062e+01,-2.906990814208984375e+01,5.067714691162109375e+00,-1.463021850585937500e+01,-1.374864959716796875e+01,9.604988098144531250e+00,-2.861563491821289062e+01,-2.876246452331542969e+01,2.036056518554687500e+00,-1.805553245544433594e+01,-1.541334533691406250e+01
1.248060226440429688e+01,-1.817390441894531250e+01,-1.852514266967773438e+01,6.570175170898437500e+00,-2.408281135559082031e+01,-2.427083587646484375e+01,1.193928527832031250e+01,-1.824252700805664062e+01,-1.954658508300781250e+01,5.252552032470703125e+00,-2.335600852966308594e+01,-2.435916519165039062e+01,4.394905090332031250e+00,-1.674413681030273438e+01,-1.893621444702148438e+01,1.182526016235351562e+01,-2.508469772338867188e+01,-2.690933036804199219e+01,6.251617431640625000e+00,-1.795315170288085938e+01,-1.857214736938476562e+01,1.201246643066406250e+01,-2.367654991149902344e+01,-2.541092681884765625e+01
1.543605804443359375e+01,-1.233875656127929688e+01,-1.113491058349609375e+01,5.297943115234375000e+00,-2.867063522338867188e+01,-2.928787040710449219e+01,1.596840667724609375e+01,-1.201782608032226562e+01,-1.567409896850585938e+01,9.256782531738281250e-01,-2.760411453247070312e+01,-2.906227493286132812e+01,-1.573730468750000000e+00,-1.002402496337890625e+01,-1.209345245361328125e+01,1.456829833984375000e+01,-3.032280158996582031e+01,-3.273258209228515625e+01,4.311431884765625000e+00,-1.138955307006835938e+01,-1.200437164306640625e+01,1.604972076416015625e+01,-2.708817291259765625e+01,-3.035797500610351562e+01
1.452608489990234375e+01,-1.274924468994140625e+01,-1.057835006713867188e+01,5.702598571777343750e+00,-2.885717773437500000e+01,-2.959700393676757812e+01,1.564955139160156250e+01,-1.225237274169921875e+01,-1.571993255615234375e+01,1.254127502441406250e+00,-2.808054924011230469e+01,-2.919885253906250000e+01,-9.207458496093750000e-01,-1.079669189453125000e+01,-1.175984191894531250e+01,1.371772766113281250e+01,-3.040361595153808594e+01,-3.234435653686523438e+01,4.432491302490234375e+00,-1.167162322998046875e+01,-1.189714813232421875e+01,1.561708068847656250e+01,-2.723874855041503906e+01,-3.018926239013671875e+01
9.236396789550781250e+00,-2.054744338989257812e+01,-1.829876327514648438e+01,8.058906555175781250e+00,-2.361715507507324219e+01,-2.428831291198730469e+01,9.609481811523437500e+00,-2.008517074584960938e+01,-2.061622428894042969e+01,7.486476898193359375e+00,-2.361863136291503906e+01,-2.347378158569335938e+01,7.219814300537109375e+00,-1.994609642028808594e+01,-1.934877204895019531e+01,8.838546752929687500e+00,-2.395621109008789062e+01,-2.412276458740234375e+01,7.325405120849609375e+00,-2.033973503112792969e+01,-1.999217987060546875e+01,9.535274505615234375e+00,-2.399523925781250000e+01,-2.417850685119628906e+01
2.094764709472656250e+00,-2.904372215270996094e+01,-2.741091728210449219e+01,1.038935089111328125e+01,-1.580946731567382812e+01,-1.607607269287109375e+01,-1.421508789062500000e-01,-2.877050018310546875e+01,-2.626879119873046875e+01,1.392722320556640625e+01,-1.681167984008789062e+01,-1.485911178588867188e+01,1.502056884765625000e+01,-2.952333450317382812e+01,-2.836064910888671875e+01,2.489891052246093750e+00,-1.455268096923828125e+01,-1.190687179565429688e+01,1.057491683959960938e+01,-2.966909408569335938e+01,-2.925709915161132812e+01,3.703308105468750000e-02,-1.954473686218261719e+01,-1.559175872802734375e+01
-8.598709106445312500e-01,-3.235533523559570312e+01,-3.203075790405273438e+01,1.104665756225585938e+01,-1.111002349853515625e+01,-1.085063171386718750e+01,-5.325603485107421875e+00,-3.240755462646484375e+01,-2.885616111755371094e+01,1.623038482666015625e+01,-1.255136871337890625e+01,-9.952522277832031250e+00,1.770063781738281250e+01,-3.318735885620117188e+01,-3.265915298461914062e+01,-1.465072631835937500e-01,-9.291397094726562500e+00,-5.783927917480468750e+00,1.185898208618164062e+01,-3.336328125000000000e+01,-3.332203292846679688e+01,-4.913486480712890625e+00,-1.639534378051757812e+01,-1.093603515625000000e+01
2.095447540283203125e+00,-3.040800285339355469e+01,-3.077307319641113281e+01,1.013401412963867188e+01,-1.293831634521484375e+01,-1.255555343627929688e+01,-1.872257232666015625e+00,-3.068996047973632812e+01,-2.756549072265625000e+01,1.463059234619140625e+01,-1.371927642822265625e+01,-1.218207550048828125e+01,1.592545318603515625e+01,-3.100780105590820312e+01,-3.113930892944335938e+01,2.359924316406250000e+00,-1.160914230346679688e+01,-9.370838165283203125e+00,1.092546844482421875e+01,-3.128606414794921875e+01,-3.134620285034179688e+01,-1.557903289794921875e+00,-1.690999603271484375e+01,-1.286247253417968750e+01
9.180282592773437500e+00,-2.305429267883300781e+01,-2.373637962341308594e+01,7.819095611572265625e+00,-2.005192756652832031e+01,-1.993106460571289062e+01,7.536239624023437500e+00,-2.331509780883789062e+01,-2.266936492919921875e+01,8.960071563720703125e+00,-1.974932861328125000e+01,-2.001801681518554688e+01,9.153842926025390625e+00,-2.245682144165039062e+01,-2.404127883911132812e+01,8.776813507080078125e+00,-2.023581504821777344e+01,-2.092255401611328125e+01,7.988449096679687500e+00,-2.329975128173828125e+01,-2.374060821533203125e+01,7.623294830322265625e+00,-2.100815200805664062e+01,-2.079446983337402344e+01
1.429299926757812500e+01,-1.549972152709960938e+01,-1.525553894042968750e+01,5.901027679443359375e+00,-2.625798225402832031e+01,-2.668683624267578125e+01,1.423677825927734375e+01,-1.536610412597656250e+01,-1.776348876953125000e+01,2.873271942138671875e+00,-2.533233833312988281e+01,-2.672524261474609375e+01,1.381477355957031250e+00,-1.315196609497070312e+01,-1.601296615600585938e+01,1.346115112304687500e+01,-2.767350769042968750e+01,-2.999452781677246094e+01,4.952091217041015625e+00,-1.479417419433593750e+01,-1.545170211791992188e+01,1.414185333251953125e+01,-2.520281028747558594e+01,-2.773045349121093750e+01
1.526560974121093750e+01,-1.277832412719726562e+01,-1.098288345336914062e+01,5.549736022949218750e+00,-2.870863151550292969e+01,-2.943137168884277344e+01,1.602356719970703125e+01,-1.234897994995117188e+01,-1.582609176635742188e+01,8.341217041015625000e-01,-2.776149749755859375e+01,-2.914399337768554688e+01,-1.399093627929687500e+00,-1.009135437011718750e+01,-1.226815414428710938e+01,1.433238220214843750e+01,-3.032165718078613281e+01,-3.258993148803710938e+01,3.974670410156250000e+00,-1.157812500000000000e+01,-1.202642440795898438e+01,1.580777740478515625e+01,-2.709251594543457031e+01,-3.008142089843750000e+01
1.242658996582031250e+01,-1.618505096435546875e+01,-1.397097015380859375e+01,6.771316528320312500e+00,-2.671175956726074219e+01,-2.744219779968261719e+01,1.335430526733398438e+01,-1.568490982055664062e+01,-1.787864685058593750e+01,3.922149658203125000e+00,-2.627476882934570312e+01,-2.690150451660156250e+01,2.691459655761718750e+00,-1.473263931274414062e+01,-1.507841491699218750e+01,1.174228668212890625e+01,-2.778215408325195312e+01,-2.908434104919433594e+01,5.596691131591796875e+00,-1.543657684326171875e+01,-1.539797210693359375e+01,1.321197891235351562e+01,-2.583607673645019531e+01,-2.769699287414550781e+01
5.567352294921875000e+00,-2.498705101013183594e+01,-2.293025970458984375e+01,9.318576812744140625e+00,-1.991295242309570312e+01,-2.042635345458984375e+01,4.870048522949218750e+00,-2.461170578002929688e+01,-2.350786209106445312e+01,1.103485488891601562e+01,-2.038986015319824219e+01,-1.931213378906250000e+01,1.152780151367187500e+01,-2.517373847961425781e+01,-2.388493537902832031e+01,5.580142974853515625e+00,-1.941014862060546875e+01,-1.812069892883300781e+01,9.133804321289062500e+00,-2.529210662841796875e+01,-2.479692268371582031e+01,4.985870361328125000e+00,-2.188478279113769531e+01,-2.006286430358886719e+01
1.090583801269531250e-01,-3.051629447937011719e+01,-2.949229049682617188e+01,1.069300079345703125e+01,-1.373121261596679688e+01,-1.374047088623046875e+01,-3.111530303955078125e+00,-3.040846633911132812e+01,-2.742296981811523438e+01,1.532548522949218750e+01,-1.493288803100585938e+01,-1.243963623046875000e+01,1.647303771972656250e+01,-3.162632369995117188e+01,-3.019973564147949219e+01,8.863220214843750000e-01,-1.214450073242187500e+01,-8.848823547363281250e+00,1.157742309570312500e+01,-3.153179931640625000e+01,-3.132150459289550781e+01,-2.460578918457031250e+00,-1.834784317016601562e+01,-1.369343566894531250e+01
1.100349426269531250e-01,-3.160362052917480469e+01,-3.163310813903808594e+01,1.070407485961914062e+01,-1.168906402587890625e+01,-1.137302017211914062e+01,-4.271728515625000000e+00,-3.181339645385742188e+01,-2.840722084045410156e+01,1.579936218261718750e+01,-1.286630249023437500e+01,-1.063366317749023438e+01,1.710661315917968750e+01,-3.256931686401367188e+01,-3.206011199951171875e+01,6.625137329101562500e-01,-1.008875274658203125e+01,-6.943317413330078125e+00,1.170535278320312500e+01,-3.265478515625000000e+01,-3.270442581176757812e+01,-3.750495910644531250e+00,-1.660404205322265625e+01,-1.170083236694335938e+01
5.214267730712890625e+00,-2.782346343994140625e+01,-2.839753913879394531e+01,9.185951232910156250e+00,-1.566651153564453125e+01,-1.531974411010742188e+01,2.145225524902343750e+00,-2.814319229125976562e+01,-2.579288864135742188e+01,1.245597457885742188e+01,-1.592350006103515625e+01,-1.525226211547851562e+01,1.349779129028320312e+01,-2.783583641052246094e+01,-2.880789756774902344e+01,5.106700897216796875e+00,-1.488268661499023438e+01,-1.398489379882812500e+01,9.652980804443359375e+00,-2.843663215637207031e+01,-2.859889030456542969e+01,2.219387054443359375e+00,-1.827579879760742188e+01,-1.569789505004882812e+01
1.194473648071289062e+01,-2.009864997863769531e+01,-2.055527877807617188e+01,6.931514739990234375e+00,-2.269437789916992188e+01,-2.280660820007324219e+01,1.099935150146484375e+01,-2.020176887512207031e+01,-2.071724891662597656e+01,6.018901824951171875e+00,-2.209275436401367188e+01,-2.305731201171875000e+01,5.786766052246093750e+00,-1.815140533447265625e+01,-2.118196487426757812e+01,1.120658874511718750e+01,-2.348230361938476562e+01,-2.521461677551269531e+01,6.192001342773437500e+00,-1.975740814208984375e+01,-2.030671691894531250e+01,1.069700241088867188e+01,-2.255216789245605469e+01,-2.354725265502929688e+01
1.504804992675781250e+01,-1.432797622680664062e+01,-1.338220977783203125e+01,5.706638336181640625e+00,-2.735517692565917969e+01,-2.796257400512695312e+01,1.525942230224609375e+01,-1.403458023071289062e+01,-1.691537475585937500e+01,1.773284912109375000e+00,-2.639271163940429688e+01,-2.788027572631835938e+01,-6.964111328125000000e-02,-1.140880966186523438e+01,-1.447696685791015625e+01,1.412112426757812500e+01,-2.891836547851562500e+01,-3.133790588378906250e+01,4.277919769287109375e+00,-1.327268981933593750e+01,-1.391280746459960938e+01,1.500278472900390625e+01,-2.610084152221679688e+01,-2.880536651611328125e+01
1.440251159667968750e+01,-1.358063888549804688e+01,-1.151321029663085938e+01,5.906620025634765625e+00,-2.833120536804199219e+01,-2.906561660766601562e+01,1.533448791503906250e+01,-1.312471008300781250e+01,-1.630430984497070312e+01,1.675437927246093750e+00,-2.756430435180664062e+01,-2.868165779113769531e+01,-2.828063964843750000e-01,-1.139363861083984375e+01,-1.276387786865234375e+01,1.353312683105468750e+01,-2.979792594909667969e+01,-3.173199462890625000e+01,4.473148345947265625e+00,-1.250277328491210938e+01,-1.275079345703125000e+01,1.515010833740234375e+01,-2.685255813598632812e+01,-2.956488800048828125e+01
9.608970642089843750e+00,-1.941177749633789062e+01,-1.715579605102539062e+01,7.804508209228515625e+00,-2.442219543457031250e+01,-2.509794235229492188e+01,1.017184448242187500e+01,-1.894626235961914062e+01,-1.995954513549804688e+01,7.053112030029296875e+00,-2.434092330932617188e+01,-2.422011184692382812e+01,6.403633117675781250e+00,-1.913576507568359375e+01,-1.799906921386718750e+01,9.277656555175781250e+00,-2.490273475646972656e+01,-2.515763282775878906e+01,7.361949920654296875e+00,-1.926236152648925781e+01,-1.897719383239746094e+01,1.036998748779296875e+01,-2.459906768798828125e+01,-2.529145050048828125e+01
2.640449523925781250e+00,-2.738796043395996094e+01,-2.559224700927734375e+01,1.003120040893554688e+01,-1.743249893188476562e+01,-1.778943634033203125e+01,1.047981262207031250e+00,-2.708822631835937500e+01,-2.515528869628906250e+01,1.338924026489257812e+01,-1.823963928222656250e+01,-1.634930038452148438e+01,1.401598358154296875e+01,-2.847180366516113281e+01,-2.628421974182128906e+01,3.186534881591796875e+00,-1.645711517333984375e+01,-1.393596649169921875e+01,1.064813232421875000e+01,-2.817556190490722656e+01,-2.777204895019531250e+01,1.760578155517578125e+00,-2.076675224304199219e+01,-1.770864486694335938e+01
-7.052688598632812500e-01,-3.164093208312988281e+01,-3.118634414672851562e+01,1.085831069946289062e+01,-1.197116851806640625e+01,-1.178108978271484375e+01,-4.804500579833984375e+00,-3.168555450439453125e+01,-2.830388069152832031e+01,1.604090881347656250e+01,-1.333098983764648438e+01,-1.070001220703125000e+01,1.732178497314453125e+01,-3.279541015625000000e+01,-3.178523063659667969e+01,1.292762756347656250e-01,-1.027209472656250000e+01,-6.787048339843750000e+00,1.194195556640625000e+01,-3.275799179077148438e+01,-3.272245025634765625e+01,-4.109073638916015625e+00,-1.714974975585937500e+01,-1.199185943603515625e+01
1.896587371826171875e+00,-3.101803588867187500e+01,-3.130867576599121094e+01,1.027740859985351562e+01,-1.236925506591796875e+01,-1.195647048950195312e+01,-2.347503662109375000e+00,-3.127099800109863281e+01,-2.799936103820800781e+01,1.477970886230468750e+01,-1.320838546752929688e+01,-1.165089035034179688e+01,1.626843261718750000e+01,-3.131915664672851562e+01,-3.185904693603515625e+01,2.058990478515625000e+00,-1.088149261474609375e+01,-8.602661132812500000e+00,1.083715438842773438e+01,-3.184132003784179688e+01,-3.182421493530273438e+01,-2.272018432617187500e+00,-1.640250396728515625e+01,-1.200545883178710938e+01
8.564819335937500000e+00,-2.487154388427734375e+01,-2.554478073120117188e+01,8.174098968505859375e+00,-1.859300613403320312e+01,-1.838230895996093750e+01,6.385456085205078125e+00,-2.513812255859375000e+01,-2.381055068969726562e+01,9.648262023925781250e+00,-1.842153549194335938e+01,-1.862529945373535156e+01,1.039987945556640625e+01,-2.375898551940917969e+01,-2.613185882568359375e+01,8.043571472167968750e+00,-1.847642517089843750e+01,-1.900234603881835938e+01,7.921463012695312500e+00,-2.500550079345703125e+01,-2.531337738037109375e+01,6.064533233642578125e+00,-1.980727958679199219e+01,-1.874040412902832031e+01
1.400188446044921875e+01,-1.666651153564453125e+01,-1.657285308837890625e+01,6.132278442382812500e+00,-2.544915771484375000e+01,-2.583789062500000000e+01,1.376068115234375000e+01,-1.656541061401367188e+01,-1.847318458557128906e+01,3.359317779541015625e+00,-2.459825134277343750e+01,-2.598856925964355469e+01,2.272415161132812500e+00,-1.402198410034179688e+01,-1.739907073974609375e+01,1.313031005859375000e+01,-2.677402687072753906e+01,-2.907408905029296875e+01,4.923038482666015625e+00,-1.589846801757812500e+01,-1.654296875000000000e+01,1.345442199707031250e+01,-2.454050827026367188e+01,-2.668899536132812500e+01
1.530205535888671875e+01,-1.263523864746093750e+01,-1.097816467285156250e+01,5.531612396240234375e+00,-2.873132705688476562e+01,-2.943264389038085938e+01,1.596830749511718750e+01,-1.222599792480468750e+01,-1.580581283569335938e+01,9.420700073242187500e-01,-2.774454116821289062e+01,-2.911190414428710938e+01,-1.431777954101562500e+00,-1.012315750122070312e+01,-1.210912322998046875e+01,1.438778686523437500e+01,-3.032570648193359375e+01,-3.261117553710937500e+01,4.150085449218750000e+00,-1.152932357788085938e+01,-1.202693557739257812e+01,1.586816406250000000e+01,-2.715801239013671875e+01,-3.023147392272949219e+01
1.282638168334960938e+01,-1.464566040039062500e+01,-1.245442962646484375e+01,6.418155670166015625e+00,-2.764272689819335938e+01,-2.836139678955078125e+01,1.386995315551757812e+01,-1.416619873046875000e+01,-1.700975799560546875e+01,3.413032531738281250e+00,-2.712090682983398438e+01,-2.773521423339843750e+01,1.588294982910156250e+00,-1.373107528686523438e+01,-1.327638244628906250e+01,1.222681427001953125e+01,-2.885569381713867188e+01,-3.021073532104492188e+01,5.754516601562500000e+00,-1.401898193359375000e+01,-1.407210540771484375e+01,1.412102508544921875e+01,-2.660118865966796875e+01,-2.901632308959960938e+01
6.116188049316406250e+00,-2.338421058654785156e+01,-2.125029373168945312e+01,8.968955993652343750e+00,-2.123487472534179688e+01,-2.178921508789062500e+01,5.857505798339843750e+00,-2.298999595642089844e+01,-2.252036666870117188e+01,1.044795989990234375e+01,-2.157140350341796875e+01,-2.054999160766601562e+01,1.046216583251953125e+01,-2.406537628173828125e+01,-2.193738746643066406e+01,6.240264892578125000e+00,-2.097307395935058594e+01,-1.983940505981445312e+01,9.170890808105468750e+00,-2.380215644836425781e+01,-2.335931396484375000e+01,6.396430969238281250e+00,-2.285420227050781250e+01,-2.184084320068359375e+01
1.739654541015625000e-01,-3.054706001281738281e+01,-2.944976997375488281e+01,1.071072006225585938e+01,-1.380848312377929688e+01,-1.383444213867187500e+01,-2.936599731445312500e+00,-3.039815711975097656e+01,-2.741025161743164062e+01,1.521301269531250000e+01,-1.502149200439453125e+01,-1.255557250976562500e+01,1.644759368896484375e+01,-3.152970504760742188e+01,-3.021314430236816406e+01,9.284667968750000000e-01,-1.218035125732421875e+01,-8.948444366455078125e+00,1.144808959960937500e+01,-3.150043678283691406e+01,-3.122644233703613281e+01,-2.400241851806640625e+00,-1.829830551147460938e+01,-1.363727951049804688e+01
-8.346939086914062500e-02,-3.234956359863281250e+01,-3.229790496826171875e+01,1.089183044433593750e+01,-1.100008392333984375e+01,-1.063070678710937500e+01,-4.734043121337890625e+00,-3.249321746826171875e+01,-2.892900848388671875e+01,1.589184570312500000e+01,-1.227219009399414062e+01,-1.002535629272460938e+01,1.749813842773437500e+01,-3.286370086669921875e+01,-3.296798706054687500e+01,3.496360778808593750e-01,-9.172855377197265625e+00,-6.055179595947265625e+00,1.150906372070312500e+01,-3.328742218017578125e+01,-3.322255325317382812e+01,-4.591011047363281250e+00,-1.587656784057617188e+01,-1.057732009887695312e+01
4.861030578613281250e+00,-2.876858901977539062e+01,-2.927713203430175781e+01,9.394065856933593750e+00,-1.482294082641601562e+01,-1.442844772338867188e+01,1.427265167236328125e+00,-2.906889152526855469e+01,-2.642607498168945312e+01,1.276380538940429688e+01,-1.516373062133789062e+01,-1.445449447631835938e+01,1.409501647949218750e+01,-2.843726158142089844e+01,-2.989987373352050781e+01,4.645866394042968750e+00,-1.383261871337890625e+01,-1.283658599853515625e+01,9.580875396728515625e+00,-2.931907653808593750e+01,-2.938029861450195312e+01,1.223033905029296875e+00,-1.755529785156250000e+01,-1.445943450927734375e+01
1.188374328613281250e+01,-2.009629440307617188e+01,-2.058174514770507812e+01,6.929645538330078125e+00,-2.266088294982910156e+01,-2.276115417480468750e+01,1.095351409912109375e+01,-2.021116256713867188e+01,-2.070692825317382812e+01,6.066535949707031250e+00,-2.206040954589843750e+01,-2.302356529235839844e+01,5.828556060791015625e+00,-1.821491050720214844e+01,-2.118412971496582031e+01,1.115805053710937500e+01,-2.345396995544433594e+01,-2.516550254821777344e+01,6.244941711425781250e+00,-1.978789138793945312e+01,-2.034024429321289062e+01,1.068424606323242188e+01,-2.253256988525390625e+01,-2.352603149414062500e+01
1.520143127441406250e+01,-1.339780426025390625e+01,-1.256671524047851562e+01,5.502082824707031250e+00,-2.783895683288574219e+01,-2.843532562255859375e+01,1.546937561035156250e+01,-1.308872985839843750e+01,-1.635585403442382812e+01,1.528034210205078125e+00,-2.681414794921875000e+01,-2.830026626586914062e+01,-6.702957153320312500e-01,-1.093367004394531250e+01,-1.340953063964843750e+01,1.434963989257812500e+01,-2.948211288452148438e+01,-3.192058753967285156e+01,4.475799560546875000e+00,-1.246904373168945312e+01,-1.314108657836914062e+01,1.550719451904296875e+01,-2.652230834960937500e+01,-2.956112861633300781e+01
1.468117523193359375e+01,-1.225628662109375000e+01,-1.030337524414062500e+01,5.607688903808593750e+00,-2.905150222778320312e+01,-2.975616645812988281e+01,1.564523315429687500e+01,-1.181997299194335938e+01,-1.556335830688476562e+01,1.329463958740234375e+00,-2.820763015747070312e+01,-2.929108428955078125e+01,-1.181110382080078125e+00,-1.065979385375976562e+01,-1.121346664428710938e+01,1.389800262451171875e+01,-3.059328079223632812e+01,-3.255901718139648438e+01,4.723056793212890625e+00,-1.133856201171875000e+01,-1.166262817382812500e+01,1.584918212890625000e+01,-2.746915435791015625e+01,-3.063216781616210938e+01
9.736667633056640625e+00,-1.921924209594726562e+01,-1.700828552246093750e+01,7.763446807861328125e+00,-2.455820083618164062e+01,-2.522225189208984375e+01,1.028576660156250000e+01,-1.876950454711914062e+01,-1.988725662231445312e+01,6.975502014160156250e+00,-2.444919586181640625e+01,-2.433480834960937500e+01,6.245803833007812500e+00,-1.898552322387695312e+01,-1.778973388671875000e+01,9.397865295410156250e+00,-2.504988098144531250e+01,-2.533597183227539062e+01,7.362365722656250000e+00,-1.907173156738281250e+01,-1.881502532958984375e+01,1.051421356201171875e+01,-2.468119621276855469e+01,-2.548152542114257812e+01
2.439620971679687500e+00,-2.847689056396484375e+01,-2.674287414550781250e+01,1.029505920410156250e+01,-1.647999954223632812e+01,-1.680625152587890625e+01,5.542716979980468750e-01,-2.816320419311523438e+01,-2.584550476074218750e+01,1.357799530029296875e+01,-1.745031738281250000e+01,-1.555212020874023438e+01,1.461225891113281250e+01,-2.902452087402343750e+01,-2.762683486938476562e+01,2.836189270019531250e+00,-1.532056808471679688e+01,-1.278874206542968750e+01,1.041973495483398438e+01,-2.905510330200195312e+01,-2.857611656188964844e+01,7.824325561523437500e-01,-1.992237854003906250e+01,-1.629897308349609375e+01
-7.315101623535156250e-01,-3.215407562255859375e+01,-3.161327171325683594e+01,1.100297546386718750e+01,-1.155554962158203125e+01,-1.134942626953125000e+01,-4.937873840332031250e+00,-3.214144134521484375e+01,-2.865085220336914062e+01,1.601740264892578125e+01,-1.300621032714843750e+01,-1.039138031005859375e+01,1.755331420898437500e+01,-3.290607833862304688e+01,-3.240911865234375000e+01,-1.462554931640625000e-02,-9.700790405273437500e+00,-6.284095764160156250e+00,1.171935653686523438e+01,-3.313903808593750000e+01,-3.300107574462890625e+01,-4.598407745361328125e+00,-1.664258956909179688e+01,-1.120612716674804688e+01
1.835903167724609375e+00,-3.122287559509277344e+01,-3.143676376342773438e+01,1.033139801025390625e+01,-1.220139312744140625e+01,-1.179009246826171875e+01,-2.516838073730468750e+00,-3.146373367309570312e+01,-2.815055656433105469e+01,1.482463073730468750e+01,-1.306852340698242188e+01,-1.148743820190429688e+01,1.637989807128906250e+01,-3.140153121948242188e+01,-3.210578536987304688e+01,1.943862915039062500e+00,-1.065285491943359375e+01,-8.353340148925781250e+00,1.080219268798828125e+01,-3.203595733642578125e+01,-3.198704147338867188e+01,-2.544628143310546875e+00,-1.627057647705078125e+01,-1.171674728393554688e+01
8.803958892822265625e+00,-2.387977409362792969e+01,-2.451261329650878906e+01,7.977890014648437500e+00,-1.937286186218261719e+01,-1.921923446655273438e+01,6.941600799560546875e+00,-2.415838241577148438e+01,-2.317002296447753906e+01,9.333080291748046875e+00,-1.913246917724609375e+01,-1.936164474487304688e+01,9.763801574707031250e+00,-2.310244750976562500e+01,-2.499135017395019531e+01,8.354297637939453125e+00,-1.943172645568847656e+01,-1.999524307250976562e+01,8.023227691650390625e+00,-2.412347602844238281e+01,-2.449818801879882812e+01,6.880092620849609375e+00,-2.049908065795898438e+01,-1.985771560668945312e+01
1.430532073974609375e+01,-1.498334503173828125e+01,-1.489051437377929688e+01,5.808670043945312500e+00,-2.650426673889160156e+01,-2.689678955078125000e+01,1.435684204101562500e+01,-1.486728668212890625e+01,-1.743674850463867188e+01,2.786827087402343750e+00,-2.554225540161132812e+01,-2.694511795043945312e+01,1.131950378417968750e+00,-1.298519134521484375e+01,-1.543407058715820312e+01,1.352443313598632812e+01,-2.795900344848632812e+01,-3.027932739257812500e+01,5.097015380859375000e+00,-1.438973617553710938e+01,-1.506610870361328125e+01,1.443483734130859375e+01,-2.536938476562500000e+01,-2.810388183593750000e+01
1.536309814453125000e+01,-1.232024383544921875e+01,-1.080596160888671875e+01,5.478897094726562500e+00,-2.883705329895019531e+01,-2.952691650390625000e+01,1.596550750732421875e+01,-1.191794967651367188e+01,-1.565116500854492188e+01,9.807777404785156250e-01,-2.782748031616210938e+01,-2.918126869201660156e+01,-1.574226379394531250e+00,-1.005690765380859375e+01,-1.174377059936523438e+01,1.448258972167968750e+01,-3.045553779602050781e+01,-3.275339508056640625e+01,4.334697723388671875e+00,-1.130378341674804688e+01,-1.184509277343750000e+01,1.603436279296875000e+01,-2.730586814880371094e+01,-3.050504302978515625e+01
1.256926727294921875e+01,-1.606018447875976562e+01,-1.396896743774414062e+01,6.746448516845703125e+00,-2.675447654724121094e+01,-2.745684623718261719e+01,1.333415222167968750e+01,-1.562081909179687500e+01,-1.793971633911132812e+01,4.002155303955078125e+00,-2.626049804687500000e+01,-2.687422752380371094e+01,2.605827331542968750e+00,-1.469919586181640625e+01,-1.497198867797851562e+01,1.186226272583007812e+01,-2.780578231811523438e+01,-2.912107658386230469e+01,5.722702026367187500e+00,-1.537236785888671875e+01,-1.540719985961914062e+01,1.326351547241210938e+01,-2.590198135375976562e+01,-2.785989570617675781e+01
5.765144348144531250e+00,-2.495206642150878906e+01,-2.294714164733886719e+01,9.315639495849609375e+00,-2.000660324096679688e+01,-2.050096893310546875e+01,5.097747802734375000e+00,-2.458154487609863281e+01,-2.351319122314453125e+01,1.088512802124023438e+01,-2.046842193603515625e+01,-1.942489242553710938e+01,1.142749786376953125e+01,-2.503850936889648438e+01,-2.387514114379882812e+01,5.721305847167968750e+00,-1.947726058959960938e+01,-1.827587890625000000e+01,8.993057250976562500e+00,-2.517979621887207031e+01,-2.467070007324218750e+01,5.094772338867187500e+00,-2.181267738342285156e+01,-2.006859779357910156e+01
2.085685729980468750e-01,-3.081734657287597656e+01,-2.967195320129394531e+01,1.079103469848632812e+01,-1.363010787963867188e+01,-1.365975189208984375e+01,-2.895931243896484375e+00,-3.062899398803710938e+01,-2.756829261779785156e+01,1.514883422851562500e+01,-1.489980316162109375e+01,-1.246261215209960938e+01,1.655000305175781250e+01,-3.154790115356445312e+01,-3.053272438049316406e+01,8.961105346679687500e-01,-1.192247772216796875e+01,-8.760055541992187500e+00,1.127225875854492188e+01,-3.166640472412109375e+01,-3.132698440551757812e+01,-2.588272094726562500e+00,-1.803465080261230469e+01,-1.323598098754882812e+01
1.165771484375000000e-02,-3.178244590759277344e+01,-3.161090278625488281e+01,1.073764038085937500e+01,-1.168041610717773438e+01,-1.138066482543945312e+01,-4.318969726562500000e+00,-3.191956329345703125e+01,-2.847346878051757812e+01,1.573597717285156250e+01,-1.290836715698242188e+01,-1.062805557250976562e+01,1.719428253173828125e+01,-3.254129409790039062e+01,-3.228107452392578125e+01,5.531539916992187500e-01,-9.962280273437500000e+00,-6.857452392578125000e+00,1.157721710205078125e+01,-3.280263900756835938e+01,-3.274542999267578125e+01,-3.956581115722656250e+00,-1.650745010375976562e+01,-1.142255401611328125e+01
5.263999938964843750e+00,-2.740659523010253906e+01,-2.784386444091796875e+01,9.105682373046875000e+00,-1.605587387084960938e+01,-1.577276992797851562e+01,2.339500427246093750e+00,-2.774276924133300781e+01,-2.550818634033203125e+01,1.236758422851562500e+01,-1.629640579223632812e+01,-1.560232162475585938e+01,1.326472473144531250e+01,-2.757470703125000000e+01,-2.832624053955078125e+01,5.171657562255859375e+00,-1.535897445678710938e+01,-1.443108367919921875e+01,9.734462738037109375e+00,-2.811088371276855469e+01,-2.829155731201171875e+01,2.538276672363281250e+00,-1.870345306396484375e+01,-1.622302627563476562e+01
1.217422103881835938e+01,-1.869281959533691406e+01,-1.914970207214355469e+01,6.668361663818359375e+00,-2.362165260314941406e+01,-2.375970458984375000e+01,1.157052612304687500e+01,-1.880751800537109375e+01,-1.983649444580078125e+01,5.596790313720703125e+00,-2.293059539794921875e+01,-2.392139434814453125e+01,4.896041870117187500e+00,-1.730255508422851562e+01,-1.955895233154296875e+01,1.152613067626953125e+01,-2.458061218261718750e+01,-2.632652473449707031e+01,6.378875732421875000e+00,-1.853310012817382812e+01,-1.914230728149414062e+01,1.162593078613281250e+01,-2.332746887207031250e+01,-2.485406112670898438e+01
1.503607177734375000e+01,-1.415270233154296875e+01,-1.347608184814453125e+01,5.658302307128906250e+00,-2.732659339904785156e+01,-2.789830780029296875e+01,1.520783233642578125e+01,-1.386123275756835938e+01,-1.682212448120117188e+01,1.841243743896484375e+00,-2.633919715881347656e+01,-2.784484672546386719e+01,-8.521270751953125000e-02,-1.148849868774414062e+01,-1.431580734252929688e+01,1.416519927978515625e+01,-2.892837524414062500e+01,-3.137283897399902344e+01,4.453575134277343750e+00,-1.318406295776367188e+01,-1.385922622680664062e+01,1.511483001708984375e+01,-2.609326362609863281e+01,-2.893663406372070312e+01
1.427593994140625000e+01,-1.448638153076171875e+01,-1.274528503417968750e+01,6.139621734619140625e+00,-2.767203521728515625e+01,-2.836656951904296875e+01,1.488920593261718750e+01,-1.408606719970703125e+01,-1.700319671630859375e+01,2.280181884765625000e+00,-2.688205337524414062e+01,-2.798921585083007812e+01,4.762458801269531250e-01,-1.218171691894531250e+01,-1.385682296752929688e+01,1.337211608886718750e+01,-2.901888847351074219e+01,-3.097261619567871094e+01,4.667335510253906250e+00,-1.347470092773437500e+01,-1.380361557006835938e+01,1.463097381591796875e+01,-2.638859748840332031e+01,-2.891059684753417969e+01
9.457145690917968750e+00,-2.059265136718750000e+01,-1.850182533264160156e+01,8.073574066162109375e+00,-2.360116195678710938e+01,-2.422533226013183594e+01,9.671787261962890625e+00,-2.018454360961914062e+01,-2.077581214904785156e+01,7.477642059326171875e+00,-2.354578399658203125e+01,-2.341308784484863281e+01,7.178707122802734375e+00,-1.992651939392089844e+01,-1.946818161010742188e+01,8.990295410156250000e+00,-2.388453483581542969e+01,-2.411017990112304688e+01,7.289817810058593750e+00,-2.035058593750000000e+01,-2.005617904663085938e+01,9.522968292236328125e+00,-2.389822006225585938e+01,-2.415508651733398438e+01
2.633346557617187500e+00,-2.811198425292968750e+01,-2.634855270385742188e+01,1.021499252319335938e+01,-1.687895202636718750e+01,-1.721813201904296875e+01,9.313392639160156250e-01,-2.778901863098144531e+01,-2.560128021240234375e+01,1.338848114013671875e+01,-1.780115509033203125e+01,-1.593610000610351562e+01,1.435778808593750000e+01,-2.873538780212402344e+01,-2.717739105224609375e+01,3.039058685302734375e+00,-1.576240539550781250e+01,-1.329921340942382812e+01,1.036548995971679688e+01,-2.868755340576171875e+01,-2.819074821472167969e+01,1.208526611328125000e+00,-2.014199066162109375e+01,-1.674471282958984375e+01
-4.804840087890625000e-01,-3.114659500122070312e+01,-3.047781944274902344e+01,1.075329589843750000e+01,-1.273506164550781250e+01,-1.261323547363281250e+01,-4.145568847656250000e+00,-3.112455940246582031e+01,-2.788740158081054688e+01,1.572243499755859375e+01,-1.403472137451171875e+01,-1.143379211425781250e+01,1.699625396728515625e+01,-3.234523773193359375e+01,-3.114560317993164062e+01,3.836784362792968750e-01,-1.104569244384765625e+01,-7.670494079589843750e+00,1.180596923828125000e+01,-3.226345062255859375e+01,-3.211861038208007812e+01,-3.418983459472656250e+00,-1.759336471557617188e+01,-1.266223144531250000e+01
2.197727203369140625e+00,-2.997558975219726562e+01,-3.009087753295898438e+01,1.004206848144531250e+01,-1.346844482421875000e+01,-1.317811965942382812e+01,-1.645347595214843750e+00,-3.026594924926757812e+01,-2.727273178100585938e+01,1.452256774902343750e+01,-1.422813796997070312e+01,-1.262667846679687500e+01,1.567147064208984375e+01,-3.069072914123535156e+01,-3.063955879211425781e+01,2.448509216308593750e+00,-1.220386123657226562e+01,-9.935127258300781250e+00,1.098924636840820312e+01,-3.095818710327148438e+01,-3.102454376220703125e+01,-1.235115051269531250e+00,-1.749974060058593750e+01,-1.349431610107421875e+01
8.772930145263671875e+00,-2.378275299072265625e+01,-2.436717987060546875e+01,7.960006713867187500e+00,-1.944085121154785156e+01,-1.930138015747070312e+01,6.945236206054687500e+00,-2.407259750366210938e+01,-2.310231971740722656e+01,9.335781097412109375e+00,-1.919932556152343750e+01,-1.942096328735351562e+01,9.726490020751953125e+00,-2.306390571594238281e+01,-2.488164520263671875e+01,8.325889587402343750e+00,-1.951935768127441406e+01,-2.005453491210937500e+01,8.067966461181640625e+00,-2.406780624389648438e+01,-2.444130325317382812e+01,6.922599792480468750e+00,-2.059072113037109375e+01,-1.995251083374023438e+01
1.384423065185546875e+01,-1.694936370849609375e+01,-1.701521682739257812e+01,6.183029174804687500e+00,-2.517924499511718750e+01,-2.552187347412109375e+01,1.357464218139648438e+01,-1.687808227539062500e+01,-1.863818740844726562e+01,3.561325073242187500e+00,-2.434559249877929688e+01,-2.573876190185546875e+01,2.576541900634765625e+00,-1.437004089355468750e+01,-1.775605010986328125e+01,1.298723220825195312e+01,-2.648477172851562500e+01,-2.876504135131835938e+01,5.008895874023437500e+00,-1.622180557250976562e+01,-1.687105560302734375e+01,1.327635192871093750e+01,-2.430157089233398438e+01,-2.638431167602539062e+01
1.500193023681640625e+01,-1.422780227661132812e+01,-1.293901062011718750e+01,5.892784118652343750e+00,-2.759762954711914062e+01,-2.829010009765625000e+01,1.530392456054687500e+01,-1.383636474609375000e+01,-1.683905029296875000e+01,1.795738220214843750e+00,-2.668305969238281250e+01,-2.806555175781250000e+01,-1.386985778808593750e-01,-1.137527847290039062e+01,-1.400102233886718750e+01,1.405879974365234375e+01,-2.912702178955078125e+01,-3.142741775512695312e+01,4.297470092773437500e+00,-1.310257339477539062e+01,-1.365803146362304688e+01,1.503703308105468750e+01,-2.638658523559570312e+01,-2.904233741760253906e+01
1.245804595947265625e+01,-1.679151153564453125e+01,-1.479953002929687500e+01,6.919807434082031250e+00,-2.626364517211914062e+01,-2.694758987426757812e+01,1.300609588623046875e+01,-1.639787673950195312e+01,-1.846140861511230469e+01,4.365715026855468750e+00,-2.577369308471679688e+01,-2.637506294250488281e+01,3.148323059082031250e+00,-1.524422073364257812e+01,-1.586716461181640625e+01,1.168463897705078125e+01,-2.721703720092773438e+01,-2.850858306884765625e+01,5.760238647460937500e+00,-1.610086441040039062e+01,-1.614868545532226562e+01,1.278701400756835938e+01,-2.553537368774414062e+01,-2.725275993347167969e+01
6.181579589843750000e+00,-2.380264091491699219e+01,-2.175278663635253906e+01,9.061603546142578125e+00,-2.096210098266601562e+01,-2.147953987121582031e+01,5.808147430419921875e+00,-2.342661666870117188e+01,-2.282583045959472656e+01,1.047039031982421875e+01,-2.130774497985839844e+01,-2.030502319335937500e+01,1.065087890625000000e+01,-2.423713493347167969e+01,-2.247826576232910156e+01,6.212928771972656250e+00,-2.060052680969238281e+01,-1.950626182556152344e+01,9.028846740722656250e+00,-2.410898590087890625e+01,-2.364775657653808594e+01,6.108612060546875000e+00,-2.251440429687500000e+01,-2.136825180053710938e+01
6.459197998046875000e-01,-2.938703155517578125e+01,-2.808481979370117188e+01,1.047113800048828125e+01,-1.516980743408203125e+01,-1.529104614257812500e+01,-1.817481994628906250e+00,-2.918430709838867188e+01,-2.656300544738769531e+01,1.473004913330078125e+01,-1.623375320434570312e+01,-1.383581161499023438e+01,1.572945404052734375e+01,-3.071400642395019531e+01,-2.872249794006347656e+01,1.487163543701171875e+00,-1.370761108398437500e+01,-1.060680389404296875e+01,1.137750625610351562e+01,-3.040403747558593750e+01,-3.006420898437500000e+01,-9.985961914062500000e-01,-1.922635650634765625e+01,-1.519854736328125000e+01
1.619148254394531250e-01,-3.109903717041015625e+01,-3.079802131652832031e+01,1.056120300292968750e+01,-1.247871017456054688e+01,-1.225103759765625000e+01,-3.816509246826171875e+00,-3.122707939147949219e+01,-2.794450569152832031e+01,1.553868865966796875e+01,-1.364291000366210938e+01,-1.133722686767578125e+01,1.682410430908203125e+01,-3.214439392089843750e+01,-3.145899581909179688e+01,8.125381469726562500e-01,-1.088022613525390625e+01,-7.809410095214843750e+00,1.164279937744140625e+01,-3.221908569335937500e+01,-3.216708755493164062e+01,-3.200538635253906250e+00,-1.721089935302734375e+01,-1.240730667114257812e+01
4.922988891601562500e+00,-2.833478164672851562e+01,-2.869325828552246094e+01,9.302284240722656250e+00,-1.524895477294921875e+01,-1.492323684692382812e+01,1.645542144775390625e+00,-2.865261268615722656e+01,-2.612803268432617188e+01,1.266590499877929688e+01,-1.556626129150390625e+01,-1.483156967163085938e+01,1.384373092651367188e+01,-2.815624618530273438e+01,-2.940180015563964844e+01,4.725212097167968750e+00,-1.435093688964843750e+01,-1.332246780395507812e+01,9.664360046386718750e+00,-2.897665023803710938e+01,-2.905813980102539062e+01,1.565364837646484375e+00,-1.802411651611328125e+01,-1.503382873535156250e+01
1.161363601684570312e+01,-2.065885162353515625e+01,-2.117152404785156250e+01,7.035064697265625000e+00,-2.219665145874023438e+01,-2.226384353637695312e+01,1.057115936279296875e+01,-2.080904960632324219e+01,-2.104142379760742188e+01,6.376907348632812500e+00,-2.164387512207031250e+01,-2.258094787597656250e+01,6.307903289794921875e+00,-1.873114585876464844e+01,-2.184861755371093750e+01,1.087047958374023438e+01,-2.293045234680175781e+01,-2.456152343750000000e+01,6.320404052734375000e+00,-2.037640571594238281e+01,-2.090361595153808594e+01,1.023719787597656250e+01,-2.218305397033691406e+01,-2.291813087463378906e+01
1.479895782470703125e+01,-1.519434738159179688e+01,-1.467919540405273438e+01,5.872528076171875000e+00,-2.662446212768554688e+01,-2.716636657714843750e+01,1.482723236083984375e+01,-1.493300247192382812e+01,-1.746310043334960938e+01,2.273715972900390625e+00,-2.570201110839843750e+01,-2.721661376953125000e+01,7.193984985351562500e-01,-1.225408172607421875e+01,-1.556104278564453125e+01,1.389329528808593750e+01,-2.815923881530761719e+01,-3.060008811950683594e+01,4.418712615966796875e+00,-1.416953659057617188e+01,-1.484057617187500000e+01,1.454389953613281250e+01,-2.551421737670898438e+01,-2.805033874511718750e+01
1.435031890869140625e+01,-1.422711944580078125e+01,-1.262804412841796875e+01,6.093082427978515625e+00,-2.776700973510742188e+01,-2.843937683105468750e+01,1.488817596435546875e+01,-1.384580230712890625e+01,-1.691574096679687500e+01,2.326183319091796875e+00,-2.693447494506835938e+01,-2.803042221069335938e+01,3.430976867675781250e-01,-1.211537933349609375e+01,-1.355804824829101562e+01,1.347572708129882812e+01,-2.911356353759765625e+01,-3.108725929260253906e+01,4.832450866699218750e+00,-1.329788970947265625e+01,-1.368974685668945312e+01,1.477037811279296875e+01,-2.650828170776367188e+01,-2.916566848754882812e+01
9.980186462402343750e+00,-1.889499473571777344e+01,-1.679532623291015625e+01,7.697875976562500000e+00,-2.476619720458984375e+01,-2.540391540527343750e+01,1.044323348999023438e+01,-1.849493408203125000e+01,-1.980780601501464844e+01,6.893062591552734375e+00,-2.459963798522949219e+01,-2.449004745483398438e+01,5.986705780029296875e+00,-1.875381469726562500e+01,-1.745106887817382812e+01,9.617599487304687500e+00,-2.527207374572753906e+01,-2.560466766357421875e+01,7.408199310302734375e+00,-1.877199363708496094e+01,-1.859037399291992188e+01,1.074182891845703125e+01,-2.482644271850585938e+01,-2.581406593322753906e+01
3.095260620117187500e+00,-2.681229400634765625e+01,-2.495523643493652344e+01,9.927692413330078125e+00,-1.811513710021972656e+01,-1.849927520751953125e+01,1.850856781005859375e+00,-2.647827339172363281e+01,-2.476661300659179688e+01,1.295169448852539062e+01,-1.887467956542968750e+01,-1.706254577636718750e+01,1.354858016967773438e+01,-2.789339256286621094e+01,-2.556763076782226562e+01,3.601791381835937500e+00,-1.719584655761718750e+01,-1.485119247436523438e+01,1.041413116455078125e+01,-2.750949096679687500e+01,-2.703251075744628906e+01,2.511947631835937500e+00,-2.103402900695800781e+01,-1.835456085205078125e+01
-4.454574584960937500e-01,-3.125587272644042969e+01,-3.051606750488281250e+01,1.079181671142578125e+01,-1.272846603393554688e+01,-1.261634445190429688e+01,-4.026012420654296875e+00,-3.119107055664062500e+01,-2.792887115478515625e+01,1.563155364990234375e+01,-1.404972457885742188e+01,-1.147864532470703125e+01,1.701823425292968750e+01,-3.228981018066406250e+01,-3.125793266296386719e+01,3.850250244140625000e-01,-1.097906494140625000e+01,-7.664108276367187500e+00,1.166840362548828125e+01,-3.230474090576171875e+01,-3.209120941162109375e+01,-3.443264007568359375e+00,-1.746729278564453125e+01,-1.248314285278320312e+01
1.885330200195312500e+00,-3.091100311279296875e+01,-3.094030189514160156e+01,1.026211547851562500e+01,-1.263261413574218750e+01,-1.227414703369140625e+01,-2.283557891845703125e+00,-3.114661598205566406e+01,-2.791128921508789062e+01,1.471522521972656250e+01,-1.349073791503906250e+01,-1.185930252075195312e+01,1.620472717285156250e+01,-3.116083526611328125e+01,-3.175273132324218750e+01,2.005966186523437500e+00,-1.110545730590820312e+01,-8.800430297851562500e+00,1.081568145751953125e+01,-3.178684234619140625e+01,-3.172524642944335938e+01,-2.271553039550781250e+00,-1.666874313354492188e+01,-1.215415191650390625e+01
8.362201690673828125e+00,-2.494052124023437500e+01,-2.547607803344726562e+01,8.191360473632812500e+00,-1.851074600219726562e+01,-1.832333755493164062e+01,6.179893493652343750e+00,-2.523647499084472656e+01,-2.383655929565429688e+01,9.779682159423828125e+00,-1.836120223999023438e+01,-1.852911949157714844e+01,1.052285766601562500e+01,-2.388984870910644531e+01,-2.621639633178710938e+01,7.826923370361328125e+00,-1.839459609985351562e+01,-1.880584335327148438e+01,8.033794403076171875e+00,-2.516453933715820312e+01,-2.544620704650878906e+01,5.887420654296875000e+00,-1.983877944946289062e+01,-1.862092781066894531e+01
1.382658004760742188e+01,-1.680146026611328125e+01,-1.691032028198242188e+01,6.150199890136718750e+00,-2.524267578125000000e+01,-2.557113265991210938e+01,1.359440612792968750e+01,-1.674234008789062500e+01,-1.854434585571289062e+01,3.554096221923828125e+00,-2.439805221557617188e+01,-2.579410171508789062e+01,2.518737792968750000e+00,-1.433963775634765625e+01,-1.759478759765625000e+01,1.298683929443359375e+01,-2.656362915039062500e+01,-2.883363723754882812e+01,5.071311950683593750e+00,-1.611897277832031250e+01,-1.677408218383789062e+01,1.335696792602539062e+01,-2.434756278991699219e+01,-2.649158668518066406e+01
1.516821289062500000e+01,-1.327413177490234375e+01,-1.210316085815429688e+01,5.671791076660156250e+00,-2.808590126037597656e+01,-2.876755905151367188e+01,1.551805877685546875e+01,-1.286374664306640625e+01,-1.626312255859375000e+01,1.554550170898437500e+00,-2.711833953857421875e+01,-2.849842071533203125e+01,-7.595901489257812500e-01,-1.087548065185546875e+01,-1.289153289794921875e+01,1.431033325195312500e+01,-2.970672798156738281e+01,-3.202928924560546875e+01,4.512794494628906250e+00,-1.225876617431640625e+01,-1.286608886718750000e+01,1.556567382812500000e+01,-2.682931709289550781e+01,-2.982793045043945312e+01
1.283256149291992188e+01,-1.531834030151367188e+01,-1.343484878540039062e+01,6.594100952148437500e+00,-2.712953948974609375e+01,-2.779890060424804688e+01,1.349259948730468750e+01,-1.493662261962890625e+01,-1.763779449462890625e+01,3.922599792480468750e+00,-2.655894851684570312e+01,-2.715456008911132812e+01,2.123146057128906250e+00,-1.431823348999023438e+01,-1.413037872314453125e+01,1.216712570190429688e+01,-2.822951316833496094e+01,-2.958580970764160156e+01,5.960784912109375000e+00,-1.475624847412109375e+01,-1.492387390136718750e+01,1.369880294799804688e+01,-2.626066207885742188e+01,-2.855319976806640625e+01
6.307350158691406250e+00,-2.371035575866699219e+01,-2.169664573669433594e+01,9.043849945068359375e+00,-2.105179977416992188e+01,-2.155667114257812500e+01,5.923351287841796875e+00,-2.334971618652343750e+01,-2.280817222595214844e+01,1.040697479248046875e+01,-2.137294387817382812e+01,-2.038332366943359375e+01,1.055611038208007812e+01,-2.413781929016113281e+01,-2.238607406616210938e+01,6.313060760498046875e+00,-2.068727874755859375e+01,-1.962797355651855469e+01,8.998916625976562500e+00,-2.400138092041015625e+01,-2.355571746826171875e+01,6.205635070800781250e+00,-2.253786087036132812e+01,-2.146860504150390625e+01
5.289039611816406250e-01,-3.033005905151367188e+01,-2.905086135864257812e+01,1.071645355224609375e+01,-1.429574203491210938e+01,-1.439154052734375000e+01,-2.179431915283203125e+00,-3.009921264648437500e+01,-2.717679977416992188e+01,1.484136199951171875e+01,-1.552778625488281250e+01,-1.315280151367187500e+01,1.620507049560546875e+01,-3.109753799438476562e+01,-2.987487030029296875e+01,1.210266113281250000e+00,-1.267357254028320312e+01,-9.594726562500000000e+00,1.112164306640625000e+01,-3.112591552734375000e+01,-3.071362876892089844e+01,-1.857852935791015625e+00,-1.841913223266601562e+01,-1.388943862915039062e+01
2.356719970703125000e-02,-3.168569755554199219e+01,-3.130197143554687500e+01,1.070693206787109375e+01,-1.196169662475585938e+01,-1.170664215087890625e+01,-4.121604919433593750e+00,-3.175594329833984375e+01,-2.832997131347656250e+01,1.559140014648437500e+01,-1.322446823120117188e+01,-1.091189193725585938e+01,1.712781524658203125e+01,-3.235448455810546875e+01,-3.217364120483398438e+01,5.867347717285156250e-01,-1.020092773437500000e+01,-7.165317535400390625e+00,1.146709442138671875e+01,-3.269901275634765625e+01,-3.255804443359375000e+01,-3.819957733154296875e+00,-1.667921829223632812e+01,-1.153757858276367188e+01
4.828330993652343750e+00,-2.854154968261718750e+01,-2.881616401672363281e+01,9.350715637207031250e+00,-1.508623886108398438e+01,-1.476700210571289062e+01,1.459609985351562500e+00,-2.885738182067871094e+01,-2.626987266540527344e+01,1.273851394653320312e+01,-1.542877578735351562e+01,-1.466797256469726562e+01,1.397626495361328125e+01,-2.827371406555175781e+01,-2.964651298522949219e+01,4.587612152099609375e+00,-1.413763046264648438e+01,-1.306655120849609375e+01,9.656124114990234375e+00,-2.918797683715820312e+01,-2.923783302307128906e+01,1.302604675292968750e+00,-1.791531372070312500e+01,-1.476143646240234375e+01
1.184930801391601562e+01,-1.951148033142089844e+01,-1.997306060791015625e+01,6.812881469726562500e+00,-2.300103378295898438e+01,-2.310553359985351562e+01,1.108605957031250000e+01,-1.966630172729492188e+01,-2.032803344726562500e+01,5.994281768798828125e+00,-2.236950111389160156e+01,-2.333239555358886719e+01,5.543899536132812500e+00,-1.797152709960937500e+01,-2.052482223510742188e+01,1.116741561889648438e+01,-2.387705993652343750e+01,-2.553157997131347656e+01,6.431983947753906250e+00,-1.935735893249511719e+01,-1.992834472656250000e+01,1.101856994628906250e+01,-2.285980415344238281e+01,-2.403361320495605469e+01
1.507681274414062500e+01,-1.356353759765625000e+01,-1.306358718872070312e+01,5.549263000488281250e+00,-2.761240196228027344e+01,-2.814144325256347656e+01,1.534680175781250000e+01,-1.328885650634765625e+01,-1.645933532714843750e+01,1.720275878906250000e+00,-2.658168601989746094e+01,-2.809615898132324219e+01,-3.879470825195312500e-01,-1.128362274169921875e+01,-1.365717697143554688e+01,1.425587463378906250e+01,-2.924738311767578125e+01,-3.169762802124023438e+01,4.599014282226562500e+00,-1.270720672607421875e+01,-1.339507675170898438e+01,1.543719482421875000e+01,-2.627133941650390625e+01,-2.934991645812988281e+01
1.440690612792968750e+01,-1.401099014282226562e+01,-1.255590438842773438e+01,6.059146881103515625e+00,-2.782638549804687500e+01,-2.848338890075683594e+01,1.486663818359375000e+01,-1.364414215087890625e+01,-1.684260177612304688e+01,2.388359069824218750e+00,-2.696243476867675781e+01,-2.804705810546875000e+01,2.511749267578125000e-01,-1.208741760253906250e+01,-1.331452178955078125e+01,1.356245040893554688e+01,-2.917907905578613281e+01,-3.117208862304687500e+01,4.997440338134765625e+00,-1.316023254394531250e+01,-1.361332321166992188e+01,1.488526153564453125e+01,-2.661009979248046875e+01,-2.937801170349121094e+01
9.658798217773437500e+00,-2.042562866210937500e+01,-1.845260620117187500e+01,8.039989471435546875e+00,-2.370022583007812500e+01,-2.429222869873046875e+01,9.735187530517578125e+00,-2.007475090026855469e+01,-2.080595397949218750e+01,7.481407165527343750e+00,-2.357953071594238281e+01,-2.344734191894531250e+01,7.033023834228515625e+00,-1.981759643554687500e+01,-1.931383323669433594e+01,9.158710479736328125e+00,-2.397329521179199219e+01,-2.422605514526367188e+01,7.355655670166015625e+00,-2.021209526062011719e+01,-1.999310493469238281e+01,9.631992340087890625e+00,-2.397254943847656250e+01,-2.436595726013183594e+01
2.868690490722656250e+00,-2.805472183227539062e+01,-2.631357192993164062e+01,1.021309661865234375e+01,-1.702066802978515625e+01,-1.734801864624023438e+01,1.244812011718750000e+00,-2.773485374450683594e+01,-2.558397483825683594e+01,1.321323776245117188e+01,-1.792863464355468750e+01,-1.611087417602539062e+01,1.424409484863281250e+01,-2.856412696838378906e+01,-2.713412475585937500e+01,3.198474884033203125e+00,-1.587380218505859375e+01,-1.351268005371093750e+01,1.020218658447265625e+01,-2.854996490478515625e+01,-2.802046012878417969e+01,1.373821258544921875e+00,-2.007313537597656250e+01,-1.676540374755859375e+01
-4.011917114257812500e-01,-3.145151901245117188e+01,-3.065246200561523438e+01,1.085689926147460938e+01,-1.262485885620117188e+01,-1.251742553710937500e+01,-3.940887451171875000e+00,-3.134618759155273438e+01,-2.803644943237304688e+01,1.555262756347656250e+01,-1.398920822143554688e+01,-1.145152282714843750e+01,1.708313751220703125e+01,-3.226716613769531250e+01,-3.148464012145996094e+01,3.706436157226562500e-01,-1.080345916748046875e+01,-7.558101654052734375e+00,1.150505065917968750e+01,-3.241383743286132812e+01,-3.213447952270507812e+01,-3.553657531738281250e+00,-1.725662231445312500e+01,-1.217141342163085938e+01
2.038898468017578125e+00,-3.018578910827636719e+01,-3.008498764038085938e+01,1.007642364501953125e+01,-1.342065811157226562e+01,-1.314584350585937500e+01,-1.756061553955078125e+00,-3.041576004028320312e+01,-2.735395431518554688e+01,1.448986053466796875e+01,-1.423009490966796875e+01,-1.258638000488281250e+01,1.579291534423828125e+01,-3.070994949340820312e+01,-3.089737510681152344e+01,2.268825531005859375e+00,-1.204066085815429688e+01,-9.775444030761718750e+00,1.087854385375976562e+01,-3.115663719177246094e+01,-3.111017799377441406e+01,-1.494106292724609375e+00,-1.738362884521484375e+01,-1.316681671142578125e+01
8.826095581054687500e+00,-2.323441696166992188e+01,-2.368078422546386719e+01,7.854923248291015625e+00,-1.986921691894531250e+01,-1.978463745117187500e+01,7.158397674560546875e+00,-2.355072212219238281e+01,-2.275022125244140625e+01,9.210838317871093750e+00,-1.960414695739746094e+01,-1.981678009033203125e+01,9.412208557128906250e+00,-2.272580337524414062e+01,-2.425902366638183594e+01,8.393436431884765625e+00,-2.003918838500976562e+01,-2.054224014282226562e+01,8.170951843261718750e+00,-2.363634490966796875e+01,-2.402293777465820312e+01,7.285812377929687500e+00,-2.102575683593750000e+01,-2.053305625915527344e+01
1.403571319580078125e+01,-1.557236480712890625e+01,-1.565855026245117188e+01,5.916160583496093750e+00,-2.602026748657226562e+01,-2.635642814636230469e+01,1.402616882324218750e+01,-1.551374053955078125e+01,-1.778841781616210938e+01,3.156692504882812500e+00,-2.509436035156250000e+01,-2.649827003479003906e+01,1.702732086181640625e+00,-1.359153747558593750e+01,-1.616599273681640625e+01,1.325593948364257812e+01,-2.744036483764648438e+01,-2.971350479125976562e+01,5.213985443115234375e+00,-1.503348159790039062e+01,-1.571006393432617188e+01,1.406802368164062500e+01,-2.497193145751953125e+01,-2.753257942199707031e+01
1.493344116210937500e+01,-1.439601516723632812e+01,-1.341754150390625000e+01,5.895111083984375000e+00,-2.730815696716308594e+01,-2.797809600830078125e+01,1.507418823242187500e+01,-1.399509811401367188e+01,-1.696368789672851562e+01,2.085365295410156250e+00,-2.639915657043457031e+01,-2.779283142089843750e+01,1.124534606933593750e-01,-1.171014785766601562e+01,-1.422490692138671875e+01,1.405919647216796875e+01,-2.888436889648437500e+01,-3.120852088928222656e+01,4.554214477539062500e+00,-1.333271408081054688e+01,-1.396445465087890625e+01,1.497004699707031250e+01,-2.627426147460937500e+01,-2.896461486816406250e+01
1.232856369018554688e+01,-1.768887329101562500e+01,-1.603731155395507812e+01,7.139816284179687500e+00,-2.556793022155761719e+01,-2.619244003295898438e+01,1.251914596557617188e+01,-1.735348892211914062e+01,-1.915075111389160156e+01,4.921146392822265625e+00,-2.505708503723144531e+01,-2.564166069030761719e+01,3.854976654052734375e+00,-1.602352905273437500e+01,-1.695451354980468750e+01,1.151989364624023438e+01,-2.638188934326171875e+01,-2.766924667358398438e+01,5.921401977539062500e+00,-1.702890014648437500e+01,-1.715815353393554688e+01,1.220791244506835938e+01,-2.502646446228027344e+01,-2.653586196899414062e+01
6.103397369384765625e+00,-2.481377029418945312e+01,-2.292467117309570312e+01,9.292900085449218750e+00,-2.017231750488281250e+01,-2.062326812744140625e+01,5.368774414062500000e+00,-2.449183273315429688e+01,-2.354417991638183594e+01,1.074302291870117188e+01,-2.056410598754882812e+01,-1.955797958374023438e+01,1.123811340332031250e+01,-2.483971023559570312e+01,-2.376986503601074219e+01,5.968231201171875000e+00,-1.960715103149414062e+01,-1.850228309631347656e+01,8.893745422363281250e+00,-2.498902511596679688e+01,-2.451654624938964844e+01,5.268779754638671875e+00,-2.179532814025878906e+01,-2.022023010253906250e+01
7.432022094726562500e-01,-2.988292312622070312e+01,-2.852468490600585938e+01,1.063014602661132812e+01,-1.482735824584960938e+01,-1.496161270141601562e+01,-1.713500976562500000e+00,-2.963673019409179688e+01,-2.685467910766601562e+01,1.464978027343750000e+01,-1.600038909912109375e+01,-1.365670776367187500e+01,1.591626739501953125e+01,-3.076879310607910156e+01,-2.929028320312500000e+01,1.442722320556640625e+00,-1.327996826171875000e+01,-1.024040222167968750e+01,1.108522415161132812e+01,-3.068727684020996094e+01,-3.025139617919921875e+01,-1.299949645996093750e+00,-1.878256797790527344e+01,-1.450191116333007812e+01
2.201080322265625000e-01,-3.067105484008789062e+01,-3.018204307556152344e+01,1.044575500488281250e+01,-1.307099533081054688e+01,-1.290032196044921875e+01,-3.423057556152343750e+00,-3.073355484008789062e+01,-2.755393981933593750e+01,1.533023071289062500e+01,-1.420322799682617188e+01,-1.188985824584960938e+01,1.658403015136718750e+01,-3.181735610961914062e+01,-3.093234252929687500e+01,9.658966064453125000e-01,-1.149582672119140625e+01,-8.506198883056640625e+00,1.159252929687500000e+01,-3.183688735961914062e+01,-3.172064971923828125e+01,-2.692073822021484375e+00,-1.764651489257812500e+01,-1.299564361572265625e+01
5.299964904785156250e+00,-2.700963973999023438e+01,-2.717633056640625000e+01,9.023479461669921875e+00,-1.647501754760742188e+01,-1.628453826904296875e+01,2.473167419433593750e+00,-2.736472892761230469e+01,-2.525091552734375000e+01,1.228051757812500000e+01,-1.670221328735351562e+01,-1.596330261230468750e+01,1.303703689575195312e+01,-2.728297424316406250e+01,-2.788126754760742188e+01,5.179862976074218750e+00,-1.583724212646484375e+01,-1.486106109619140625e+01,9.810043334960937500e+00,-2.783666801452636719e+01,-2.800466346740722656e+01,2.763080596923828125e+00,-1.919160652160644531e+01,-1.672264862060546875e+01
1.176661682128906250e+01,-1.960031127929687500e+01,-2.003168869018554688e+01,6.825706481933593750e+00,-2.292177009582519531e+01,-2.302492141723632812e+01,1.098955154418945312e+01,-1.977420997619628906e+01,-2.037965583801269531e+01,6.074378967285156250e+00,-2.230122756958007812e+01,-2.325357818603515625e+01,5.643478393554687500e+00,-1.807770919799804688e+01,-2.063635253906250000e+01,1.107756805419921875e+01,-2.379170989990234375e+01,-2.540848922729492188e+01,6.476295471191406250e+00,-1.947742843627929688e+01,-2.003793525695800781e+01,1.092322540283203125e+01,-2.281998825073242188e+01,-2.392860221862792969e+01
1.465586853027343750e+01,-1.553908920288085938e+01,-1.522018432617187500e+01,5.938320159912109375e+00,-2.632384490966796875e+01,-2.681865501403808594e+01,1.464516448974609375e+01,-1.530998229980468750e+01,-1.767680358886718750e+01,2.491058349609375000e+00,-2.542163085937500000e+01,-2.694444847106933594e+01,1.070045471191406250e+00,-1.263924407958984375e+01,-1.599911499023437500e+01,1.375888824462890625e+01,-2.783735656738281250e+01,-3.027199935913085938e+01,4.488758087158203125e+00,-1.454251861572265625e+01,-1.521948623657226562e+01,1.435085296630859375e+01,-2.523659133911132812e+01,-2.770863533020019531e+01
1.400431823730468750e+01,-1.592645263671875000e+01,-1.466757965087890625e+01,6.470520019531250000e+00,-2.655969238281250000e+01,-2.721047210693359375e+01,1.411032104492187500e+01,-1.556047821044921875e+01,-1.802816200256347656e+01,3.200851440429687500e+00,-2.577549171447753906e+01,-2.686395835876464844e+01,1.675678253173828125e+00,-1.345933532714843750e+01,-1.557987976074218750e+01,1.309527587890625000e+01,-2.776586723327636719e+01,-2.974528503417968750e+01,4.970420837402343750e+00,-1.498503494262695312e+01,-1.541827392578125000e+01,1.378224945068359375e+01,-2.566967773437500000e+01,-2.784504127502441406e+01
9.602798461914062500e+00,-2.093722343444824219e+01,-1.906123352050781250e+01,8.157897949218750000e+00,-2.331585121154785156e+01,-2.387805175781250000e+01,9.463432312011718750e+00,-2.063036918640136719e+01,-2.119320869445800781e+01,7.720794677734375000e+00,-2.319320678710937500e+01,-2.304761695861816406e+01,7.381851196289062500e+00,-2.019478988647460938e+01,-1.995917320251464844e+01,9.037319183349609375e+00,-2.349682807922363281e+01,-2.372443771362304688e+01,7.375839233398437500e+00,-2.071086502075195312e+01,-2.050964736938476562e+01,9.233131408691406250e+00,-2.367582511901855469e+01,-2.387996292114257812e+01
3.263725280761718750e+00,-2.698277664184570312e+01,-2.517124938964843750e+01,9.972740173339843750e+00,-1.804200172424316406e+01,-1.840046119689941406e+01,1.995834350585937500e+00,-2.666190719604492188e+01,-2.491382217407226562e+01,1.286132049560546875e+01,-1.880174255371093750e+01,-1.702658081054687500e+01,1.356603622436523438e+01,-2.786678314208984375e+01,-2.580471229553222656e+01,3.672542572021484375e+00,-1.705354309082031250e+01,-1.478117370605468750e+01,1.025367736816406250e+01,-2.757726860046386719e+01,-2.707422637939453125e+01,2.441390991210937500e+00,-2.081606101989746094e+01,-1.811233901977539062e+01
-1.899719238281250000e-02,-3.008943367004394531e+01,-2.913398933410644531e+01,1.053464508056640625e+01,-1.414805603027343750e+01,-1.413256835937500000e+01,-2.929512023925781250e+00,-2.997418403625488281e+01,-2.706143569946289062e+01,1.516032409667968750e+01,-1.529574584960937500e+01,-1.278073883056640625e+01,1.631728363037109375e+01,-3.150039672851562500e+01,-2.978175735473632812e+01,9.153404235839843750e-01,-1.253389739990234375e+01,-9.352386474609375000e+00,1.162136077880859375e+01,-3.123797798156738281e+01,-3.095726394653320312e+01,-2.040882110595703125e+00,-1.845538902282714844e+01,-1.408825683593750000e+01
2.206092834472656250e+00,-2.947455215454101562e+01,-2.923613739013671875e+01,9.901329040527343750e+00,-1.418778991699218750e+01,-1.398955917358398438e+01,-1.238136291503906250e+00,-2.969102096557617188e+01,-2.681704330444335938e+01,1.425175476074218750e+01,-1.494746398925781250e+01,-1.329821014404296875e+01,1.538568878173828125e+01,-3.025157165527343750e+01,-3.006162261962890625e+01,2.527839660644531250e+00,-1.293570709228515625e+01,-1.072658538818359375e+01,1.091743087768554688e+01,-3.053934288024902344e+01,-3.049403953552246094e+01,-7.473144531250000000e-01,-1.804550361633300781e+01,-1.412404251098632812e+01
8.380561828613281250e+00,-2.453774452209472656e+01,-2.491882324218750000e+01,8.107421875000000000e+00,-1.884690475463867188e+01,-1.871255683898925781e+01,6.322216033935546875e+00,-2.485853385925292969e+01,-2.357559204101562500e+01,9.696346282958984375e+00,-1.867691802978515625e+01,-1.883185195922851562e+01,1.029398345947265625e+01,-2.363423347473144531e+01,-2.576530075073242188e+01,7.848632812500000000e+00,-1.880094146728515625e+01,-1.916745758056640625e+01,8.123584747314453125e+00,-2.486390876770019531e+01,-2.514805793762207031e+01,6.138652801513671875e+00,-2.020129203796386719e+01,-1.906715583801269531e+01
1.356996917724609375e+01,-1.747794342041015625e+01,-1.767118072509765625e+01,6.272678375244140625e+00,-2.472507095336914062e+01,-2.501624679565429688e+01,1.322639083862304688e+01,-1.746787261962890625e+01,-1.895707130432128906e+01,3.913833618164062500e+00,-2.393518638610839844e+01,-2.531394767761230469e+01,3.099822998046875000e+00,-1.494027709960937500e+01,-1.841347694396972656e+01,1.270896911621093750e+01,-2.599641036987304688e+01,-2.820913505554199219e+01,5.141105651855468750e+00,-1.681209945678710938e+01,-1.745416259765625000e+01,1.290519332885742188e+01,-2.394061088562011719e+01,-2.583413314819335938e+01
1.466226196289062500e+01,-1.549036407470703125e+01,-1.468787384033203125e+01,6.111316680908203125e+00,-2.655062484741210938e+01,-2.718928527832031250e+01,1.462783050537109375e+01,-1.511354827880859375e+01,-1.763201904296875000e+01,2.613609313964843750e+00,-2.571476173400878906e+01,-2.710419845581054688e+01,9.946403503417968750e-01,-1.256018829345703125e+01,-1.552278518676757812e+01,1.377434539794921875e+01,-2.805519104003906250e+01,-3.037035179138183594e+01,4.589645385742187500e+00,-1.438562774658203125e+01,-1.503158569335937500e+01,1.436161804199218750e+01,-2.570355415344238281e+01,-2.806715965270996094e+01
1.245790481567382812e+01,-1.729020690917968750e+01,-1.577933883666992188e+01,7.059879302978515625e+00,-2.576170158386230469e+01,-2.636686515808105469e+01,1.260732269287109375e+01,-1.697121047973632812e+01,-1.897983932495117188e+01,4.888301849365234375e+00,-2.520505142211914062e+01,-2.578797531127929688e+01,3.601615905761718750e+00,-1.582700347900390625e+01,-1.648652648925781250e+01,1.169403839111328125e+01,-2.661065673828125000e+01,-2.792586517333984375e+01,6.066001892089843750e+00,-1.669484329223632812e+01,-1.690909194946289062e+01,1.246994400024414062e+01,-2.522258377075195312e+01,-2.694303512573242188e+01
6.670089721679687500e+00,-2.316811752319335938e+01,-2.122706222534179688e+01,8.932342529296875000e+00,-2.148521232604980469e+01,-2.197208404541015625e+01,6.301162719726562500e+00,-2.285066223144531250e+01,-2.258043289184570312e+01,1.020660781860351562e+01,-2.172532081604003906e+01,-2.076453971862792969e+01,1.014339447021484375e+01,-2.372423934936523438e+01,-2.177361488342285156e+01,6.649478912353515625e+00,-2.117557334899902344e+01,-2.019820404052734375e+01,9.004081726074218750e+00,-2.348087120056152344e+01,-2.310606384277343750e+01,6.678279876708984375e+00,-2.282017707824707031e+01,-2.206993484497070312e+01
1.136127471923828125e+00,-2.879589271545410156e+01,-2.731449127197265625e+01,1.039959335327148438e+01,-1.597472000122070312e+01,-1.617060852050781250e+01,-8.690643310546875000e-01,-2.853783798217773438e+01,-2.611951828002929688e+01,1.430852508544921875e+01,-1.699491119384765625e+01,-1.468968200683593750e+01,1.526601409912109375e+01,-3.009339904785156250e+01,-2.790733337402343750e+01,1.921195983886718750e+00,-1.460713577270507812e+01,-1.162944412231445312e+01,1.113472747802734375e+01,-2.970795440673828125e+01,-2.927343750000000000e+01,-1.129760742187500000e-01,-1.964596748352050781e+01,-1.596041107177734375e+01
1.479682922363281250e-01,-3.093718338012695312e+01,-3.039180374145507812e+01,1.051231002807617188e+01,-1.287402725219726562e+01,-1.269640350341796875e+01,-3.491203308105468750e+00,-3.095266151428222656e+01,-2.769548797607421875e+01,1.531468963623046875e+01,-1.405045700073242188e+01,-1.175442504882812500e+01,1.671350097656250000e+01,-3.188275146484375000e+01,-3.123893547058105469e+01,8.696670532226562500e-01,-1.121421051025390625e+01,-8.264419555664062500e+00,1.147032928466796875e+01,-3.203469848632812500e+01,-3.185559082031250000e+01,-2.918899536132812500e+00,-1.739770126342773438e+01,-1.260126113891601562e+01
4.837387084960937500e+00,-2.832106018066406250e+01,-2.839995574951171875e+01,9.300270080566406250e+00,-1.535770034790039062e+01,-1.509800338745117188e+01,1.554676055908203125e+00,-2.863991165161132812e+01,-2.611309051513671875e+01,1.266917419433593750e+01,-1.569991683959960938e+01,-1.490525817871093750e+01,1.384595489501953125e+01,-2.808820533752441406e+01,-2.940628242492675781e+01,4.580081939697265625e+00,-1.443486785888671875e+01,-1.333628845214843750e+01,9.680603027343750000e+00,-2.903494834899902344e+01,-2.906509208679199219e+01,1.425632476806640625e+00,-1.821316528320312500e+01,-1.504303359985351562e+01
1.138687896728515625e+01,-2.083270072937011719e+01,-2.125328826904296875e+01,7.058364868164062500e+00,-2.202061080932617188e+01,-2.208653450012207031e+01,1.032085037231445312e+01,-2.103619766235351562e+01,-2.114036560058593750e+01,6.579307556152343750e+00,-2.149485015869140625e+01,-2.240083503723144531e+01,6.538257598876953125e+00,-1.898437690734863281e+01,-2.207410049438476562e+01,1.062696456909179688e+01,-2.274614524841308594e+01,-2.426369857788085938e+01,6.459079742431640625e+00,-2.064771652221679688e+01,-2.114834022521972656e+01,1.000756835937500000e+01,-2.211141395568847656e+01,-2.268430519104003906e+01
1.467544555664062500e+01,-1.524896240234375000e+01,-1.498159027099609375e+01,5.875999450683593750e+00,-2.647680091857910156e+01,-2.695518302917480469e+01,1.471797180175781250e+01,-1.502956008911132812e+01,-1.750009536743164062e+01,2.426933288574218750e+00,-2.555293083190917969e+01,-2.707977676391601562e+01,9.090499877929687500e-01,-1.251653289794921875e+01,-1.567265701293945312e+01,1.380127716064453125e+01,-2.801276206970214844e+01,-3.044252777099609375e+01,4.558647155761718750e+00,-1.430475616455078125e+01,-1.498871231079101562e+01,1.451190185546875000e+01,-2.534389305114746094e+01,-2.793102455139160156e+01
1.422920989990234375e+01,-1.481555175781250000e+01,-1.363429641723632812e+01,6.218589782714843750e+00,-2.717025947570800781e+01,-2.783230781555175781e+01,1.441343688964843750e+01,-1.441365814208984375e+01,-1.735932922363281250e+01,2.869167327880859375e+00,-2.633604812622070312e+01,-2.742231559753417969e+01,9.119644165039062500e-01,-1.279737472534179688e+01,-1.427086257934570312e+01,1.342789077758789062e+01,-2.850576400756835938e+01,-3.052764511108398438e+01,5.166591644287109375e+00,-1.397053146362304688e+01,-1.448112106323242188e+01,1.444376373291015625e+01,-2.623571777343750000e+01,-2.882215309143066406e+01
1.005750274658203125e+01,-1.944961357116699219e+01,-1.764822387695312500e+01,7.835136413574218750e+00,-2.430337142944335938e+01,-2.487409591674804688e+01,1.012409210205078125e+01,-1.915007591247558594e+01,-2.035734939575195312e+01,7.255714416503906250e+00,-2.408782196044921875e+01,-2.396595001220703125e+01,6.358150482177734375e+00,-1.919905471801757812e+01,-1.818305206298828125e+01,9.611984252929687500e+00,-2.469715881347656250e+01,-2.502338409423828125e+01,7.531352996826171875e+00,-1.933482170104980469e+01,-1.927312850952148438e+01,1.034107971191406250e+01,-2.448949432373046875e+01,-2.537435531616210938e+01
3.382522583007812500e+00,-2.697738838195800781e+01,-2.519299697875976562e+01,9.976062774658203125e+00,-1.807594680786132812e+01,-1.842090606689453125e+01,2.101486206054687500e+00,-2.667133712768554688e+01,-2.494434165954589844e+01,1.280836105346679688e+01,-1.881908226013183594e+01,-1.706277847290039062e+01,1.352265167236328125e+01,-2.780901336669921875e+01,-2.581667900085449219e+01,3.745403289794921875e+00,-1.706717681884765625e+01,-1.483068847656250000e+01,1.019805526733398438e+01,-2.754139328002929688e+01,-2.703995704650878906e+01,2.478694915771484375e+00,-2.077585601806640625e+01,-1.810771560668945312e+01
-1.242294311523437500e-01,-3.097423171997070312e+01,-3.000774765014648438e+01,1.076418304443359375e+01,-1.333150482177734375e+01,-1.328367996215820312e+01,-3.263397216796875000e+00,-3.081710433959960938e+01,-2.765085601806640625e+01,1.523550415039062500e+01,-1.462487411499023438e+01,-1.214642333984375000e+01,1.674693298339843750e+01,-3.181779670715332031e+01,-3.086160850524902344e+01,6.520004272460937500e-01,-1.152763366699218750e+01,-8.401008605957031250e+00,1.135231018066406250e+01,-3.191858673095703125e+01,-3.155610084533691406e+01,-2.872695922851562500e+00,-1.765586090087890625e+01,-1.282407379150390625e+01
1.979385375976562500e+00,-3.015734863281250000e+01,-2.982532119750976562e+01,1.005574035644531250e+01,-1.360700988769531250e+01,-1.337905120849609375e+01,-1.646266937255859375e+00,-3.031922912597656250e+01,-2.724655914306640625e+01,1.435998535156250000e+01,-1.446774673461914062e+01,-1.280178833007812500e+01,1.576898193359375000e+01,-3.056473922729492188e+01,-3.087588500976562500e+01,2.220230102539062500e+00,-1.218458938598632812e+01,-9.967079162597656250e+00,1.076036071777343750e+01,-3.112459373474121094e+01,-3.097764587402343750e+01,-1.456851959228515625e+00,-1.748082733154296875e+01,-1.315924072265625000e+01
8.283084869384765625e+00,-2.470170974731445312e+01,-2.499673080444335938e+01,8.140426635742187500e+00,-1.872699356079101562e+01,-1.860306930541992188e+01,6.167823791503906250e+00,-2.503310775756835938e+01,-2.368198776245117188e+01,9.779823303222656250e+00,-1.857561302185058594e+01,-1.870773124694824219e+01,1.042022323608398438e+01,-2.375318908691406250e+01,-2.596196937561035156e+01,7.721363067626953125e+00,-1.865041542053222656e+01,-1.896677017211914062e+01,8.142032623291015625e+00,-2.504912185668945312e+01,-2.530702400207519531e+01,5.941394805908203125e+00,-2.013862991333007812e+01,-1.886891937255859375e+01
1.377869415283203125e+01,-1.628717041015625000e+01,-1.642712402343750000e+01,6.038177490234375000e+00,-2.549928855895996094e+01,-2.580487251281738281e+01,1.366239929199218750e+01,-1.627919006347656250e+01,-1.822590637207031250e+01,3.521354675292968750e+00,-2.462675094604492188e+01,-2.601771545410156250e+01,2.298690795898437500e+00,-1.418770217895507812e+01,-1.703101348876953125e+01,1.297320556640625000e+01,-2.687381362915039062e+01,-2.908759117126464844e+01,5.271930694580078125e+00,-1.575978469848632812e+01,-1.642175292968750000e+01,1.360762786865234375e+01,-2.457122039794921875e+01,-2.687443923950195312e+01
1.495402526855468750e+01,-1.386116409301757812e+01,-1.308467864990234375e+01,5.780567169189453125e+00,-2.753537940979003906e+01,-2.816127395629882812e+01,1.516298675537109375e+01,-1.346685028076171875e+01,-1.662819671630859375e+01,2.059524536132812500e+00,-2.659770011901855469e+01,-2.799020385742187500e+01,-1.201057434082031250e-01,-1.156959533691406250e+01,-1.361154174804687500e+01,1.415939331054687500e+01,-2.915507888793945312e+01,-3.148534393310546875e+01,4.771938323974609375e+00,-1.289831161499023438e+01,-1.358577728271484375e+01,1.527870941162109375e+01,-2.646007156372070312e+01,-2.937780189514160156e+01
1.251324081420898438e+01,-1.718765258789062500e+01,-1.583373641967773438e+01,7.052288055419921875e+00,-2.575422668457031250e+01,-2.633897590637207031e+01,1.256803894042968750e+01,-1.689182281494140625e+01,-1.898725700378417969e+01,4.978485107421875000e+00,-2.516898155212402344e+01,-2.574652671813964844e+01,3.573524475097656250e+00,-1.585096740722656250e+01,-1.637667465209960938e+01,1.177255630493164062e+01,-2.660612487792968750e+01,-2.793652343750000000e+01,6.202827453613281250e+00,-1.664573287963867188e+01,-1.693589401245117188e+01,1.253528213500976562e+01,-2.526531410217285156e+01,-2.707614517211914062e+01
6.363559722900390625e+00,-2.461579895019531250e+01,-2.282139778137207031e+01,9.252815246582031250e+00,-2.033601379394531250e+01,-2.075458908081054688e+01,5.531925201416015625e+00,-2.434755134582519531e+01,-2.354168319702148438e+01,1.068406677246093750e+01,-2.065342903137207031e+01,-1.966593170166015625e+01,1.105413055419921875e+01,-2.467330169677734375e+01,-2.357580375671386719e+01,6.174816131591796875e+00,-1.976623153686523438e+01,-1.870569038391113281e+01,8.904541015625000000e+00,-2.479762268066406250e+01,-2.438805580139160156e+01,5.442420959472656250e+00,-2.187984466552734375e+01,-2.047378349304199219e+01
1.030544281005859375e+00,-2.978018951416015625e+01,-2.834973144531250000e+01,1.065327072143554688e+01,-1.506161499023437500e+01,-1.522662353515625000e+01,-1.276458740234375000e+00,-2.951596832275390625e+01,-2.677783966064453125e+01,1.445738220214843750e+01,-1.624037933349609375e+01,-1.395315933227539062e+01,1.576986694335937500e+01,-3.052436065673828125e+01,-2.913017272949218750e+01,1.635509490966796875e+00,-1.352811431884765625e+01,-1.055968475341796875e+01,1.089899444580078125e+01,-3.048252296447753906e+01,-2.999739837646484375e+01,-1.022144317626953125e+00,-1.883612442016601562e+01,-1.462474441528320312e+01
1.717071533203125000e-01,-3.109893417358398438e+01,-3.048712158203125000e+01,1.056789398193359375e+01,-1.280659103393554688e+01,-1.263320541381835938e+01,-3.404651641845703125e+00,-3.107360076904296875e+01,-2.777426719665527344e+01,1.523478698730468750e+01,-1.401881790161132812e+01,-1.175529479980468750e+01,1.676649475097656250e+01,-3.185355377197265625e+01,-3.142117691040039062e+01,8.439407348632812500e-01,-1.107957839965820312e+01,-8.189468383789062500e+00,1.131971740722656250e+01,-3.212455749511718750e+01,-3.187759590148925781e+01,-3.000518798828125000e+00,-1.721825408935546875e+01,-1.233198547363281250e+01
5.068939208984375000e+00,-2.735050582885742188e+01,-2.728259658813476562e+01,9.069179534912109375e+00,-1.628223037719726562e+01,-1.611943817138671875e+01,2.217529296875000000e+00,-2.766007232666015625e+01,-2.541214370727539062e+01,1.232363128662109375e+01,-1.657153320312500000e+01,-1.579628372192382812e+01,1.325100708007812500e+01,-2.742243576049804688e+01,-2.828552627563476562e+01,4.915924072265625000e+00,-1.555047225952148438e+01,-1.452590942382812500e+01,9.727600097656250000e+00,-2.817328453063964844e+01,-2.822352218627929688e+01,2.371147155761718750e+00,-1.902033042907714844e+01,-1.626559448242187500e+01
1.180567932128906250e+01,-1.897380828857421875e+01,-1.927955436706542969e+01,6.701362609863281250e+00,-2.334437370300292969e+01,-2.348063468933105469e+01,1.117262268066406250e+01,-1.918414688110351562e+01,-1.999356460571289062e+01,5.939788818359375000e+00,-2.269688415527343750e+01,-2.364017295837402344e+01,5.284759521484375000e+00,-1.772229385375976562e+01,-1.992871093750000000e+01,1.113087463378906250e+01,-2.429121971130371094e+01,-2.586285018920898438e+01,6.608154296875000000e+00,-1.898731422424316406e+01,-1.955074119567871094e+01,1.127031326293945312e+01,-2.322575378417968750e+01,-2.449541091918945312e+01
1.483863830566406250e+01,-1.419544982910156250e+01,-1.392674255371093750e+01,5.668979644775390625e+00,-2.711583900451660156e+01,-2.758691406250000000e+01,1.504534912109375000e+01,-1.397996520996093750e+01,-1.685442352294921875e+01,2.095497131347656250e+00,-2.612236213684082031e+01,-2.764754104614257812e+01,2.160491943359375000e-01,-1.190816879272460938e+01,-1.444945907592773438e+01,1.401491546630859375e+01,-2.872102737426757812e+01,-3.114404678344726562e+01,4.697257995605468750e+00,-1.337814331054687500e+01,-1.407202148437500000e+01,1.508322906494140625e+01,-2.584308433532714844e+01,-2.877341079711914062e+01
1.394507598876953125e+01,-1.611759567260742188e+01,-1.511017227172851562e+01,6.490100860595703125e+00,-2.626262474060058594e+01,-2.691667938232421875e+01,1.385067367553710938e+01,-1.571557998657226562e+01,-1.816343307495117188e+01,3.467369079589843750e+00,-2.549625778198242188e+01,-2.658031272888183594e+01,1.899524688720703125e+00,-1.377316284179687500e+01,-1.580093002319335938e+01,1.311608886718750000e+01,-2.751941490173339844e+01,-2.952380943298339844e+01,5.197029113769531250e+00,-1.521517181396484375e+01,-1.572315597534179688e+01,1.369201660156250000e+01,-2.560036849975585938e+01,-2.778562736511230469e+01
9.495395660400390625e+00,-2.176554489135742188e+01,-2.021719169616699219e+01,8.351119995117187500e+00,-2.260348320007324219e+01,-2.308767509460449219e+01,8.961391448974609375e+00,-2.152022933959960938e+01,-2.183659744262695312e+01,8.172245025634765625e+00,-2.246820640563964844e+01,-2.230782318115234375e+01,7.969760894775390625e+00,-2.088251113891601562e+01,-2.098072242736816406e+01,8.881587982177734375e+00,-2.263744544982910156e+01,-2.284021759033203125e+01,7.477447509765625000e+00,-2.152464866638183594e+01,-2.140552711486816406e+01,8.607566833496093750e+00,-2.313362121582031250e+01,-2.311506462097167969e+01
3.292480468750000000e+00,-2.779142379760742188e+01,-2.611268043518066406e+01,1.016747283935546875e+01,-1.735399246215820312e+01,-1.764912414550781250e+01,1.707859039306640625e+00,-2.751480484008789062e+01,-2.551416206359863281e+01,1.299044036865234375e+01,-1.817554283142089844e+01,-1.642095184326171875e+01,1.397304916381835938e+01,-2.825171279907226562e+01,-2.686427879333496094e+01,3.508621215820312500e+00,-1.618360900878906250e+01,-1.394352722167968750e+01,1.006242370605468750e+01,-2.823307228088378906e+01,-2.771285247802734375e+01,1.722236633300781250e+00,-2.013292312622070312e+01,-1.706491851806640625e+01
8.532714843750000000e-02,-3.044135284423828125e+01,-2.937221145629882812e+01,1.064569091796875000e+01,-1.398490142822265625e+01,-1.397941207885742188e+01,-2.761173248291015625e+00,-3.026647186279296875e+01,-2.726653289794921875e+01,1.502022552490234375e+01,-1.518499374389648438e+01,-1.273474884033203125e+01,1.641576385498046875e+01,-3.144947242736816406e+01,-3.018310356140136719e+01,8.980941772460937500e-01,-1.223752593994140625e+01,-9.164863586425781250e+00,1.133140182495117188e+01,-3.142923545837402344e+01,-3.103911972045898438e+01,-2.242706298828125000e+00,-1.811353683471679688e+01,-1.357114028930664062e+01
2.279376983642578125e+00,-2.889529037475585938e+01,-2.844046783447265625e+01,9.751132965087890625e+00,-1.487720870971679688e+01,-1.475308227539062500e+01,-7.766914367675781250e-01,-2.904747009277343750e+01,-2.632194328308105469e+01,1.398375701904296875e+01,-1.560740661621093750e+01,-1.396440887451171875e+01,1.505084228515625000e+01,-2.981650543212890625e+01,-2.937178039550781250e+01,2.697853088378906250e+00,-1.368862533569335938e+01,-1.156590270996093750e+01,1.087078857421875000e+01,-3.003223037719726562e+01,-2.992016792297363281e+01,-1.294136047363281250e-01,-1.857090950012207031e+01,-1.486007308959960938e+01
8.765625000000000000e+00,-2.294580078125000000e+01,-2.311414718627929688e+01,7.790191650390625000e+00,-2.012773704528808594e+01,-2.011491584777832031e+01,7.156425476074218750e+00,-2.330098724365234375e+01,-2.257335853576660156e+01,9.192024230957031250e+00,-1.986057472229003906e+01,-2.003580474853515625e+01,9.276702880859375000e+00,-2.254482269287109375e+01,-2.395023536682128906e+01,8.297805786132812500e+00,-2.033229827880859375e+01,-2.075125122070312500e+01,8.273464202880859375e+00,-2.348741531372070312e+01,-2.383908271789550781e+01,7.359886169433593750e+00,-2.136262130737304688e+01,-2.082314682006835938e+01
1.366588973999023438e+01,-1.655524826049804688e+01,-1.669414901733398438e+01,6.081405639648437500e+00,-2.530057716369628906e+01,-2.559656906127929688e+01,1.350700759887695312e+01,-1.657406997680664062e+01,-1.839182090759277344e+01,3.672508239746093750e+00,-2.445153808593750000e+01,-2.583256721496582031e+01,2.532329559326171875e+00,-1.442253875732421875e+01,-1.735900878906250000e+01,1.284660339355468750e+01,-2.665886306762695312e+01,-2.883717727661132812e+01,5.308990478515625000e+00,-1.604350280761718750e+01,-1.669616699218750000e+01,1.341928863525390625e+01,-2.442715835571289062e+01,-2.661910820007324219e+01
1.452681732177734375e+01,-1.587246322631835938e+01,-1.527288055419921875e+01,6.187438964843750000e+00,-2.623030853271484375e+01,-2.682211112976074219e+01,1.444734954833984375e+01,-1.552060317993164062e+01,-1.786793899536132812e+01,2.853260040283203125e+00,-2.541941833496093750e+01,-2.681948089599609375e+01,1.365348815917968750e+00,-1.296089172363281250e+01,-1.598139572143554688e+01,1.365022659301757812e+01,-2.771389770507812500e+01,-3.002266883850097656e+01,4.661899566650390625e+00,-1.477030563354492188e+01,-1.543196487426757812e+01,1.416168212890625000e+01,-2.542057991027832031e+01,-2.771474838256835938e+01
1.205289459228515625e+01,-1.911327743530273438e+01,-1.796572875976562500e+01,7.456165313720703125e+00,-2.438999938964843750e+01,-2.493755722045898438e+01,1.166049194335937500e+01,-1.882688331604003906e+01,-2.017493057250976562e+01,5.783924102783203125e+00,-2.388296890258789062e+01,-2.444300651550292969e+01,4.975959777832031250e+00,-1.728853988647460938e+01,-1.866635894775390625e+01,1.123196411132812500e+01,-2.502918434143066406e+01,-2.630502891540527344e+01,6.184700012207031250e+00,-1.848228073120117188e+01,-1.871876525878906250e+01,1.125627136230468750e+01,-2.423577308654785156e+01,-2.536782836914062500e+01
6.397396087646484375e+00,-2.486890602111816406e+01,-2.315495491027832031e+01,9.311813354492187500e+00,-2.011869049072265625e+01,-2.050691795349121094e+01,5.395236968994140625e+00,-2.463838195800781250e+01,-2.377002716064453125e+01,1.078645324707031250e+01,-2.042514991760253906e+01,-1.943690490722656250e+01,1.119522857666015625e+01,-2.483616065979003906e+01,-2.391687393188476562e+01,6.145729064941406250e+00,-1.948838806152343750e+01,-1.842294883728027344e+01,8.900737762451171875e+00,-2.503223800659179688e+01,-2.464748573303222656e+01,5.211299896240234375e+00,-2.169617652893066406e+01,-2.019950103759765625e+01
1.410213470458984375e+00,-2.874311828613281250e+01,-2.719683647155761719e+01,1.043090057373046875e+01,-1.614834976196289062e+01,-1.636664581298828125e+01,-4.928894042968750000e-01,-2.847463226318359375e+01,-2.609381675720214844e+01,1.414533233642578125e+01,-1.716817474365234375e+01,-1.491666412353515625e+01,1.514053344726562500e+01,-2.987992286682128906e+01,-2.780478477478027344e+01,2.093055725097656250e+00,-1.478359603881835938e+01,-1.186184310913085938e+01,1.096156311035156250e+01,-2.954973030090332031e+01,-2.907608222961425781e+01,9.098815917968750000e-02,-1.966677665710449219e+01,-1.603033447265625000e+01
5.827484130859375000e-01,-2.966628646850585938e+01,-2.890449333190917969e+01,1.023181915283203125e+01,-1.436360168457031250e+01,-1.429358673095703125e+01,-2.339172363281250000e+00,-2.963569450378417969e+01,-2.674955749511718750e+01,1.480324554443359375e+01,-1.536884307861328125e+01,-1.313423919677734375e+01,1.595282745361328125e+01,-3.102505493164062500e+01,-2.966643905639648438e+01,1.415939331054687500e+00,-1.286515808105468750e+01,-1.006103897094726562e+01,1.142865753173828125e+01,-3.088567543029785156e+01,-3.064530944824218750e+01,-1.432308197021484375e+00,-1.845722961425781250e+01,-1.431044006347656250e+01
5.231353759765625000e+00,-2.660934066772460938e+01,-2.639031219482421875e+01,8.894622802734375000e+00,-1.699168395996093750e+01,-1.690536880493164062e+01,2.712219238281250000e+00,-2.689875793457031250e+01,-2.487239456176757812e+01,1.203817367553710938e+01,-1.724873733520507812e+01,-1.648750686645507812e+01,1.279626846313476562e+01,-2.689628410339355469e+01,-2.743000030517578125e+01,5.150470733642578125e+00,-1.639033889770507812e+01,-1.542967224121093750e+01,9.738441467285156250e+00,-2.751892089843750000e+01,-2.755977439880371094e+01,3.066238403320312500e+00,-1.961548042297363281e+01,-1.715882492065429688e+01
1.134747314453125000e+01,-2.054364776611328125e+01,-2.082461357116699219e+01,6.991416931152343750e+00,-2.222221755981445312e+01,-2.231647491455078125e+01,1.035499572753906250e+01,-2.078386497497558594e+01,-2.096273612976074219e+01,6.555503845214843750e+00,-2.168563461303710938e+01,-2.257768630981445312e+01,6.398983001708984375e+00,-1.883855628967285156e+01,-2.176074790954589844e+01,1.058197021484375000e+01,-2.298862648010253906e+01,-2.444217300415039062e+01,6.564540863037109375e+00,-2.046262359619140625e+01,-2.095134544372558594e+01,1.012709808349609375e+01,-2.234018325805664062e+01,-2.294482803344726562e+01
1.443207550048828125e+01,-1.600546264648437500e+01,-1.586623001098632812e+01,6.016365051269531250e+00,-2.592096138000488281e+01,-2.636122703552246094e+01,1.436077880859375000e+01,-1.584110641479492188e+01,-1.797223663330078125e+01,2.814430236816406250e+00,-2.505741500854492188e+01,-2.657465934753417969e+01,1.554904937744140625e+00,-1.316722106933593750e+01,-1.659571456909179688e+01,1.353266143798828125e+01,-2.741252136230468750e+01,-2.980116653442382812e+01,4.615093231201171875e+00,-1.506506347656250000e+01,-1.574298858642578125e+01,1.405238342285156250e+01,-2.489558410644531250e+01,-2.723888206481933594e+01
1.367543029785156250e+01,-1.724131774902343750e+01,-1.640317535400390625e+01,6.726646423339843750e+00,-2.544506072998046875e+01,-2.608176994323730469e+01,1.332601547241210938e+01,-1.685169982910156250e+01,-1.885026168823242188e+01,4.018455505371093750e+00,-2.475922584533691406e+01,-2.582856178283691406e+01,2.784553527832031250e+00,-1.466537475585937500e+01,-1.711733245849609375e+01,1.282424545288085938e+01,-2.663353729248046875e+01,-2.860847854614257812e+01,5.247619628906250000e+00,-1.629516220092773438e+01,-1.679922485351562500e+01,1.301918792724609375e+01,-2.503319168090820312e+01,-2.684531784057617188e+01
9.687423706054687500e+00,-2.124546051025390625e+01,-1.982258224487304688e+01,8.241470336914062500e+00,-2.291382980346679688e+01,-2.338686370849609375e+01,9.167270660400390625e+00,-2.101410675048828125e+01,-2.158586311340332031e+01,8.071346282958984375e+00,-2.272547721862792969e+01,-2.257817840576171875e+01,7.619838714599609375e+00,-2.057066726684570312e+01,-2.035909271240234375e+01,9.134452819824218750e+00,-2.302809715270996094e+01,-2.327149963378906250e+01,7.597297668457031250e+00,-2.105480575561523438e+01,-2.103767585754394531e+01,9.023376464843750000e+00,-2.341944122314453125e+01,-2.370030593872070312e+01
3.821216583251953125e+00,-2.630432891845703125e+01,-2.454503059387207031e+01,9.837001800537109375e+00,-1.870568847656250000e+01,-1.904342460632324219e+01,2.661952972412109375e+00,-2.603764533996582031e+01,-2.461020278930664062e+01,1.255065917968750000e+01,-1.933685111999511719e+01,-1.763006591796875000e+01,1.304040527343750000e+01,-2.730768585205078125e+01,-2.502511024475097656e+01,4.152141571044921875e+00,-1.777289962768554688e+01,-1.563523101806640625e+01,1.018342590332031250e+01,-2.690234375000000000e+01,-2.645186614990234375e+01,3.153362274169921875e+00,-2.117565536499023438e+01,-1.891986846923828125e+01
4.326591491699218750e-01,-2.947523498535156250e+01,-2.829051017761230469e+01,1.044083404541015625e+01,-1.504402160644531250e+01,-1.510165405273437500e+01,-1.983791351318359375e+00,-2.929317474365234375e+01,-2.659978485107421875e+01,1.471344757080078125e+01,-1.610181427001953125e+01,-1.368194198608398438e+01,1.584774017333984375e+01,-3.085869598388671875e+01,-2.896352767944335938e+01,1.318664550781250000e+00,-1.345184326171875000e+01,-1.042890167236328125e+01,1.137267303466796875e+01,-3.056689262390136719e+01,-3.017039871215820312e+01,-1.163650512695312500e+00,-1.891101455688476562e+01,-1.488875961303710938e+01
2.085567474365234375e+00,-2.936448287963867188e+01,-2.886032295227050781e+01,9.852375030517578125e+00,-1.448265838623046875e+01,-1.433641815185546875e+01,-1.038188934326171875e+00,-2.946648025512695312e+01,-2.658471870422363281e+01,1.405407714843750000e+01,-1.527808380126953125e+01,-1.363908767700195312e+01,1.531950378417968750e+01,-3.003968429565429688e+01,-2.991587448120117188e+01,2.482395172119140625e+00,-1.317876434326171875e+01,-1.105949020385742188e+01,1.075742721557617188e+01,-3.042739677429199219e+01,-3.024417114257812500e+01,-5.762443542480468750e-01,-1.818287658691406250e+01,-1.421420288085937500e+01
8.215278625488281250e+00,-2.464039802551269531e+01,-2.473759651184082031e+01,8.124198913574218750e+00,-1.881262969970703125e+01,-1.873492050170898438e+01,6.101737976074218750e+00,-2.499369812011718750e+01,-2.364850616455078125e+01,9.800361633300781250e+00,-1.866696929931640625e+01,-1.876708602905273438e+01,1.040634536743164062e+01,-2.370635795593261719e+01,-2.591150093078613281e+01,7.615947723388671875e+00,-1.873602294921875000e+01,-1.898712348937988281e+01,8.194026947021484375e+00,-2.506458091735839844e+01,-2.529204940795898438e+01,5.877563476562500000e+00,-2.029100036621093750e+01,-1.892430877685546875e+01
1.334816741943359375e+01,-1.772748565673828125e+01,-1.789184951782226562e+01,6.300132751464843750e+00,-2.449164581298828125e+01,-2.476370048522949219e+01,1.297052383422851562e+01,-1.778856277465820312e+01,-1.911471939086914062e+01,4.162734985351562500e+00,-2.373469543457031250e+01,-2.508710670471191406e+01,3.408393859863281250e+00,-1.527664184570312500e+01,-1.874607086181640625e+01,1.246927261352539062e+01,-2.575638198852539062e+01,-2.786955833435058594e+01,5.292518615722656250e+00,-1.715519714355468750e+01,-1.777896499633789062e+01,1.266230010986328125e+01,-2.379748344421386719e+01,-2.554195785522460938e+01
1.458058166503906250e+01,-1.547322463989257812e+01,-1.493366622924804688e+01,6.103286743164062500e+00,-2.645419311523437500e+01,-2.702954864501953125e+01,1.457009124755859375e+01,-1.512763595581054688e+01,-1.762744522094726562e+01,2.739265441894531250e+00,-2.561592292785644531e+01,-2.702163314819335938e+01,1.119705200195312500e+00,-1.275800704956054688e+01,-1.552616882324218750e+01,1.373325729370117188e+01,-2.797165870666503906e+01,-3.028138732910156250e+01,4.731369018554687500e+00,-1.442003631591796875e+01,-1.509589767456054688e+01,1.439467620849609375e+01,-2.557628250122070312e+01,-2.803177642822265625e+01
1.236080551147460938e+01,-1.787002944946289062e+01,-1.680218124389648438e+01,7.174606323242187500e+00,-2.513254547119140625e+01,-2.570835876464843750e+01,1.211848831176757812e+01,-1.754407882690429688e+01,-1.942950057983398438e+01,5.379844665527343750e+00,-2.457746505737304688e+01,-2.515737724304199219e+01,4.106826782226562500e+00,-1.647378921508789062e+01,-1.719160842895507812e+01,1.167315673828125000e+01,-2.597357749938964844e+01,-2.732249069213867188e+01,6.353374481201171875e+00,-1.731351852416992188e+01,-1.766637420654296875e+01,1.212189102172851562e+01,-2.491560935974121094e+01,-2.656996154785156250e+01
6.866470336914062500e+00,-2.352480125427246094e+01,-2.184035873413085938e+01,9.019935607910156250e+00,-2.114997673034667969e+01,-2.156318664550781250e+01,6.136390686035156250e+00,-2.330504989624023438e+01,-2.299935340881347656e+01,1.038809204101562500e+01,-2.133873367309570312e+01,-2.039100837707519531e+01,1.030812072753906250e+01,-2.394881057739257812e+01,-2.228347015380859375e+01,6.731628417968750000e+00,-2.075012016296386719e+01,-1.978710937500000000e+01,9.033584594726562500e+00,-2.380120086669921875e+01,-2.353998374938964844e+01,6.391639709472656250e+00,-2.253423500061035156e+01,-2.174205970764160156e+01
1.541145324707031250e+00,-2.878427124023437500e+01,-2.722174453735351562e+01,1.046241378784179688e+01,-1.616002273559570312e+01,-1.638232421875000000e+01,-3.630676269531250000e-01,-2.851933670043945312e+01,-2.613974761962890625e+01,1.409321594238281250e+01,-1.718277359008789062e+01,-1.495605850219726562e+01,1.511552429199218750e+01,-2.981784629821777344e+01,-2.784479904174804688e+01,2.157062530517578125e+00,-1.478427505493164062e+01,-1.188413619995117188e+01,1.087813949584960938e+01,-2.953553771972656250e+01,-2.905109596252441406e+01,1.121711730957031250e-01,-1.962744522094726562e+01,-1.598025894165039062e+01
4.259300231933593750e-01,-3.059619140625000000e+01,-2.981121826171875000e+01,1.046995162963867188e+01,-1.352395248413085938e+01,-1.341224670410156250e+01,-2.724411010742187500e+00,-3.051903724670410156e+01,-2.736297607421875000e+01,1.490353393554687500e+01,-1.466926574707031250e+01,-1.246835327148437500e+01,1.641893768310546875e+01,-3.138682174682617188e+01,-3.078172492980957031e+01,1.104598999023437500e+00,-1.181941604614257812e+01,-9.048847198486328125e+00,1.116596221923828125e+01,-3.161733818054199219e+01,-3.128371429443359375e+01,-2.308635711669921875e+00,-1.762667083740234375e+01,-1.299074172973632812e+01
4.904594421386718750e+00,-2.745288467407226562e+01,-2.712729454040527344e+01,9.064937591552734375e+00,-1.631915283203125000e+01,-1.620584106445312500e+01,2.188407897949218750e+00,-2.769579887390136719e+01,-2.537523078918457031e+01,1.223760986328125000e+01,-1.668354034423828125e+01,-1.589170455932617188e+01,1.331647872924804688e+01,-2.737492370605468750e+01,-2.841536712646484375e+01,4.756011962890625000e+00,-1.554652786254882812e+01,-1.452426147460937500e+01,9.607406616210937500e+00,-2.826937675476074219e+01,-2.819758605957031250e+01,2.255550384521484375e+00,-1.900984764099121094e+01,-1.607603454589843750e+01
1.127275466918945312e+01,-2.061338424682617188e+01,-2.081509590148925781e+01,7.000015258789062500e+00,-2.217272186279296875e+01,-2.227740097045898438e+01,1.026160430908203125e+01,-2.087447929382324219e+01,-2.100899505615234375e+01,6.621974945068359375e+00,-2.164715194702148438e+01,-2.252307891845703125e+01,6.476970672607421875e+00,-1.891178321838378906e+01,-2.185362243652343750e+01,1.048862075805664062e+01,-2.293108940124511719e+01,-2.433937072753906250e+01,6.604309082031250000e+00,-2.056854629516601562e+01,-2.103980255126953125e+01,1.002547454833984375e+01,-2.233476638793945312e+01,-2.285923767089843750e+01
1.463281250000000000e+01,-1.479110336303710938e+01,-1.460876083374023438e+01,5.771186828613281250e+00,-2.668297195434570312e+01,-2.712397766113281250e+01,1.476162719726562500e+01,-1.462848281860351562e+01,-1.722956466674804688e+01,2.416149139404296875e+00,-2.573577117919921875e+01,-2.725524139404296875e+01,7.351455688476562500e-01,-1.242374420166015625e+01,-1.518224334716796875e+01,1.378878784179687500e+01,-2.826142501831054688e+01,-3.064128684997558594e+01,4.758243560791015625e+00,-1.398896789550781250e+01,-1.467860031127929688e+01,1.472524261474609375e+01,-2.550148010253906250e+01,-2.824516296386718750e+01
1.398958206176757812e+01,-1.562945556640625000e+01,-1.483540344238281250e+01,6.404060363769531250e+00,-2.641933822631835938e+01,-2.706464576721191406e+01,1.388552093505859375e+01,-1.521311950683593750e+01,-1.785711669921875000e+01,3.510551452636718750e+00,-2.567009353637695312e+01,-2.673788833618164062e+01,1.708938598632812500e+00,-1.367443847656250000e+01,-1.521756362915039062e+01,1.326169586181640625e+01,-2.778423500061035156e+01,-2.978960037231445312e+01,5.457519531250000000e+00,-1.480691909790039062e+01,-1.540471649169921875e+01,1.401641082763671875e+01,-2.584550476074218750e+01,-2.824230575561523438e+01
9.737121582031250000e+00,-2.124599266052246094e+01,-1.997864151000976562e+01,8.250328063964843750e+00,-2.283625411987304688e+01,-2.328499603271484375e+01,9.105106353759765625e+00,-2.103879165649414062e+01,-2.165241241455078125e+01,8.166687011718750000e+00,-2.262595367431640625e+01,-2.248145675659179688e+01,7.638492584228515625e+00,-2.063770103454589844e+01,-2.037133789062500000e+01,9.200744628906250000e+00,-2.295331001281738281e+01,-2.320627975463867188e+01,7.693744659423828125e+00,-2.107768249511718750e+01,-2.113783264160156250e+01,9.031890869140625000e+00,-2.340010452270507812e+01,-2.374415206909179688e+01
3.596054077148437500e+00,-2.757812690734863281e+01,-2.596433639526367188e+01,1.012580490112304688e+01,-1.757646560668945312e+01,-1.784159851074218750e+01,1.963478088378906250e+00,-2.735229110717773438e+01,-2.548525047302246094e+01,1.288928222656250000e+01,-1.831497955322265625e+01,-1.659746170043945312e+01,1.377319717407226562e+01,-2.805125999450683594e+01,-2.664602088928222656e+01,3.733768463134765625e+00,-1.639934921264648438e+01,-1.421630859375000000e+01,1.003090667724609375e+01,-2.801496315002441406e+01,-2.753641128540039062e+01,1.950469970703125000e+00,-2.022393798828125000e+01,-1.734016418457031250e+01
3.632926940917968750e-01,-3.034704971313476562e+01,-2.918680953979492188e+01,1.067517089843750000e+01,-1.422824859619140625e+01,-1.425671768188476562e+01,-2.299743652343750000e+00,-3.015098190307617188e+01,-2.718631553649902344e+01,1.482060241699218750e+01,-1.543555831909179688e+01,-1.304729461669921875e+01,1.627871704101562500e+01,-3.119830894470214844e+01,-3.003360939025878906e+01,1.075286865234375000e+00,-1.248820114135742188e+01,-9.483261108398437500e+00,1.113351440429687500e+01,-3.123553848266601562e+01,-3.078549575805664062e+01,-1.958732604980468750e+00,-1.815931510925292969e+01,-1.366914367675781250e+01
1.976982116699218750e+00,-2.962134361267089844e+01,-2.906591224670410156e+01,9.911407470703125000e+00,-1.428567123413085938e+01,-1.413109207153320312e+01,-1.146858215332031250e+00,-2.968118286132812500e+01,-2.671015739440917969e+01,1.406597900390625000e+01,-1.513022613525390625e+01,-1.349789428710937500e+01,1.546506500244140625e+01,-3.013596916198730469e+01,-3.021321105957031250e+01,2.366100311279296875e+00,-1.290939331054687500e+01,-1.081352233886718750e+01,1.066284942626953125e+01,-3.063553047180175781e+01,-3.040171432495117188e+01,-8.040809631347656250e-01,-1.796731567382812500e+01,-1.384495162963867188e+01
8.481979370117187500e+00,-2.346522903442382812e+01,-2.339834213256835938e+01,7.855243682861328125e+00,-1.977132606506347656e+01,-1.979583358764648438e+01,6.772838592529296875e+00,-2.379863929748535156e+01,-2.284658432006835938e+01,9.347396850585937500e+00,-1.957759666442871094e+01,-1.971810531616210938e+01,9.629074096679687500e+00,-2.285382461547851562e+01,-2.456063461303710938e+01,7.976104736328125000e+00,-1.991142654418945312e+01,-2.023814201354980469e+01,8.235248565673828125e+00,-2.400441932678222656e+01,-2.424670982360839844e+01,6.853477478027343750e+00,-2.112893104553222656e+01,-2.023700904846191406e+01
1.369337463378906250e+01,-1.589512634277343750e+01,-1.593548202514648438e+01,5.943244934082031250e+00,-2.570522117614746094e+01,-2.601186370849609375e+01,1.365534210205078125e+01,-1.595854949951171875e+01,-1.799424362182617188e+01,3.545654296875000000e+00,-2.482759475708007812e+01,-2.619194412231445312e+01,2.161674499511718750e+00,-1.408914947509765625e+01,-1.661483764648437500e+01,1.288952636718750000e+01,-2.712383651733398438e+01,-2.924630928039550781e+01,5.468906402587890625e+00,-1.553005218505859375e+01,-1.617739105224609375e+01,1.374085998535156250e+01,-2.479750823974609375e+01,-2.715486145019531250e+01
1.473336029052734375e+01,-1.454247665405273438e+01,-1.402590942382812500e+01,5.917209625244140625e+00,-2.701395988464355469e+01,-2.757931137084960938e+01,1.486761474609375000e+01,-1.420228958129882812e+01,-1.706122970581054688e+01,2.440372467041015625e+00,-2.611762619018554688e+01,-2.752347564697265625e+01,5.065536499023437500e-01,-1.221784210205078125e+01,-1.444974136352539062e+01,1.393350601196289062e+01,-2.860065078735351562e+01,-3.090865707397460938e+01,4.850410461425781250e+00,-1.358972549438476562e+01,-1.428469848632812500e+01,1.491195678710937500e+01,-2.600173759460449219e+01,-2.877340507507324219e+01
1.199357986450195312e+01,-1.933591461181640625e+01,-1.843845367431640625e+01,7.465496063232421875e+00,-2.405756759643554688e+01,-2.460281562805175781e+01,1.137657546997070312e+01,-1.901162147521972656e+01,-2.033181381225585938e+01,6.014972686767578125e+00,-2.356740570068359375e+01,-2.413024711608886719e+01,5.175746917724609375e+00,-1.758914566040039062e+01,-1.892743110656738281e+01,1.126480484008789062e+01,-2.474760818481445312e+01,-2.605244064331054688e+01,6.369003295898437500e+00,-1.871492767333984375e+01,-1.903297042846679688e+01,1.113420867919921875e+01,-2.413643836975097656e+01,-2.527527236938476562e+01
6.367614746093750000e+00,-2.553165245056152344e+01,-2.410731315612792969e+01,9.464191436767578125e+00,-1.947294235229492188e+01,-1.977644348144531250e+01,4.976619720458984375e+00,-2.536129951477050781e+01,-2.431190872192382812e+01,1.108597183227539062e+01,-1.977249908447265625e+01,-1.879110336303710938e+01,1.160167312622070312e+01,-2.533067321777343750e+01,-2.476042556762695312e+01,6.041915893554687500e+00,-1.871327400207519531e+01,-1.763370513916015625e+01,8.927768707275390625e+00,-2.564470481872558594e+01,-2.533723640441894531e+01,4.639488220214843750e+00,-2.117376518249511719e+01,-1.948869323730468750e+01
1.553882598876953125e+00,-2.937479400634765625e+01,-2.785590744018554688e+01,1.062465286254882812e+01,-1.562269592285156250e+01,-1.582164382934570312e+01,-5.721702575683593750e-01,-2.912164878845214844e+01,-2.656187248229980469e+01,1.417869567871093750e+01,-1.672820663452148438e+01,-1.451965332031250000e+01,1.540353393554687500e+01,-3.006208419799804688e+01,-2.858984947204589844e+01,2.022327423095703125e+00,-1.414244461059570312e+01,-1.125303268432617188e+01,1.072329711914062500e+01,-2.999684143066406250e+01,-2.949297142028808594e+01,-4.274215698242187500e-01,-1.914459037780761719e+01,-1.518706893920898438e+01
6.502342224121093750e-01,-2.997821617126464844e+01,-2.908422088623046875e+01,1.033241271972656250e+01,-1.425047683715820312e+01,-1.418875885009765625e+01,-2.169334411621093750e+00,-2.988489913940429688e+01,-2.691688346862792969e+01,1.465733337402343750e+01,-1.529725265502929688e+01,-1.312751388549804688e+01,1.603885650634765625e+01,-3.096438026428222656e+01,-3.001303863525390625e+01,1.371822357177734375e+00,-1.261802673339843750e+01,-9.909702301025390625e+00,1.114900588989257812e+01,-3.105895614624023438e+01,-3.069893646240234375e+01,-1.601470947265625000e+00,-1.814673423767089844e+01,-1.383503723144531250e+01
5.320125579833984375e+00,-2.583202552795410156e+01,-2.536030006408691406e+01,8.701225280761718750e+00,-1.776836776733398438e+01,-1.777282714843750000e+01,3.231300354003906250e+00,-2.605659675598144531e+01,-2.425334167480468750e+01,1.168109512329101562e+01,-1.800727462768554688e+01,-1.726896286010742188e+01,1.232213973999023438e+01,-2.630709648132324219e+01,-2.652328109741210938e+01,5.335533142089843750e+00,-1.727734375000000000e+01,-1.640094375610351562e+01,9.690280914306640625e+00,-2.683677673339843750e+01,-2.680605888366699219e+01,3.780845642089843750e+00,-2.022025108337402344e+01,-1.804467773437500000e+01
1.166178894042968750e+01,-1.886613464355468750e+01,-1.892348289489746094e+01,6.659729003906250000e+00,-2.342121124267578125e+01,-2.359763717651367188e+01,1.104359436035156250e+01,-1.914014434814453125e+01,-1.993736648559570312e+01,6.028347015380859375e+00,-2.278775215148925781e+01,-2.369081687927246094e+01,5.304035186767578125e+00,-1.772507476806640625e+01,-1.983982086181640625e+01,1.095039749145507812e+01,-2.438023376464843750e+01,-2.583994674682617188e+01,6.744483947753906250e+00,-1.902196121215820312e+01,-1.954136276245117188e+01,1.119550323486328125e+01,-2.339621543884277344e+01,-2.455787658691406250e+01
1.450048065185546875e+01,-1.521508026123046875e+01,-1.505914306640625000e+01,5.844474792480468750e+00,-2.638734054565429688e+01,-2.681546020507812500e+01,1.456649017333984375e+01,-1.508413314819335938e+01,-1.749618148803710938e+01,2.624835968017578125e+00,-2.547492218017578125e+01,-2.698707199096679688e+01,1.082679748535156250e+00,-1.276136016845703125e+01,-1.569731140136718750e+01,1.363674545288085938e+01,-2.794459342956542969e+01,-3.029388809204101562e+01,4.782218933105468750e+00,-1.441107177734375000e+01,-1.509484100341796875e+01,1.446543884277343750e+01,-2.527475547790527344e+01,-2.787241935729980469e+01
1.345075607299804688e+01,-1.785076522827148438e+01,-1.723049926757812500e+01,6.855587005615234375e+00,-2.490705680847167969e+01,-2.550809860229492188e+01,1.293822479248046875e+01,-1.747096633911132812e+01,-1.920524597167968750e+01,4.477329254150390625e+00,-2.430756378173828125e+01,-2.534314346313476562e+01,3.386154174804687500e+00,-1.531341171264648438e+01,-1.781320190429687500e+01,1.264776229858398438e+01,-2.608422279357910156e+01,-2.802208900451660156e+01,5.422931671142578125e+00,-1.690930938720703125e+01,-1.745811462402343750e+01,1.266592407226562500e+01,-2.471555900573730469e+01,-2.634669113159179688e+01
9.271041870117187500e+00,-2.301761627197265625e+01,-2.196450424194335938e+01,8.619304656982421875e+00,-2.143612670898437500e+01,-2.181356430053710938e+01,8.101119995117187500e+00,-2.283161544799804688e+01,-2.276589584350585938e+01,8.867942810058593750e+00,-2.130594444274902344e+01,-2.113487052917480469e+01,8.867420196533203125e+00,-2.196031188964843750e+01,-2.250875282287597656e+01,8.629360198974609375e+00,-2.129075813293457031e+01,-2.145835494995117188e+01,7.661518096923828125e+00,-2.275221824645996094e+01,-2.274968147277832031e+01,7.633434295654296875e+00,-2.231960296630859375e+01,-2.193976402282714844e+01
3.712459564208984375e+00,-2.761948585510253906e+01,-2.605895233154296875e+01,1.013824844360351562e+01,-1.754024124145507812e+01,-1.778215026855468750e+01,1.982017517089843750e+00,-2.742575645446777344e+01,-2.557635879516601562e+01,1.289451980590820312e+01,-1.825111007690429688e+01,-1.654872894287109375e+01,1.376441955566406250e+01,-2.804910659790039062e+01,-2.672674179077148438e+01,3.791469573974609375e+00,-1.633634948730468750e+01,-1.417030334472656250e+01,1.001373672485351562e+01,-2.804374694824218750e+01,-2.758969497680664062e+01,1.911846160888671875e+00,-2.016484832763671875e+01,-1.729414367675781250e+01
7.370223999023437500e-01,-2.929120254516601562e+01,-2.801164436340332031e+01,1.044824981689453125e+01,-1.536515426635742188e+01,-1.545650482177734375e+01,-1.492561340332031250e+00,-2.909642791748046875e+01,-2.647603225708007812e+01,1.450862121582031250e+01,-1.640548324584960938e+01,-1.404588699340820312e+01,1.565377044677734375e+01,-3.056363677978515625e+01,-2.869492721557617188e+01,1.528240203857421875e+00,-1.379618072509765625e+01,-1.082745742797851562e+01,1.120428085327148438e+01,-3.029916572570800781e+01,-2.985571098327636719e+01,-8.097915649414062500e-01,-1.903637313842773438e+01,-1.512110900878906250e+01
2.387763977050781250e+00,-2.806707763671875000e+01,-2.738253784179687500e+01,9.549274444580078125e+00,-1.581279754638671875e+01,-1.576309967041015625e+01,-1.073760986328125000e-01,-2.811791419982910156e+01,-2.561792564392089844e+01,1.360074996948242188e+01,-1.647322082519531250e+01,-1.487451171875000000e+01,1.457100677490234375e+01,-2.921409225463867188e+01,-2.836520957946777344e+01,2.960906982421875000e+00,-1.469645309448242188e+01,-1.272270584106445312e+01,1.078978729248046875e+01,-2.929876518249511719e+01,-2.910407638549804688e+01,7.725753784179687500e-01,-1.923071670532226562e+01,-1.588803100585937500e+01
8.586864471435546875e+00,-2.278105926513671875e+01,-2.255076599121093750e+01,7.694095611572265625e+00,-2.034560775756835938e+01,-2.043495368957519531e+01,7.150146484375000000e+00,-2.308907699584960938e+01,-2.235704612731933594e+01,9.058288574218750000e+00,-2.014142036437988281e+01,-2.029856109619140625e+01,9.185375213623046875e+00,-2.234452056884765625e+01,-2.377398681640625000e+01,8.136726379394531250e+00,-2.059565544128417969e+01,-2.095974731445312500e+01,8.230800628662109375e+00,-2.339355850219726562e+01,-2.360950851440429688e+01,7.391632080078125000e+00,-2.160394668579101562e+01,-2.095478057861328125e+01
1.326845550537109375e+01,-1.758126831054687500e+01,-1.764186859130859375e+01,6.253807067871093750e+00,-2.456834030151367188e+01,-2.484781455993652344e+01,1.292320251464843750e+01,-1.769122314453125000e+01,-1.903357696533203125e+01,4.209941864013671875e+00,-2.381275367736816406e+01,-2.514650154113769531e+01,3.383640289306640625e+00,-1.526221466064453125e+01,-1.860460472106933594e+01,1.237887954711914062e+01,-2.585512351989746094e+01,-2.789572906494140625e+01,5.410270690917968750e+00,-1.710427093505859375e+01,-1.771270370483398438e+01,1.267620086669921875e+01,-2.390752792358398438e+01,-2.563928604125976562e+01
1.433492279052734375e+01,-1.631399154663085938e+01,-1.593013381958007812e+01,6.265510559082031250e+00,-2.584471511840820312e+01,-2.637807083129882812e+01,1.419140625000000000e+01,-1.602484893798828125e+01,-1.815715789794921875e+01,3.155426025390625000e+00,-2.507285118103027344e+01,-2.646952629089355469e+01,1.824153900146484375e+00,-1.347001647949218750e+01,-1.654592895507812500e+01,1.345700073242187500e+01,-2.730901908874511719e+01,-2.958068466186523438e+01,4.774497985839843750e+00,-1.524889373779296875e+01,-1.591558074951171875e+01,1.389144897460937500e+01,-2.507934951782226562e+01,-2.727348136901855469e+01
1.170894622802734375e+01,-2.039326095581054688e+01,-1.964398574829101562e+01,7.669090270996093750e+00,-2.322969818115234375e+01,-2.374862861633300781e+01,1.077254867553710938e+01,-2.007311248779296875e+01,-2.098614883422851562e+01,6.507648468017578125e+00,-2.279689788818359375e+01,-2.333980178833007812e+01,5.964160919189453125e+00,-1.843543624877929688e+01,-2.018067550659179688e+01,1.096019363403320312e+01,-2.381350517272949219e+01,-2.508264923095703125e+01,6.417583465576171875e+00,-1.973826217651367188e+01,-2.003741836547851562e+01,1.038408279418945312e+01,-2.356326103210449219e+01,-2.430892944335937500e+01
6.602291107177734375e+00,-2.495173263549804688e+01,-2.362454223632812500e+01,9.337249755859375000e+00,-1.988739967346191406e+01,-2.018911170959472656e+01,5.285430908203125000e+00,-2.479656028747558594e+01,-2.400860214233398438e+01,1.095608520507812500e+01,-2.011798858642578125e+01,-1.916411399841308594e+01,1.121631622314453125e+01,-2.497350502014160156e+01,-2.405242919921875000e+01,6.346630096435546875e+00,-1.923989105224609375e+01,-1.820631408691406250e+01,9.030323028564453125e+00,-2.511266708374023438e+01,-2.490688705444335938e+01,5.183837890625000000e+00,-2.153702926635742188e+01,-2.021531867980957031e+01
2.058921813964843750e+00,-2.797194671630859375e+01,-2.632418632507324219e+01,1.032268142700195312e+01,-1.701513671875000000e+01,-1.727440261840820312e+01,3.984985351562500000e-01,-2.772615051269531250e+01,-2.567157745361328125e+01,1.379461669921875000e+01,-1.791317367553710938e+01,-1.575002670288085938e+01,1.455326080322265625e+01,-2.920637893676757812e+01,-2.680965805053710938e+01,2.632759094238281250e+00,-1.576975250244140625e+01,-1.294001007080078125e+01,1.084693527221679688e+01,-2.875330162048339844e+01,-2.829698181152343750e+01,1.016811370849609375e+00,-2.024490547180175781e+01,-1.705574417114257812e+01
9.903717041015625000e-01,-2.902277374267578125e+01,-2.800281524658203125e+01,1.012520217895507812e+01,-1.529072189331054688e+01,-1.529377746582031250e+01,-1.408317565917968750e+00,-2.891819190979003906e+01,-2.626178359985351562e+01,1.432333374023437500e+01,-1.619557189941406250e+01,-1.405894470214843750e+01,1.546423339843750000e+01,-3.035142707824707031e+01,-2.883620262145996094e+01,1.777912139892578125e+00,-1.378439331054687500e+01,-1.115904235839843750e+01,1.116703033447265625e+01,-3.021447753906250000e+01,-2.984430503845214844e+01,-5.729331970214843750e-01,-1.891838073730468750e+01,-1.511203002929687500e+01
5.008026123046875000e+00,-2.656350135803222656e+01,-2.604287338256835938e+01,8.845230102539062500e+00,-1.718203735351562500e+01,-1.715481567382812500e+01,2.797576904296875000e+00,-2.673937225341796875e+01,-2.466277122497558594e+01,1.185945892333984375e+01,-1.750379180908203125e+01,-1.675568008422851562e+01,1.278073120117187500e+01,-2.674091339111328125e+01,-2.736332321166992188e+01,4.999660491943359375e+00,-1.654751586914062500e+01,-1.562721633911132812e+01,9.582675933837890625e+00,-2.748174858093261719e+01,-2.736277008056640625e+01,3.127563476562500000e+00,-1.969061088562011719e+01,-1.713596343994140625e+01
1.113488006591796875e+01,-2.072007369995117188e+01,-2.073958587646484375e+01,7.011054992675781250e+00,-2.210763549804687500e+01,-2.223946571350097656e+01,1.008959960937500000e+01,-2.102232360839843750e+01,-2.108478927612304688e+01,6.737842559814453125e+00,-2.160043907165527344e+01,-2.244208335876464844e+01,6.605304718017578125e+00,-1.902519226074218750e+01,-2.200383949279785156e+01,1.030955886840820312e+01,-2.284841537475585938e+01,-2.416785240173339844e+01,6.681056976318359375e+00,-2.075335311889648438e+01,-2.118741226196289062e+01,9.836036682128906250e+00,-2.235529327392578125e+01,-2.272293281555175781e+01
1.422683715820312500e+01,-1.629531097412109375e+01,-1.618557357788085938e+01,6.048690795898437500e+00,-2.565921020507812500e+01,-2.606964302062988281e+01,1.411373138427734375e+01,-1.621117019653320312e+01,-1.816750717163085938e+01,3.083541870117187500e+00,-2.483322334289550781e+01,-2.632746887207031250e+01,1.903186798095703125e+00,-1.354573059082031250e+01,-1.698546600341796875e+01,1.330905532836914062e+01,-2.714790344238281250e+01,-2.944976806640625000e+01,4.766685485839843750e+00,-1.543636703491210938e+01,-1.610450363159179688e+01,1.381227493286132812e+01,-2.470970535278320312e+01,-2.692446136474609375e+01
1.350353240966796875e+01,-1.745001983642578125e+01,-1.688679122924804688e+01,6.778205871582031250e+00,-2.511850357055664062e+01,-2.571725654602050781e+01,1.304531478881835938e+01,-1.706281661987304688e+01,-1.895339012145996094e+01,4.420242309570312500e+00,-2.451707458496093750e+01,-2.554544639587402344e+01,3.165420532226562500e+00,-1.512702560424804688e+01,-1.733118438720703125e+01,1.275525665283203125e+01,-2.636323165893554688e+01,-2.829474639892578125e+01,5.540489196777343750e+00,-1.654967880249023438e+01,-1.714369583129882812e+01,1.293320465087890625e+01,-2.493009185791015625e+01,-2.672507095336914062e+01
9.648429870605468750e+00,-2.173821640014648438e+01,-2.075390815734863281e+01,8.326877593994140625e+00,-2.229611396789550781e+01,-2.272319412231445312e+01,8.714122772216796875e+00,-2.151379394531250000e+01,-2.198925018310546875e+01,8.451152801513671875e+00,-2.211328125000000000e+01,-2.198234367370605469e+01,7.986251831054687500e+00,-2.109235382080078125e+01,-2.096929931640625000e+01,9.166526794433593750e+00,-2.242239189147949219e+01,-2.269199562072753906e+01,7.808921813964843750e+00,-2.153511810302734375e+01,-2.167404174804687500e+01,8.700241088867187500e+00,-2.310419845581054688e+01,-2.334569168090820312e+01
4.143974304199218750e+00,-2.646927833557128906e+01,-2.490443420410156250e+01,9.884300231933593750e+00,-1.854230117797851562e+01,-1.881197166442871094e+01,2.704299926757812500e+00,-2.629472732543945312e+01,-2.489839744567871094e+01,1.258182907104492188e+01,-1.911101531982421875e+01,-1.745256805419921875e+01,1.303834533691406250e+01,-2.732952880859375000e+01,-2.530639839172363281e+01,4.321857452392578125e+00,-1.754273986816406250e+01,-1.545466995239257812e+01,1.013521194458007812e+01,-2.701077270507812500e+01,-2.665082740783691406e+01,3.035602569580078125e+00,-2.096774864196777344e+01,-1.874690246582031250e+01
8.527946472167968750e-01,-2.940145492553710938e+01,-2.809854698181152344e+01,1.049960327148437500e+01,-1.531691741943359375e+01,-1.541191864013671875e+01,-1.381076812744140625e+00,-2.920778465270996094e+01,-2.656293869018554688e+01,1.446336364746093750e+01,-1.637244415283203125e+01,-1.404082870483398438e+01,1.566625976562500000e+01,-3.052694129943847656e+01,-2.881800842285156250e+01,1.562904357910156250e+00,-1.372497177124023438e+01,-1.077451705932617188e+01,1.110060119628906250e+01,-3.034044456481933594e+01,-2.987767791748046875e+01,-8.492279052734375000e-01,-1.893802261352539062e+01,-1.496871948242187500e+01
2.091545104980468750e+00,-2.918986511230468750e+01,-2.847976303100585938e+01,9.815521240234375000e+00,-1.483755493164062500e+01,-1.473081207275390625e+01,-6.786689758300781250e-01,-2.919327545166015625e+01,-2.633587646484375000e+01,1.380638885498046875e+01,-1.564283370971679688e+01,-1.405363082885742188e+01,1.518711090087890625e+01,-2.975867080688476562e+01,-2.968310546875000000e+01,2.528663635253906250e+00,-1.348411560058593750e+01,-1.148740768432617188e+01,1.055717468261718750e+01,-3.022705841064453125e+01,-2.992919921875000000e+01,-2.803649902343750000e-01,-1.831419372558593750e+01,-1.438189697265625000e+01
8.208938598632812500e+00,-2.376968193054199219e+01,-2.342602157592773438e+01,7.874717712402343750e+00,-1.962113189697265625e+01,-1.969493675231933594e+01,6.589584350585937500e+00,-2.404531669616699219e+01,-2.291862297058105469e+01,9.346298217773437500e+00,-1.952936172485351562e+01,-1.965029525756835938e+01,9.845050811767578125e+00,-2.297431182861328125e+01,-2.492000770568847656e+01,7.707958221435546875e+00,-1.972617149353027344e+01,-1.999984741210937500e+01,8.124393463134765625e+00,-2.428941345214843750e+01,-2.439676094055175781e+01,6.567642211914062500e+00,-2.099249076843261719e+01,-1.983443832397460938e+01
1.322267913818359375e+01,-1.752942657470703125e+01,-1.752210998535156250e+01,6.234359741210937500e+00,-2.459701728820800781e+01,-2.488321495056152344e+01,1.288734054565429688e+01,-1.766560363769531250e+01,-1.900787353515625000e+01,4.241825103759765625e+00,-2.384434127807617188e+01,-2.516603088378906250e+01,3.385410308837890625e+00,-1.526560592651367188e+01,-1.855961227416992188e+01,1.232338714599609375e+01,-2.589150238037109375e+01,-2.789231872558593750e+01,5.467796325683593750e+00,-1.710100936889648438e+01,-1.769867324829101562e+01,1.266382217407226562e+01,-2.395933914184570312e+01,-2.566947555541992188e+01
1.456330871582031250e+01,-1.503018569946289062e+01,-1.461967849731445312e+01,6.003032684326171875e+00,-2.665011405944824219e+01,-2.718270301818847656e+01,1.463023376464843750e+01,-1.474105834960937500e+01,-1.737601852416992188e+01,2.719589233398437500e+00,-2.579415893554687500e+01,-2.719376373291015625e+01,9.480705261230468750e-01,-1.266870498657226562e+01,-1.505269622802734375e+01,1.374745941162109375e+01,-2.821626853942871094e+01,-3.048491096496582031e+01,4.914630889892578125e+00,-1.409168624877929688e+01,-1.478413391113281250e+01,1.461970520019531250e+01,-2.570717811584472656e+01,-2.833822059631347656e+01
1.209825134277343750e+01,-1.875859451293945312e+01,-1.804688453674316406e+01,7.326145172119140625e+00,-2.429006767272949219e+01,-2.484887886047363281e+01,1.145685195922851562e+01,-1.839971351623535156e+01,-1.999377822875976562e+01,5.960727691650390625e+00,-2.378690910339355469e+01,-2.434892845153808594e+01,4.845138549804687500e+00,-1.734876251220703125e+01,-1.825527572631835938e+01,1.150222778320312500e+01,-2.511762237548828125e+01,-2.646595764160156250e+01,6.604690551757812500e+00,-1.820715713500976562e+01,-1.864911270141601562e+01,1.154350662231445312e+01,-2.447200393676757812e+01,-2.589742279052734375e+01
6.648666381835937500e+00,-2.503667640686035156e+01,-2.385405349731445312e+01,9.359546661376953125e+00,-1.974327850341796875e+01,-2.001564979553222656e+01,5.200420379638671875e+00,-2.490674781799316406e+01,-2.412205505371093750e+01,1.104501724243164062e+01,-1.995684432983398438e+01,-1.901710128784179688e+01,1.126732254028320312e+01,-2.507037162780761719e+01,-2.416874313354492188e+01,6.392631530761718750e+00,-1.909077835083007812e+01,-1.806344795227050781e+01,9.083923339843750000e+00,-2.519490242004394531e+01,-2.505627632141113281e+01,5.125305175781250000e+00,-2.145071029663085938e+01,-2.015694808959960938e+01
1.914489746093750000e+00,-2.911781120300292969e+01,-2.758451271057128906e+01,1.059324645996093750e+01,-1.594770812988281250e+01,-1.614224624633789062e+01,-1.789703369140625000e-01,-2.889835548400878906e+01,-2.647537612915039062e+01,1.403813171386718750e+01,-1.697037124633789062e+01,-1.481844329833984375e+01,1.516255950927734375e+01,-2.978550148010253906e+01,-2.827082061767578125e+01,2.280349731445312500e+00,-1.448558425903320312e+01,-1.164159393310546875e+01,1.065231704711914062e+01,-2.970955657958984375e+01,-2.922889518737792969e+01,-9.614944458007812500e-02,-1.932736206054687500e+01,-1.555151367187500000e+01
8.864517211914062500e-01,-2.986981582641601562e+01,-2.884145927429199219e+01,1.034280776977539062e+01,-1.454333496093750000e+01,-1.450929260253906250e+01,-1.734329223632812500e+00,-2.974087715148925781e+01,-2.682904243469238281e+01,1.442357635498046875e+01,-1.556727981567382812e+01,-1.345890808105468750e+01,1.588454437255859375e+01,-3.068333435058593750e+01,-2.986315727233886719e+01,1.516536712646484375e+00,-1.285453033447265625e+01,-1.025470352172851562e+01,1.093325805664062500e+01,-3.088183212280273438e+01,-3.044712257385253906e+01,-1.359336853027343750e+00,-1.819986152648925781e+01,-1.394267272949218750e+01
4.849311828613281250e+00,-2.684782409667968750e+01,-2.626991081237792969e+01,8.901435852050781250e+00,-1.697357177734375000e+01,-1.693997955322265625e+01,2.648693084716796875e+00,-2.698353195190429688e+01,-2.478985977172851562e+01,1.189826965332031250e+01,-1.734536361694335938e+01,-1.659712219238281250e+01,1.296326065063476562e+01,-2.688725280761718750e+01,-2.768621063232421875e+01,4.845748901367187500e+00,-1.627299880981445312e+01,-1.535102844238281250e+01,9.506599426269531250e+00,-2.772887802124023438e+01,-2.755393028259277344e+01,2.882846832275390625e+00,-1.948075485229492188e+01,-1.675950622558593750e+01
1.137420272827148438e+01,-1.950650787353515625e+01,-1.936143875122070312e+01,6.739768981933593750e+00,-2.297335624694824219e+01,-2.318737411499023438e+01,1.062556838989257812e+01,-1.978857040405273438e+01,-2.029747009277343750e+01,6.281394958496093750e+00,-2.241628456115722656e+01,-2.328836250305175781e+01,5.769538879394531250e+00,-1.816167831420898438e+01,-2.060212135314941406e+01,1.062313461303710938e+01,-2.389954376220703125e+01,-2.525544738769531250e+01,6.753654479980468750e+00,-1.966372680664062500e+01,-2.010109710693359375e+01,1.066912078857421875e+01,-2.312846183776855469e+01,-2.393102455139160156e+01
1.453506469726562500e+01,-1.451259994506835938e+01,-1.429017257690429688e+01,5.692153930664062500e+00,-2.679996490478515625e+01,-2.722415733337402344e+01,1.471137237548828125e+01,-1.443095397949218750e+01,-1.707954406738281250e+01,2.492084503173828125e+00,-2.585705947875976562e+01,-2.734699440002441406e+01,6.893234252929687500e-01,-1.242765045166015625e+01,-1.490555191040039062e+01,1.368992233276367188e+01,-2.841328048706054688e+01,-3.070363235473632812e+01,4.959140777587890625e+00,-1.385625076293945312e+01,-1.453427886962890625e+01,1.479613494873046875e+01,-2.563401222229003906e+01,-2.841613960266113281e+01
1.367952728271484375e+01,-1.659348297119140625e+01,-1.604877090454101562e+01,6.619449615478515625e+00,-2.565805816650390625e+01,-2.626078796386718750e+01,1.338114166259765625e+01,-1.620155334472656250e+01,-1.843097877502441406e+01,4.133361816406250000e+00,-2.501651763916015625e+01,-2.605377960205078125e+01,2.589271545410156250e+00,-1.458908843994140625e+01,-1.631777191162109375e+01,1.297806549072265625e+01,-2.700083160400390625e+01,-2.893774223327636719e+01,5.630363464355468750e+00,-1.575058364868164062e+01,-1.638388061523437500e+01,1.347428131103515625e+01,-2.535022354125976562e+01,-2.746090698242187500e+01
9.230300903320312500e+00,-2.324393272399902344e+01,-2.243437576293945312e+01,8.619628906250000000e+00,-2.107551574707031250e+01,-2.144630813598632812e+01,7.816329956054687500e+00,-2.302410888671875000e+01,-2.292229461669921875e+01,9.047771453857421875e+00,-2.096959877014160156e+01,-2.081762313842773438e+01,9.023902893066406250e+00,-2.222041702270507812e+01,-2.277475166320800781e+01,8.682083129882812500e+00,-2.099693489074707031e+01,-2.119552803039550781e+01,7.789443969726562500e+00,-2.295424652099609375e+01,-2.303306388854980469e+01,7.501785278320312500e+00,-2.219174575805664062e+01,-2.181711006164550781e+01
3.784057617187500000e+00,-2.811438560485839844e+01,-2.679418373107910156e+01,1.025597000122070312e+01,-1.701205825805664062e+01,-1.717400360107421875e+01,1.711257934570312500e+00,-2.797752189636230469e+01,-2.601431846618652344e+01,1.306041717529296875e+01,-1.771349716186523438e+01,-1.604850387573242188e+01,1.401539611816406250e+01,-2.835451889038085938e+01,-2.738163185119628906e+01,3.756225585937500000e+00,-1.570257568359375000e+01,-1.355357360839843750e+01,9.974750518798828125e+00,-2.846984863281250000e+01,-2.807942581176757812e+01,1.459236145019531250e+00,-1.969370651245117188e+01,-1.669386672973632812e+01
9.038887023925781250e-01,-2.987396049499511719e+01,-2.858827209472656250e+01,1.064010620117187500e+01,-1.489558410644531250e+01,-1.497319793701171875e+01,-1.489402770996093750e+00,-2.968614768981933594e+01,-2.690464973449707031e+01,1.450466156005859375e+01,-1.602256393432617188e+01,-1.371754074096679688e+01,1.587947082519531250e+01,-3.068232345581054688e+01,-2.940548706054687500e+01,1.473785400390625000e+00,-1.321977233886718750e+01,-1.028574371337890625e+01,1.094372177124023438e+01,-3.069095420837402344e+01,-3.020607757568359375e+01,-1.263431549072265625e+00,-1.853415298461914062e+01,-1.431346130371093750e+01
2.353851318359375000e+00,-2.841909027099609375e+01,-2.759188079833984375e+01,9.648200988769531250e+00,-1.566341400146484375e+01,-1.561622238159179688e+01,-3.846740722656250000e-02,-2.840570831298828125e+01,-2.579236030578613281e+01,1.349169921875000000e+01,-1.636673355102539062e+01,-1.481949234008789062e+01,1.470343017578125000e+01,-2.921887397766113281e+01,-2.875271797180175781e+01,2.838344573974609375e+00,-1.440929794311523438e+01,-1.249696350097656250e+01,1.053442001342773438e+01,-2.953474426269531250e+01,-2.921379280090332031e+01,5.395736694335937500e-01,-1.891065979003906250e+01,-1.537101745605468750e+01
8.660980224609375000e+00,-2.183042144775390625e+01,-2.131415367126464844e+01,7.461532592773437500e+00,-2.114754676818847656e+01,-2.133029937744140625e+01,7.651294708251953125e+00,-2.207441711425781250e+01,-2.163813781738281250e+01,8.624832153320312500e+00,-2.094295883178710938e+01,-2.112378311157226562e+01,8.577392578125000000e+00,-2.163268280029296875e+01,-2.267053413391113281e+01,8.307514190673828125e+00,-2.153377914428710938e+01,-2.195160865783691406e+01,8.191703796386718750e+00,-2.255142211914062500e+01,-2.268966865539550781e+01,8.113941192626953125e+00,-2.224151992797851562e+01,-2.190736579895019531e+01
1.350602722167968750e+01,-1.595893096923828125e+01,-1.580965805053710938e+01,5.923393249511718750e+00,-2.564146995544433594e+01,-2.596232414245605469e+01,1.345461273193359375e+01,-1.610664749145507812e+01,-1.805309677124023438e+01,3.729270935058593750e+00,-2.479317092895507812e+01,-2.611492538452148438e+01,2.328105926513671875e+00,-1.425531005859375000e+01,-1.673648071289062500e+01,1.266584777832031250e+01,-2.706433296203613281e+01,-2.906770896911621094e+01,5.628578186035156250e+00,-1.572585296630859375e+01,-1.633523178100585938e+01,1.357307052612304688e+01,-2.483525466918945312e+01,-2.705328941345214844e+01
1.440559387207031250e+01,-1.560966873168945312e+01,-1.524542999267578125e+01,6.109100341796875000e+00,-2.625431442260742188e+01,-2.677020835876464844e+01,1.438206481933593750e+01,-1.535494613647460938e+01,-1.774100494384765625e+01,2.986709594726562500e+00,-2.544372558593750000e+01,-2.683523178100585938e+01,1.406394958496093750e+00,-1.311426162719726562e+01,-1.574877166748046875e+01,1.356269073486328125e+01,-2.778694152832031250e+01,-3.002423477172851562e+01,4.925804138183593750e+00,-1.465272521972656250e+01,-1.533625030517578125e+01,1.427313232421875000e+01,-2.539884185791015625e+01,-2.783854293823242188e+01
1.147810363769531250e+01,-2.098401069641113281e+01,-2.042993545532226562e+01,7.768550872802734375e+00,-2.267873954772949219e+01,-2.315784835815429688e+01,1.032282257080078125e+01,-2.066000175476074219e+01,-2.134596252441406250e+01,6.904365539550781250e+00,-2.230220794677734375e+01,-2.281207275390625000e+01,6.487041473388671875e+00,-1.903539848327636719e+01,-2.087512588500976562e+01,1.079000091552734375e+01,-2.321659278869628906e+01,-2.446094131469726562e+01,6.568244934082031250e+00,-2.033421516418457031e+01,-2.067493438720703125e+01,9.962875366210937500e+00,-2.323284530639648438e+01,-2.379425239562988281e+01
6.277343750000000000e+00,-2.648840141296386719e+01,-2.551623535156250000e+01,9.666843414306640625e+00,-1.844348526000976562e+01,-1.862934875488281250e+01,4.269676208496093750e+00,-2.638142013549804688e+01,-2.507358360290527344e+01,1.155337905883789062e+01,-1.874105644226074219e+01,-1.779230499267578125e+01,1.220096969604492188e+01,-2.608880233764648438e+01,-2.596133804321289062e+01,5.890808105468750000e+00,-1.753693771362304688e+01,-1.644461059570312500e+01,9.010574340820312500e+00,-2.653632164001464844e+01,-2.634945106506347656e+01,3.799938201904296875e+00,-2.041532516479492188e+01,-1.846439552307128906e+01
2.087715148925781250e+00,-2.900231552124023438e+01,-2.749192428588867188e+01,1.057129669189453125e+01,-1.607754898071289062e+01,-1.625754165649414062e+01,-2.539062500000000000e-02,-2.881112670898437500e+01,-2.645693206787109375e+01,1.398368072509765625e+01,-1.705033111572265625e+01,-1.492556762695312500e+01,1.505394744873046875e+01,-2.967291069030761719e+01,-2.814848709106445312e+01,2.401733398437500000e+00,-1.461343383789062500e+01,-1.179628372192382812e+01,1.063338470458984375e+01,-2.959231567382812500e+01,-2.913257408142089844e+01,3.527832031250000000e-02,-1.938687133789062500e+01,-1.570634460449218750e+01
1.299671173095703125e+00,-2.866538047790527344e+01,-2.749507141113281250e+01,1.007780075073242188e+01,-1.581584167480468750e+01,-1.585622406005859375e+01,-8.461990356445312500e-01,-2.853480529785156250e+01,-2.602797508239746094e+01,1.403849792480468750e+01,-1.664886093139648438e+01,-1.457361221313476562e+01,1.516120910644531250e+01,-2.993621063232421875e+01,-2.837771606445312500e+01,2.015232086181640625e+00,-1.429058456420898438e+01,-1.177096557617187500e+01,1.099579238891601562e+01,-2.983109474182128906e+01,-2.940143966674804688e+01,-1.084289550781250000e-01,-1.917193603515625000e+01,-1.555956649780273438e+01
